{
	"start":	{
		"connected":	[{
				"socket":	5,
				"local_host":	"192.168.179.133",
				"local_port":	51176,
				"remote_host":	"192.168.120.132",
				"remote_port":	5201
			}],
		"version":	"iperf 3.9",
		"system_info":	"Linux a 6.14.5-x64v3-xanmod1 #0~20250503.gdace042 SMP PREEMPT_DYNAMIC Sat May  3 00:40:10 UTC x86_64",
		"timestamp":	{
			"time":	"Mon, 05 May 2025 10:09:31 GMT",
			"timesecs":	1746439771
		},
		"connecting_to":	{
			"host":	"192.168.120.132",
			"port":	5201
		},
		"cookie":	"3wsunp7oe4raghojoikhs4qsbmydakzw77en",
		"tcp_mss_default":	1448,
		"sock_bufsize":	0,
		"sndbuf_actual":	65536,
		"rcvbuf_actual":	87380,
		"test_start":	{
			"protocol":	"TCP",
			"num_streams":	1,
			"blksize":	131072,
			"omit":	0,
			"duration":	60,
			"bytes":	0,
			"blocks":	0,
			"reverse":	0,
			"tos":	0
		}
	},
	"intervals":	[{
			"streams":	[{
					"socket":	5,
					"start":	0,
					"end":	1.000206,
					"seconds":	1.0002059936523438,
					"bytes":	5466200,
					"bits_per_second":	43720593.835193254,
					"retransmits":	0,
					"snd_cwnd":	134664,
					"rtt":	30650,
					"rttvar":	120,
					"pmtu":	1500,
					"omitted":	false,
					"sender":	true
				}],
			"sum":	{
				"start":	0,
				"end":	1.000206,
				"seconds":	1.0002059936523438,
				"bytes":	5466200,
				"bits_per_second":	43720593.835193254,
				"retransmits":	0,
				"omitted":	false,
				"sender":	true
			}
		}, {
			"streams":	[{
					"socket":	5,
					"start":	1.000206,
					"end":	2.000513,
					"seconds":	1.0003069639205933,
					"bytes":	4235400,
					"bits_per_second":	33872802.271813162,
					"retransmits":	0,
					"snd_cwnd":	125976,
					"rtt":	40429,
					"rttvar":	558,
					"pmtu":	1500,
					"omitted":	false,
					"sender":	true
				}],
			"sum":	{
				"start":	1.000206,
				"end":	2.000513,
				"seconds":	1.0003069639205933,
				"bytes":	4235400,
				"bits_per_second":	33872802.271813162,
				"retransmits":	0,
				"omitted":	false,
				"sender":	true
			}
		}, {
			"streams":	[{
					"socket":	5,
					"start":	2.000513,
					"end":	3.000267,
					"seconds":	0.999754011631012,
					"bytes":	3258000,
					"bits_per_second":	26070413.018377233,
					"retransmits":	0,
					"snd_cwnd":	134664,
					"rtt":	40398,
					"rttvar":	242,
					"pmtu":	1500,
					"omitted":	false,
					"sender":	true
				}],
			"sum":	{
				"start":	2.000513,
				"end":	3.000267,
				"seconds":	0.999754011631012,
				"bytes":	3258000,
				"bits_per_second":	26070413.018377233,
				"retransmits":	0,
				"omitted":	false,
				"sender":	true
			}
		}, {
			"streams":	[{
					"socket":	5,
					"start":	3.000267,
					"end":	4.000586,
					"seconds":	1.0003190040588379,
					"bytes":	2410920,
					"bits_per_second":	19281209.216000792,
					"retransmits":	0,
					"snd_cwnd":	115840,
					"rtt":	70329,
					"rttvar":	2067,
					"pmtu":	1500,
					"omitted":	false,
					"sender":	true
				}],
			"sum":	{
				"start":	3.000267,
				"end":	4.000586,
				"seconds":	1.0003190040588379,
				"bytes":	2410920,
				"bits_per_second":	19281209.216000792,
				"retransmits":	0,
				"omitted":	false,
				"sender":	true
			}
		}, {
			"streams":	[{
					"socket":	5,
					"start":	4.000586,
					"end":	5.000367,
					"seconds":	0.99978101253509521,
					"bytes":	1498680,
					"bits_per_second":	11992066.112156872,
					"retransmits":	0,
					"snd_cwnd":	114392,
					"rtt":	89011,
					"rttvar":	270,
					"pmtu":	1500,
					"omitted":	false,
					"sender":	true
				}],
			"sum":	{
				"start":	4.000586,
				"end":	5.000367,
				"seconds":	0.99978101253509521,
				"bytes":	1498680,
				"bits_per_second":	11992066.112156872,
				"retransmits":	0,
				"omitted":	false,
				"sender":	true
			}
		}, {
			"streams":	[{
					"socket":	5,
					"start":	5.000367,
					"end":	6.000693,
					"seconds":	1.0003260374069214,
					"bytes":	977400,
					"bits_per_second":	7816651.4792209063,
					"retransmits":	0,
					"snd_cwnd":	114392,
					"rtt":	85963,
					"rttvar":	266,
					"pmtu":	1500,
					"omitted":	false,
					"sender":	true
				}],
			"sum":	{
				"start":	5.000367,
				"end":	6.000693,
				"seconds":	1.0003260374069214,
				"bytes":	977400,
				"bits_per_second":	7816651.4792209063,
				"retransmits":	0,
				"omitted":	false,
				"sender":	true
			}
		}, {
			"streams":	[{
					"socket":	5,
					"start":	6.000693,
					"end":	7.000464,
					"seconds":	0.999770998954773,
					"bytes":	1498680,
					"bits_per_second":	11992186.223179666,
					"retransmits":	0,
					"snd_cwnd":	114392,
					"rtt":	70313,
					"rttvar":	341,
					"pmtu":	1500,
					"omitted":	false,
					"sender":	true
				}],
			"sum":	{
				"start":	6.000693,
				"end":	7.000464,
				"seconds":	0.999770998954773,
				"bytes":	1498680,
				"bits_per_second":	11992186.223179666,
				"retransmits":	0,
				"omitted":	false,
				"sender":	true
			}
		}, {
			"streams":	[{
					"socket":	5,
					"start":	7.000464,
					"end":	8.000257,
					"seconds":	0.999792993068695,
					"bytes":	1433520,
					"bits_per_second":	11470534.480143161,
					"retransmits":	0,
					"snd_cwnd":	114392,
					"rtt":	85770,
					"rttvar":	449,
					"pmtu":	1500,
					"omitted":	false,
					"sender":	true
				}],
			"sum":	{
				"start":	7.000464,
				"end":	8.000257,
				"seconds":	0.999792993068695,
				"bytes":	1433520,
				"bits_per_second":	11470534.480143161,
				"retransmits":	0,
				"omitted":	false,
				"sender":	true
			}
		}, {
			"streams":	[{
					"socket":	5,
					"start":	8.000257,
					"end":	9.00057,
					"seconds":	1.0003130435943604,
					"bytes":	1433520,
					"bits_per_second":	11464571.089458356,
					"retransmits":	0,
					"snd_cwnd":	97016,
					"rtt":	50807,
					"rttvar":	3321,
					"pmtu":	1500,
					"omitted":	false,
					"sender":	true
				}],
			"sum":	{
				"start":	8.000257,
				"end":	9.00057,
				"seconds":	1.0003130435943604,
				"bytes":	1433520,
				"bits_per_second":	11464571.089458356,
				"retransmits":	0,
				"omitted":	false,
				"sender":	true
			}
		}, {
			"streams":	[{
					"socket":	5,
					"start":	9.00057,
					"end":	10.000343,
					"seconds":	0.99977302551269531,
					"bytes":	1433520,
					"bits_per_second":	11470763.570680449,
					"retransmits":	0,
					"snd_cwnd":	82536,
					"rtt":	70671,
					"rttvar":	193,
					"pmtu":	1500,
					"omitted":	false,
					"sender":	true
				}],
			"sum":	{
				"start":	9.00057,
				"end":	10.000343,
				"seconds":	0.99977302551269531,
				"bytes":	1433520,
				"bits_per_second":	11470763.570680449,
				"retransmits":	0,
				"omitted":	false,
				"sender":	true
			}
		}, {
			"streams":	[{
					"socket":	5,
					"start":	10.000343,
					"end":	11.000126,
					"seconds":	0.9997829794883728,
					"bytes":	2736720,
					"bits_per_second":	21898512.426370647,
					"retransmits":	0,
					"snd_cwnd":	225888,
					"rtt":	101977,
					"rttvar":	292,
					"pmtu":	1500,
					"omitted":	false,
					"sender":	true
				}],
			"sum":	{
				"start":	10.000343,
				"end":	11.000126,
				"seconds":	0.9997829794883728,
				"bytes":	2736720,
				"bits_per_second":	21898512.426370647,
				"retransmits":	0,
				"omitted":	false,
				"sender":	true
			}
		}, {
			"streams":	[{
					"socket":	5,
					"start":	11.000126,
					"end":	12.00044,
					"seconds":	1.0003139972686768,
					"bytes":	2280600,
					"bits_per_second":	18239072.9809008,
					"retransmits":	0,
					"snd_cwnd":	179552,
					"rtt":	107793,
					"rttvar":	236,
					"pmtu":	1500,
					"omitted":	false,
					"sender":	true
				}],
			"sum":	{
				"start":	11.000126,
				"end":	12.00044,
				"seconds":	1.0003139972686768,
				"bytes":	2280600,
				"bits_per_second":	18239072.9809008,
				"retransmits":	0,
				"omitted":	false,
				"sender":	true
			}
		}, {
			"streams":	[{
					"socket":	5,
					"start":	12.00044,
					"end":	13.000735,
					"seconds":	1.0002950429916382,
					"bytes":	1563840,
					"bits_per_second":	12507029.888485193,
					"retransmits":	0,
					"snd_cwnd":	182448,
					"rtt":	96020,
					"rttvar":	350,
					"pmtu":	1500,
					"omitted":	false,
					"sender":	true
				}],
			"sum":	{
				"start":	12.00044,
				"end":	13.000735,
				"seconds":	1.0002950429916382,
				"bytes":	1563840,
				"bits_per_second":	12507029.888485193,
				"retransmits":	0,
				"omitted":	false,
				"sender":	true
			}
		}, {
			"streams":	[{
					"socket":	5,
					"start":	13.000735,
					"end":	14.000529,
					"seconds":	0.99979400634765625,
					"bytes":	2345760,
					"bits_per_second":	18769946.489831738,
					"retransmits":	0,
					"snd_cwnd":	18824,
					"rtt":	19037,
					"rttvar":	6332,
					"pmtu":	1500,
					"omitted":	false,
					"sender":	true
				}],
			"sum":	{
				"start":	13.000735,
				"end":	14.000529,
				"seconds":	0.99979400634765625,
				"bytes":	2345760,
				"bits_per_second":	18769946.489831738,
				"retransmits":	0,
				"omitted":	false,
				"sender":	true
			}
		}, {
			"streams":	[{
					"socket":	5,
					"start":	14.000529,
					"end":	15.000326,
					"seconds":	0.999796986579895,
					"bytes":	1563840,
					"bits_per_second":	12513260.3597823,
					"retransmits":	0,
					"snd_cwnd":	70952,
					"rtt":	39404,
					"rttvar":	562,
					"pmtu":	1500,
					"omitted":	false,
					"sender":	true
				}],
			"sum":	{
				"start":	14.000529,
				"end":	15.000326,
				"seconds":	0.999796986579895,
				"bytes":	1563840,
				"bits_per_second":	12513260.3597823,
				"retransmits":	0,
				"omitted":	false,
				"sender":	true
			}
		}, {
			"streams":	[{
					"socket":	5,
					"start":	15.000326,
					"end":	16.000631,
					"seconds":	1.0003050565719604,
					"bytes":	1563840,
					"bits_per_second":	12506904.686530491,
					"retransmits":	0,
					"snd_cwnd":	57920,
					"rtt":	38557,
					"rttvar":	332,
					"pmtu":	1500,
					"omitted":	false,
					"sender":	true
				}],
			"sum":	{
				"start":	15.000326,
				"end":	16.000631,
				"seconds":	1.0003050565719604,
				"bytes":	1563840,
				"bits_per_second":	12506904.686530491,
				"retransmits":	0,
				"omitted":	false,
				"sender":	true
			}
		}, {
			"streams":	[{
					"socket":	5,
					"start":	16.000631,
					"end":	17.000933,
					"seconds":	1.0003019571304321,
					"bytes":	1563840,
					"bits_per_second":	12506943.439248608,
					"retransmits":	0,
					"snd_cwnd":	52128,
					"rtt":	32790,
					"rttvar":	588,
					"pmtu":	1500,
					"omitted":	false,
					"sender":	true
				}],
			"sum":	{
				"start":	16.000631,
				"end":	17.000933,
				"seconds":	1.0003019571304321,
				"bytes":	1563840,
				"bits_per_second":	12506943.439248608,
				"retransmits":	0,
				"omitted":	false,
				"sender":	true
			}
		}, {
			"streams":	[{
					"socket":	5,
					"start":	17.000933,
					"end":	18.000712,
					"seconds":	0.999778985977173,
					"bytes":	1563840,
					"bits_per_second":	12513485.655804379,
					"retransmits":	0,
					"snd_cwnd":	52128,
					"rtt":	34822,
					"rttvar":	557,
					"pmtu":	1500,
					"omitted":	false,
					"sender":	true
				}],
			"sum":	{
				"start":	17.000933,
				"end":	18.000712,
				"seconds":	0.999778985977173,
				"bytes":	1563840,
				"bits_per_second":	12513485.655804379,
				"retransmits":	0,
				"omitted":	false,
				"sender":	true
			}
		}, {
			"streams":	[{
					"socket":	5,
					"start":	18.000712,
					"end":	19.000494,
					"seconds":	0.9997820258140564,
					"bytes":	1563840,
					"bits_per_second":	12513447.608555824,
					"retransmits":	0,
					"snd_cwnd":	50680,
					"rtt":	33536,
					"rttvar":	951,
					"pmtu":	1500,
					"omitted":	false,
					"sender":	true
				}],
			"sum":	{
				"start":	18.000712,
				"end":	19.000494,
				"seconds":	0.9997820258140564,
				"bytes":	1563840,
				"bits_per_second":	12513447.608555824,
				"retransmits":	0,
				"omitted":	false,
				"sender":	true
			}
		}, {
			"streams":	[{
					"socket":	5,
					"start":	19.000494,
					"end":	20.000803,
					"seconds":	1.0003089904785156,
					"bytes":	1563840,
					"bits_per_second":	12506855.5007341,
					"retransmits":	0,
					"snd_cwnd":	50680,
					"rtt":	32790,
					"rttvar":	491,
					"pmtu":	1500,
					"omitted":	false,
					"sender":	true
				}],
			"sum":	{
				"start":	19.000494,
				"end":	20.000803,
				"seconds":	1.0003089904785156,
				"bytes":	1563840,
				"bits_per_second":	12506855.5007341,
				"retransmits":	0,
				"omitted":	false,
				"sender":	true
			}
		}, {
			"streams":	[{
					"socket":	5,
					"start":	20.000803,
					"end":	21.0006,
					"seconds":	0.999796986579895,
					"bytes":	1563840,
					"bits_per_second":	12513260.3597823,
					"retransmits":	0,
					"snd_cwnd":	47784,
					"rtt":	33829,
					"rttvar":	566,
					"pmtu":	1500,
					"omitted":	false,
					"sender":	true
				}],
			"sum":	{
				"start":	20.000803,
				"end":	21.0006,
				"seconds":	0.999796986579895,
				"bytes":	1563840,
				"bits_per_second":	12513260.3597823,
				"retransmits":	0,
				"omitted":	false,
				"sender":	true
			}
		}, {
			"streams":	[{
					"socket":	5,
					"start":	21.0006,
					"end":	22.000405,
					"seconds":	0.999804973602295,
					"bytes":	1563840,
					"bits_per_second":	12513160.396596054,
					"retransmits":	0,
					"snd_cwnd":	46336,
					"rtt":	29984,
					"rttvar":	203,
					"pmtu":	1500,
					"omitted":	false,
					"sender":	true
				}],
			"sum":	{
				"start":	21.0006,
				"end":	22.000405,
				"seconds":	0.999804973602295,
				"bytes":	1563840,
				"bits_per_second":	12513160.396596054,
				"retransmits":	0,
				"omitted":	false,
				"sender":	true
			}
		}, {
			"streams":	[{
					"socket":	5,
					"start":	22.000405,
					"end":	23.000688,
					"seconds":	1.0002830028533936,
					"bytes":	1563840,
					"bits_per_second":	12507180.432249766,
					"retransmits":	0,
					"snd_cwnd":	46336,
					"rtt":	30778,
					"rttvar":	792,
					"pmtu":	1500,
					"omitted":	false,
					"sender":	true
				}],
			"sum":	{
				"start":	22.000405,
				"end":	23.000688,
				"seconds":	1.0002830028533936,
				"bytes":	1563840,
				"bits_per_second":	12507180.432249766,
				"retransmits":	0,
				"omitted":	false,
				"sender":	true
			}
		}, {
			"streams":	[{
					"socket":	5,
					"start":	23.000688,
					"end":	24.000467,
					"seconds":	0.999778985977173,
					"bytes":	1563840,
					"bits_per_second":	12513485.655804379,
					"retransmits":	0,
					"snd_cwnd":	49232,
					"rtt":	34848,
					"rttvar":	581,
					"pmtu":	1500,
					"omitted":	false,
					"sender":	true
				}],
			"sum":	{
				"start":	23.000688,
				"end":	24.000467,
				"seconds":	0.999778985977173,
				"bytes":	1563840,
				"bits_per_second":	12513485.655804379,
				"retransmits":	0,
				"omitted":	false,
				"sender":	true
			}
		}, {
			"streams":	[{
					"socket":	5,
					"start":	24.000467,
					"end":	25.000786,
					"seconds":	1.0003190040588379,
					"bytes":	781920,
					"bits_per_second":	6253365.1511353925,
					"retransmits":	0,
					"snd_cwnd":	47784,
					"rtt":	32126,
					"rttvar":	442,
					"pmtu":	1500,
					"omitted":	false,
					"sender":	true
				}],
			"sum":	{
				"start":	24.000467,
				"end":	25.000786,
				"seconds":	1.0003190040588379,
				"bytes":	781920,
				"bits_per_second":	6253365.1511353925,
				"retransmits":	0,
				"omitted":	false,
				"sender":	true
			}
		}, {
			"streams":	[{
					"socket":	5,
					"start":	25.000786,
					"end":	26.00057,
					"seconds":	0.999783992767334,
					"bytes":	1563840,
					"bits_per_second":	12513422.989871221,
					"retransmits":	0,
					"snd_cwnd":	44888,
					"rtt":	17627,
					"rttvar":	579,
					"pmtu":	1500,
					"omitted":	false,
					"sender":	true
				}],
			"sum":	{
				"start":	25.000786,
				"end":	26.00057,
				"seconds":	0.999783992767334,
				"bytes":	1563840,
				"bits_per_second":	12513422.989871221,
				"retransmits":	0,
				"omitted":	false,
				"sender":	true
			}
		}, {
			"streams":	[{
					"socket":	5,
					"start":	26.00057,
					"end":	27.000897,
					"seconds":	1.0003269910812378,
					"bytes":	1563840,
					"bits_per_second":	12506630.443388674,
					"retransmits":	0,
					"snd_cwnd":	49232,
					"rtt":	31124,
					"rttvar":	165,
					"pmtu":	1500,
					"omitted":	false,
					"sender":	true
				}],
			"sum":	{
				"start":	26.00057,
				"end":	27.000897,
				"seconds":	1.0003269910812378,
				"bytes":	1563840,
				"bits_per_second":	12506630.443388674,
				"retransmits":	0,
				"omitted":	false,
				"sender":	true
			}
		}, {
			"streams":	[{
					"socket":	5,
					"start":	27.000897,
					"end":	28.000671,
					"seconds":	0.99977397918701172,
					"bytes":	1563840,
					"bits_per_second":	12513548.322365189,
					"retransmits":	0,
					"snd_cwnd":	46336,
					"rtt":	31061,
					"rttvar":	287,
					"pmtu":	1500,
					"omitted":	false,
					"sender":	true
				}],
			"sum":	{
				"start":	27.000897,
				"end":	28.000671,
				"seconds":	0.99977397918701172,
				"bytes":	1563840,
				"bits_per_second":	12513548.322365189,
				"retransmits":	0,
				"omitted":	false,
				"sender":	true
			}
		}, {
			"streams":	[{
					"socket":	5,
					"start":	28.000671,
					"end":	29.000505,
					"seconds":	0.99983400106430054,
					"bytes":	1563840,
					"bits_per_second":	12512797.111003051,
					"retransmits":	0,
					"snd_cwnd":	49232,
					"rtt":	32540,
					"rttvar":	797,
					"pmtu":	1500,
					"omitted":	false,
					"sender":	true
				}],
			"sum":	{
				"start":	28.000671,
				"end":	29.000505,
				"seconds":	0.99983400106430054,
				"bytes":	1563840,
				"bits_per_second":	12512797.111003051,
				"retransmits":	0,
				"omitted":	false,
				"sender":	true
			}
		}, {
			"streams":	[{
					"socket":	5,
					"start":	29.000505,
					"end":	30.00021,
					"seconds":	0.99970501661300659,
					"bytes":	1563840,
					"bits_per_second":	12514411.543503333,
					"retransmits":	0,
					"snd_cwnd":	46336,
					"rtt":	25327,
					"rttvar":	1360,
					"pmtu":	1500,
					"omitted":	false,
					"sender":	true
				}],
			"sum":	{
				"start":	29.000505,
				"end":	30.00021,
				"seconds":	0.99970501661300659,
				"bytes":	1563840,
				"bits_per_second":	12514411.543503333,
				"retransmits":	0,
				"omitted":	false,
				"sender":	true
			}
		}, {
			"streams":	[{
					"socket":	5,
					"start":	30.00021,
					"end":	31.000532,
					"seconds":	1.0003219842910767,
					"bytes":	781920,
					"bits_per_second":	6253346.52065369,
					"retransmits":	0,
					"snd_cwnd":	47784,
					"rtt":	30137,
					"rttvar":	261,
					"pmtu":	1500,
					"omitted":	false,
					"sender":	true
				}],
			"sum":	{
				"start":	30.00021,
				"end":	31.000532,
				"seconds":	1.0003219842910767,
				"bytes":	781920,
				"bits_per_second":	6253346.52065369,
				"retransmits":	0,
				"omitted":	false,
				"sender":	true
			}
		}, {
			"streams":	[{
					"socket":	5,
					"start":	31.000532,
					"end":	32.000823,
					"seconds":	1.0002909898757935,
					"bytes":	1563840,
					"bits_per_second":	12507080.566179508,
					"retransmits":	0,
					"snd_cwnd":	44888,
					"rtt":	34968,
					"rttvar":	271,
					"pmtu":	1500,
					"omitted":	false,
					"sender":	true
				}],
			"sum":	{
				"start":	31.000532,
				"end":	32.000823,
				"seconds":	1.0002909898757935,
				"bytes":	1563840,
				"bits_per_second":	12507080.566179508,
				"retransmits":	0,
				"omitted":	false,
				"sender":	true
			}
		}, {
			"streams":	[{
					"socket":	5,
					"start":	32.000823,
					"end":	33.000592,
					"seconds":	0.99976897239685059,
					"bytes":	1563840,
					"bits_per_second":	12513610.98955366,
					"retransmits":	0,
					"snd_cwnd":	53576,
					"rtt":	35364,
					"rttvar":	1346,
					"pmtu":	1500,
					"omitted":	false,
					"sender":	true
				}],
			"sum":	{
				"start":	32.000823,
				"end":	33.000592,
				"seconds":	0.99976897239685059,
				"bytes":	1563840,
				"bits_per_second":	12513610.98955366,
				"retransmits":	0,
				"omitted":	false,
				"sender":	true
			}
		}, {
			"streams":	[{
					"socket":	5,
					"start":	33.000592,
					"end":	34.000401,
					"seconds":	0.99980902671813965,
					"bytes":	1563840,
					"bits_per_second":	12513109.669619886,
					"retransmits":	0,
					"snd_cwnd":	49232,
					"rtt":	31033,
					"rttvar":	818,
					"pmtu":	1500,
					"omitted":	false,
					"sender":	true
				}],
			"sum":	{
				"start":	33.000592,
				"end":	34.000401,
				"seconds":	0.99980902671813965,
				"bytes":	1563840,
				"bits_per_second":	12513109.669619886,
				"retransmits":	0,
				"omitted":	false,
				"sender":	true
			}
		}, {
			"streams":	[{
					"socket":	5,
					"start":	34.000401,
					"end":	35.000275,
					"seconds":	0.99987399578094482,
					"bytes":	1563840,
					"bits_per_second":	12512296.602161942,
					"retransmits":	0,
					"snd_cwnd":	11584,
					"rtt":	13006,
					"rttvar":	162,
					"pmtu":	1500,
					"omitted":	false,
					"sender":	true
				}],
			"sum":	{
				"start":	34.000401,
				"end":	35.000275,
				"seconds":	0.99987399578094482,
				"bytes":	1563840,
				"bits_per_second":	12512296.602161942,
				"retransmits":	0,
				"omitted":	false,
				"sender":	true
			}
		}, {
			"streams":	[{
					"socket":	5,
					"start":	35.000275,
					"end":	36.000605,
					"seconds":	1.0003299713134766,
					"bytes":	1563840,
					"bits_per_second":	12506593.183020283,
					"retransmits":	0,
					"snd_cwnd":	46336,
					"rtt":	31870,
					"rttvar":	173,
					"pmtu":	1500,
					"omitted":	false,
					"sender":	true
				}],
			"sum":	{
				"start":	35.000275,
				"end":	36.000605,
				"seconds":	1.0003299713134766,
				"bytes":	1563840,
				"bits_per_second":	12506593.183020283,
				"retransmits":	0,
				"omitted":	false,
				"sender":	true
			}
		}, {
			"streams":	[{
					"socket":	5,
					"start":	36.000605,
					"end":	37.000362,
					"seconds":	0.99975699186325073,
					"bytes":	1563840,
					"bits_per_second":	12513760.945731148,
					"retransmits":	0,
					"snd_cwnd":	47784,
					"rtt":	25060,
					"rttvar":	197,
					"pmtu":	1500,
					"omitted":	false,
					"sender":	true
				}],
			"sum":	{
				"start":	36.000605,
				"end":	37.000362,
				"seconds":	0.99975699186325073,
				"bytes":	1563840,
				"bits_per_second":	12513760.945731148,
				"retransmits":	0,
				"omitted":	false,
				"sender":	true
			}
		}, {
			"streams":	[{
					"socket":	5,
					"start":	37.000362,
					"end":	38.000154,
					"seconds":	0.999791979789734,
					"bytes":	1563840,
					"bits_per_second":	12513323.0240866,
					"retransmits":	0,
					"snd_cwnd":	46336,
					"rtt":	24472,
					"rttvar":	251,
					"pmtu":	1500,
					"omitted":	false,
					"sender":	true
				}],
			"sum":	{
				"start":	37.000362,
				"end":	38.000154,
				"seconds":	0.999791979789734,
				"bytes":	1563840,
				"bits_per_second":	12513323.0240866,
				"retransmits":	0,
				"omitted":	false,
				"sender":	true
			}
		}, {
			"streams":	[{
					"socket":	5,
					"start":	38.000154,
					"end":	39.000998,
					"seconds":	1.0008440017700195,
					"bytes":	781920,
					"bits_per_second":	6250084.9172670543,
					"retransmits":	0,
					"snd_cwnd":	44888,
					"rtt":	22835,
					"rttvar":	442,
					"pmtu":	1500,
					"omitted":	false,
					"sender":	true
				}],
			"sum":	{
				"start":	38.000154,
				"end":	39.000998,
				"seconds":	1.0008440017700195,
				"bytes":	781920,
				"bits_per_second":	6250084.9172670543,
				"retransmits":	0,
				"omitted":	false,
				"sender":	true
			}
		}, {
			"streams":	[{
					"socket":	5,
					"start":	39.000998,
					"end":	40.000763,
					"seconds":	0.99976497888565063,
					"bytes":	1563840,
					"bits_per_second":	12513660.974546827,
					"retransmits":	0,
					"snd_cwnd":	47784,
					"rtt":	26775,
					"rttvar":	119,
					"pmtu":	1500,
					"omitted":	false,
					"sender":	true
				}],
			"sum":	{
				"start":	39.000998,
				"end":	40.000763,
				"seconds":	0.99976497888565063,
				"bytes":	1563840,
				"bits_per_second":	12513660.974546827,
				"retransmits":	0,
				"omitted":	false,
				"sender":	true
			}
		}, {
			"streams":	[{
					"socket":	5,
					"start":	40.000763,
					"end":	41.000556,
					"seconds":	0.999792993068695,
					"bytes":	1563840,
					"bits_per_second":	12513310.341974359,
					"retransmits":	0,
					"snd_cwnd":	53576,
					"rtt":	27273,
					"rttvar":	174,
					"pmtu":	1500,
					"omitted":	false,
					"sender":	true
				}],
			"sum":	{
				"start":	40.000763,
				"end":	41.000556,
				"seconds":	0.999792993068695,
				"bytes":	1563840,
				"bits_per_second":	12513310.341974359,
				"retransmits":	0,
				"omitted":	false,
				"sender":	true
			}
		}, {
			"streams":	[{
					"socket":	5,
					"start":	41.000556,
					"end":	42.000865,
					"seconds":	1.0003089904785156,
					"bytes":	1563840,
					"bits_per_second":	12506855.5007341,
					"retransmits":	0,
					"snd_cwnd":	52128,
					"rtt":	35663,
					"rttvar":	428,
					"pmtu":	1500,
					"omitted":	false,
					"sender":	true
				}],
			"sum":	{
				"start":	41.000556,
				"end":	42.000865,
				"seconds":	1.0003089904785156,
				"bytes":	1563840,
				"bits_per_second":	12506855.5007341,
				"retransmits":	0,
				"omitted":	false,
				"sender":	true
			}
		}, {
			"streams":	[{
					"socket":	5,
					"start":	42.000865,
					"end":	43.000645,
					"seconds":	0.999779999256134,
					"bytes":	1563840,
					"bits_per_second":	12513472.973362487,
					"retransmits":	0,
					"snd_cwnd":	47784,
					"rtt":	31538,
					"rttvar":	353,
					"pmtu":	1500,
					"omitted":	false,
					"sender":	true
				}],
			"sum":	{
				"start":	42.000865,
				"end":	43.000645,
				"seconds":	0.999779999256134,
				"bytes":	1563840,
				"bits_per_second":	12513472.973362487,
				"retransmits":	0,
				"omitted":	false,
				"sender":	true
			}
		}, {
			"streams":	[{
					"socket":	5,
					"start":	43.000645,
					"end":	44.000445,
					"seconds":	0.99980002641677856,
					"bytes":	1563840,
					"bits_per_second":	12513222.313903758,
					"retransmits":	0,
					"snd_cwnd":	49232,
					"rtt":	32091,
					"rttvar":	423,
					"pmtu":	1500,
					"omitted":	false,
					"sender":	true
				}],
			"sum":	{
				"start":	43.000645,
				"end":	44.000445,
				"seconds":	0.99980002641677856,
				"bytes":	1563840,
				"bits_per_second":	12513222.313903758,
				"retransmits":	0,
				"omitted":	false,
				"sender":	true
			}
		}, {
			"streams":	[{
					"socket":	5,
					"start":	44.000445,
					"end":	45.000745,
					"seconds":	1.0003000497817993,
					"bytes":	1563840,
					"bits_per_second":	12506967.287194505,
					"retransmits":	0,
					"snd_cwnd":	46336,
					"rtt":	35557,
					"rttvar":	1265,
					"pmtu":	1500,
					"omitted":	false,
					"sender":	true
				}],
			"sum":	{
				"start":	44.000445,
				"end":	45.000745,
				"seconds":	1.0003000497817993,
				"bytes":	1563840,
				"bits_per_second":	12506967.287194505,
				"retransmits":	0,
				"omitted":	false,
				"sender":	true
			}
		}, {
			"streams":	[{
					"socket":	5,
					"start":	45.000745,
					"end":	46.000096,
					"seconds":	0.99935102462768555,
					"bytes":	1563840,
					"bits_per_second":	12518844.421719532,
					"retransmits":	0,
					"snd_cwnd":	56472,
					"rtt":	34842,
					"rttvar":	1526,
					"pmtu":	1500,
					"omitted":	false,
					"sender":	true
				}],
			"sum":	{
				"start":	45.000745,
				"end":	46.000096,
				"seconds":	0.99935102462768555,
				"bytes":	1563840,
				"bits_per_second":	12518844.421719532,
				"retransmits":	0,
				"omitted":	false,
				"sender":	true
			}
		}, {
			"streams":	[{
					"socket":	5,
					"start":	46.000096,
					"end":	47.000908,
					"seconds":	1.00081205368042,
					"bytes":	781920,
					"bits_per_second":	6250284.4335220866,
					"retransmits":	0,
					"snd_cwnd":	47784,
					"rtt":	22876,
					"rttvar":	176,
					"pmtu":	1500,
					"omitted":	false,
					"sender":	true
				}],
			"sum":	{
				"start":	46.000096,
				"end":	47.000908,
				"seconds":	1.00081205368042,
				"bytes":	781920,
				"bits_per_second":	6250284.4335220866,
				"retransmits":	0,
				"omitted":	false,
				"sender":	true
			}
		}, {
			"streams":	[{
					"socket":	5,
					"start":	47.000908,
					"end":	48.00071,
					"seconds":	0.999801993370056,
					"bytes":	1563840,
					"bits_per_second":	12513197.696105627,
					"retransmits":	0,
					"snd_cwnd":	47784,
					"rtt":	32726,
					"rttvar":	419,
					"pmtu":	1500,
					"omitted":	false,
					"sender":	true
				}],
			"sum":	{
				"start":	47.000908,
				"end":	48.00071,
				"seconds":	0.999801993370056,
				"bytes":	1563840,
				"bits_per_second":	12513197.696105627,
				"retransmits":	0,
				"omitted":	false,
				"sender":	true
			}
		}, {
			"streams":	[{
					"socket":	5,
					"start":	48.00071,
					"end":	49.000506,
					"seconds":	0.999795973300934,
					"bytes":	1563840,
					"bits_per_second":	12513273.041793231,
					"retransmits":	0,
					"snd_cwnd":	47784,
					"rtt":	35245,
					"rttvar":	533,
					"pmtu":	1500,
					"omitted":	false,
					"sender":	true
				}],
			"sum":	{
				"start":	48.00071,
				"end":	49.000506,
				"seconds":	0.999795973300934,
				"bytes":	1563840,
				"bits_per_second":	12513273.041793231,
				"retransmits":	0,
				"omitted":	false,
				"sender":	true
			}
		}, {
			"streams":	[{
					"socket":	5,
					"start":	49.000506,
					"end":	50.000271,
					"seconds":	0.99976497888565063,
					"bytes":	1563840,
					"bits_per_second":	12513660.974546827,
					"retransmits":	0,
					"snd_cwnd":	55024,
					"rtt":	31958,
					"rttvar":	198,
					"pmtu":	1500,
					"omitted":	false,
					"sender":	true
				}],
			"sum":	{
				"start":	49.000506,
				"end":	50.000271,
				"seconds":	0.99976497888565063,
				"bytes":	1563840,
				"bits_per_second":	12513660.974546827,
				"retransmits":	0,
				"omitted":	false,
				"sender":	true
			}
		}, {
			"streams":	[{
					"socket":	5,
					"start":	50.000271,
					"end":	51.000311,
					"seconds":	1.0000400543212891,
					"bytes":	1563840,
					"bits_per_second":	12510218.911672315,
					"retransmits":	0,
					"snd_cwnd":	46336,
					"rtt":	30190,
					"rttvar":	1769,
					"pmtu":	1500,
					"omitted":	false,
					"sender":	true
				}],
			"sum":	{
				"start":	50.000271,
				"end":	51.000311,
				"seconds":	1.0000400543212891,
				"bytes":	1563840,
				"bits_per_second":	12510218.911672315,
				"retransmits":	0,
				"omitted":	false,
				"sender":	true
			}
		}, {
			"streams":	[{
					"socket":	5,
					"start":	51.000311,
					"end":	52.000077,
					"seconds":	0.99976599216461182,
					"bytes":	1563840,
					"bits_per_second":	12513648.291749561,
					"retransmits":	0,
					"snd_cwnd":	55024,
					"rtt":	36567,
					"rttvar":	272,
					"pmtu":	1500,
					"omitted":	false,
					"sender":	true
				}],
			"sum":	{
				"start":	51.000311,
				"end":	52.000077,
				"seconds":	0.99976599216461182,
				"bytes":	1563840,
				"bits_per_second":	12513648.291749561,
				"retransmits":	0,
				"omitted":	false,
				"sender":	true
			}
		}, {
			"streams":	[{
					"socket":	5,
					"start":	52.000077,
					"end":	53.000098,
					"seconds":	1.0000209808349609,
					"bytes":	1563840,
					"bits_per_second":	12510457.520155484,
					"retransmits":	0,
					"snd_cwnd":	52128,
					"rtt":	34136,
					"rttvar":	997,
					"pmtu":	1500,
					"omitted":	false,
					"sender":	true
				}],
			"sum":	{
				"start":	52.000077,
				"end":	53.000098,
				"seconds":	1.0000209808349609,
				"bytes":	1563840,
				"bits_per_second":	12510457.520155484,
				"retransmits":	0,
				"omitted":	false,
				"sender":	true
			}
		}, {
			"streams":	[{
					"socket":	5,
					"start":	53.000098,
					"end":	54.000204,
					"seconds":	1.0001059770584106,
					"bytes":	1563840,
					"bits_per_second":	12509394.29119052,
					"retransmits":	0,
					"snd_cwnd":	52128,
					"rtt":	31639,
					"rttvar":	212,
					"pmtu":	1500,
					"omitted":	false,
					"sender":	true
				}],
			"sum":	{
				"start":	53.000098,
				"end":	54.000204,
				"seconds":	1.0001059770584106,
				"bytes":	1563840,
				"bits_per_second":	12509394.29119052,
				"retransmits":	0,
				"omitted":	false,
				"sender":	true
			}
		}, {
			"streams":	[{
					"socket":	5,
					"start":	54.000204,
					"end":	55.000495,
					"seconds":	1.0002909898757935,
					"bytes":	1563840,
					"bits_per_second":	12507080.566179508,
					"retransmits":	0,
					"snd_cwnd":	63712,
					"rtt":	33184,
					"rttvar":	565,
					"pmtu":	1500,
					"omitted":	false,
					"sender":	true
				}],
			"sum":	{
				"start":	54.000204,
				"end":	55.000495,
				"seconds":	1.0002909898757935,
				"bytes":	1563840,
				"bits_per_second":	12507080.566179508,
				"retransmits":	0,
				"omitted":	false,
				"sender":	true
			}
		}, {
			"streams":	[{
					"socket":	5,
					"start":	55.000495,
					"end":	56.000532,
					"seconds":	1.0000369548797607,
					"bytes":	1563840,
					"bits_per_second":	12510257.684931478,
					"retransmits":	0,
					"snd_cwnd":	11584,
					"rtt":	13020,
					"rttvar":	75,
					"pmtu":	1500,
					"omitted":	false,
					"sender":	true
				}],
			"sum":	{
				"start":	55.000495,
				"end":	56.000532,
				"seconds":	1.0000369548797607,
				"bytes":	1563840,
				"bits_per_second":	12510257.684931478,
				"retransmits":	0,
				"omitted":	false,
				"sender":	true
			}
		}, {
			"streams":	[{
					"socket":	5,
					"start":	56.000532,
					"end":	57.000314,
					"seconds":	0.9997820258140564,
					"bytes":	1563840,
					"bits_per_second":	12513447.608555824,
					"retransmits":	0,
					"snd_cwnd":	49232,
					"rtt":	26141,
					"rttvar":	228,
					"pmtu":	1500,
					"omitted":	false,
					"sender":	true
				}],
			"sum":	{
				"start":	56.000532,
				"end":	57.000314,
				"seconds":	0.9997820258140564,
				"bytes":	1563840,
				"bits_per_second":	12513447.608555824,
				"retransmits":	0,
				"omitted":	false,
				"sender":	true
			}
		}, {
			"streams":	[{
					"socket":	5,
					"start":	57.000314,
					"end":	58.000101,
					"seconds":	0.99978697299957275,
					"bytes":	1563840,
					"bits_per_second":	12513385.689018521,
					"retransmits":	0,
					"snd_cwnd":	47784,
					"rtt":	30545,
					"rttvar":	231,
					"pmtu":	1500,
					"omitted":	false,
					"sender":	true
				}],
			"sum":	{
				"start":	57.000314,
				"end":	58.000101,
				"seconds":	0.99978697299957275,
				"bytes":	1563840,
				"bits_per_second":	12513385.689018521,
				"retransmits":	0,
				"omitted":	false,
				"sender":	true
			}
		}, {
			"streams":	[{
					"socket":	5,
					"start":	58.000101,
					"end":	59.00091,
					"seconds":	1.0008089542388916,
					"bytes":	781920,
					"bits_per_second":	6250303.7902545137,
					"retransmits":	0,
					"snd_cwnd":	49232,
					"rtt":	32137,
					"rttvar":	957,
					"pmtu":	1500,
					"omitted":	false,
					"sender":	true
				}],
			"sum":	{
				"start":	58.000101,
				"end":	59.00091,
				"seconds":	1.0008089542388916,
				"bytes":	781920,
				"bits_per_second":	6250303.7902545137,
				"retransmits":	0,
				"omitted":	false,
				"sender":	true
			}
		}, {
			"streams":	[{
					"socket":	5,
					"start":	59.00091,
					"end":	60.000729,
					"seconds":	0.999818980693817,
					"bytes":	1563840,
					"bits_per_second":	12512985.091879608,
					"retransmits":	0,
					"snd_cwnd":	47784,
					"rtt":	35333,
					"rttvar":	725,
					"pmtu":	1500,
					"omitted":	false,
					"sender":	true
				}],
			"sum":	{
				"start":	59.00091,
				"end":	60.000729,
				"seconds":	0.999818980693817,
				"bytes":	1563840,
				"bits_per_second":	12512985.091879608,
				"retransmits":	0,
				"omitted":	false,
				"sender":	true
			}
		}],
	"end":	{
		"streams":	[{
				"sender":	{
					"socket":	5,
					"start":	0,
					"end":	60.000729,
					"seconds":	60.000729,
					"bytes":	100599800,
					"bits_per_second":	13413143.696970748,
					"retransmits":	0,
					"max_snd_cwnd":	225888,
					"max_rtt":	107793,
					"min_rtt":	13006,
					"mean_rtt":	39474,
					"sender":	true
				},
				"receiver":	{
					"socket":	5,
					"start":	0,
					"end":	60.036102,
					"seconds":	60.000729,
					"bytes":	98959360,
					"bits_per_second":	13186646.92787683,
					"sender":	true
				}
			}],
		"sum_sent":	{
			"start":	0,
			"end":	60.000729,
			"seconds":	60.000729,
			"bytes":	100599800,
			"bits_per_second":	13413143.696970748,
			"retransmits":	0,
			"sender":	true
		},
		"sum_received":	{
			"start":	0,
			"end":	60.036102,
			"seconds":	60.036102,
			"bytes":	98959360,
			"bits_per_second":	13186646.92787683,
			"sender":	true
		},
		"cpu_utilization_percent":	{
			"host_total":	0.048475894227352358,
			"host_user":	0,
			"host_system":	0.048477557950255448,
			"remote_total":	1.8871768754189562,
			"remote_user":	0.0091778064582841538,
			"remote_system":	1.8779974032970679
		},
		"sender_tcp_congestion":	"bbr",
		"receiver_tcp_congestion":	"cubic"
	}
}
