{
	"start":	{
		"connected":	[{
				"socket":	5,
				"local_host":	"192.168.179.133",
				"local_port":	55900,
				"remote_host":	"192.168.120.132",
				"remote_port":	5201
			}],
		"version":	"iperf 3.9",
		"system_info":	"Linux a 6.14.5-x64v3-xanmod1 #0~20250503.gdace042 SMP PREEMPT_DYNAMIC Sat May  3 00:40:10 UTC x86_64",
		"timestamp":	{
			"time":	"Mon, 05 May 2025 10:20:43 GMT",
			"timesecs":	1746440443
		},
		"connecting_to":	{
			"host":	"192.168.120.132",
			"port":	5201
		},
		"cookie":	"twigw35pd7xkvy25astakwi2yyufslyko3ae",
		"tcp_mss_default":	1448,
		"sock_bufsize":	0,
		"sndbuf_actual":	65536,
		"rcvbuf_actual":	87380,
		"test_start":	{
			"protocol":	"TCP",
			"num_streams":	1,
			"blksize":	131072,
			"omit":	0,
			"duration":	60,
			"bytes":	0,
			"blocks":	0,
			"reverse":	0,
			"tos":	0
		}
	},
	"intervals":	[{
			"streams":	[{
					"socket":	5,
					"start":	0,
					"end":	1.000187,
					"seconds":	1.0001870393753052,
					"bytes":	5438688,
					"bits_per_second":	43501367.531392,
					"retransmits":	0,
					"snd_cwnd":	131768,
					"rtt":	28005,
					"rttvar":	484,
					"pmtu":	1500,
					"omitted":	false,
					"sender":	true
				}],
			"sum":	{
				"start":	0,
				"end":	1.000187,
				"seconds":	1.0001870393753052,
				"bytes":	5438688,
				"bits_per_second":	43501367.531392,
				"retransmits":	0,
				"omitted":	false,
				"sender":	true
			}
		}, {
			"streams":	[{
					"socket":	5,
					"start":	1.000187,
					"end":	2.000522,
					"seconds":	1.0003349781036377,
					"bytes":	3648960,
					"bits_per_second":	29181904.700902756,
					"retransmits":	0,
					"snd_cwnd":	125976,
					"rtt":	42318,
					"rttvar":	179,
					"pmtu":	1500,
					"omitted":	false,
					"sender":	true
				}],
			"sum":	{
				"start":	1.000187,
				"end":	2.000522,
				"seconds":	1.0003349781036377,
				"bytes":	3648960,
				"bits_per_second":	29181904.700902756,
				"retransmits":	0,
				"omitted":	false,
				"sender":	true
			}
		}, {
			"streams":	[{
					"socket":	5,
					"start":	2.000522,
					"end":	3.000287,
					"seconds":	0.99976497888565063,
					"bytes":	3192840,
					"bits_per_second":	25548724.489699773,
					"retransmits":	0,
					"snd_cwnd":	123080,
					"rtt":	44927,
					"rttvar":	301,
					"pmtu":	1500,
					"omitted":	false,
					"sender":	true
				}],
			"sum":	{
				"start":	2.000522,
				"end":	3.000287,
				"seconds":	0.99976497888565063,
				"bytes":	3192840,
				"bits_per_second":	25548724.489699773,
				"retransmits":	0,
				"omitted":	false,
				"sender":	true
			}
		}, {
			"streams":	[{
					"socket":	5,
					"start":	3.000287,
					"end":	4.000595,
					"seconds":	1.0003080368041992,
					"bytes":	1824480,
					"bits_per_second":	14591345.328616006,
					"retransmits":	0,
					"snd_cwnd":	121632,
					"rtt":	86043,
					"rttvar":	3812,
					"pmtu":	1500,
					"omitted":	false,
					"sender":	true
				}],
			"sum":	{
				"start":	3.000287,
				"end":	4.000595,
				"seconds":	1.0003080368041992,
				"bytes":	1824480,
				"bits_per_second":	14591345.328616006,
				"retransmits":	0,
				"omitted":	false,
				"sender":	true
			}
		}, {
			"streams":	[{
					"socket":	5,
					"start":	4.000595,
					"end":	5.000395,
					"seconds":	0.99980002641677856,
					"bytes":	912240,
					"bits_per_second":	7299379.6831105249,
					"retransmits":	0,
					"snd_cwnd":	121632,
					"rtt":	94613,
					"rttvar":	183,
					"pmtu":	1500,
					"omitted":	false,
					"sender":	true
				}],
			"sum":	{
				"start":	4.000595,
				"end":	5.000395,
				"seconds":	0.99980002641677856,
				"bytes":	912240,
				"bits_per_second":	7299379.6831105249,
				"retransmits":	0,
				"omitted":	false,
				"sender":	true
			}
		}, {
			"streams":	[{
					"socket":	5,
					"start":	5.000395,
					"end":	6.00068,
					"seconds":	1.0002850294113159,
					"bytes":	1368360,
					"bits_per_second":	10943760.706328293,
					"retransmits":	0,
					"snd_cwnd":	120184,
					"rtt":	91308,
					"rttvar":	242,
					"pmtu":	1500,
					"omitted":	false,
					"sender":	true
				}],
			"sum":	{
				"start":	5.000395,
				"end":	6.00068,
				"seconds":	1.0002850294113159,
				"bytes":	1368360,
				"bits_per_second":	10943760.706328293,
				"retransmits":	0,
				"omitted":	false,
				"sender":	true
			}
		}, {
			"streams":	[{
					"socket":	5,
					"start":	6.00068,
					"end":	7.000492,
					"seconds":	0.99981200695037842,
					"bytes":	1368360,
					"bits_per_second":	10948938.324305706,
					"retransmits":	0,
					"snd_cwnd":	120184,
					"rtt":	106078,
					"rttvar":	3442,
					"pmtu":	1500,
					"omitted":	false,
					"sender":	true
				}],
			"sum":	{
				"start":	6.00068,
				"end":	7.000492,
				"seconds":	0.99981200695037842,
				"bytes":	1368360,
				"bits_per_second":	10948938.324305706,
				"retransmits":	0,
				"omitted":	false,
				"sender":	true
			}
		}, {
			"streams":	[{
					"socket":	5,
					"start":	7.000492,
					"end":	8.000783,
					"seconds":	1.0002909898757935,
					"bytes":	912240,
					"bits_per_second":	7295796.996938047,
					"retransmits":	0,
					"snd_cwnd":	78192,
					"rtt":	115631,
					"rttvar":	607,
					"pmtu":	1500,
					"omitted":	false,
					"sender":	true
				}],
			"sum":	{
				"start":	7.000492,
				"end":	8.000783,
				"seconds":	1.0002909898757935,
				"bytes":	912240,
				"bits_per_second":	7295796.996938047,
				"retransmits":	0,
				"omitted":	false,
				"sender":	true
			}
		}, {
			"streams":	[{
					"socket":	5,
					"start":	8.000783,
					"end":	9.000573,
					"seconds":	0.9997900128364563,
					"bytes":	912240,
					"bits_per_second":	7299452.7913870849,
					"retransmits":	0,
					"snd_cwnd":	78192,
					"rtt":	103336,
					"rttvar":	1053,
					"pmtu":	1500,
					"omitted":	false,
					"sender":	true
				}],
			"sum":	{
				"start":	8.000783,
				"end":	9.000573,
				"seconds":	0.9997900128364563,
				"bytes":	912240,
				"bits_per_second":	7299452.7913870849,
				"retransmits":	0,
				"omitted":	false,
				"sender":	true
			}
		}, {
			"streams":	[{
					"socket":	5,
					"start":	9.000573,
					"end":	10.000357,
					"seconds":	0.999783992767334,
					"bytes":	912240,
					"bits_per_second":	7299496.7440915462,
					"retransmits":	0,
					"snd_cwnd":	76744,
					"rtt":	102411,
					"rttvar":	271,
					"pmtu":	1500,
					"omitted":	false,
					"sender":	true
				}],
			"sum":	{
				"start":	9.000573,
				"end":	10.000357,
				"seconds":	0.999783992767334,
				"bytes":	912240,
				"bits_per_second":	7299496.7440915462,
				"retransmits":	0,
				"omitted":	false,
				"sender":	true
			}
		}, {
			"streams":	[{
					"socket":	5,
					"start":	10.000357,
					"end":	11.000658,
					"seconds":	1.0003010034561157,
					"bytes":	2280600,
					"bits_per_second":	18239309.904681526,
					"retransmits":	0,
					"snd_cwnd":	263536,
					"rtt":	151058,
					"rttvar":	512,
					"pmtu":	1500,
					"omitted":	false,
					"sender":	true
				}],
			"sum":	{
				"start":	10.000357,
				"end":	11.000658,
				"seconds":	1.0003010034561157,
				"bytes":	2280600,
				"bits_per_second":	18239309.904681526,
				"retransmits":	0,
				"omitted":	false,
				"sender":	true
			}
		}, {
			"streams":	[{
					"socket":	5,
					"start":	11.000658,
					"end":	12.000988,
					"seconds":	1.0003299713134766,
					"bytes":	1824480,
					"bits_per_second":	14591025.38019033,
					"retransmits":	0,
					"snd_cwnd":	214304,
					"rtt":	165786,
					"rttvar":	529,
					"pmtu":	1500,
					"omitted":	false,
					"sender":	true
				}],
			"sum":	{
				"start":	11.000658,
				"end":	12.000988,
				"seconds":	1.0003299713134766,
				"bytes":	1824480,
				"bits_per_second":	14591025.38019033,
				"retransmits":	0,
				"omitted":	false,
				"sender":	true
			}
		}, {
			"streams":	[{
					"socket":	5,
					"start":	12.000988,
					"end":	13.000249,
					"seconds":	0.99926102161407471,
					"bytes":	1824480,
					"bits_per_second":	14606633.986807372,
					"retransmits":	0,
					"snd_cwnd":	195480,
					"rtt":	139022,
					"rttvar":	189,
					"pmtu":	1500,
					"omitted":	false,
					"sender":	true
				}],
			"sum":	{
				"start":	12.000988,
				"end":	13.000249,
				"seconds":	0.99926102161407471,
				"bytes":	1824480,
				"bits_per_second":	14606633.986807372,
				"retransmits":	0,
				"omitted":	false,
				"sender":	true
			}
		}, {
			"streams":	[{
					"socket":	5,
					"start":	13.000249,
					"end":	14.001039,
					"seconds":	1.000789999961853,
					"bytes":	912240,
					"bits_per_second":	7292159.1945145074,
					"retransmits":	0,
					"snd_cwnd":	56472,
					"rtt":	40535,
					"rttvar":	474,
					"pmtu":	1500,
					"omitted":	false,
					"sender":	true
				}],
			"sum":	{
				"start":	13.000249,
				"end":	14.001039,
				"seconds":	1.000789999961853,
				"bytes":	912240,
				"bits_per_second":	7292159.1945145074,
				"retransmits":	0,
				"omitted":	false,
				"sender":	true
			}
		}, {
			"streams":	[{
					"socket":	5,
					"start":	14.001039,
					"end":	15.000327,
					"seconds":	0.999288022518158,
					"bytes":	1824480,
					"bits_per_second":	14606239.3134856,
					"retransmits":	0,
					"snd_cwnd":	59368,
					"rtt":	38100,
					"rttvar":	873,
					"pmtu":	1500,
					"omitted":	false,
					"sender":	true
				}],
			"sum":	{
				"start":	14.001039,
				"end":	15.000327,
				"seconds":	0.999288022518158,
				"bytes":	1824480,
				"bits_per_second":	14606239.3134856,
				"retransmits":	0,
				"omitted":	false,
				"sender":	true
			}
		}, {
			"streams":	[{
					"socket":	5,
					"start":	15.000327,
					"end":	16.000646,
					"seconds":	1.0003190040588379,
					"bytes":	1824480,
					"bits_per_second":	14591185.352649249,
					"retransmits":	0,
					"snd_cwnd":	49232,
					"rtt":	29323,
					"rttvar":	240,
					"pmtu":	1500,
					"omitted":	false,
					"sender":	true
				}],
			"sum":	{
				"start":	15.000327,
				"end":	16.000646,
				"seconds":	1.0003190040588379,
				"bytes":	1824480,
				"bits_per_second":	14591185.352649249,
				"retransmits":	0,
				"omitted":	false,
				"sender":	true
			}
		}, {
			"streams":	[{
					"socket":	5,
					"start":	16.000646,
					"end":	17.000931,
					"seconds":	1.0002850294113159,
					"bytes":	912240,
					"bits_per_second":	7295840.4708855283,
					"retransmits":	0,
					"snd_cwnd":	49232,
					"rtt":	35043,
					"rttvar":	276,
					"pmtu":	1500,
					"omitted":	false,
					"sender":	true
				}],
			"sum":	{
				"start":	16.000646,
				"end":	17.000931,
				"seconds":	1.0002850294113159,
				"bytes":	912240,
				"bits_per_second":	7295840.4708855283,
				"retransmits":	0,
				"omitted":	false,
				"sender":	true
			}
		}, {
			"streams":	[{
					"socket":	5,
					"start":	17.000931,
					"end":	18.000748,
					"seconds":	0.99981701374053955,
					"bytes":	1824480,
					"bits_per_second":	14598511.326981416,
					"retransmits":	0,
					"snd_cwnd":	53576,
					"rtt":	34215,
					"rttvar":	430,
					"pmtu":	1500,
					"omitted":	false,
					"sender":	true
				}],
			"sum":	{
				"start":	17.000931,
				"end":	18.000748,
				"seconds":	0.99981701374053955,
				"bytes":	1824480,
				"bits_per_second":	14598511.326981416,
				"retransmits":	0,
				"omitted":	false,
				"sender":	true
			}
		}, {
			"streams":	[{
					"socket":	5,
					"start":	18.000748,
					"end":	19.000516,
					"seconds":	0.99976801872253418,
					"bytes":	1824480,
					"bits_per_second":	14599226.747270845,
					"retransmits":	0,
					"snd_cwnd":	50680,
					"rtt":	25133,
					"rttvar":	3088,
					"pmtu":	1500,
					"omitted":	false,
					"sender":	true
				}],
			"sum":	{
				"start":	18.000748,
				"end":	19.000516,
				"seconds":	0.99976801872253418,
				"bytes":	1824480,
				"bits_per_second":	14599226.747270845,
				"retransmits":	0,
				"omitted":	false,
				"sender":	true
			}
		}, {
			"streams":	[{
					"socket":	5,
					"start":	19.000516,
					"end":	20.0008,
					"seconds":	1.00028395652771,
					"bytes":	912240,
					"bits_per_second":	7295848.2962510977,
					"retransmits":	0,
					"snd_cwnd":	57920,
					"rtt":	33844,
					"rttvar":	250,
					"pmtu":	1500,
					"omitted":	false,
					"sender":	true
				}],
			"sum":	{
				"start":	19.000516,
				"end":	20.0008,
				"seconds":	1.00028395652771,
				"bytes":	912240,
				"bits_per_second":	7295848.2962510977,
				"retransmits":	0,
				"omitted":	false,
				"sender":	true
			}
		}, {
			"streams":	[{
					"socket":	5,
					"start":	20.0008,
					"end":	21.000597,
					"seconds":	0.999796986579895,
					"bytes":	1824480,
					"bits_per_second":	14598803.753079355,
					"retransmits":	0,
					"snd_cwnd":	50680,
					"rtt":	34570,
					"rttvar":	341,
					"pmtu":	1500,
					"omitted":	false,
					"sender":	true
				}],
			"sum":	{
				"start":	20.0008,
				"end":	21.000597,
				"seconds":	0.999796986579895,
				"bytes":	1824480,
				"bits_per_second":	14598803.753079355,
				"retransmits":	0,
				"omitted":	false,
				"sender":	true
			}
		}, {
			"streams":	[{
					"socket":	5,
					"start":	21.000597,
					"end":	22.000379,
					"seconds":	0.9997820258140564,
					"bytes":	1824480,
					"bits_per_second":	14599022.209981794,
					"retransmits":	0,
					"snd_cwnd":	66608,
					"rtt":	33043,
					"rttvar":	330,
					"pmtu":	1500,
					"omitted":	false,
					"sender":	true
				}],
			"sum":	{
				"start":	21.000597,
				"end":	22.000379,
				"seconds":	0.9997820258140564,
				"bytes":	1824480,
				"bits_per_second":	14599022.209981794,
				"retransmits":	0,
				"omitted":	false,
				"sender":	true
			}
		}, {
			"streams":	[{
					"socket":	5,
					"start":	22.000379,
					"end":	23.000172,
					"seconds":	0.999792993068695,
					"bytes":	1824480,
					"bits_per_second":	14598862.065636752,
					"retransmits":	0,
					"snd_cwnd":	53576,
					"rtt":	32258,
					"rttvar":	309,
					"pmtu":	1500,
					"omitted":	false,
					"sender":	true
				}],
			"sum":	{
				"start":	22.000379,
				"end":	23.000172,
				"seconds":	0.999792993068695,
				"bytes":	1824480,
				"bits_per_second":	14598862.065636752,
				"retransmits":	0,
				"omitted":	false,
				"sender":	true
			}
		}, {
			"streams":	[{
					"socket":	5,
					"start":	23.000172,
					"end":	24.000989,
					"seconds":	1.0008169412612915,
					"bytes":	912240,
					"bits_per_second":	7291962.8946355656,
					"retransmits":	0,
					"snd_cwnd":	11584,
					"rtt":	13280,
					"rttvar":	406,
					"pmtu":	1500,
					"omitted":	false,
					"sender":	true
				}],
			"sum":	{
				"start":	23.000172,
				"end":	24.000989,
				"seconds":	1.0008169412612915,
				"bytes":	912240,
				"bits_per_second":	7291962.8946355656,
				"retransmits":	0,
				"omitted":	false,
				"sender":	true
			}
		}, {
			"streams":	[{
					"socket":	5,
					"start":	24.000989,
					"end":	25.00028,
					"seconds":	0.99929100275039673,
					"bytes":	1824480,
					"bits_per_second":	14606195.752615772,
					"retransmits":	0,
					"snd_cwnd":	52128,
					"rtt":	37815,
					"rttvar":	340,
					"pmtu":	1500,
					"omitted":	false,
					"sender":	true
				}],
			"sum":	{
				"start":	24.000989,
				"end":	25.00028,
				"seconds":	0.99929100275039673,
				"bytes":	1824480,
				"bits_per_second":	14606195.752615772,
				"retransmits":	0,
				"omitted":	false,
				"sender":	true
			}
		}, {
			"streams":	[{
					"socket":	5,
					"start":	25.00028,
					"end":	26.000572,
					"seconds":	1.00029194355011,
					"bytes":	912240,
					"bits_per_second":	7295790.04115453,
					"retransmits":	0,
					"snd_cwnd":	55024,
					"rtt":	36510,
					"rttvar":	813,
					"pmtu":	1500,
					"omitted":	false,
					"sender":	true
				}],
			"sum":	{
				"start":	25.00028,
				"end":	26.000572,
				"seconds":	1.00029194355011,
				"bytes":	912240,
				"bits_per_second":	7295790.04115453,
				"retransmits":	0,
				"omitted":	false,
				"sender":	true
			}
		}, {
			"streams":	[{
					"socket":	5,
					"start":	26.000572,
					"end":	27.000366,
					"seconds":	0.99979400634765625,
					"bytes":	1824480,
					"bits_per_second":	14598847.269869128,
					"retransmits":	0,
					"snd_cwnd":	46336,
					"rtt":	31734,
					"rttvar":	90,
					"pmtu":	1500,
					"omitted":	false,
					"sender":	true
				}],
			"sum":	{
				"start":	26.000572,
				"end":	27.000366,
				"seconds":	0.99979400634765625,
				"bytes":	1824480,
				"bits_per_second":	14598847.269869128,
				"retransmits":	0,
				"omitted":	false,
				"sender":	true
			}
		}, {
			"streams":	[{
					"socket":	5,
					"start":	27.000366,
					"end":	28.00066,
					"seconds":	1.0002939701080322,
					"bytes":	912240,
					"bits_per_second":	7295775.2601585919,
					"retransmits":	0,
					"snd_cwnd":	46336,
					"rtt":	30350,
					"rttvar":	231,
					"pmtu":	1500,
					"omitted":	false,
					"sender":	true
				}],
			"sum":	{
				"start":	27.000366,
				"end":	28.00066,
				"seconds":	1.0002939701080322,
				"bytes":	912240,
				"bits_per_second":	7295775.2601585919,
				"retransmits":	0,
				"omitted":	false,
				"sender":	true
			}
		}, {
			"streams":	[{
					"socket":	5,
					"start":	28.00066,
					"end":	29.000466,
					"seconds":	0.999805986881256,
					"bytes":	1824480,
					"bits_per_second":	14598672.333949029,
					"retransmits":	0,
					"snd_cwnd":	59368,
					"rtt":	36050,
					"rttvar":	1263,
					"pmtu":	1500,
					"omitted":	false,
					"sender":	true
				}],
			"sum":	{
				"start":	28.00066,
				"end":	29.000466,
				"seconds":	0.999805986881256,
				"bytes":	1824480,
				"bits_per_second":	14598672.333949029,
				"retransmits":	0,
				"omitted":	false,
				"sender":	true
			}
		}, {
			"streams":	[{
					"socket":	5,
					"start":	29.000466,
					"end":	30.000809,
					"seconds":	1.0003429651260376,
					"bytes":	912240,
					"bits_per_second":	7295417.9260714883,
					"retransmits":	0,
					"snd_cwnd":	53576,
					"rtt":	30813,
					"rttvar":	109,
					"pmtu":	1500,
					"omitted":	false,
					"sender":	true
				}],
			"sum":	{
				"start":	29.000466,
				"end":	30.000809,
				"seconds":	1.0003429651260376,
				"bytes":	912240,
				"bits_per_second":	7295417.9260714883,
				"retransmits":	0,
				"omitted":	false,
				"sender":	true
			}
		}, {
			"streams":	[{
					"socket":	5,
					"start":	30.000809,
					"end":	31.000584,
					"seconds":	0.999774992465973,
					"bytes":	1824480,
					"bits_per_second":	14599124.913095649,
					"retransmits":	0,
					"snd_cwnd":	55024,
					"rtt":	35281,
					"rttvar":	1102,
					"pmtu":	1500,
					"omitted":	false,
					"sender":	true
				}],
			"sum":	{
				"start":	30.000809,
				"end":	31.000584,
				"seconds":	0.999774992465973,
				"bytes":	1824480,
				"bits_per_second":	14599124.913095649,
				"retransmits":	0,
				"omitted":	false,
				"sender":	true
			}
		}, {
			"streams":	[{
					"socket":	5,
					"start":	31.000584,
					"end":	32.000396,
					"seconds":	0.99981200695037842,
					"bytes":	1824480,
					"bits_per_second":	14598584.432407606,
					"retransmits":	0,
					"snd_cwnd":	44888,
					"rtt":	32254,
					"rttvar":	159,
					"pmtu":	1500,
					"omitted":	false,
					"sender":	true
				}],
			"sum":	{
				"start":	31.000584,
				"end":	32.000396,
				"seconds":	0.99981200695037842,
				"bytes":	1824480,
				"bits_per_second":	14598584.432407606,
				"retransmits":	0,
				"omitted":	false,
				"sender":	true
			}
		}, {
			"streams":	[{
					"socket":	5,
					"start":	32.000396,
					"end":	33.000691,
					"seconds":	1.0002950429916382,
					"bytes":	912240,
					"bits_per_second":	7295767.4349496961,
					"retransmits":	0,
					"snd_cwnd":	44888,
					"rtt":	31300,
					"rttvar":	375,
					"pmtu":	1500,
					"omitted":	false,
					"sender":	true
				}],
			"sum":	{
				"start":	32.000396,
				"end":	33.000691,
				"seconds":	1.0002950429916382,
				"bytes":	912240,
				"bits_per_second":	7295767.4349496961,
				"retransmits":	0,
				"omitted":	false,
				"sender":	true
			}
		}, {
			"streams":	[{
					"socket":	5,
					"start":	33.000691,
					"end":	34.000479,
					"seconds":	0.999787986278534,
					"bytes":	1824480,
					"bits_per_second":	14598935.174575804,
					"retransmits":	0,
					"snd_cwnd":	44888,
					"rtt":	30991,
					"rttvar":	202,
					"pmtu":	1500,
					"omitted":	false,
					"sender":	true
				}],
			"sum":	{
				"start":	33.000691,
				"end":	34.000479,
				"seconds":	0.999787986278534,
				"bytes":	1824480,
				"bits_per_second":	14598935.174575804,
				"retransmits":	0,
				"omitted":	false,
				"sender":	true
			}
		}, {
			"streams":	[{
					"socket":	5,
					"start":	34.000479,
					"end":	35.000727,
					"seconds":	1.0002479553222656,
					"bytes":	912240,
					"bits_per_second":	7296110.8904728675,
					"retransmits":	0,
					"snd_cwnd":	53576,
					"rtt":	32097,
					"rttvar":	235,
					"pmtu":	1500,
					"omitted":	false,
					"sender":	true
				}],
			"sum":	{
				"start":	34.000479,
				"end":	35.000727,
				"seconds":	1.0002479553222656,
				"bytes":	912240,
				"bits_per_second":	7296110.8904728675,
				"retransmits":	0,
				"omitted":	false,
				"sender":	true
			}
		}, {
			"streams":	[{
					"socket":	5,
					"start":	35.000727,
					"end":	36.000488,
					"seconds":	0.99976098537445068,
					"bytes":	1824480,
					"bits_per_second":	14599329.453262543,
					"retransmits":	0,
					"snd_cwnd":	46336,
					"rtt":	30667,
					"rttvar":	147,
					"pmtu":	1500,
					"omitted":	false,
					"sender":	true
				}],
			"sum":	{
				"start":	35.000727,
				"end":	36.000488,
				"seconds":	0.99976098537445068,
				"bytes":	1824480,
				"bits_per_second":	14599329.453262543,
				"retransmits":	0,
				"omitted":	false,
				"sender":	true
			}
		}, {
			"streams":	[{
					"socket":	5,
					"start":	36.000488,
					"end":	37.000773,
					"seconds":	1.0002850294113159,
					"bytes":	912240,
					"bits_per_second":	7295840.4708855283,
					"retransmits":	0,
					"snd_cwnd":	46336,
					"rtt":	28925,
					"rttvar":	310,
					"pmtu":	1500,
					"omitted":	false,
					"sender":	true
				}],
			"sum":	{
				"start":	36.000488,
				"end":	37.000773,
				"seconds":	1.0002850294113159,
				"bytes":	912240,
				"bits_per_second":	7295840.4708855283,
				"retransmits":	0,
				"omitted":	false,
				"sender":	true
			}
		}, {
			"streams":	[{
					"socket":	5,
					"start":	37.000773,
					"end":	38.000595,
					"seconds":	0.99982202053070068,
					"bytes":	1824480,
					"bits_per_second":	14598438.2222874,
					"retransmits":	0,
					"snd_cwnd":	50680,
					"rtt":	34437,
					"rttvar":	811,
					"pmtu":	1500,
					"omitted":	false,
					"sender":	true
				}],
			"sum":	{
				"start":	37.000773,
				"end":	38.000595,
				"seconds":	0.99982202053070068,
				"bytes":	1824480,
				"bits_per_second":	14598438.2222874,
				"retransmits":	0,
				"omitted":	false,
				"sender":	true
			}
		}, {
			"streams":	[{
					"socket":	5,
					"start":	38.000595,
					"end":	39.000869,
					"seconds":	1.0002739429473877,
					"bytes":	912240,
					"bits_per_second":	7295921.3338059084,
					"retransmits":	0,
					"snd_cwnd":	47784,
					"rtt":	33672,
					"rttvar":	369,
					"pmtu":	1500,
					"omitted":	false,
					"sender":	true
				}],
			"sum":	{
				"start":	38.000595,
				"end":	39.000869,
				"seconds":	1.0002739429473877,
				"bytes":	912240,
				"bits_per_second":	7295921.3338059084,
				"retransmits":	0,
				"omitted":	false,
				"sender":	true
			}
		}, {
			"streams":	[{
					"socket":	5,
					"start":	39.000869,
					"end":	40.00043,
					"seconds":	0.99956101179122925,
					"bytes":	1824480,
					"bits_per_second":	14602250.2156662,
					"retransmits":	0,
					"snd_cwnd":	46336,
					"rtt":	27022,
					"rttvar":	1509,
					"pmtu":	1500,
					"omitted":	false,
					"sender":	true
				}],
			"sum":	{
				"start":	39.000869,
				"end":	40.00043,
				"seconds":	0.99956101179122925,
				"bytes":	1824480,
				"bits_per_second":	14602250.2156662,
				"retransmits":	0,
				"omitted":	false,
				"sender":	true
			}
		}, {
			"streams":	[{
					"socket":	5,
					"start":	40.00043,
					"end":	41.000734,
					"seconds":	1.0003039836883545,
					"bytes":	912240,
					"bits_per_second":	7295702.2255283482,
					"retransmits":	0,
					"snd_cwnd":	47784,
					"rtt":	31459,
					"rttvar":	743,
					"pmtu":	1500,
					"omitted":	false,
					"sender":	true
				}],
			"sum":	{
				"start":	40.00043,
				"end":	41.000734,
				"seconds":	1.0003039836883545,
				"bytes":	912240,
				"bits_per_second":	7295702.2255283482,
				"retransmits":	0,
				"omitted":	false,
				"sender":	true
			}
		}, {
			"streams":	[{
					"socket":	5,
					"start":	41.000734,
					"end":	42.000519,
					"seconds":	0.999785006046295,
					"bytes":	1824480,
					"bits_per_second":	14598978.692149078,
					"retransmits":	0,
					"snd_cwnd":	52128,
					"rtt":	31143,
					"rttvar":	338,
					"pmtu":	1500,
					"omitted":	false,
					"sender":	true
				}],
			"sum":	{
				"start":	41.000734,
				"end":	42.000519,
				"seconds":	0.999785006046295,
				"bytes":	1824480,
				"bits_per_second":	14598978.692149078,
				"retransmits":	0,
				"omitted":	false,
				"sender":	true
			}
		}, {
			"streams":	[{
					"socket":	5,
					"start":	42.000519,
					"end":	43.000813,
					"seconds":	1.0002939701080322,
					"bytes":	912240,
					"bits_per_second":	7295775.2601585919,
					"retransmits":	0,
					"snd_cwnd":	44888,
					"rtt":	31391,
					"rttvar":	465,
					"pmtu":	1500,
					"omitted":	false,
					"sender":	true
				}],
			"sum":	{
				"start":	42.000519,
				"end":	43.000813,
				"seconds":	1.0002939701080322,
				"bytes":	912240,
				"bits_per_second":	7295775.2601585919,
				"retransmits":	0,
				"omitted":	false,
				"sender":	true
			}
		}, {
			"streams":	[{
					"socket":	5,
					"start":	43.000813,
					"end":	44.000595,
					"seconds":	0.9997820258140564,
					"bytes":	1824480,
					"bits_per_second":	14599022.209981794,
					"retransmits":	0,
					"snd_cwnd":	46336,
					"rtt":	31029,
					"rttvar":	329,
					"pmtu":	1500,
					"omitted":	false,
					"sender":	true
				}],
			"sum":	{
				"start":	43.000813,
				"end":	44.000595,
				"seconds":	0.9997820258140564,
				"bytes":	1824480,
				"bits_per_second":	14599022.209981794,
				"retransmits":	0,
				"omitted":	false,
				"sender":	true
			}
		}, {
			"streams":	[{
					"socket":	5,
					"start":	44.000595,
					"end":	45.000898,
					"seconds":	1.0003030300140381,
					"bytes":	912240,
					"bits_per_second":	7295709.18114442,
					"retransmits":	0,
					"snd_cwnd":	11584,
					"rtt":	13165,
					"rttvar":	180,
					"pmtu":	1500,
					"omitted":	false,
					"sender":	true
				}],
			"sum":	{
				"start":	44.000595,
				"end":	45.000898,
				"seconds":	1.0003030300140381,
				"bytes":	912240,
				"bits_per_second":	7295709.18114442,
				"retransmits":	0,
				"omitted":	false,
				"sender":	true
			}
		}, {
			"streams":	[{
					"socket":	5,
					"start":	45.000898,
					"end":	46.000683,
					"seconds":	0.999785006046295,
					"bytes":	1824480,
					"bits_per_second":	14598978.692149078,
					"retransmits":	0,
					"snd_cwnd":	49232,
					"rtt":	35389,
					"rttvar":	255,
					"pmtu":	1500,
					"omitted":	false,
					"sender":	true
				}],
			"sum":	{
				"start":	45.000898,
				"end":	46.000683,
				"seconds":	0.999785006046295,
				"bytes":	1824480,
				"bits_per_second":	14598978.692149078,
				"retransmits":	0,
				"omitted":	false,
				"sender":	true
			}
		}, {
			"streams":	[{
					"socket":	5,
					"start":	46.000683,
					"end":	47.000996,
					"seconds":	1.0003130435943604,
					"bytes":	912240,
					"bits_per_second":	7295636.1478371359,
					"retransmits":	0,
					"snd_cwnd":	44888,
					"rtt":	30717,
					"rttvar":	238,
					"pmtu":	1500,
					"omitted":	false,
					"sender":	true
				}],
			"sum":	{
				"start":	46.000683,
				"end":	47.000996,
				"seconds":	1.0003130435943604,
				"bytes":	912240,
				"bits_per_second":	7295636.1478371359,
				"retransmits":	0,
				"omitted":	false,
				"sender":	true
			}
		}, {
			"streams":	[{
					"socket":	5,
					"start":	47.000996,
					"end":	48.000796,
					"seconds":	0.99980002641677856,
					"bytes":	1824480,
					"bits_per_second":	14598759.36622105,
					"retransmits":	0,
					"snd_cwnd":	46336,
					"rtt":	37365,
					"rttvar":	1146,
					"pmtu":	1500,
					"omitted":	false,
					"sender":	true
				}],
			"sum":	{
				"start":	47.000996,
				"end":	48.000796,
				"seconds":	0.99980002641677856,
				"bytes":	1824480,
				"bits_per_second":	14598759.36622105,
				"retransmits":	0,
				"omitted":	false,
				"sender":	true
			}
		}, {
			"streams":	[{
					"socket":	5,
					"start":	48.000796,
					"end":	49.000558,
					"seconds":	0.999761998653412,
					"bytes":	1824480,
					"bits_per_second":	14599314.656547522,
					"retransmits":	0,
					"snd_cwnd":	47784,
					"rtt":	33109,
					"rttvar":	160,
					"pmtu":	1500,
					"omitted":	false,
					"sender":	true
				}],
			"sum":	{
				"start":	48.000796,
				"end":	49.000558,
				"seconds":	0.999761998653412,
				"bytes":	1824480,
				"bits_per_second":	14599314.656547522,
				"retransmits":	0,
				"omitted":	false,
				"sender":	true
			}
		}, {
			"streams":	[{
					"socket":	5,
					"start":	49.000558,
					"end":	50.000892,
					"seconds":	1.0003340244293213,
					"bytes":	912240,
					"bits_per_second":	7295483.13041074,
					"retransmits":	0,
					"snd_cwnd":	47784,
					"rtt":	35196,
					"rttvar":	114,
					"pmtu":	1500,
					"omitted":	false,
					"sender":	true
				}],
			"sum":	{
				"start":	49.000558,
				"end":	50.000892,
				"seconds":	1.0003340244293213,
				"bytes":	912240,
				"bits_per_second":	7295483.13041074,
				"retransmits":	0,
				"omitted":	false,
				"sender":	true
			}
		}, {
			"streams":	[{
					"socket":	5,
					"start":	50.000892,
					"end":	51.000239,
					"seconds":	0.99934697151184082,
					"bytes":	1824480,
					"bits_per_second":	14605377.727736538,
					"retransmits":	0,
					"snd_cwnd":	50680,
					"rtt":	31626,
					"rttvar":	100,
					"pmtu":	1500,
					"omitted":	false,
					"sender":	true
				}],
			"sum":	{
				"start":	50.000892,
				"end":	51.000239,
				"seconds":	0.99934697151184082,
				"bytes":	1824480,
				"bits_per_second":	14605377.727736538,
				"retransmits":	0,
				"omitted":	false,
				"sender":	true
			}
		}, {
			"streams":	[{
					"socket":	5,
					"start":	51.000239,
					"end":	52.000555,
					"seconds":	1.0003160238265991,
					"bytes":	912240,
					"bits_per_second":	7295614.4120161226,
					"retransmits":	0,
					"snd_cwnd":	46336,
					"rtt":	31295,
					"rttvar":	401,
					"pmtu":	1500,
					"omitted":	false,
					"sender":	true
				}],
			"sum":	{
				"start":	51.000239,
				"end":	52.000555,
				"seconds":	1.0003160238265991,
				"bytes":	912240,
				"bits_per_second":	7295614.4120161226,
				"retransmits":	0,
				"omitted":	false,
				"sender":	true
			}
		}, {
			"streams":	[{
					"socket":	5,
					"start":	52.000555,
					"end":	53.000338,
					"seconds":	0.9997829794883728,
					"bytes":	1824480,
					"bits_per_second":	14599008.284247097,
					"retransmits":	0,
					"snd_cwnd":	57920,
					"rtt":	35149,
					"rttvar":	271,
					"pmtu":	1500,
					"omitted":	false,
					"sender":	true
				}],
			"sum":	{
				"start":	52.000555,
				"end":	53.000338,
				"seconds":	0.9997829794883728,
				"bytes":	1824480,
				"bits_per_second":	14599008.284247097,
				"retransmits":	0,
				"omitted":	false,
				"sender":	true
			}
		}, {
			"streams":	[{
					"socket":	5,
					"start":	53.000338,
					"end":	54.000131,
					"seconds":	0.999792993068695,
					"bytes":	1824480,
					"bits_per_second":	14598862.065636752,
					"retransmits":	0,
					"snd_cwnd":	44888,
					"rtt":	32004,
					"rttvar":	726,
					"pmtu":	1500,
					"omitted":	false,
					"sender":	true
				}],
			"sum":	{
				"start":	53.000338,
				"end":	54.000131,
				"seconds":	0.999792993068695,
				"bytes":	1824480,
				"bits_per_second":	14598862.065636752,
				"retransmits":	0,
				"omitted":	false,
				"sender":	true
			}
		}, {
			"streams":	[{
					"socket":	5,
					"start":	54.000131,
					"end":	55.000946,
					"seconds":	1.0008150339126587,
					"bytes":	912240,
					"bits_per_second":	7291976.791624506,
					"retransmits":	0,
					"snd_cwnd":	41992,
					"rtt":	30578,
					"rttvar":	180,
					"pmtu":	1500,
					"omitted":	false,
					"sender":	true
				}],
			"sum":	{
				"start":	54.000131,
				"end":	55.000946,
				"seconds":	1.0008150339126587,
				"bytes":	912240,
				"bits_per_second":	7291976.791624506,
				"retransmits":	0,
				"omitted":	false,
				"sender":	true
			}
		}, {
			"streams":	[{
					"socket":	5,
					"start":	55.000946,
					"end":	56.00083,
					"seconds":	0.999884009361267,
					"bytes":	912240,
					"bits_per_second":	7298766.5885985736,
					"retransmits":	0,
					"snd_cwnd":	44888,
					"rtt":	36407,
					"rttvar":	417,
					"pmtu":	1500,
					"omitted":	false,
					"sender":	true
				}],
			"sum":	{
				"start":	55.000946,
				"end":	56.00083,
				"seconds":	0.999884009361267,
				"bytes":	912240,
				"bits_per_second":	7298766.5885985736,
				"retransmits":	0,
				"omitted":	false,
				"sender":	true
			}
		}, {
			"streams":	[{
					"socket":	5,
					"start":	56.00083,
					"end":	57.00061,
					"seconds":	0.999779999256134,
					"bytes":	1824480,
					"bits_per_second":	14599051.802256234,
					"retransmits":	0,
					"snd_cwnd":	43440,
					"rtt":	31619,
					"rttvar":	685,
					"pmtu":	1500,
					"omitted":	false,
					"sender":	true
				}],
			"sum":	{
				"start":	56.00083,
				"end":	57.00061,
				"seconds":	0.999779999256134,
				"bytes":	1824480,
				"bits_per_second":	14599051.802256234,
				"retransmits":	0,
				"omitted":	false,
				"sender":	true
			}
		}, {
			"streams":	[{
					"socket":	5,
					"start":	57.00061,
					"end":	58.000929,
					"seconds":	1.0003190040588379,
					"bytes":	912240,
					"bits_per_second":	7295592.6763246246,
					"retransmits":	0,
					"snd_cwnd":	49232,
					"rtt":	31945,
					"rttvar":	287,
					"pmtu":	1500,
					"omitted":	false,
					"sender":	true
				}],
			"sum":	{
				"start":	57.00061,
				"end":	58.000929,
				"seconds":	1.0003190040588379,
				"bytes":	912240,
				"bits_per_second":	7295592.6763246246,
				"retransmits":	0,
				"omitted":	false,
				"sender":	true
			}
		}, {
			"streams":	[{
					"socket":	5,
					"start":	58.000929,
					"end":	59.000706,
					"seconds":	0.99977701902389526,
					"bytes":	1824480,
					"bits_per_second":	14599095.320524817,
					"retransmits":	0,
					"snd_cwnd":	47784,
					"rtt":	38276,
					"rttvar":	621,
					"pmtu":	1500,
					"omitted":	false,
					"sender":	true
				}],
			"sum":	{
				"start":	58.000929,
				"end":	59.000706,
				"seconds":	0.99977701902389526,
				"bytes":	1824480,
				"bits_per_second":	14599095.320524817,
				"retransmits":	0,
				"omitted":	false,
				"sender":	true
			}
		}, {
			"streams":	[{
					"socket":	5,
					"start":	59.000706,
					"end":	60.000495,
					"seconds":	0.999788999557495,
					"bytes":	1824480,
					"bits_per_second":	14598920.378659992,
					"retransmits":	0,
					"snd_cwnd":	53576,
					"rtt":	34160,
					"rttvar":	539,
					"pmtu":	1500,
					"omitted":	false,
					"sender":	true
				}],
			"sum":	{
				"start":	59.000706,
				"end":	60.000495,
				"seconds":	0.999788999557495,
				"bytes":	1824480,
				"bits_per_second":	14598920.378659992,
				"retransmits":	0,
				"omitted":	false,
				"sender":	true
			}
		}],
	"end":	{
		"streams":	[{
				"sender":	{
					"socket":	5,
					"start":	0,
					"end":	60.000495,
					"seconds":	60.000495,
					"bytes":	93925968,
					"bits_per_second":	12523359.08228757,
					"retransmits":	0,
					"max_snd_cwnd":	263536,
					"max_rtt":	165786,
					"min_rtt":	13165,
					"mean_rtt":	46380,
					"sender":	true
				},
				"receiver":	{
					"socket":	5,
					"start":	0,
					"end":	60.037368,
					"seconds":	60.000495,
					"bytes":	91226112,
					"bits_per_second":	12155910.898692295,
					"sender":	true
				}
			}],
		"sum_sent":	{
			"start":	0,
			"end":	60.000495,
			"seconds":	60.000495,
			"bytes":	93925968,
			"bits_per_second":	12523359.08228757,
			"retransmits":	0,
			"sender":	true
		},
		"sum_received":	{
			"start":	0,
			"end":	60.037368,
			"seconds":	60.037368,
			"bytes":	91226112,
			"bits_per_second":	12155910.898692295,
			"sender":	true
		},
		"cpu_utilization_percent":	{
			"host_total":	0.0467598272957572,
			"host_user":	0,
			"host_system":	0.0467598272957572,
			"remote_total":	1.7392267949661933,
			"remote_user":	0.022700839972719683,
			"remote_system":	1.7165259549934735
		},
		"sender_tcp_congestion":	"bbr",
		"receiver_tcp_congestion":	"cubic"
	}
}
