{
	"start":	{
		"connected":	[{
				"socket":	4,
				"local_host":	"192.168.179.135",
				"local_port":	55014,
				"remote_host":	"192.168.120.132",
				"remote_port":	5201
			}],
		"version":	"iperf 3.1.3",
		"system_info":	"Linux a 4.15.0-213-generic #224-Ubuntu SMP Mon Jun 19 13:30:12 UTC 2023 x86_64",
		"timestamp":	{
			"time":	"Mon, 05 May 2025 10:37:57 GMT",
			"timesecs":	1746441477
		},
		"connecting_to":	{
			"host":	"192.168.120.132",
			"port":	5201
		},
		"cookie":	"a.1746441477.010417.1ead6f5065a2febe",
		"tcp_mss_default":	1448,
		"test_start":	{
			"protocol":	"TCP",
			"num_streams":	1,
			"blksize":	131072,
			"omit":	0,
			"duration":	60,
			"bytes":	0,
			"blocks":	0,
			"reverse":	0
		}
	},
	"intervals":	[{
			"streams":	[{
					"socket":	4,
					"start":	0,
					"end":	1.000515,
					"seconds":	1.000515,
					"bytes":	7822096,
					"bits_per_second":	62544558.544878,
					"retransmits":	0,
					"snd_cwnd":	577752,
					"rtt":	117038,
					"omitted":	false
				}],
			"sum":	{
				"start":	0,
				"end":	1.000515,
				"seconds":	1.000515,
				"bytes":	7822096,
				"bits_per_second":	62544558.544878,
				"retransmits":	0,
				"omitted":	false
			}
		}, {
			"streams":	[{
					"socket":	4,
					"start":	1.000515,
					"end":	2.000657,
					"seconds":	1.000142,
					"bytes":	5235360,
					"bits_per_second":	41876929.394150,
					"retransmits":	0,
					"snd_cwnd":	807984,
					"rtt":	165257,
					"omitted":	false
				}],
			"sum":	{
				"start":	1.000515,
				"end":	2.000657,
				"seconds":	1.000142,
				"bytes":	5235360,
				"bits_per_second":	41876929.394150,
				"retransmits":	0,
				"omitted":	false
			}
		}, {
			"streams":	[{
					"socket":	4,
					"start":	2.000657,
					"end":	3.000594,
					"seconds":	0.999937,
					"bytes":	4538640,
					"bits_per_second":	36311405.530820,
					"retransmits":	0,
					"snd_cwnd":	1035320,
					"rtt":	219059,
					"omitted":	false
				}],
			"sum":	{
				"start":	2.000657,
				"end":	3.000594,
				"seconds":	0.999937,
				"bytes":	4538640,
				"bits_per_second":	36311405.530820,
				"retransmits":	0,
				"omitted":	false
			}
		}, {
			"streams":	[{
					"socket":	4,
					"start":	3.000594,
					"end":	4.000574,
					"seconds":	0.999980,
					"bytes":	4235400,
					"bits_per_second":	33883878.597880,
					"retransmits":	0,
					"snd_cwnd":	1249624,
					"rtt":	283328,
					"omitted":	false
				}],
			"sum":	{
				"start":	3.000594,
				"end":	4.000574,
				"seconds":	0.999980,
				"bytes":	4235400,
				"bits_per_second":	33883878.597880,
				"retransmits":	0,
				"omitted":	false
			}
		}, {
			"streams":	[{
					"socket":	4,
					"start":	4.000574,
					"end":	5.000745,
					"seconds":	1.000171,
					"bytes":	3932160,
					"bits_per_second":	31451903.419106,
					"retransmits":	0,
					"snd_cwnd":	1453792,
					"rtt":	334578,
					"omitted":	false
				}],
			"sum":	{
				"start":	4.000574,
				"end":	5.000745,
				"seconds":	1.000171,
				"bytes":	3932160,
				"bits_per_second":	31451903.419106,
				"retransmits":	0,
				"omitted":	false
			}
		}, {
			"streams":	[{
					"socket":	4,
					"start":	5.000745,
					"end":	6.000445,
					"seconds":	0.999700,
					"bytes":	4212840,
					"bits_per_second":	33712831.508855,
					"retransmits":	0,
					"snd_cwnd":	1662304,
					"rtt":	393815,
					"omitted":	false
				}],
			"sum":	{
				"start":	5.000745,
				"end":	6.000445,
				"seconds":	0.999700,
				"bytes":	4212840,
				"bits_per_second":	33712831.508855,
				"retransmits":	0,
				"omitted":	false
			}
		}, {
			"streams":	[{
					"socket":	4,
					"start":	6.000445,
					"end":	7.000676,
					"seconds":	1.000231,
					"bytes":	3714120,
					"bits_per_second":	29706097.071595,
					"retransmits":	0,
					"snd_cwnd":	1853440,
					"rtt":	443229,
					"omitted":	false
				}],
			"sum":	{
				"start":	6.000445,
				"end":	7.000676,
				"seconds":	1.000231,
				"bytes":	3714120,
				"bits_per_second":	29706097.071595,
				"retransmits":	0,
				"omitted":	false
			}
		}, {
			"streams":	[{
					"socket":	4,
					"start":	7.000676,
					"end":	8.000509,
					"seconds":	0.999833,
					"bytes":	3932160,
					"bits_per_second":	31462538.378840,
					"retransmits":	0,
					"snd_cwnd":	2053264,
					"rtt":	488148,
					"omitted":	false
				}],
			"sum":	{
				"start":	7.000676,
				"end":	8.000509,
				"seconds":	0.999833,
				"bytes":	3932160,
				"bits_per_second":	31462538.378840,
				"retransmits":	0,
				"omitted":	false
			}
		}, {
			"streams":	[{
					"socket":	4,
					"start":	8.000509,
					"end":	9.000859,
					"seconds":	1.000350,
					"bytes":	3932160,
					"bits_per_second":	31446273.852135,
					"retransmits":	0,
					"snd_cwnd":	2253088,
					"rtt":	535131,
					"omitted":	false
				}],
			"sum":	{
				"start":	8.000509,
				"end":	9.000859,
				"seconds":	1.000350,
				"bytes":	3932160,
				"bits_per_second":	31446273.852135,
				"retransmits":	0,
				"omitted":	false
			}
		}, {
			"streams":	[{
					"socket":	4,
					"start":	9.000859,
					"end":	10.000262,
					"seconds":	0.999403,
					"bytes":	4207000,
					"bits_per_second":	33676104.638580,
					"retransmits":	0,
					"snd_cwnd":	2464496,
					"rtt":	585308,
					"omitted":	false
				}],
			"sum":	{
				"start":	9.000859,
				"end":	10.000262,
				"seconds":	0.999403,
				"bytes":	4207000,
				"bits_per_second":	33676104.638580,
				"retransmits":	0,
				"omitted":	false
			}
		}, {
			"streams":	[{
					"socket":	4,
					"start":	10.000262,
					"end":	11.001121,
					"seconds":	1.000859,
					"bytes":	3807072,
					"bits_per_second":	30430435.582090,
					"retransmits":	0,
					"snd_cwnd":	2652736,
					"rtt":	617641,
					"omitted":	false
				}],
			"sum":	{
				"start":	10.000262,
				"end":	11.001121,
				"seconds":	1.000859,
				"bytes":	3807072,
				"bits_per_second":	30430435.582090,
				"retransmits":	0,
				"omitted":	false
			}
		}, {
			"streams":	[{
					"socket":	4,
					"start":	11.001121,
					"end":	12.000453,
					"seconds":	0.999332,
					"bytes":	3937392,
					"bits_per_second":	31520193.028977,
					"retransmits":	0,
					"snd_cwnd":	2856904,
					"rtt":	691947,
					"omitted":	false
				}],
			"sum":	{
				"start":	11.001121,
				"end":	12.000453,
				"seconds":	0.999332,
				"bytes":	3937392,
				"bits_per_second":	31520193.028977,
				"retransmits":	0,
				"omitted":	false
			}
		}, {
			"streams":	[{
					"socket":	4,
					"start":	12.000453,
					"end":	13.001116,
					"seconds":	1.000663,
					"bytes":	3285792,
					"bits_per_second":	26268918.601873,
					"retransmits":	0,
					"snd_cwnd":	3019080,
					"rtt":	787490,
					"omitted":	false
				}],
			"sum":	{
				"start":	12.000453,
				"end":	13.001116,
				"seconds":	1.000663,
				"bytes":	3285792,
				"bits_per_second":	26268918.601873,
				"retransmits":	0,
				"omitted":	false
			}
		}, {
			"streams":	[{
					"socket":	4,
					"start":	13.001116,
					"end":	14.001337,
					"seconds":	1.000221,
					"bytes":	3741912,
					"bits_per_second":	29928681.341739,
					"retransmits":	0,
					"snd_cwnd":	3202976,
					"rtt":	713674,
					"omitted":	false
				}],
			"sum":	{
				"start":	13.001116,
				"end":	14.001337,
				"seconds":	1.000221,
				"bytes":	3741912,
				"bits_per_second":	29928681.341739,
				"retransmits":	0,
				"omitted":	false
			}
		}, {
			"streams":	[{
					"socket":	4,
					"start":	14.001337,
					"end":	15.000730,
					"seconds":	0.999393,
					"bytes":	3411768,
					"bits_per_second":	27310721.982466,
					"retransmits":	0,
					"snd_cwnd":	3375288,
					"rtt":	947519,
					"omitted":	false
				}],
			"sum":	{
				"start":	14.001337,
				"end":	15.000730,
				"seconds":	0.999393,
				"bytes":	3411768,
				"bits_per_second":	27310721.982466,
				"retransmits":	0,
				"omitted":	false
			}
		}, {
			"streams":	[{
					"socket":	4,
					"start":	15.000730,
					"end":	16.000431,
					"seconds":	0.999701,
					"bytes":	3085968,
					"bits_per_second":	24695127.272552,
					"retransmits":	0,
					"snd_cwnd":	3534568,
					"rtt":	985956,
					"omitted":	false
				}],
			"sum":	{
				"start":	15.000730,
				"end":	16.000431,
				"seconds":	0.999701,
				"bytes":	3085968,
				"bits_per_second":	24695127.272552,
				"retransmits":	0,
				"omitted":	false
			}
		}, {
			"streams":	[{
					"socket":	4,
					"start":	16.000431,
					"end":	17.000201,
					"seconds":	0.999770,
					"bytes":	2695008,
					"bits_per_second":	21565025.550154,
					"retransmits":	0,
					"snd_cwnd":	3596832,
					"rtt":	1076023,
					"omitted":	false
				}],
			"sum":	{
				"start":	16.000431,
				"end":	17.000201,
				"seconds":	0.999770,
				"bytes":	2695008,
				"bits_per_second":	21565025.550154,
				"retransmits":	0,
				"omitted":	false
			}
		}, {
			"streams":	[{
					"socket":	4,
					"start":	17.000201,
					"end":	18.001187,
					"seconds":	1.000986,
					"bytes":	2563240,
					"bits_per_second":	20485719.047951,
					"retransmits":	0,
					"snd_cwnd":	3596832,
					"rtt":	1015159,
					"omitted":	false
				}],
			"sum":	{
				"start":	17.000201,
				"end":	18.001187,
				"seconds":	1.000986,
				"bytes":	2563240,
				"bits_per_second":	20485719.047951,
				"retransmits":	0,
				"omitted":	false
			}
		}, {
			"streams":	[{
					"socket":	4,
					"start":	18.001187,
					"end":	19.000669,
					"seconds":	0.999482,
					"bytes":	1636240,
					"bits_per_second":	13096705.187810,
					"retransmits":	22,
					"snd_cwnd":	2551376,
					"rtt":	1083400,
					"omitted":	false
				}],
			"sum":	{
				"start":	18.001187,
				"end":	19.000669,
				"seconds":	0.999482,
				"bytes":	1636240,
				"bits_per_second":	13096705.187810,
				"retransmits":	22,
				"omitted":	false
			}
		}, {
			"streams":	[{
					"socket":	4,
					"start":	19.000669,
					"end":	20.001203,
					"seconds":	1.000534,
					"bytes":	586440,
					"bits_per_second":	4689015.795397,
					"retransmits":	223,
					"snd_cwnd":	1046904,
					"rtt":	1115544,
					"omitted":	false
				}],
			"sum":	{
				"start":	19.000669,
				"end":	20.001203,
				"seconds":	1.000534,
				"bytes":	586440,
				"bits_per_second":	4689015.795397,
				"retransmits":	223,
				"omitted":	false
			}
		}, {
			"streams":	[{
					"socket":	4,
					"start":	20.001203,
					"end":	21.000251,
					"seconds":	0.999048,
					"bytes":	2752928,
					"bits_per_second":	22044410.397437,
					"retransmits":	422,
					"snd_cwnd":	2519520,
					"rtt":	975394,
					"omitted":	false
				}],
			"sum":	{
				"start":	20.001203,
				"end":	21.000251,
				"seconds":	0.999048,
				"bytes":	2752928,
				"bits_per_second":	22044410.397437,
				"retransmits":	422,
				"omitted":	false
			}
		}, {
			"streams":	[{
					"socket":	4,
					"start":	21.000251,
					"end":	22.000742,
					"seconds":	1.000491,
					"bytes":	2231648,
					"bits_per_second":	17844424.103429,
					"retransmits":	0,
					"snd_cwnd":	2633912,
					"rtt":	1042542,
					"omitted":	false
				}],
			"sum":	{
				"start":	21.000251,
				"end":	22.000742,
				"seconds":	1.000491,
				"bytes":	2231648,
				"bits_per_second":	17844424.103429,
				"retransmits":	0,
				"omitted":	false
			}
		}, {
			"streams":	[{
					"socket":	4,
					"start":	22.000742,
					"end":	23.000507,
					"seconds":	0.999765,
					"bytes":	1710088,
					"bits_per_second":	13683917.562679,
					"retransmits":	0,
					"snd_cwnd":	2775816,
					"rtt":	1149042,
					"omitted":	false
				}],
			"sum":	{
				"start":	22.000742,
				"end":	23.000507,
				"seconds":	0.999765,
				"bytes":	1710088,
				"bits_per_second":	13683917.562679,
				"retransmits":	0,
				"omitted":	false
			}
		}, {
			"streams":	[{
					"socket":	4,
					"start":	23.000507,
					"end":	24.001240,
					"seconds":	1.000733,
					"bytes":	1310720,
					"bits_per_second":	10478080.628202,
					"retransmits":	71,
					"snd_cwnd":	1336504,
					"rtt":	1117179,
					"omitted":	false
				}],
			"sum":	{
				"start":	23.000507,
				"end":	24.001240,
				"seconds":	1.000733,
				"bytes":	1310720,
				"bits_per_second":	10478080.628202,
				"retransmits":	71,
				"omitted":	false
			}
		}, {
			"streams":	[{
					"socket":	4,
					"start":	24.001240,
					"end":	25.000619,
					"seconds":	0.999379,
					"bytes":	1507368,
					"bits_per_second":	12066438.228264,
					"retransmits":	263,
					"snd_cwnd":	1801312,
					"rtt":	892283,
					"omitted":	false
				}],
			"sum":	{
				"start":	24.001240,
				"end":	25.000619,
				"seconds":	0.999379,
				"bytes":	1507368,
				"bits_per_second":	12066438.228264,
				"retransmits":	263,
				"omitted":	false
			}
		}, {
			"streams":	[{
					"socket":	4,
					"start":	25.000619,
					"end":	26.001248,
					"seconds":	1.000629,
					"bytes":	1833168,
					"bits_per_second":	14656122.563632,
					"retransmits":	0,
					"snd_cwnd":	1992448,
					"rtt":	1026359,
					"omitted":	false
				}],
			"sum":	{
				"start":	25.000619,
				"end":	26.001248,
				"seconds":	1.000629,
				"bytes":	1833168,
				"bits_per_second":	14656122.563632,
				"retransmits":	0,
				"omitted":	false
			}
		}, {
			"streams":	[{
					"socket":	4,
					"start":	26.001248,
					"end":	27.001487,
					"seconds":	1.000239,
					"bytes":	1107720,
					"bits_per_second":	8859643.471785,
					"retransmits":	214,
					"snd_cwnd":	1527640,
					"rtt":	1091700,
					"omitted":	false
				}],
			"sum":	{
				"start":	26.001248,
				"end":	27.001487,
				"seconds":	1.000239,
				"bytes":	1107720,
				"bits_per_second":	8859643.471785,
				"retransmits":	214,
				"omitted":	false
			}
		}, {
			"streams":	[{
					"socket":	4,
					"start":	27.001487,
					"end":	28.000598,
					"seconds":	0.999111,
					"bytes":	1830272,
					"bits_per_second":	14655205.399141,
					"retransmits":	83,
					"snd_cwnd":	1426280,
					"rtt":	818561,
					"omitted":	false
				}],
			"sum":	{
				"start":	27.001487,
				"end":	28.000598,
				"seconds":	0.999111,
				"bytes":	1830272,
				"bits_per_second":	14655205.399141,
				"retransmits":	83,
				"omitted":	false
			}
		}, {
			"streams":	[{
					"socket":	4,
					"start":	28.000598,
					"end":	29.000628,
					"seconds":	1.000030,
					"bytes":	3062520,
					"bits_per_second":	24499424.019149,
					"retransmits":	0,
					"snd_cwnd":	1482752,
					"rtt":	834734,
					"omitted":	false
				}],
			"sum":	{
				"start":	28.000598,
				"end":	29.000628,
				"seconds":	1.000030,
				"bytes":	3062520,
				"bits_per_second":	24499424.019149,
				"retransmits":	0,
				"omitted":	false
			}
		}, {
			"streams":	[{
					"socket":	4,
					"start":	29.000628,
					"end":	30.000541,
					"seconds":	0.999913,
					"bytes":	1498680,
					"bits_per_second":	11990483.445219,
					"retransmits":	0,
					"snd_cwnd":	1547912,
					"rtt":	871235,
					"omitted":	false
				}],
			"sum":	{
				"start":	29.000628,
				"end":	30.000541,
				"seconds":	0.999913,
				"bytes":	1498680,
				"bits_per_second":	11990483.445219,
				"retransmits":	0,
				"omitted":	false
			}
		}, {
			"streams":	[{
					"socket":	4,
					"start":	30.000541,
					"end":	31.000694,
					"seconds":	1.000153,
					"bytes":	1563840,
					"bits_per_second":	12508805.343115,
					"retransmits":	0,
					"snd_cwnd":	1605832,
					"rtt":	906832,
					"omitted":	false
				}],
			"sum":	{
				"start":	30.000541,
				"end":	31.000694,
				"seconds":	1.000153,
				"bytes":	1563840,
				"bits_per_second":	12508805.343115,
				"retransmits":	0,
				"omitted":	false
			}
		}, {
			"streams":	[{
					"socket":	4,
					"start":	31.000694,
					"end":	32.000577,
					"seconds":	0.999883,
					"bytes":	1563840,
					"bits_per_second":	12512184.720416,
					"retransmits":	0,
					"snd_cwnd":	1652168,
					"rtt":	945901,
					"omitted":	false
				}],
			"sum":	{
				"start":	31.000694,
				"end":	32.000577,
				"seconds":	0.999883,
				"bytes":	1563840,
				"bits_per_second":	12512184.720416,
				"retransmits":	0,
				"omitted":	false
			}
		}, {
			"streams":	[{
					"socket":	4,
					"start":	32.000577,
					"end":	33.000825,
					"seconds":	1.000248,
					"bytes":	1629000,
					"bits_per_second":	13028769.447273,
					"retransmits":	0,
					"snd_cwnd":	1686920,
					"rtt":	973793,
					"omitted":	false
				}],
			"sum":	{
				"start":	32.000577,
				"end":	33.000825,
				"seconds":	1.000248,
				"bytes":	1629000,
				"bits_per_second":	13028769.447273,
				"retransmits":	0,
				"omitted":	false
			}
		}, {
			"streams":	[{
					"socket":	4,
					"start":	33.000825,
					"end":	34.000635,
					"seconds":	0.999810,
					"bytes":	1694160,
					"bits_per_second":	13555852.645833,
					"retransmits":	0,
					"snd_cwnd":	1710088,
					"rtt":	994442,
					"omitted":	false
				}],
			"sum":	{
				"start":	33.000825,
				"end":	34.000635,
				"seconds":	0.999810,
				"bytes":	1694160,
				"bits_per_second":	13555852.645833,
				"retransmits":	0,
				"omitted":	false
			}
		}, {
			"streams":	[{
					"socket":	4,
					"start":	34.000635,
					"end":	35.000521,
					"seconds":	0.999886,
					"bytes":	1694160,
					"bits_per_second":	13554827.995236,
					"retransmits":	0,
					"snd_cwnd":	1723120,
					"rtt":	1004769,
					"omitted":	false
				}],
			"sum":	{
				"start":	34.000635,
				"end":	35.000521,
				"seconds":	0.999886,
				"bytes":	1694160,
				"bits_per_second":	13554827.995236,
				"retransmits":	0,
				"omitted":	false
			}
		}, {
			"streams":	[{
					"socket":	4,
					"start":	35.000521,
					"end":	36.000810,
					"seconds":	1.000289,
					"bytes":	1694160,
					"bits_per_second":	13549361.501126,
					"retransmits":	0,
					"snd_cwnd":	1728912,
					"rtt":	1003996,
					"omitted":	false
				}],
			"sum":	{
				"start":	35.000521,
				"end":	36.000810,
				"seconds":	1.000289,
				"bytes":	1694160,
				"bits_per_second":	13549361.501126,
				"retransmits":	0,
				"omitted":	false
			}
		}, {
			"streams":	[{
					"socket":	4,
					"start":	36.000810,
					"end":	37.001107,
					"seconds":	1.000297,
					"bytes":	1759320,
					"bits_per_second":	14070383.472161,
					"retransmits":	0,
					"snd_cwnd":	1730360,
					"rtt":	917526,
					"omitted":	false
				}],
			"sum":	{
				"start":	36.000810,
				"end":	37.001107,
				"seconds":	1.000297,
				"bytes":	1759320,
				"bits_per_second":	14070383.472161,
				"retransmits":	0,
				"omitted":	false
			}
		}, {
			"streams":	[{
					"socket":	4,
					"start":	37.001107,
					"end":	38.001223,
					"seconds":	1.000116,
					"bytes":	2410920,
					"bits_per_second":	19285120.807554,
					"retransmits":	0,
					"snd_cwnd":	1733256,
					"rtt":	772016,
					"omitted":	false
				}],
			"sum":	{
				"start":	37.001107,
				"end":	38.001223,
				"seconds":	1.000116,
				"bytes":	2410920,
				"bits_per_second":	19285120.807554,
				"retransmits":	0,
				"omitted":	false
			}
		}, {
			"streams":	[{
					"socket":	4,
					"start":	38.001223,
					"end":	39.000483,
					"seconds":	0.999260,
					"bytes":	2736720,
					"bits_per_second":	21909974.504447,
					"retransmits":	0,
					"snd_cwnd":	1740496,
					"rtt":	762251,
					"omitted":	false
				}],
			"sum":	{
				"start":	38.001223,
				"end":	39.000483,
				"seconds":	0.999260,
				"bytes":	2736720,
				"bits_per_second":	21909974.504447,
				"retransmits":	0,
				"omitted":	false
			}
		}, {
			"streams":	[{
					"socket":	4,
					"start":	39.000483,
					"end":	40.000657,
					"seconds":	1.000174,
					"bytes":	1759320,
					"bits_per_second":	14072110.811555,
					"retransmits":	0,
					"snd_cwnd":	1750632,
					"rtt":	778487,
					"omitted":	false
				}],
			"sum":	{
				"start":	39.000483,
				"end":	40.000657,
				"seconds":	1.000174,
				"bytes":	1759320,
				"bits_per_second":	14072110.811555,
				"retransmits":	0,
				"omitted":	false
			}
		}, {
			"streams":	[{
					"socket":	4,
					"start":	40.000657,
					"end":	41.000816,
					"seconds":	1.000159,
					"bytes":	1824480,
					"bits_per_second":	14593519.262793,
					"retransmits":	0,
					"snd_cwnd":	1769456,
					"rtt":	802439,
					"omitted":	false
				}],
			"sum":	{
				"start":	40.000657,
				"end":	41.000816,
				"seconds":	1.000159,
				"bytes":	1824480,
				"bits_per_second":	14593519.262793,
				"retransmits":	0,
				"omitted":	false
			}
		}, {
			"streams":	[{
					"socket":	4,
					"start":	41.000816,
					"end":	42.001389,
					"seconds":	1.000573,
					"bytes":	2606400,
					"bits_per_second":	20839260.773935,
					"retransmits":	0,
					"snd_cwnd":	1814344,
					"rtt":	819234,
					"omitted":	false
				}],
			"sum":	{
				"start":	41.000816,
				"end":	42.001389,
				"seconds":	1.000573,
				"bytes":	2606400,
				"bits_per_second":	20839260.773935,
				"retransmits":	0,
				"omitted":	false
			}
		}, {
			"streams":	[{
					"socket":	4,
					"start":	42.001389,
					"end":	43.000738,
					"seconds":	0.999349,
					"bytes":	2541240,
					"bits_per_second":	20343161.011992,
					"retransmits":	0,
					"snd_cwnd":	1878056,
					"rtt":	836184,
					"omitted":	false
				}],
			"sum":	{
				"start":	42.001389,
				"end":	43.000738,
				"seconds":	0.999349,
				"bytes":	2541240,
				"bits_per_second":	20343161.011992,
				"retransmits":	0,
				"omitted":	false
			}
		}, {
			"streams":	[{
					"socket":	4,
					"start":	43.000738,
					"end":	44.000671,
					"seconds":	0.999933,
					"bytes":	1963488,
					"bits_per_second":	15708956.431287,
					"retransmits":	0,
					"snd_cwnd":	1949008,
					"rtt":	852412,
					"omitted":	false
				}],
			"sum":	{
				"start":	43.000738,
				"end":	44.000671,
				"seconds":	0.999933,
				"bytes":	1963488,
				"bits_per_second":	15708956.431287,
				"retransmits":	0,
				"omitted":	false
			}
		}, {
			"streams":	[{
					"socket":	4,
					"start":	44.000671,
					"end":	45.000576,
					"seconds":	0.999905,
					"bytes":	1898328,
					"bits_per_second":	15188068.825998,
					"retransmits":	0,
					"snd_cwnd":	2035888,
					"rtt":	868087,
					"omitted":	false
				}],
			"sum":	{
				"start":	44.000671,
				"end":	45.000576,
				"seconds":	0.999905,
				"bytes":	1898328,
				"bits_per_second":	15188068.825998,
				"retransmits":	0,
				"omitted":	false
			}
		}, {
			"streams":	[{
					"socket":	4,
					"start":	45.000576,
					"end":	46.000837,
					"seconds":	1.000261,
					"bytes":	2028648,
					"bits_per_second":	16224948.179645,
					"retransmits":	0,
					"snd_cwnd":	2144488,
					"rtt":	890569,
					"omitted":	false
				}],
			"sum":	{
				"start":	45.000576,
				"end":	46.000837,
				"seconds":	1.000261,
				"bytes":	2028648,
				"bits_per_second":	16224948.179645,
				"retransmits":	0,
				"omitted":	false
			}
		}, {
			"streams":	[{
					"socket":	4,
					"start":	46.000837,
					"end":	47.000811,
					"seconds":	0.999974,
					"bytes":	2093808,
					"bits_per_second":	16750899.316092,
					"retransmits":	0,
					"snd_cwnd":	2282048,
					"rtt":	912163,
					"omitted":	false
				}],
			"sum":	{
				"start":	46.000837,
				"end":	47.000811,
				"seconds":	0.999974,
				"bytes":	2093808,
				"bits_per_second":	16750899.316092,
				"retransmits":	0,
				"omitted":	false
			}
		}, {
			"streams":	[{
					"socket":	4,
					"start":	47.000811,
					"end":	48.001746,
					"seconds":	1.000935,
					"bytes":	2621440,
					"bits_per_second":	20951933.310406,
					"retransmits":	0,
					"snd_cwnd":	2474632,
					"rtt":	953230,
					"omitted":	false
				}],
			"sum":	{
				"start":	47.000811,
				"end":	48.001746,
				"seconds":	1.000935,
				"bytes":	2621440,
				"bits_per_second":	20951933.310406,
				"retransmits":	0,
				"omitted":	false
			}
		}, {
			"streams":	[{
					"socket":	4,
					"start":	48.001746,
					"end":	49.001370,
					"seconds":	0.999624,
					"bytes":	2427128,
					"bits_per_second":	19424327.277043,
					"retransmits":	0,
					"snd_cwnd":	2699072,
					"rtt":	974691,
					"omitted":	false
				}],
			"sum":	{
				"start":	48.001746,
				"end":	49.001370,
				"seconds":	0.999624,
				"bytes":	2427128,
				"bits_per_second":	19424327.277043,
				"retransmits":	0,
				"omitted":	false
			}
		}, {
			"streams":	[{
					"socket":	4,
					"start":	49.001370,
					"end":	50.001853,
					"seconds":	1.000483,
					"bytes":	2373552,
					"bits_per_second":	18979248.339016,
					"retransmits":	0,
					"snd_cwnd":	2936544,
					"rtt":	990728,
					"omitted":	false
				}],
			"sum":	{
				"start":	49.001370,
				"end":	50.001853,
				"seconds":	1.000483,
				"bytes":	2373552,
				"bits_per_second":	18979248.339016,
				"retransmits":	0,
				"omitted":	false
			}
		}, {
			"streams":	[{
					"socket":	4,
					"start":	50.001853,
					"end":	51.001484,
					"seconds":	0.999631,
					"bytes":	796400,
					"bits_per_second":	6373550.779308,
					"retransmits":	159,
					"snd_cwnd":	867352,
					"rtt":	983913,
					"omitted":	false
				}],
			"sum":	{
				"start":	50.001853,
				"end":	51.001484,
				"seconds":	0.999631,
				"bytes":	796400,
				"bits_per_second":	6373550.779308,
				"retransmits":	159,
				"omitted":	false
			}
		}, {
			"streams":	[{
					"socket":	4,
					"start":	51.001484,
					"end":	52.000700,
					"seconds":	0.999216,
					"bytes":	3737568,
					"bits_per_second":	29924009.172331,
					"retransmits":	0,
					"snd_cwnd":	2147384,
					"rtt":	820048,
					"omitted":	false
				}],
			"sum":	{
				"start":	51.001484,
				"end":	52.000700,
				"seconds":	0.999216,
				"bytes":	3737568,
				"bits_per_second":	29924009.172331,
				"retransmits":	0,
				"omitted":	false
			}
		}, {
			"streams":	[{
					"socket":	4,
					"start":	52.000700,
					"end":	53.000621,
					"seconds":	0.999921,
					"bytes":	2028648,
					"bits_per_second":	16230464.852286,
					"retransmits":	0,
					"snd_cwnd":	2287840,
					"rtt":	1019655,
					"omitted":	false
				}],
			"sum":	{
				"start":	52.000700,
				"end":	53.000621,
				"seconds":	0.999921,
				"bytes":	2028648,
				"bits_per_second":	16230464.852286,
				"retransmits":	0,
				"omitted":	false
			}
		}, {
			"streams":	[{
					"socket":	4,
					"start":	53.000621,
					"end":	54.000442,
					"seconds":	0.999821,
					"bytes":	1491440,
					"bits_per_second":	11933656.749320,
					"retransmits":	82,
					"snd_cwnd":	2153176,
					"rtt":	1073546,
					"omitted":	false
				}],
			"sum":	{
				"start":	53.000621,
				"end":	54.000442,
				"seconds":	0.999821,
				"bytes":	1491440,
				"bits_per_second":	11933656.749320,
				"retransmits":	82,
				"omitted":	false
			}
		}, {
			"streams":	[{
					"socket":	4,
					"start":	54.000442,
					"end":	55.001599,
					"seconds":	1.001157,
					"bytes":	331592,
					"bits_per_second":	2649670.211365,
					"retransmits":	81,
					"snd_cwnd":	1190256,
					"rtt":	1100479,
					"omitted":	false
				}],
			"sum":	{
				"start":	54.000442,
				"end":	55.001599,
				"seconds":	1.001157,
				"bytes":	331592,
				"bits_per_second":	2649670.211365,
				"retransmits":	81,
				"omitted":	false
			}
		}, {
			"streams":	[{
					"socket":	4,
					"start":	55.001599,
					"end":	56.000600,
					"seconds":	0.999001,
					"bytes":	4251328,
					"bits_per_second":	34044633.698676,
					"retransmits":	14,
					"snd_cwnd":	1682576,
					"rtt":	782671,
					"omitted":	false
				}],
			"sum":	{
				"start":	55.001599,
				"end":	56.000600,
				"seconds":	0.999001,
				"bytes":	4251328,
				"bits_per_second":	34044633.698676,
				"retransmits":	14,
				"omitted":	false
			}
		}, {
			"streams":	[{
					"socket":	4,
					"start":	56.000600,
					"end":	57.000659,
					"seconds":	1.000059,
					"bytes":	2085120,
					"bits_per_second":	16679977.726303,
					"retransmits":	0,
					"snd_cwnd":	1752080,
					"rtt":	839649,
					"omitted":	false
				}],
			"sum":	{
				"start":	56.000600,
				"end":	57.000659,
				"seconds":	1.000059,
				"bytes":	2085120,
				"bits_per_second":	16679977.726303,
				"retransmits":	0,
				"omitted":	false
			}
		}, {
			"streams":	[{
					"socket":	4,
					"start":	57.000659,
					"end":	58.000618,
					"seconds":	0.999959,
					"bytes":	1694160,
					"bits_per_second":	13553835.815640,
					"retransmits":	0,
					"snd_cwnd":	1824480,
					"rtt":	892538,
					"omitted":	false
				}],
			"sum":	{
				"start":	57.000659,
				"end":	58.000618,
				"seconds":	0.999959,
				"bytes":	1694160,
				"bits_per_second":	13553835.815640,
				"retransmits":	0,
				"omitted":	false
			}
		}, {
			"streams":	[{
					"socket":	4,
					"start":	58.000618,
					"end":	59.000451,
					"seconds":	0.999833,
					"bytes":	1824480,
					"bits_per_second":	14598276.350213,
					"retransmits":	0,
					"snd_cwnd":	1889640,
					"rtt":	942405,
					"omitted":	false
				}],
			"sum":	{
				"start":	58.000618,
				"end":	59.000451,
				"seconds":	0.999833,
				"bytes":	1824480,
				"bits_per_second":	14598276.350213,
				"retransmits":	0,
				"omitted":	false
			}
		}, {
			"streams":	[{
					"socket":	4,
					"start":	59.000451,
					"end":	60.000447,
					"seconds":	0.999996,
					"bytes":	1833168,
					"bits_per_second":	14665403.440579,
					"retransmits":	0,
					"snd_cwnd":	1943216,
					"rtt":	993759,
					"omitted":	false
				}],
			"sum":	{
				"start":	59.000451,
				"end":	60.000447,
				"seconds":	0.999996,
				"bytes":	1833168,
				"bits_per_second":	14665403.440579,
				"retransmits":	0,
				"omitted":	false
			}
		}],
	"end":	{
		"streams":	[{
				"sender":	{
					"socket":	4,
					"start":	0,
					"end":	60.000447,
					"seconds":	60.000447,
					"bytes":	154315736,
					"bits_per_second":	20575278.168898,
					"retransmits":	1634,
					"max_snd_cwnd":	3596832,
					"max_rtt":	1149042,
					"min_rtt":	117038,
					"mean_rtt":	830444
				},
				"receiver":	{
					"socket":	4,
					"start":	0,
					"end":	60.000447,
					"seconds":	60.000447,
					"bytes":	152829952,
					"bits_per_second":	20377175.111548
				}
			}],
		"sum_sent":	{
			"start":	0,
			"end":	60.000447,
			"seconds":	60.000447,
			"bytes":	154315736,
			"bits_per_second":	20575278.168898,
			"retransmits":	1634
		},
		"sum_received":	{
			"start":	0,
			"end":	60.000447,
			"seconds":	60.000447,
			"bytes":	152829952,
			"bits_per_second":	20377175.111548
		},
		"cpu_utilization_percent":	{
			"host_total":	0.076817,
			"host_user":	0.007330,
			"host_system":	0.069487,
			"remote_total":	1.492739,
			"remote_user":	0,
			"remote_system":	1.492739
		}
	}
}
