{
	"start":	{
		"connected":	[{
				"socket":	4,
				"local_host":	"192.168.179.135",
				"local_port":	44050,
				"remote_host":	"192.168.120.132",
				"remote_port":	5201
			}],
		"version":	"iperf 3.1.3",
		"system_info":	"Linux a 4.15.0-213-generic #224-Ubuntu SMP Mon Jun 19 13:30:12 UTC 2023 x86_64",
		"timestamp":	{
			"time":	"Mon, 05 May 2025 10:43:18 GMT",
			"timesecs":	1746441798
		},
		"connecting_to":	{
			"host":	"192.168.120.132",
			"port":	5201
		},
		"cookie":	"a.1746441798.180814.7433b03d51f58f2b",
		"tcp_mss_default":	1448,
		"test_start":	{
			"protocol":	"TCP",
			"num_streams":	1,
			"blksize":	131072,
			"omit":	0,
			"duration":	60,
			"bytes":	0,
			"blocks":	0,
			"reverse":	0
		}
	},
	"intervals":	[{
			"streams":	[{
					"socket":	4,
					"start":	0,
					"end":	1.000241,
					"seconds":	1.000241,
					"bytes":	375032,
					"bits_per_second":	2999532.989018,
					"retransmits":	0,
					"snd_cwnd":	57920,
					"rtt":	393311,
					"omitted":	false
				}],
			"sum":	{
				"start":	0,
				"end":	1.000241,
				"seconds":	1.000241,
				"bytes":	375032,
				"bits_per_second":	2999532.989018,
				"retransmits":	0,
				"omitted":	false
			}
		}, {
			"streams":	[{
					"socket":	4,
					"start":	1.000241,
					"end":	2.001081,
					"seconds":	1.000840,
					"bytes":	476392,
					"bits_per_second":	3807937.527998,
					"retransmits":	0,
					"snd_cwnd":	107152,
					"rtt":	470906,
					"omitted":	false
				}],
			"sum":	{
				"start":	1.000241,
				"end":	2.001081,
				"seconds":	1.000840,
				"bytes":	476392,
				"bits_per_second":	3807937.527998,
				"retransmits":	0,
				"omitted":	false
			}
		}, {
			"streams":	[{
					"socket":	4,
					"start":	2.001081,
					"end":	3.001490,
					"seconds":	1.000409,
					"bytes":	260640,
					"bits_per_second":	2084267.271481,
					"retransmits":	0,
					"snd_cwnd":	117288,
					"rtt":	523739,
					"omitted":	false
				}],
			"sum":	{
				"start":	2.001081,
				"end":	3.001490,
				"seconds":	1.000409,
				"bytes":	260640,
				"bits_per_second":	2084267.271481,
				"retransmits":	0,
				"omitted":	false
			}
		}, {
			"streams":	[{
					"socket":	4,
					"start":	3.001490,
					"end":	4.000153,
					"seconds":	0.998663,
					"bytes":	260640,
					"bits_per_second":	2087911.645171,
					"retransmits":	0,
					"snd_cwnd":	128872,
					"rtt":	579790,
					"omitted":	false
				}],
			"sum":	{
				"start":	3.001490,
				"end":	4.000153,
				"seconds":	0.998663,
				"bytes":	260640,
				"bits_per_second":	2087911.645171,
				"retransmits":	0,
				"omitted":	false
			}
		}, {
			"streams":	[{
					"socket":	4,
					"start":	4.000153,
					"end":	5.001452,
					"seconds":	1.001299,
					"bytes":	195480,
					"bits_per_second":	1561811.356328,
					"retransmits":	0,
					"snd_cwnd":	136112,
					"rtt":	611640,
					"omitted":	false
				}],
			"sum":	{
				"start":	4.000153,
				"end":	5.001452,
				"seconds":	1.001299,
				"bytes":	195480,
				"bits_per_second":	1561811.356328,
				"retransmits":	0,
				"omitted":	false
			}
		}, {
			"streams":	[{
					"socket":	4,
					"start":	5.001452,
					"end":	6.000680,
					"seconds":	0.999228,
					"bytes":	390960,
					"bits_per_second":	3130096.432440,
					"retransmits":	0,
					"snd_cwnd":	160728,
					"rtt":	676854,
					"omitted":	false
				}],
			"sum":	{
				"start":	5.001452,
				"end":	6.000680,
				"seconds":	0.999228,
				"bytes":	390960,
				"bits_per_second":	3130096.432440,
				"retransmits":	0,
				"omitted":	false
			}
		}, {
			"streams":	[{
					"socket":	4,
					"start":	6.000680,
					"end":	7.001483,
					"seconds":	1.000803,
					"bytes":	325800,
					"bits_per_second":	2604308.756282,
					"retransmits":	0,
					"snd_cwnd":	189688,
					"rtt":	719371,
					"omitted":	false
				}],
			"sum":	{
				"start":	6.000680,
				"end":	7.001483,
				"seconds":	1.000803,
				"bytes":	325800,
				"bits_per_second":	2604308.756282,
				"retransmits":	0,
				"omitted":	false
			}
		}, {
			"streams":	[{
					"socket":	4,
					"start":	7.001483,
					"end":	8.000324,
					"seconds":	0.998841,
					"bytes":	912240,
					"bits_per_second":	7306387.757914,
					"retransmits":	0,
					"snd_cwnd":	278016,
					"rtt":	697636,
					"omitted":	false
				}],
			"sum":	{
				"start":	7.001483,
				"end":	8.000324,
				"seconds":	0.998841,
				"bytes":	912240,
				"bits_per_second":	7306387.757914,
				"retransmits":	0,
				"omitted":	false
			}
		}, {
			"streams":	[{
					"socket":	4,
					"start":	8.000324,
					"end":	9.001572,
					"seconds":	1.001248,
					"bytes":	651600,
					"bits_per_second":	5206301.903899,
					"retransmits":	0,
					"snd_cwnd":	341728,
					"rtt":	737660,
					"omitted":	false
				}],
			"sum":	{
				"start":	8.000324,
				"end":	9.001572,
				"seconds":	1.001248,
				"bytes":	651600,
				"bits_per_second":	5206301.903899,
				"retransmits":	0,
				"omitted":	false
			}
		}, {
			"streams":	[{
					"socket":	4,
					"start":	9.001572,
					"end":	10.001155,
					"seconds":	0.999583,
					"bytes":	716760,
					"bits_per_second":	5736472.074981,
					"retransmits":	0,
					"snd_cwnd":	419920,
					"rtt":	756332,
					"omitted":	false
				}],
			"sum":	{
				"start":	9.001572,
				"end":	10.001155,
				"seconds":	0.999583,
				"bytes":	716760,
				"bits_per_second":	5736472.074981,
				"retransmits":	0,
				"omitted":	false
			}
		}, {
			"streams":	[{
					"socket":	4,
					"start":	10.001155,
					"end":	11.001157,
					"seconds":	1.000002,
					"bytes":	1042560,
					"bits_per_second":	8340464.091827,
					"retransmits":	0,
					"snd_cwnd":	529968,
					"rtt":	907355,
					"omitted":	false
				}],
			"sum":	{
				"start":	10.001155,
				"end":	11.001157,
				"seconds":	1.000002,
				"bytes":	1042560,
				"bits_per_second":	8340464.091827,
				"retransmits":	0,
				"omitted":	false
			}
		}, {
			"streams":	[{
					"socket":	4,
					"start":	11.001157,
					"end":	12.000413,
					"seconds":	0.999256,
					"bytes":	1368360,
					"bits_per_second":	10955031.687120,
					"retransmits":	0,
					"snd_cwnd":	673320,
					"rtt":	857173,
					"omitted":	false
				}],
			"sum":	{
				"start":	11.001157,
				"end":	12.000413,
				"seconds":	0.999256,
				"bytes":	1368360,
				"bits_per_second":	10955031.687120,
				"retransmits":	0,
				"omitted":	false
			}
		}, {
			"streams":	[{
					"socket":	4,
					"start":	12.000413,
					"end":	13.001591,
					"seconds":	1.001178,
					"bytes":	781920,
					"bits_per_second":	6247999.692669,
					"retransmits":	0,
					"snd_cwnd":	871696,
					"rtt":	893458,
					"omitted":	false
				}],
			"sum":	{
				"start":	12.000413,
				"end":	13.001591,
				"seconds":	1.001178,
				"bytes":	781920,
				"bits_per_second":	6247999.692669,
				"retransmits":	0,
				"omitted":	false
			}
		}, {
			"streams":	[{
					"socket":	4,
					"start":	13.001591,
					"end":	14.001483,
					"seconds":	0.999892,
					"bytes":	651600,
					"bits_per_second":	5213363.062064,
					"retransmits":	0,
					"snd_cwnd":	1061384,
					"rtt":	1057630,
					"omitted":	false
				}],
			"sum":	{
				"start":	13.001591,
				"end":	14.001483,
				"seconds":	0.999892,
				"bytes":	651600,
				"bits_per_second":	5213363.062064,
				"retransmits":	0,
				"omitted":	false
			}
		}, {
			"streams":	[{
					"socket":	4,
					"start":	14.001483,
					"end":	15.001577,
					"seconds":	1.000094,
					"bytes":	912240,
					"bits_per_second":	7297232.780631,
					"retransmits":	0,
					"snd_cwnd":	1359672,
					"rtt":	1192310,
					"omitted":	false
				}],
			"sum":	{
				"start":	14.001483,
				"end":	15.001577,
				"seconds":	1.000094,
				"bytes":	912240,
				"bits_per_second":	7297232.780631,
				"retransmits":	0,
				"omitted":	false
			}
		}, {
			"streams":	[{
					"socket":	4,
					"start":	15.001577,
					"end":	16.001288,
					"seconds":	0.999711,
					"bytes":	1238040,
					"bits_per_second":	9907185.175156,
					"retransmits":	0,
					"snd_cwnd":	1688368,
					"rtt":	1036105,
					"omitted":	false
				}],
			"sum":	{
				"start":	15.001577,
				"end":	16.001288,
				"seconds":	0.999711,
				"bytes":	1238040,
				"bits_per_second":	9907185.175156,
				"retransmits":	0,
				"omitted":	false
			}
		}, {
			"streams":	[{
					"socket":	4,
					"start":	16.001288,
					"end":	17.000948,
					"seconds":	0.999660,
					"bytes":	1507368,
					"bits_per_second":	12063045.253159,
					"retransmits":	0,
					"snd_cwnd":	2043128,
					"rtt":	958820,
					"omitted":	false
				}],
			"sum":	{
				"start":	16.001288,
				"end":	17.000948,
				"seconds":	0.999660,
				"bytes":	1507368,
				"bits_per_second":	12063045.253159,
				"retransmits":	0,
				"omitted":	false
			}
		}, {
			"streams":	[{
					"socket":	4,
					"start":	17.000948,
					"end":	18.001326,
					"seconds":	1.000378,
					"bytes":	595128,
					"bits_per_second":	4759224.385600,
					"retransmits":	131,
					"snd_cwnd":	1404560,
					"rtt":	1114043,
					"omitted":	false
				}],
			"sum":	{
				"start":	17.000948,
				"end":	18.001326,
				"seconds":	1.000378,
				"bytes":	595128,
				"bits_per_second":	4759224.385600,
				"retransmits":	131,
				"omitted":	false
			}
		}, {
			"streams":	[{
					"socket":	4,
					"start":	18.001326,
					"end":	19.000733,
					"seconds":	0.999407,
					"bytes":	2875728,
					"bits_per_second":	23019473.327795,
					"retransmits":	0,
					"snd_cwnd":	1497232,
					"rtt":	1059569,
					"omitted":	false
				}],
			"sum":	{
				"start":	18.001326,
				"end":	19.000733,
				"seconds":	0.999407,
				"bytes":	2875728,
				"bits_per_second":	23019473.327795,
				"retransmits":	0,
				"omitted":	false
			}
		}, {
			"streams":	[{
					"socket":	4,
					"start":	19.000733,
					"end":	20.000464,
					"seconds":	0.999731,
					"bytes":	1498680,
					"bits_per_second":	11992668.121354,
					"retransmits":	0,
					"snd_cwnd":	1629000,
					"rtt":	1049016,
					"omitted":	false
				}],
			"sum":	{
				"start":	19.000733,
				"end":	20.000464,
				"seconds":	0.999731,
				"bytes":	1498680,
				"bits_per_second":	11992668.121354,
				"retransmits":	0,
				"omitted":	false
			}
		}, {
			"streams":	[{
					"socket":	4,
					"start":	20.000464,
					"end":	21.001187,
					"seconds":	1.000723,
					"bytes":	586440,
					"bits_per_second":	4688129.902860,
					"retransmits":	137,
					"snd_cwnd":	1196048,
					"rtt":	1126510,
					"omitted":	false
				}],
			"sum":	{
				"start":	20.000464,
				"end":	21.001187,
				"seconds":	1.000723,
				"bytes":	586440,
				"bits_per_second":	4688129.902860,
				"retransmits":	137,
				"omitted":	false
			}
		}, {
			"streams":	[{
					"socket":	4,
					"start":	21.001187,
					"end":	22.001142,
					"seconds":	0.999955,
					"bytes":	1172880,
					"bits_per_second":	9383462.829264,
					"retransmits":	26,
					"snd_cwnd":	1175776,
					"rtt":	1034596,
					"omitted":	false
				}],
			"sum":	{
				"start":	21.001187,
				"end":	22.001142,
				"seconds":	0.999955,
				"bytes":	1172880,
				"bits_per_second":	9383462.829264,
				"retransmits":	26,
				"omitted":	false
			}
		}, {
			"streams":	[{
					"socket":	4,
					"start":	22.001142,
					"end":	23.000772,
					"seconds":	0.999630,
					"bytes":	2150280,
					"bits_per_second":	17208607.625960,
					"retransmits":	0,
					"snd_cwnd":	1204736,
					"rtt":	747717,
					"omitted":	false
				}],
			"sum":	{
				"start":	22.001142,
				"end":	23.000772,
				"seconds":	0.999630,
				"bytes":	2150280,
				"bits_per_second":	17208607.625960,
				"retransmits":	0,
				"omitted":	false
			}
		}, {
			"streams":	[{
					"socket":	4,
					"start":	23.000772,
					"end":	24.001277,
					"seconds":	1.000505,
					"bytes":	1172880,
					"bits_per_second":	9378304.232549,
					"retransmits":	0,
					"snd_cwnd":	1262656,
					"rtt":	896761,
					"omitted":	false
				}],
			"sum":	{
				"start":	23.000772,
				"end":	24.001277,
				"seconds":	1.000505,
				"bytes":	1172880,
				"bits_per_second":	9378304.232549,
				"retransmits":	0,
				"omitted":	false
			}
		}, {
			"streams":	[{
					"socket":	4,
					"start":	24.001277,
					"end":	25.000237,
					"seconds":	0.998960,
					"bytes":	1433520,
					"bits_per_second":	11480099.094603,
					"retransmits":	0,
					"snd_cwnd":	1322024,
					"rtt":	942817,
					"omitted":	false
				}],
			"sum":	{
				"start":	24.001277,
				"end":	25.000237,
				"seconds":	0.998960,
				"bytes":	1433520,
				"bits_per_second":	11480099.094603,
				"retransmits":	0,
				"omitted":	false
			}
		}, {
			"streams":	[{
					"socket":	4,
					"start":	25.000237,
					"end":	26.001219,
					"seconds":	1.000982,
					"bytes":	1310720,
					"bits_per_second":	10475472.602699,
					"retransmits":	0,
					"snd_cwnd":	1365464,
					"rtt":	983743,
					"omitted":	false
				}],
			"sum":	{
				"start":	25.000237,
				"end":	26.001219,
				"seconds":	1.000982,
				"bytes":	1310720,
				"bits_per_second":	10475472.602699,
				"retransmits":	0,
				"omitted":	false
			}
		}, {
			"streams":	[{
					"socket":	4,
					"start":	26.001219,
					"end":	27.001437,
					"seconds":	1.000218,
					"bytes":	1295680,
					"bits_per_second":	10363181.711596,
					"retransmits":	0,
					"snd_cwnd":	1392976,
					"rtt":	1017424,
					"omitted":	false
				}],
			"sum":	{
				"start":	26.001219,
				"end":	27.001437,
				"seconds":	1.000218,
				"bytes":	1295680,
				"bits_per_second":	10363181.711596,
				"retransmits":	0,
				"omitted":	false
			}
		}, {
			"streams":	[{
					"socket":	4,
					"start":	27.001437,
					"end":	28.001479,
					"seconds":	1.000042,
					"bytes":	1238040,
					"bits_per_second":	9903902.054457,
					"retransmits":	0,
					"snd_cwnd":	1410352,
					"rtt":	1033513,
					"omitted":	false
				}],
			"sum":	{
				"start":	27.001437,
				"end":	28.001479,
				"seconds":	1.000042,
				"bytes":	1238040,
				"bits_per_second":	9903902.054457,
				"retransmits":	0,
				"omitted":	false
			}
		}, {
			"streams":	[{
					"socket":	4,
					"start":	28.001479,
					"end":	29.001052,
					"seconds":	0.999573,
					"bytes":	1433520,
					"bits_per_second":	11473059.084287,
					"retransmits":	0,
					"snd_cwnd":	1420488,
					"rtt":	1047600,
					"omitted":	false
				}],
			"sum":	{
				"start":	28.001479,
				"end":	29.001052,
				"seconds":	0.999573,
				"bytes":	1433520,
				"bits_per_second":	11473059.084287,
				"retransmits":	0,
				"omitted":	false
			}
		}, {
			"streams":	[{
					"socket":	4,
					"start":	29.001052,
					"end":	30.001451,
					"seconds":	1.000399,
					"bytes":	390960,
					"bits_per_second":	3126432.946301,
					"retransmits":	19,
					"snd_cwnd":	994776,
					"rtt":	910659,
					"omitted":	false
				}],
			"sum":	{
				"start":	29.001052,
				"end":	30.001451,
				"seconds":	1.000399,
				"bytes":	390960,
				"bits_per_second":	3126432.946301,
				"retransmits":	19,
				"omitted":	false
			}
		}, {
			"streams":	[{
					"socket":	4,
					"start":	30.001451,
					"end":	31.000298,
					"seconds":	0.998847,
					"bytes":	2932200,
					"bits_per_second":	23484677.651291,
					"retransmits":	0,
					"snd_cwnd":	1039664,
					"rtt":	742618,
					"omitted":	false
				}],
			"sum":	{
				"start":	30.001451,
				"end":	31.000298,
				"seconds":	0.998847,
				"bytes":	2932200,
				"bits_per_second":	23484677.651291,
				"retransmits":	0,
				"omitted":	false
			}
		}, {
			"streams":	[{
					"socket":	4,
					"start":	31.000298,
					"end":	32.001461,
					"seconds":	1.001163,
					"bytes":	1238040,
					"bits_per_second":	9892814.598958,
					"retransmits":	0,
					"snd_cwnd":	1094688,
					"rtt":	768411,
					"omitted":	false
				}],
			"sum":	{
				"start":	31.000298,
				"end":	32.001461,
				"seconds":	1.001163,
				"bytes":	1238040,
				"bits_per_second":	9892814.598958,
				"retransmits":	0,
				"omitted":	false
			}
		}, {
			"streams":	[{
					"socket":	4,
					"start":	32.001461,
					"end":	33.001681,
					"seconds":	1.000220,
					"bytes":	1107720,
					"bits_per_second":	8859810.307056,
					"retransmits":	0,
					"snd_cwnd":	1132336,
					"rtt":	800985,
					"omitted":	false
				}],
			"sum":	{
				"start":	32.001461,
				"end":	33.001681,
				"seconds":	1.000220,
				"bytes":	1107720,
				"bits_per_second":	8859810.307056,
				"retransmits":	0,
				"omitted":	false
			}
		}, {
			"streams":	[{
					"socket":	4,
					"start":	33.001681,
					"end":	34.000493,
					"seconds":	0.998812,
					"bytes":	1563840,
					"bits_per_second":	12525600.912148,
					"retransmits":	0,
					"snd_cwnd":	1171432,
					"rtt":	846453,
					"omitted":	false
				}],
			"sum":	{
				"start":	33.001681,
				"end":	34.000493,
				"seconds":	0.998812,
				"bytes":	1563840,
				"bits_per_second":	12525600.912148,
				"retransmits":	0,
				"omitted":	false
			}
		}, {
			"streams":	[{
					"socket":	4,
					"start":	34.000493,
					"end":	35.001570,
					"seconds":	1.001077,
					"bytes":	1238040,
					"bits_per_second":	9893665.148688,
					"retransmits":	0,
					"snd_cwnd":	1190256,
					"rtt":	872496,
					"omitted":	false
				}],
			"sum":	{
				"start":	34.000493,
				"end":	35.001570,
				"seconds":	1.001077,
				"bytes":	1238040,
				"bits_per_second":	9893665.148688,
				"retransmits":	0,
				"omitted":	false
			}
		}, {
			"streams":	[{
					"socket":	4,
					"start":	35.001570,
					"end":	36.000462,
					"seconds":	0.998892,
					"bytes":	1498680,
					"bits_per_second":	12002738.207390,
					"retransmits":	0,
					"snd_cwnd":	1201840,
					"rtt":	888635,
					"omitted":	false
				}],
			"sum":	{
				"start":	35.001570,
				"end":	36.000462,
				"seconds":	0.998892,
				"bytes":	1498680,
				"bits_per_second":	12002738.207390,
				"retransmits":	0,
				"omitted":	false
			}
		}, {
			"streams":	[{
					"socket":	4,
					"start":	36.000462,
					"end":	37.000330,
					"seconds":	0.999868,
					"bytes":	1498680,
					"bits_per_second":	11991023.821105,
					"retransmits":	0,
					"snd_cwnd":	1206184,
					"rtt":	899684,
					"omitted":	false
				}],
			"sum":	{
				"start":	36.000462,
				"end":	37.000330,
				"seconds":	0.999868,
				"bytes":	1498680,
				"bits_per_second":	11991023.821105,
				"retransmits":	0,
				"omitted":	false
			}
		}, {
			"streams":	[{
					"socket":	4,
					"start":	37.000330,
					"end":	38.001511,
					"seconds":	1.001181,
					"bytes":	1238040,
					"bits_per_second":	9892635.554491,
					"retransmits":	0,
					"snd_cwnd":	1207632,
					"rtt":	902109,
					"omitted":	false
				}],
			"sum":	{
				"start":	37.000330,
				"end":	38.001511,
				"seconds":	1.001181,
				"bytes":	1238040,
				"bits_per_second":	9892635.554491,
				"retransmits":	0,
				"omitted":	false
			}
		}, {
			"streams":	[{
					"socket":	4,
					"start":	38.001511,
					"end":	39.001122,
					"seconds":	0.999611,
					"bytes":	1238040,
					"bits_per_second":	9908175.262286,
					"retransmits":	0,
					"snd_cwnd":	1209080,
					"rtt":	905852,
					"omitted":	false
				}],
			"sum":	{
				"start":	38.001511,
				"end":	39.001122,
				"seconds":	0.999611,
				"bytes":	1238040,
				"bits_per_second":	9908175.262286,
				"retransmits":	0,
				"omitted":	false
			}
		}, {
			"streams":	[{
					"socket":	4,
					"start":	39.001122,
					"end":	40.001205,
					"seconds":	1.000083,
					"bytes":	1172880,
					"bits_per_second":	9382261.556897,
					"retransmits":	0,
					"snd_cwnd":	1214872,
					"rtt":	903631,
					"omitted":	false
				}],
			"sum":	{
				"start":	39.001122,
				"end":	40.001205,
				"seconds":	1.000083,
				"bytes":	1172880,
				"bits_per_second":	9382261.556897,
				"retransmits":	0,
				"omitted":	false
			}
		}, {
			"streams":	[{
					"socket":	4,
					"start":	40.001205,
					"end":	41.001342,
					"seconds":	1.000137,
					"bytes":	1238040,
					"bits_per_second":	9902962.396122,
					"retransmits":	0,
					"snd_cwnd":	1225008,
					"rtt":	912295,
					"omitted":	false
				}],
			"sum":	{
				"start":	40.001205,
				"end":	41.001342,
				"seconds":	1.000137,
				"bytes":	1238040,
				"bits_per_second":	9902962.396122,
				"retransmits":	0,
				"omitted":	false
			}
		}, {
			"streams":	[{
					"socket":	4,
					"start":	41.001342,
					"end":	42.001420,
					"seconds":	1.000078,
					"bytes":	1238040,
					"bits_per_second":	9903547.890930,
					"retransmits":	0,
					"snd_cwnd":	1245280,
					"rtt":	914842,
					"omitted":	false
				}],
			"sum":	{
				"start":	41.001342,
				"end":	42.001420,
				"seconds":	1.000078,
				"bytes":	1238040,
				"bits_per_second":	9903547.890930,
				"retransmits":	0,
				"omitted":	false
			}
		}, {
			"streams":	[{
					"socket":	4,
					"start":	42.001420,
					"end":	43.000541,
					"seconds":	0.999121,
					"bytes":	1563840,
					"bits_per_second":	12521727.215558,
					"retransmits":	0,
					"snd_cwnd":	1287272,
					"rtt":	926760,
					"omitted":	false
				}],
			"sum":	{
				"start":	42.001420,
				"end":	43.000541,
				"seconds":	0.999121,
				"bytes":	1563840,
				"bits_per_second":	12521727.215558,
				"retransmits":	0,
				"omitted":	false
			}
		}, {
			"streams":	[{
					"socket":	4,
					"start":	43.000541,
					"end":	44.000389,
					"seconds":	0.999848,
					"bytes":	1433520,
					"bits_per_second":	11469901.964233,
					"retransmits":	0,
					"snd_cwnd":	1343744,
					"rtt":	946238,
					"omitted":	false
				}],
			"sum":	{
				"start":	43.000541,
				"end":	44.000389,
				"seconds":	0.999848,
				"bytes":	1433520,
				"bits_per_second":	11469901.964233,
				"retransmits":	0,
				"omitted":	false
			}
		}, {
			"streams":	[{
					"socket":	4,
					"start":	44.000389,
					"end":	45.001499,
					"seconds":	1.001110,
					"bytes":	1303200,
					"bits_per_second":	10414042.095291,
					"retransmits":	0,
					"snd_cwnd":	1417592,
					"rtt":	974671,
					"omitted":	false
				}],
			"sum":	{
				"start":	44.000389,
				"end":	45.001499,
				"seconds":	1.001110,
				"bytes":	1303200,
				"bits_per_second":	10414042.095291,
				"retransmits":	0,
				"omitted":	false
			}
		}, {
			"streams":	[{
					"socket":	4,
					"start":	45.001499,
					"end":	46.001319,
					"seconds":	0.999820,
					"bytes":	847080,
					"bits_per_second":	6777860.055662,
					"retransmits":	10,
					"snd_cwnd":	1291616,
					"rtt":	997269,
					"omitted":	false
				}],
			"sum":	{
				"start":	45.001499,
				"end":	46.001319,
				"seconds":	0.999820,
				"bytes":	847080,
				"bits_per_second":	6777860.055662,
				"retransmits":	10,
				"omitted":	false
			}
		}, {
			"streams":	[{
					"socket":	4,
					"start":	46.001319,
					"end":	47.000614,
					"seconds":	0.999295,
					"bytes":	1433520,
					"bits_per_second":	11476250.799717,
					"retransmits":	6,
					"snd_cwnd":	1028080,
					"rtt":	822565,
					"omitted":	false
				}],
			"sum":	{
				"start":	46.001319,
				"end":	47.000614,
				"seconds":	0.999295,
				"bytes":	1433520,
				"bits_per_second":	11476250.799717,
				"retransmits":	6,
				"omitted":	false
			}
		}, {
			"streams":	[{
					"socket":	4,
					"start":	47.000614,
					"end":	48.001061,
					"seconds":	1.000447,
					"bytes":	2150280,
					"bits_per_second":	17194553.435628,
					"retransmits":	0,
					"snd_cwnd":	1087448,
					"rtt":	718121,
					"omitted":	false
				}],
			"sum":	{
				"start":	47.000614,
				"end":	48.001061,
				"seconds":	1.000447,
				"bytes":	2150280,
				"bits_per_second":	17194553.435628,
				"retransmits":	0,
				"omitted":	false
			}
		}, {
			"streams":	[{
					"socket":	4,
					"start":	48.001061,
					"end":	49.000379,
					"seconds":	0.999318,
					"bytes":	1694160,
					"bits_per_second":	13562527.977738,
					"retransmits":	0,
					"snd_cwnd":	1200392,
					"rtt":	687401,
					"omitted":	false
				}],
			"sum":	{
				"start":	48.001061,
				"end":	49.000379,
				"seconds":	0.999318,
				"bytes":	1694160,
				"bits_per_second":	13562527.977738,
				"retransmits":	0,
				"omitted":	false
			}
		}, {
			"streams":	[{
					"socket":	4,
					"start":	49.000379,
					"end":	50.000374,
					"seconds":	0.999995,
					"bytes":	1694160,
					"bits_per_second":	13553347.858769,
					"retransmits":	0,
					"snd_cwnd":	1287272,
					"rtt":	737423,
					"omitted":	false
				}],
			"sum":	{
				"start":	49.000379,
				"end":	50.000374,
				"seconds":	0.999995,
				"bytes":	1694160,
				"bits_per_second":	13553347.858769,
				"retransmits":	0,
				"omitted":	false
			}
		}, {
			"streams":	[{
					"socket":	4,
					"start":	50.000374,
					"end":	51.001462,
					"seconds":	1.001088,
					"bytes":	1303200,
					"bits_per_second":	10414270.273957,
					"retransmits":	0,
					"snd_cwnd":	1342296,
					"rtt":	778716,
					"omitted":	false
				}],
			"sum":	{
				"start":	50.000374,
				"end":	51.001462,
				"seconds":	1.001088,
				"bytes":	1303200,
				"bits_per_second":	10414270.273957,
				"retransmits":	0,
				"omitted":	false
			}
		}, {
			"streams":	[{
					"socket":	4,
					"start":	51.001462,
					"end":	52.000641,
					"seconds":	0.999179,
					"bytes":	1889640,
					"bits_per_second":	15129539.463246,
					"retransmits":	0,
					"snd_cwnd":	1398768,
					"rtt":	816836,
					"omitted":	false
				}],
			"sum":	{
				"start":	51.001462,
				"end":	52.000641,
				"seconds":	0.999179,
				"bytes":	1889640,
				"bits_per_second":	15129539.463246,
				"retransmits":	0,
				"omitted":	false
			}
		}, {
			"streams":	[{
					"socket":	4,
					"start":	52.000641,
					"end":	53.000259,
					"seconds":	0.999618,
					"bytes":	1629000,
					"bits_per_second":	13036982.538941,
					"retransmits":	0,
					"snd_cwnd":	1432072,
					"rtt":	844958,
					"omitted":	false
				}],
			"sum":	{
				"start":	52.000641,
				"end":	53.000259,
				"seconds":	0.999618,
				"bytes":	1629000,
				"bits_per_second":	13036982.538941,
				"retransmits":	0,
				"omitted":	false
			}
		}, {
			"streams":	[{
					"socket":	4,
					"start":	53.000259,
					"end":	54.000701,
					"seconds":	1.000442,
					"bytes":	1824480,
					"bits_per_second":	14589391.079974,
					"retransmits":	0,
					"snd_cwnd":	1453792,
					"rtt":	863145,
					"omitted":	false
				}],
			"sum":	{
				"start":	53.000259,
				"end":	54.000701,
				"seconds":	1.000442,
				"bytes":	1824480,
				"bits_per_second":	14589391.079974,
				"retransmits":	0,
				"omitted":	false
			}
		}, {
			"streams":	[{
					"socket":	4,
					"start":	54.000701,
					"end":	55.000304,
					"seconds":	0.999603,
					"bytes":	1563840,
					"bits_per_second":	12515688.314420,
					"retransmits":	0,
					"snd_cwnd":	1463928,
					"rtt":	875866,
					"omitted":	false
				}],
			"sum":	{
				"start":	54.000701,
				"end":	55.000304,
				"seconds":	0.999603,
				"bytes":	1563840,
				"bits_per_second":	12515688.314420,
				"retransmits":	0,
				"omitted":	false
			}
		}, {
			"streams":	[{
					"socket":	4,
					"start":	55.000304,
					"end":	56.000380,
					"seconds":	1.000076,
					"bytes":	1498680,
					"bits_per_second":	11988528.206173,
					"retransmits":	0,
					"snd_cwnd":	1468272,
					"rtt":	884116,
					"omitted":	false
				}],
			"sum":	{
				"start":	55.000304,
				"end":	56.000380,
				"seconds":	1.000076,
				"bytes":	1498680,
				"bits_per_second":	11988528.206173,
				"retransmits":	0,
				"omitted":	false
			}
		}, {
			"streams":	[{
					"socket":	4,
					"start":	56.000380,
					"end":	57.000637,
					"seconds":	1.000257,
					"bytes":	2150280,
					"bits_per_second":	17197819.898393,
					"retransmits":	0,
					"snd_cwnd":	1469720,
					"rtt":	668607,
					"omitted":	false
				}],
			"sum":	{
				"start":	56.000380,
				"end":	57.000637,
				"seconds":	1.000257,
				"bytes":	2150280,
				"bits_per_second":	17197819.898393,
				"retransmits":	0,
				"omitted":	false
			}
		}, {
			"streams":	[{
					"socket":	4,
					"start":	57.000637,
					"end":	58.000882,
					"seconds":	1.000245,
					"bytes":	2410920,
					"bits_per_second":	19282633.936346,
					"retransmits":	0,
					"snd_cwnd":	1472616,
					"rtt":	556614,
					"omitted":	false
				}],
			"sum":	{
				"start":	57.000637,
				"end":	58.000882,
				"seconds":	1.000245,
				"bytes":	2410920,
				"bits_per_second":	19282633.936346,
				"retransmits":	0,
				"omitted":	false
			}
		}, {
			"streams":	[{
					"socket":	4,
					"start":	58.000882,
					"end":	59.000412,
					"seconds":	0.999530,
					"bytes":	2997360,
					"bits_per_second":	23990159.247769,
					"retransmits":	0,
					"snd_cwnd":	1479856,
					"rtt":	422222,
					"omitted":	false
				}],
			"sum":	{
				"start":	58.000882,
				"end":	59.000412,
				"seconds":	0.999530,
				"bytes":	2997360,
				"bits_per_second":	23990159.247769,
				"retransmits":	0,
				"omitted":	false
			}
		}, {
			"streams":	[{
					"socket":	4,
					"start":	59.000412,
					"end":	60.000285,
					"seconds":	0.999873,
					"bytes":	4756680,
					"bits_per_second":	38058267.260538,
					"retransmits":	0,
					"snd_cwnd":	1495784,
					"rtt":	328140,
					"omitted":	false
				}],
			"sum":	{
				"start":	59.000412,
				"end":	60.000285,
				"seconds":	0.999873,
				"bytes":	4756680,
				"bits_per_second":	38058267.260538,
				"retransmits":	0,
				"omitted":	false
			}
		}],
	"end":	{
		"streams":	[{
				"sender":	{
					"socket":	4,
					"start":	0,
					"end":	60.000285,
					"seconds":	60.000285,
					"bytes":	80568168,
					"bits_per_second":	10742371.347127,
					"retransmits":	329,
					"max_snd_cwnd":	2043128,
					"max_rtt":	1192310,
					"min_rtt":	328140,
					"mean_rtt":	837362
				},
				"receiver":	{
					"socket":	4,
					"start":	0,
					"end":	60.000285,
					"seconds":	60.000285,
					"bytes":	78249984,
					"bits_per_second":	10433281.616069
				}
			}],
		"sum_sent":	{
			"start":	0,
			"end":	60.000285,
			"seconds":	60.000285,
			"bytes":	80568168,
			"bits_per_second":	10742371.347127,
			"retransmits":	329
		},
		"sum_received":	{
			"start":	0,
			"end":	60.000285,
			"seconds":	60.000285,
			"bytes":	78249984,
			"bits_per_second":	10433281.616069
		},
		"cpu_utilization_percent":	{
			"host_total":	0.627677,
			"host_user":	0.078568,
			"host_system":	0.549108,
			"remote_total":	0.848271,
			"remote_user":	0,
			"remote_system":	0.848271
		}
	}
}
