{
	"start":	{
		"connected":	[{
				"socket":	5,
				"local_host":	"192.168.179.133",
				"local_port":	48284,
				"remote_host":	"192.168.120.132",
				"remote_port":	5201
			}],
		"version":	"iperf 3.9",
		"system_info":	"Linux a 6.14.5-x64v3-xanmod1 #0~20250503.gdace042 SMP PREEMPT_DYNAMIC Sat May  3 00:40:10 UTC x86_64",
		"timestamp":	{
			"time":	"Mon, 05 May 2025 10:18:39 GMT",
			"timesecs":	1746440319
		},
		"connecting_to":	{
			"host":	"192.168.120.132",
			"port":	5201
		},
		"cookie":	"xfojvne65zdwpqmsewocwctj3rngitq5j7yw",
		"tcp_mss_default":	1448,
		"sock_bufsize":	0,
		"sndbuf_actual":	65536,
		"rcvbuf_actual":	87380,
		"test_start":	{
			"protocol":	"TCP",
			"num_streams":	1,
			"blksize":	131072,
			"omit":	0,
			"duration":	60,
			"bytes":	0,
			"blocks":	0,
			"reverse":	0,
			"tos":	0
		}
	},
	"intervals":	[{
			"streams":	[{
					"socket":	5,
					"start":	0,
					"end":	1.000364,
					"seconds":	1.0003639459609985,
					"bytes":	5327192,
					"bits_per_second":	42602031.162827954,
					"retransmits":	0,
					"snd_cwnd":	133216,
					"rtt":	28856,
					"rttvar":	204,
					"pmtu":	1500,
					"omitted":	false,
					"sender":	true
				}],
			"sum":	{
				"start":	0,
				"end":	1.000364,
				"seconds":	1.0003639459609985,
				"bytes":	5327192,
				"bits_per_second":	42602031.162827954,
				"retransmits":	0,
				"omitted":	false,
				"sender":	true
			}
		}, {
			"streams":	[{
					"socket":	5,
					"start":	1.000364,
					"end":	2.000605,
					"seconds":	1.0002410411834717,
					"bytes":	4105080,
					"bits_per_second":	32832725.960877787,
					"retransmits":	0,
					"snd_cwnd":	127424,
					"rtt":	52132,
					"rttvar":	2348,
					"pmtu":	1500,
					"omitted":	false,
					"sender":	true
				}],
			"sum":	{
				"start":	1.000364,
				"end":	2.000605,
				"seconds":	1.0002410411834717,
				"bytes":	4105080,
				"bits_per_second":	32832725.960877787,
				"retransmits":	0,
				"omitted":	false,
				"sender":	true
			}
		}, {
			"streams":	[{
					"socket":	5,
					"start":	2.000605,
					"end":	3.000404,
					"seconds":	0.99979901313781738,
					"bytes":	2280600,
					"bits_per_second":	18248467.702263117,
					"retransmits":	0,
					"snd_cwnd":	124528,
					"rtt":	61952,
					"rttvar":	295,
					"pmtu":	1500,
					"omitted":	false,
					"sender":	true
				}],
			"sum":	{
				"start":	2.000605,
				"end":	3.000404,
				"seconds":	0.99979901313781738,
				"bytes":	2280600,
				"bits_per_second":	18248467.702263117,
				"retransmits":	0,
				"omitted":	false,
				"sender":	true
			}
		}, {
			"streams":	[{
					"socket":	5,
					"start":	3.000404,
					"end":	4.000788,
					"seconds":	1.0003839731216431,
					"bytes":	1824480,
					"bits_per_second":	14590237.740869123,
					"retransmits":	0,
					"snd_cwnd":	118736,
					"rtt":	94145,
					"rttvar":	4023,
					"pmtu":	1500,
					"omitted":	false,
					"sender":	true
				}],
			"sum":	{
				"start":	3.000404,
				"end":	4.000788,
				"seconds":	1.0003839731216431,
				"bytes":	1824480,
				"bits_per_second":	14590237.740869123,
				"retransmits":	0,
				"omitted":	false,
				"sender":	true
			}
		}, {
			"streams":	[{
					"socket":	5,
					"start":	4.000788,
					"end":	5.000486,
					"seconds":	0.999697983264923,
					"bytes":	1368360,
					"bits_per_second":	10950187.139768435,
					"retransmits":	0,
					"snd_cwnd":	118736,
					"rtt":	115931,
					"rttvar":	3155,
					"pmtu":	1500,
					"omitted":	false,
					"sender":	true
				}],
			"sum":	{
				"start":	4.000788,
				"end":	5.000486,
				"seconds":	0.999697983264923,
				"bytes":	1368360,
				"bits_per_second":	10950187.139768435,
				"retransmits":	0,
				"omitted":	false,
				"sender":	true
			}
		}, {
			"streams":	[{
					"socket":	5,
					"start":	5.000486,
					"end":	6.00081,
					"seconds":	1.000324010848999,
					"bytes":	456120,
					"bits_per_second":	3647778.0803272333,
					"retransmits":	0,
					"snd_cwnd":	118736,
					"rtt":	124945,
					"rttvar":	412,
					"pmtu":	1500,
					"omitted":	false,
					"sender":	true
				}],
			"sum":	{
				"start":	5.000486,
				"end":	6.00081,
				"seconds":	1.000324010848999,
				"bytes":	456120,
				"bits_per_second":	3647778.0803272333,
				"retransmits":	0,
				"omitted":	false,
				"sender":	true
			}
		}, {
			"streams":	[{
					"socket":	5,
					"start":	6.00081,
					"end":	7.000609,
					"seconds":	0.99979901313781738,
					"bytes":	1368360,
					"bits_per_second":	10949080.621357871,
					"retransmits":	0,
					"snd_cwnd":	120184,
					"rtt":	92720,
					"rttvar":	1945,
					"pmtu":	1500,
					"omitted":	false,
					"sender":	true
				}],
			"sum":	{
				"start":	6.00081,
				"end":	7.000609,
				"seconds":	0.99979901313781738,
				"bytes":	1368360,
				"bits_per_second":	10949080.621357871,
				"retransmits":	0,
				"omitted":	false,
				"sender":	true
			}
		}, {
			"streams":	[{
					"socket":	5,
					"start":	7.000609,
					"end":	8.000364,
					"seconds":	0.999755024909973,
					"bytes":	912240,
					"bits_per_second":	7299708.2466849014,
					"retransmits":	0,
					"snd_cwnd":	136112,
					"rtt":	137868,
					"rttvar":	998,
					"pmtu":	1500,
					"omitted":	false,
					"sender":	true
				}],
			"sum":	{
				"start":	7.000609,
				"end":	8.000364,
				"seconds":	0.999755024909973,
				"bytes":	912240,
				"bits_per_second":	7299708.2466849014,
				"retransmits":	0,
				"omitted":	false,
				"sender":	true
			}
		}, {
			"streams":	[{
					"socket":	5,
					"start":	8.000364,
					"end":	9.000668,
					"seconds":	1.0003039836883545,
					"bytes":	456120,
					"bits_per_second":	3647851.1127641741,
					"retransmits":	0,
					"snd_cwnd":	66608,
					"rtt":	87173,
					"rttvar":	9219,
					"pmtu":	1500,
					"omitted":	false,
					"sender":	true
				}],
			"sum":	{
				"start":	8.000364,
				"end":	9.000668,
				"seconds":	1.0003039836883545,
				"bytes":	456120,
				"bits_per_second":	3647851.1127641741,
				"retransmits":	0,
				"omitted":	false,
				"sender":	true
			}
		}, {
			"streams":	[{
					"socket":	5,
					"start":	9.000668,
					"end":	10.000447,
					"seconds":	0.999778985977173,
					"bytes":	912240,
					"bits_per_second":	7299533.29921922,
					"retransmits":	0,
					"snd_cwnd":	57920,
					"rtt":	118245,
					"rttvar":	2000,
					"pmtu":	1500,
					"omitted":	false,
					"sender":	true
				}],
			"sum":	{
				"start":	9.000668,
				"end":	10.000447,
				"seconds":	0.999778985977173,
				"bytes":	912240,
				"bits_per_second":	7299533.29921922,
				"retransmits":	0,
				"omitted":	false,
				"sender":	true
			}
		}, {
			"streams":	[{
					"socket":	5,
					"start":	10.000447,
					"end":	11.000249,
					"seconds":	0.999801993370056,
					"bytes":	2280600,
					"bits_per_second":	18248413.3068207,
					"retransmits":	0,
					"snd_cwnd":	246160,
					"rtt":	166282,
					"rttvar":	360,
					"pmtu":	1500,
					"omitted":	false,
					"sender":	true
				}],
			"sum":	{
				"start":	10.000447,
				"end":	11.000249,
				"seconds":	0.999801993370056,
				"bytes":	2280600,
				"bits_per_second":	18248413.3068207,
				"retransmits":	0,
				"omitted":	false,
				"sender":	true
			}
		}, {
			"streams":	[{
					"socket":	5,
					"start":	11.000249,
					"end":	12.001054,
					"seconds":	1.0008050203323364,
					"bytes":	847080,
					"bits_per_second":	6771189.05513652,
					"retransmits":	0,
					"snd_cwnd":	207064,
					"rtt":	166096,
					"rttvar":	642,
					"pmtu":	1500,
					"omitted":	false,
					"sender":	true
				}],
			"sum":	{
				"start":	11.000249,
				"end":	12.001054,
				"seconds":	1.0008050203323364,
				"bytes":	847080,
				"bits_per_second":	6771189.05513652,
				"retransmits":	0,
				"omitted":	false,
				"sender":	true
			}
		}, {
			"streams":	[{
					"socket":	5,
					"start":	12.001054,
					"end":	13.000343,
					"seconds":	0.99928897619247437,
					"bytes":	1694160,
					"bits_per_second":	13562923.561551914,
					"retransmits":	0,
					"snd_cwnd":	191136,
					"rtt":	183262,
					"rttvar":	238,
					"pmtu":	1500,
					"omitted":	false,
					"sender":	true
				}],
			"sum":	{
				"start":	12.001054,
				"end":	13.000343,
				"seconds":	0.99928897619247437,
				"bytes":	1694160,
				"bits_per_second":	13562923.561551914,
				"retransmits":	0,
				"omitted":	false,
				"sender":	true
			}
		}, {
			"streams":	[{
					"socket":	5,
					"start":	13.000343,
					"end":	14.000661,
					"seconds":	1.0003180503845215,
					"bytes":	847080,
					"bits_per_second":	6774485.3723223973,
					"retransmits":	0,
					"snd_cwnd":	28960,
					"rtt":	48325,
					"rttvar":	18856,
					"pmtu":	1500,
					"omitted":	false,
					"sender":	true
				}],
			"sum":	{
				"start":	13.000343,
				"end":	14.000661,
				"seconds":	1.0003180503845215,
				"bytes":	847080,
				"bits_per_second":	6774485.3723223973,
				"retransmits":	0,
				"omitted":	false,
				"sender":	true
			}
		}, {
			"streams":	[{
					"socket":	5,
					"start":	14.000661,
					"end":	15.000424,
					"seconds":	0.999763011932373,
					"bytes":	1694160,
					"bits_per_second":	13556492.727015175,
					"retransmits":	0,
					"snd_cwnd":	50680,
					"rtt":	39787,
					"rttvar":	145,
					"pmtu":	1500,
					"omitted":	false,
					"sender":	true
				}],
			"sum":	{
				"start":	14.000661,
				"end":	15.000424,
				"seconds":	0.999763011932373,
				"bytes":	1694160,
				"bits_per_second":	13556492.727015175,
				"retransmits":	0,
				"omitted":	false,
				"sender":	true
			}
		}, {
			"streams":	[{
					"socket":	5,
					"start":	15.000424,
					"end":	16.000739,
					"seconds":	1.0003149509429932,
					"bytes":	847080,
					"bits_per_second":	6774506.3628327129,
					"retransmits":	0,
					"snd_cwnd":	53576,
					"rtt":	37565,
					"rttvar":	491,
					"pmtu":	1500,
					"omitted":	false,
					"sender":	true
				}],
			"sum":	{
				"start":	15.000424,
				"end":	16.000739,
				"seconds":	1.0003149509429932,
				"bytes":	847080,
				"bits_per_second":	6774506.3628327129,
				"retransmits":	0,
				"omitted":	false,
				"sender":	true
			}
		}, {
			"streams":	[{
					"socket":	5,
					"start":	16.000739,
					"end":	17.000538,
					"seconds":	0.99979901313781738,
					"bytes":	1694160,
					"bits_per_second":	13556004.57882403,
					"retransmits":	0,
					"snd_cwnd":	52128,
					"rtt":	31710,
					"rttvar":	207,
					"pmtu":	1500,
					"omitted":	false,
					"sender":	true
				}],
			"sum":	{
				"start":	16.000739,
				"end":	17.000538,
				"seconds":	0.99979901313781738,
				"bytes":	1694160,
				"bits_per_second":	13556004.57882403,
				"retransmits":	0,
				"omitted":	false,
				"sender":	true
			}
		}, {
			"streams":	[{
					"socket":	5,
					"start":	17.000538,
					"end":	18.000826,
					"seconds":	1.0002880096435547,
					"bytes":	847080,
					"bits_per_second":	6774688.8242865233,
					"retransmits":	0,
					"snd_cwnd":	49232,
					"rtt":	35110,
					"rttvar":	211,
					"pmtu":	1500,
					"omitted":	false,
					"sender":	true
				}],
			"sum":	{
				"start":	17.000538,
				"end":	18.000826,
				"seconds":	1.0002880096435547,
				"bytes":	847080,
				"bits_per_second":	6774688.8242865233,
				"retransmits":	0,
				"omitted":	false,
				"sender":	true
			}
		}, {
			"streams":	[{
					"socket":	5,
					"start":	18.000826,
					"end":	19.00062,
					"seconds":	0.99979400634765625,
					"bytes":	1694160,
					"bits_per_second":	13556072.464878477,
					"retransmits":	0,
					"snd_cwnd":	49232,
					"rtt":	32511,
					"rttvar":	218,
					"pmtu":	1500,
					"omitted":	false,
					"sender":	true
				}],
			"sum":	{
				"start":	18.000826,
				"end":	19.00062,
				"seconds":	0.99979400634765625,
				"bytes":	1694160,
				"bits_per_second":	13556072.464878477,
				"retransmits":	0,
				"omitted":	false,
				"sender":	true
			}
		}, {
			"streams":	[{
					"socket":	5,
					"start":	19.00062,
					"end":	20.000403,
					"seconds":	0.9997829794883728,
					"bytes":	1694160,
					"bits_per_second":	13556221.978229446,
					"retransmits":	0,
					"snd_cwnd":	46336,
					"rtt":	35527,
					"rttvar":	156,
					"pmtu":	1500,
					"omitted":	false,
					"sender":	true
				}],
			"sum":	{
				"start":	19.00062,
				"end":	20.000403,
				"seconds":	0.9997829794883728,
				"bytes":	1694160,
				"bits_per_second":	13556221.978229446,
				"retransmits":	0,
				"omitted":	false,
				"sender":	true
			}
		}, {
			"streams":	[{
					"socket":	5,
					"start":	20.000403,
					"end":	21.000726,
					"seconds":	1.0003230571746826,
					"bytes":	847080,
					"bits_per_second":	6774451.46484974,
					"retransmits":	0,
					"snd_cwnd":	49232,
					"rtt":	35148,
					"rttvar":	293,
					"pmtu":	1500,
					"omitted":	false,
					"sender":	true
				}],
			"sum":	{
				"start":	20.000403,
				"end":	21.000726,
				"seconds":	1.0003230571746826,
				"bytes":	847080,
				"bits_per_second":	6774451.46484974,
				"retransmits":	0,
				"omitted":	false,
				"sender":	true
			}
		}, {
			"streams":	[{
					"socket":	5,
					"start":	21.000726,
					"end":	22.000511,
					"seconds":	0.999785006046295,
					"bytes":	1694160,
					"bits_per_second":	13556194.499852715,
					"retransmits":	0,
					"snd_cwnd":	44888,
					"rtt":	32930,
					"rttvar":	423,
					"pmtu":	1500,
					"omitted":	false,
					"sender":	true
				}],
			"sum":	{
				"start":	21.000726,
				"end":	22.000511,
				"seconds":	0.999785006046295,
				"bytes":	1694160,
				"bits_per_second":	13556194.499852715,
				"retransmits":	0,
				"omitted":	false,
				"sender":	true
			}
		}, {
			"streams":	[{
					"socket":	5,
					"start":	22.000511,
					"end":	23.000285,
					"seconds":	0.99977397918701172,
					"bytes":	1694160,
					"bits_per_second":	13556344.015895622,
					"retransmits":	0,
					"snd_cwnd":	47784,
					"rtt":	32853,
					"rttvar":	192,
					"pmtu":	1500,
					"omitted":	false,
					"sender":	true
				}],
			"sum":	{
				"start":	22.000511,
				"end":	23.000285,
				"seconds":	0.99977397918701172,
				"bytes":	1694160,
				"bits_per_second":	13556344.015895622,
				"retransmits":	0,
				"omitted":	false,
				"sender":	true
			}
		}, {
			"streams":	[{
					"socket":	5,
					"start":	23.000285,
					"end":	24.000589,
					"seconds":	1.0003039836883545,
					"bytes":	847080,
					"bits_per_second":	6774580.63799061,
					"retransmits":	0,
					"snd_cwnd":	56472,
					"rtt":	31733,
					"rttvar":	403,
					"pmtu":	1500,
					"omitted":	false,
					"sender":	true
				}],
			"sum":	{
				"start":	23.000285,
				"end":	24.000589,
				"seconds":	1.0003039836883545,
				"bytes":	847080,
				"bits_per_second":	6774580.63799061,
				"retransmits":	0,
				"omitted":	false,
				"sender":	true
			}
		}, {
			"streams":	[{
					"socket":	5,
					"start":	24.000589,
					"end":	25.000383,
					"seconds":	0.99979400634765625,
					"bytes":	1694160,
					"bits_per_second":	13556072.464878477,
					"retransmits":	0,
					"snd_cwnd":	49232,
					"rtt":	33135,
					"rttvar":	135,
					"pmtu":	1500,
					"omitted":	false,
					"sender":	true
				}],
			"sum":	{
				"start":	24.000589,
				"end":	25.000383,
				"seconds":	0.99979400634765625,
				"bytes":	1694160,
				"bits_per_second":	13556072.464878477,
				"retransmits":	0,
				"omitted":	false,
				"sender":	true
			}
		}, {
			"streams":	[{
					"socket":	5,
					"start":	25.000383,
					"end":	26.000174,
					"seconds":	0.99979102611541748,
					"bytes":	1694160,
					"bits_per_second":	13556112.873567028,
					"retransmits":	0,
					"snd_cwnd":	46336,
					"rtt":	14248,
					"rttvar":	706,
					"pmtu":	1500,
					"omitted":	false,
					"sender":	true
				}],
			"sum":	{
				"start":	25.000383,
				"end":	26.000174,
				"seconds":	0.99979102611541748,
				"bytes":	1694160,
				"bits_per_second":	13556112.873567028,
				"retransmits":	0,
				"omitted":	false,
				"sender":	true
			}
		}, {
			"streams":	[{
					"socket":	5,
					"start":	26.000174,
					"end":	27.000976,
					"seconds":	1.0008020401000977,
					"bytes":	847080,
					"bits_per_second":	6771209.2186804675,
					"retransmits":	0,
					"snd_cwnd":	46336,
					"rtt":	31966,
					"rttvar":	378,
					"pmtu":	1500,
					"omitted":	false,
					"sender":	true
				}],
			"sum":	{
				"start":	26.000174,
				"end":	27.000976,
				"seconds":	1.0008020401000977,
				"bytes":	847080,
				"bits_per_second":	6771209.2186804675,
				"retransmits":	0,
				"omitted":	false,
				"sender":	true
			}
		}, {
			"streams":	[{
					"socket":	5,
					"start":	27.000976,
					"end":	28.000777,
					"seconds":	0.999800980091095,
					"bytes":	1694160,
					"bits_per_second":	13555977.909488665,
					"retransmits":	0,
					"snd_cwnd":	47784,
					"rtt":	30649,
					"rttvar":	394,
					"pmtu":	1500,
					"omitted":	false,
					"sender":	true
				}],
			"sum":	{
				"start":	27.000976,
				"end":	28.000777,
				"seconds":	0.999800980091095,
				"bytes":	1694160,
				"bits_per_second":	13555977.909488665,
				"retransmits":	0,
				"omitted":	false,
				"sender":	true
			}
		}, {
			"streams":	[{
					"socket":	5,
					"start":	28.000777,
					"end":	29.00057,
					"seconds":	0.999792993068695,
					"bytes":	1694160,
					"bits_per_second":	13556086.203805555,
					"retransmits":	0,
					"snd_cwnd":	44888,
					"rtt":	35316,
					"rttvar":	591,
					"pmtu":	1500,
					"omitted":	false,
					"sender":	true
				}],
			"sum":	{
				"start":	28.000777,
				"end":	29.00057,
				"seconds":	0.999792993068695,
				"bytes":	1694160,
				"bits_per_second":	13556086.203805555,
				"retransmits":	0,
				"omitted":	false,
				"sender":	true
			}
		}, {
			"streams":	[{
					"socket":	5,
					"start":	29.00057,
					"end":	30.000874,
					"seconds":	1.0003039836883545,
					"bytes":	847080,
					"bits_per_second":	6774580.63799061,
					"retransmits":	0,
					"snd_cwnd":	43440,
					"rtt":	30373,
					"rttvar":	2231,
					"pmtu":	1500,
					"omitted":	false,
					"sender":	true
				}],
			"sum":	{
				"start":	29.00057,
				"end":	30.000874,
				"seconds":	1.0003039836883545,
				"bytes":	847080,
				"bits_per_second":	6774580.63799061,
				"retransmits":	0,
				"omitted":	false,
				"sender":	true
			}
		}, {
			"streams":	[{
					"socket":	5,
					"start":	30.000874,
					"end":	31.000656,
					"seconds":	0.9997820258140564,
					"bytes":	1694160,
					"bits_per_second":	13556234.909268808,
					"retransmits":	0,
					"snd_cwnd":	43440,
					"rtt":	31727,
					"rttvar":	439,
					"pmtu":	1500,
					"omitted":	false,
					"sender":	true
				}],
			"sum":	{
				"start":	30.000874,
				"end":	31.000656,
				"seconds":	0.9997820258140564,
				"bytes":	1694160,
				"bits_per_second":	13556234.909268808,
				"retransmits":	0,
				"omitted":	false,
				"sender":	true
			}
		}, {
			"streams":	[{
					"socket":	5,
					"start":	31.000656,
					"end":	32.000956,
					"seconds":	1.0003000497817993,
					"bytes":	847080,
					"bits_per_second":	6774607.28056369,
					"retransmits":	0,
					"snd_cwnd":	43440,
					"rtt":	30603,
					"rttvar":	1383,
					"pmtu":	1500,
					"omitted":	false,
					"sender":	true
				}],
			"sum":	{
				"start":	31.000656,
				"end":	32.000956,
				"seconds":	1.0003000497817993,
				"bytes":	847080,
				"bits_per_second":	6774607.28056369,
				"retransmits":	0,
				"omitted":	false,
				"sender":	true
			}
		}, {
			"streams":	[{
					"socket":	5,
					"start":	32.000956,
					"end":	33.000759,
					"seconds":	0.99980300664901733,
					"bytes":	1694160,
					"bits_per_second":	13555950.432101374,
					"retransmits":	0,
					"snd_cwnd":	46336,
					"rtt":	32529,
					"rttvar":	779,
					"pmtu":	1500,
					"omitted":	false,
					"sender":	true
				}],
			"sum":	{
				"start":	32.000956,
				"end":	33.000759,
				"seconds":	0.99980300664901733,
				"bytes":	1694160,
				"bits_per_second":	13555950.432101374,
				"retransmits":	0,
				"omitted":	false,
				"sender":	true
			}
		}, {
			"streams":	[{
					"socket":	5,
					"start":	33.000759,
					"end":	34.000536,
					"seconds":	0.99977701902389526,
					"bytes":	1694160,
					"bits_per_second":	13556302.797630187,
					"retransmits":	0,
					"snd_cwnd":	53576,
					"rtt":	31325,
					"rttvar":	895,
					"pmtu":	1500,
					"omitted":	false,
					"sender":	true
				}],
			"sum":	{
				"start":	33.000759,
				"end":	34.000536,
				"seconds":	0.99977701902389526,
				"bytes":	1694160,
				"bits_per_second":	13556302.797630187,
				"retransmits":	0,
				"omitted":	false,
				"sender":	true
			}
		}, {
			"streams":	[{
					"socket":	5,
					"start":	34.000536,
					"end":	35.000583,
					"seconds":	1.000046968460083,
					"bytes":	847080,
					"bits_per_second":	6776321.7266034745,
					"retransmits":	0,
					"snd_cwnd":	10136,
					"rtt":	13872,
					"rttvar":	1619,
					"pmtu":	1500,
					"omitted":	false,
					"sender":	true
				}],
			"sum":	{
				"start":	34.000536,
				"end":	35.000583,
				"seconds":	1.000046968460083,
				"bytes":	847080,
				"bits_per_second":	6776321.7266034745,
				"retransmits":	0,
				"omitted":	false,
				"sender":	true
			}
		}, {
			"streams":	[{
					"socket":	5,
					"start":	35.000583,
					"end":	36.000538,
					"seconds":	0.99995499849319458,
					"bytes":	1694160,
					"bits_per_second":	13553889.945470622,
					"retransmits":	0,
					"snd_cwnd":	46336,
					"rtt":	33636,
					"rttvar":	458,
					"pmtu":	1500,
					"omitted":	false,
					"sender":	true
				}],
			"sum":	{
				"start":	35.000583,
				"end":	36.000538,
				"seconds":	0.99995499849319458,
				"bytes":	1694160,
				"bits_per_second":	13553889.945470622,
				"retransmits":	0,
				"omitted":	false,
				"sender":	true
			}
		}, {
			"streams":	[{
					"socket":	5,
					"start":	36.000538,
					"end":	37.000841,
					"seconds":	1.0003030300140381,
					"bytes":	847080,
					"bits_per_second":	6774587.09677696,
					"retransmits":	0,
					"snd_cwnd":	46336,
					"rtt":	32729,
					"rttvar":	149,
					"pmtu":	1500,
					"omitted":	false,
					"sender":	true
				}],
			"sum":	{
				"start":	36.000538,
				"end":	37.000841,
				"seconds":	1.0003030300140381,
				"bytes":	847080,
				"bits_per_second":	6774587.09677696,
				"retransmits":	0,
				"omitted":	false,
				"sender":	true
			}
		}, {
			"streams":	[{
					"socket":	5,
					"start":	37.000841,
					"end":	38.000626,
					"seconds":	0.999785006046295,
					"bytes":	1694160,
					"bits_per_second":	13556194.499852715,
					"retransmits":	0,
					"snd_cwnd":	47784,
					"rtt":	32895,
					"rttvar":	630,
					"pmtu":	1500,
					"omitted":	false,
					"sender":	true
				}],
			"sum":	{
				"start":	37.000841,
				"end":	38.000626,
				"seconds":	0.999785006046295,
				"bytes":	1694160,
				"bits_per_second":	13556194.499852715,
				"retransmits":	0,
				"omitted":	false,
				"sender":	true
			}
		}, {
			"streams":	[{
					"socket":	5,
					"start":	38.000626,
					"end":	39.000405,
					"seconds":	0.999778985977173,
					"bytes":	1694160,
					"bits_per_second":	13556276.127121411,
					"retransmits":	0,
					"snd_cwnd":	46336,
					"rtt":	34734,
					"rttvar":	423,
					"pmtu":	1500,
					"omitted":	false,
					"sender":	true
				}],
			"sum":	{
				"start":	38.000626,
				"end":	39.000405,
				"seconds":	0.999778985977173,
				"bytes":	1694160,
				"bits_per_second":	13556276.127121411,
				"retransmits":	0,
				"omitted":	false,
				"sender":	true
			}
		}, {
			"streams":	[{
					"socket":	5,
					"start":	39.000405,
					"end":	40.000199,
					"seconds":	0.99979400634765625,
					"bytes":	1694160,
					"bits_per_second":	13556072.464878477,
					"retransmits":	0,
					"snd_cwnd":	46336,
					"rtt":	28996,
					"rttvar":	141,
					"pmtu":	1500,
					"omitted":	false,
					"sender":	true
				}],
			"sum":	{
				"start":	39.000405,
				"end":	40.000199,
				"seconds":	0.99979400634765625,
				"bytes":	1694160,
				"bits_per_second":	13556072.464878477,
				"retransmits":	0,
				"omitted":	false,
				"sender":	true
			}
		}, {
			"streams":	[{
					"socket":	5,
					"start":	40.000199,
					"end":	41.000579,
					"seconds":	1.0003800392150879,
					"bytes":	847080,
					"bits_per_second":	6774065.58943044,
					"retransmits":	0,
					"snd_cwnd":	49232,
					"rtt":	29564,
					"rttvar":	196,
					"pmtu":	1500,
					"omitted":	false,
					"sender":	true
				}],
			"sum":	{
				"start":	40.000199,
				"end":	41.000579,
				"seconds":	1.0003800392150879,
				"bytes":	847080,
				"bits_per_second":	6774065.58943044,
				"retransmits":	0,
				"omitted":	false,
				"sender":	true
			}
		}, {
			"streams":	[{
					"socket":	5,
					"start":	41.000579,
					"end":	42.000358,
					"seconds":	0.999778985977173,
					"bytes":	1694160,
					"bits_per_second":	13556276.127121411,
					"retransmits":	0,
					"snd_cwnd":	44888,
					"rtt":	31618,
					"rttvar":	276,
					"pmtu":	1500,
					"omitted":	false,
					"sender":	true
				}],
			"sum":	{
				"start":	41.000579,
				"end":	42.000358,
				"seconds":	0.999778985977173,
				"bytes":	1694160,
				"bits_per_second":	13556276.127121411,
				"retransmits":	0,
				"omitted":	false,
				"sender":	true
			}
		}, {
			"streams":	[{
					"socket":	5,
					"start":	42.000358,
					"end":	43.000668,
					"seconds":	1.000309944152832,
					"bytes":	847080,
					"bits_per_second":	6774540.2708549229,
					"retransmits":	0,
					"snd_cwnd":	59368,
					"rtt":	34395,
					"rttvar":	252,
					"pmtu":	1500,
					"omitted":	false,
					"sender":	true
				}],
			"sum":	{
				"start":	42.000358,
				"end":	43.000668,
				"seconds":	1.000309944152832,
				"bytes":	847080,
				"bits_per_second":	6774540.2708549229,
				"retransmits":	0,
				"omitted":	false,
				"sender":	true
			}
		}, {
			"streams":	[{
					"socket":	5,
					"start":	43.000668,
					"end":	44.000446,
					"seconds":	0.99977797269821167,
					"bytes":	1694160,
					"bits_per_second":	13556289.866461311,
					"retransmits":	0,
					"snd_cwnd":	52128,
					"rtt":	34579,
					"rttvar":	688,
					"pmtu":	1500,
					"omitted":	false,
					"sender":	true
				}],
			"sum":	{
				"start":	43.000668,
				"end":	44.000446,
				"seconds":	0.99977797269821167,
				"bytes":	1694160,
				"bits_per_second":	13556289.866461311,
				"retransmits":	0,
				"omitted":	false,
				"sender":	true
			}
		}, {
			"streams":	[{
					"socket":	5,
					"start":	44.000446,
					"end":	45.000771,
					"seconds":	1.0003249645233154,
					"bytes":	1694160,
					"bits_per_second":	13548877.095613165,
					"retransmits":	0,
					"snd_cwnd":	53576,
					"rtt":	33625,
					"rttvar":	427,
					"pmtu":	1500,
					"omitted":	false,
					"sender":	true
				}],
			"sum":	{
				"start":	44.000446,
				"end":	45.000771,
				"seconds":	1.0003249645233154,
				"bytes":	1694160,
				"bits_per_second":	13548877.095613165,
				"retransmits":	0,
				"omitted":	false,
				"sender":	true
			}
		}, {
			"streams":	[{
					"socket":	5,
					"start":	45.000771,
					"end":	46.000575,
					"seconds":	0.99980401992797852,
					"bytes":	1694160,
					"bits_per_second":	13555936.6934495,
					"retransmits":	0,
					"snd_cwnd":	59368,
					"rtt":	34181,
					"rttvar":	279,
					"pmtu":	1500,
					"omitted":	false,
					"sender":	true
				}],
			"sum":	{
				"start":	45.000771,
				"end":	46.000575,
				"seconds":	0.99980401992797852,
				"bytes":	1694160,
				"bits_per_second":	13555936.6934495,
				"retransmits":	0,
				"omitted":	false,
				"sender":	true
			}
		}, {
			"streams":	[{
					"socket":	5,
					"start":	46.000575,
					"end":	47.000877,
					"seconds":	1.0003019571304321,
					"bytes":	847080,
					"bits_per_second":	6774594.36292633,
					"retransmits":	0,
					"snd_cwnd":	46336,
					"rtt":	31991,
					"rttvar":	231,
					"pmtu":	1500,
					"omitted":	false,
					"sender":	true
				}],
			"sum":	{
				"start":	46.000575,
				"end":	47.000877,
				"seconds":	1.0003019571304321,
				"bytes":	847080,
				"bits_per_second":	6774594.36292633,
				"retransmits":	0,
				"omitted":	false,
				"sender":	true
			}
		}, {
			"streams":	[{
					"socket":	5,
					"start":	47.000877,
					"end":	48.000694,
					"seconds":	0.99981701374053955,
					"bytes":	1694160,
					"bits_per_second":	13555760.517911315,
					"retransmits":	0,
					"snd_cwnd":	52128,
					"rtt":	33225,
					"rttvar":	467,
					"pmtu":	1500,
					"omitted":	false,
					"sender":	true
				}],
			"sum":	{
				"start":	47.000877,
				"end":	48.000694,
				"seconds":	0.99981701374053955,
				"bytes":	1694160,
				"bits_per_second":	13555760.517911315,
				"retransmits":	0,
				"omitted":	false,
				"sender":	true
			}
		}, {
			"streams":	[{
					"socket":	5,
					"start":	48.000694,
					"end":	49.000459,
					"seconds":	0.99976497888565063,
					"bytes":	1694160,
					"bits_per_second":	13556466.055759063,
					"retransmits":	0,
					"snd_cwnd":	57920,
					"rtt":	30985,
					"rttvar":	458,
					"pmtu":	1500,
					"omitted":	false,
					"sender":	true
				}],
			"sum":	{
				"start":	48.000694,
				"end":	49.000459,
				"seconds":	0.99976497888565063,
				"bytes":	1694160,
				"bits_per_second":	13556466.055759063,
				"retransmits":	0,
				"omitted":	false,
				"sender":	true
			}
		}, {
			"streams":	[{
					"socket":	5,
					"start":	49.000459,
					"end":	50.000248,
					"seconds":	0.999788999557495,
					"bytes":	1694160,
					"bits_per_second":	13556140.351612849,
					"retransmits":	0,
					"snd_cwnd":	47784,
					"rtt":	34242,
					"rttvar":	833,
					"pmtu":	1500,
					"omitted":	false,
					"sender":	true
				}],
			"sum":	{
				"start":	49.000459,
				"end":	50.000248,
				"seconds":	0.999788999557495,
				"bytes":	1694160,
				"bits_per_second":	13556140.351612849,
				"retransmits":	0,
				"omitted":	false,
				"sender":	true
			}
		}, {
			"streams":	[{
					"socket":	5,
					"start":	50.000248,
					"end":	51.001068,
					"seconds":	1.00082004070282,
					"bytes":	847080,
					"bits_per_second":	6771087.4327028319,
					"retransmits":	0,
					"snd_cwnd":	47784,
					"rtt":	32606,
					"rttvar":	390,
					"pmtu":	1500,
					"omitted":	false,
					"sender":	true
				}],
			"sum":	{
				"start":	50.000248,
				"end":	51.001068,
				"seconds":	1.00082004070282,
				"bytes":	847080,
				"bits_per_second":	6771087.4327028319,
				"retransmits":	0,
				"omitted":	false,
				"sender":	true
			}
		}, {
			"streams":	[{
					"socket":	5,
					"start":	51.001068,
					"end":	52.000883,
					"seconds":	0.99981498718261719,
					"bytes":	1694160,
					"bits_per_second":	13555787.994528713,
					"retransmits":	0,
					"snd_cwnd":	53576,
					"rtt":	36691,
					"rttvar":	507,
					"pmtu":	1500,
					"omitted":	false,
					"sender":	true
				}],
			"sum":	{
				"start":	51.001068,
				"end":	52.000883,
				"seconds":	0.99981498718261719,
				"bytes":	1694160,
				"bits_per_second":	13555787.994528713,
				"retransmits":	0,
				"omitted":	false,
				"sender":	true
			}
		}, {
			"streams":	[{
					"socket":	5,
					"start":	52.000883,
					"end":	53.000678,
					"seconds":	0.99979501962661743,
					"bytes":	1694160,
					"bits_per_second":	13556058.725979248,
					"retransmits":	0,
					"snd_cwnd":	55024,
					"rtt":	34078,
					"rttvar":	619,
					"pmtu":	1500,
					"omitted":	false,
					"sender":	true
				}],
			"sum":	{
				"start":	52.000883,
				"end":	53.000678,
				"seconds":	0.99979501962661743,
				"bytes":	1694160,
				"bits_per_second":	13556058.725979248,
				"retransmits":	0,
				"omitted":	false,
				"sender":	true
			}
		}, {
			"streams":	[{
					"socket":	5,
					"start":	53.000678,
					"end":	54.000458,
					"seconds":	0.999779999256134,
					"bytes":	1694160,
					"bits_per_second":	13556262.38780936,
					"retransmits":	0,
					"snd_cwnd":	46336,
					"rtt":	32210,
					"rttvar":	247,
					"pmtu":	1500,
					"omitted":	false,
					"sender":	true
				}],
			"sum":	{
				"start":	53.000678,
				"end":	54.000458,
				"seconds":	0.999779999256134,
				"bytes":	1694160,
				"bits_per_second":	13556262.38780936,
				"retransmits":	0,
				"omitted":	false,
				"sender":	true
			}
		}, {
			"streams":	[{
					"socket":	5,
					"start":	54.000458,
					"end":	55.000743,
					"seconds":	1.0002850294113159,
					"bytes":	847080,
					"bits_per_second":	6774709.00867942,
					"retransmits":	0,
					"snd_cwnd":	49232,
					"rtt":	32459,
					"rttvar":	198,
					"pmtu":	1500,
					"omitted":	false,
					"sender":	true
				}],
			"sum":	{
				"start":	54.000458,
				"end":	55.000743,
				"seconds":	1.0002850294113159,
				"bytes":	847080,
				"bits_per_second":	6774709.00867942,
				"retransmits":	0,
				"omitted":	false,
				"sender":	true
			}
		}, {
			"streams":	[{
					"socket":	5,
					"start":	55.000743,
					"end":	56.000891,
					"seconds":	1.0001480579376221,
					"bytes":	1694160,
					"bits_per_second":	13551273.626374727,
					"retransmits":	0,
					"snd_cwnd":	46336,
					"rtt":	12995,
					"rttvar":	376,
					"pmtu":	1500,
					"omitted":	false,
					"sender":	true
				}],
			"sum":	{
				"start":	55.000743,
				"end":	56.000891,
				"seconds":	1.0001480579376221,
				"bytes":	1694160,
				"bits_per_second":	13551273.626374727,
				"retransmits":	0,
				"omitted":	false,
				"sender":	true
			}
		}, {
			"streams":	[{
					"socket":	5,
					"start":	56.000891,
					"end":	57.000675,
					"seconds":	0.999783992767334,
					"bytes":	1694160,
					"bits_per_second":	13556208.239027157,
					"retransmits":	0,
					"snd_cwnd":	55024,
					"rtt":	30771,
					"rttvar":	2107,
					"pmtu":	1500,
					"omitted":	false,
					"sender":	true
				}],
			"sum":	{
				"start":	56.000891,
				"end":	57.000675,
				"seconds":	0.999783992767334,
				"bytes":	1694160,
				"bits_per_second":	13556208.239027157,
				"retransmits":	0,
				"omitted":	false,
				"sender":	true
			}
		}, {
			"streams":	[{
					"socket":	5,
					"start":	57.000675,
					"end":	58.000474,
					"seconds":	0.99979901313781738,
					"bytes":	1694160,
					"bits_per_second":	13556004.57882403,
					"retransmits":	0,
					"snd_cwnd":	46336,
					"rtt":	30505,
					"rttvar":	146,
					"pmtu":	1500,
					"omitted":	false,
					"sender":	true
				}],
			"sum":	{
				"start":	57.000675,
				"end":	58.000474,
				"seconds":	0.99979901313781738,
				"bytes":	1694160,
				"bits_per_second":	13556004.57882403,
				"retransmits":	0,
				"omitted":	false,
				"sender":	true
			}
		}, {
			"streams":	[{
					"socket":	5,
					"start":	58.000474,
					"end":	59.000778,
					"seconds":	1.0003039836883545,
					"bytes":	847080,
					"bits_per_second":	6774580.63799061,
					"retransmits":	0,
					"snd_cwnd":	44888,
					"rtt":	29329,
					"rttvar":	253,
					"pmtu":	1500,
					"omitted":	false,
					"sender":	true
				}],
			"sum":	{
				"start":	58.000474,
				"end":	59.000778,
				"seconds":	1.0003039836883545,
				"bytes":	847080,
				"bits_per_second":	6774580.63799061,
				"retransmits":	0,
				"omitted":	false,
				"sender":	true
			}
		}, {
			"streams":	[{
					"socket":	5,
					"start":	59.000778,
					"end":	60.000575,
					"seconds":	0.999796986579895,
					"bytes":	1694160,
					"bits_per_second":	13556032.05643083,
					"retransmits":	0,
					"snd_cwnd":	43440,
					"rtt":	32557,
					"rttvar":	819,
					"pmtu":	1500,
					"omitted":	false,
					"sender":	true
				}],
			"sum":	{
				"start":	59.000778,
				"end":	60.000575,
				"seconds":	0.999796986579895,
				"bytes":	1694160,
				"bits_per_second":	13556032.05643083,
				"retransmits":	0,
				"omitted":	false,
				"sender":	true
			}
		}],
	"end":	{
		"streams":	[{
				"sender":	{
					"socket":	5,
					"start":	0,
					"end":	60.000575,
					"seconds":	60.000575,
					"bytes":	89904872,
					"bits_per_second":	11987201.38932002,
					"retransmits":	0,
					"max_snd_cwnd":	246160,
					"max_rtt":	183262,
					"min_rtt":	12995,
					"mean_rtt":	48902,
					"sender":	true
				},
				"receiver":	{
					"socket":	5,
					"start":	0,
					"end":	60.033242,
					"seconds":	60.000575,
					"bytes":	87687168,
					"bits_per_second":	11685148.438260255,
					"sender":	true
				}
			}],
		"sum_sent":	{
			"start":	0,
			"end":	60.000575,
			"seconds":	60.000575,
			"bytes":	89904872,
			"bits_per_second":	11987201.38932002,
			"retransmits":	0,
			"sender":	true
		},
		"sum_received":	{
			"start":	0,
			"end":	60.033242,
			"seconds":	60.033242,
			"bytes":	87687168,
			"bits_per_second":	11685148.438260255,
			"sender":	true
		},
		"cpu_utilization_percent":	{
			"host_total":	0.045560352068972368,
			"host_user":	0,
			"host_system":	0.04556201576632745,
			"remote_total":	1.4713074198036813,
			"remote_user":	0.0038778495385384036,
			"remote_system":	1.467429570265143
		},
		"sender_tcp_congestion":	"bbr",
		"receiver_tcp_congestion":	"cubic"
	}
}
