{
	"start":	{
		"connected":	[{
				"socket":	4,
				"local_host":	"192.168.179.135",
				"local_port":	41742,
				"remote_host":	"192.168.120.132",
				"remote_port":	5201
			}],
		"version":	"iperf 3.1.3",
		"system_info":	"Linux a 4.15.0-213-generic #224-Ubuntu SMP Mon Jun 19 13:30:12 UTC 2023 x86_64",
		"timestamp":	{
			"time":	"Mon, 05 May 2025 10:41:36 GMT",
			"timesecs":	1746441696
		},
		"connecting_to":	{
			"host":	"192.168.120.132",
			"port":	5201
		},
		"cookie":	"a.1746441696.076811.6814e94241c9f51d",
		"tcp_mss_default":	1448,
		"test_start":	{
			"protocol":	"TCP",
			"num_streams":	1,
			"blksize":	131072,
			"omit":	0,
			"duration":	60,
			"bytes":	0,
			"blocks":	0,
			"reverse":	0
		}
	},
	"intervals":	[{
			"streams":	[{
					"socket":	4,
					"start":	0,
					"end":	1.000708,
					"seconds":	1.000708,
					"bytes":	758752,
					"bits_per_second":	6065722.288940,
					"retransmits":	0,
					"snd_cwnd":	98464,
					"rtt":	257127,
					"omitted":	false
				}],
			"sum":	{
				"start":	0,
				"end":	1.000708,
				"seconds":	1.000708,
				"bytes":	758752,
				"bits_per_second":	6065722.288940,
				"retransmits":	0,
				"omitted":	false
			}
		}, {
			"streams":	[{
					"socket":	4,
					"start":	1.000708,
					"end":	2.000837,
					"seconds":	1.000129,
					"bytes":	390960,
					"bits_per_second":	3127276.629940,
					"retransmits":	0,
					"snd_cwnd":	112944,
					"rtt":	296611,
					"omitted":	false
				}],
			"sum":	{
				"start":	1.000708,
				"end":	2.000837,
				"seconds":	1.000129,
				"bytes":	390960,
				"bits_per_second":	3127276.629940,
				"retransmits":	0,
				"omitted":	false
			}
		}, {
			"streams":	[{
					"socket":	4,
					"start":	2.000837,
					"end":	3.000760,
					"seconds":	0.999923,
					"bytes":	456120,
					"bits_per_second":	3649241.025136,
					"retransmits":	0,
					"snd_cwnd":	130320,
					"rtt":	351257,
					"omitted":	false
				}],
			"sum":	{
				"start":	2.000837,
				"end":	3.000760,
				"seconds":	0.999923,
				"bytes":	456120,
				"bits_per_second":	3649241.025136,
				"retransmits":	0,
				"omitted":	false
			}
		}, {
			"streams":	[{
					"socket":	4,
					"start":	3.000760,
					"end":	4.000682,
					"seconds":	0.999922,
					"bytes":	521280,
					"bits_per_second":	4170565.149251,
					"retransmits":	0,
					"snd_cwnd":	152040,
					"rtt":	423159,
					"omitted":	false
				}],
			"sum":	{
				"start":	3.000760,
				"end":	4.000682,
				"seconds":	0.999922,
				"bytes":	521280,
				"bits_per_second":	4170565.149251,
				"retransmits":	0,
				"omitted":	false
			}
		}, {
			"streams":	[{
					"socket":	4,
					"start":	4.000682,
					"end":	5.000282,
					"seconds":	0.999600,
					"bytes":	390960,
					"bits_per_second":	3128931.034103,
					"retransmits":	0,
					"snd_cwnd":	166520,
					"rtt":	464089,
					"omitted":	false
				}],
			"sum":	{
				"start":	4.000682,
				"end":	5.000282,
				"seconds":	0.999600,
				"bytes":	390960,
				"bits_per_second":	3128931.034103,
				"retransmits":	0,
				"omitted":	false
			}
		}, {
			"streams":	[{
					"socket":	4,
					"start":	5.000282,
					"end":	6.000240,
					"seconds":	0.999958,
					"bytes":	456120,
					"bits_per_second":	3649113.992933,
					"retransmits":	0,
					"snd_cwnd":	183896,
					"rtt":	514039,
					"omitted":	false
				}],
			"sum":	{
				"start":	5.000282,
				"end":	6.000240,
				"seconds":	0.999958,
				"bytes":	456120,
				"bits_per_second":	3649113.992933,
				"retransmits":	0,
				"omitted":	false
			}
		}, {
			"streams":	[{
					"socket":	4,
					"start":	6.000240,
					"end":	7.000467,
					"seconds":	1.000227,
					"bytes":	586440,
					"bits_per_second":	4690454.268256,
					"retransmits":	0,
					"snd_cwnd":	230232,
					"rtt":	566155,
					"omitted":	false
				}],
			"sum":	{
				"start":	6.000240,
				"end":	7.000467,
				"seconds":	1.000227,
				"bytes":	586440,
				"bits_per_second":	4690454.268256,
				"retransmits":	0,
				"omitted":	false
			}
		}, {
			"streams":	[{
					"socket":	4,
					"start":	7.000467,
					"end":	8.001573,
					"seconds":	1.001106,
					"bytes":	521280,
					"bits_per_second":	4165633.703195,
					"retransmits":	0,
					"snd_cwnd":	275120,
					"rtt":	560198,
					"omitted":	false
				}],
			"sum":	{
				"start":	7.000467,
				"end":	8.001573,
				"seconds":	1.001106,
				"bytes":	521280,
				"bits_per_second":	4165633.703195,
				"retransmits":	0,
				"omitted":	false
			}
		}, {
			"streams":	[{
					"socket":	4,
					"start":	8.001573,
					"end":	9.000545,
					"seconds":	0.998972,
					"bytes":	1238040,
					"bits_per_second":	9914510.356767,
					"retransmits":	0,
					"snd_cwnd":	395304,
					"rtt":	680525,
					"omitted":	false
				}],
			"sum":	{
				"start":	8.001573,
				"end":	9.000545,
				"seconds":	0.998972,
				"bytes":	1238040,
				"bits_per_second":	9914510.356767,
				"retransmits":	0,
				"omitted":	false
			}
		}, {
			"streams":	[{
					"socket":	4,
					"start":	9.000545,
					"end":	10.001368,
					"seconds":	1.000823,
					"bytes":	847080,
					"bits_per_second":	6771067.269884,
					"retransmits":	0,
					"snd_cwnd":	479288,
					"rtt":	709576,
					"omitted":	false
				}],
			"sum":	{
				"start":	9.000545,
				"end":	10.001368,
				"seconds":	1.000823,
				"bytes":	847080,
				"bits_per_second":	6771067.269884,
				"retransmits":	0,
				"omitted":	false
			}
		}, {
			"streams":	[{
					"socket":	4,
					"start":	10.001368,
					"end":	11.000466,
					"seconds":	0.999098,
					"bytes":	1368360,
					"bits_per_second":	10956764.929298,
					"retransmits":	0,
					"snd_cwnd":	616848,
					"rtt":	738262,
					"omitted":	false
				}],
			"sum":	{
				"start":	10.001368,
				"end":	11.000466,
				"seconds":	0.999098,
				"bytes":	1368360,
				"bits_per_second":	10956764.929298,
				"retransmits":	0,
				"omitted":	false
			}
		}, {
			"streams":	[{
					"socket":	4,
					"start":	11.000466,
					"end":	12.000419,
					"seconds":	0.999953,
					"bytes":	1433520,
					"bits_per_second":	11468698.667116,
					"retransmits":	0,
					"snd_cwnd":	858664,
					"rtt":	912661,
					"omitted":	false
				}],
			"sum":	{
				"start":	11.000466,
				"end":	12.000419,
				"seconds":	0.999953,
				"bytes":	1433520,
				"bits_per_second":	11468698.667116,
				"retransmits":	0,
				"omitted":	false
			}
		}, {
			"streams":	[{
					"socket":	4,
					"start":	12.000419,
					"end":	13.001442,
					"seconds":	1.001023,
					"bytes":	912240,
					"bits_per_second":	7290461.463342,
					"retransmits":	0,
					"snd_cwnd":	1065728,
					"rtt":	813129,
					"omitted":	false
				}],
			"sum":	{
				"start":	12.000419,
				"end":	13.001442,
				"seconds":	1.001023,
				"bytes":	912240,
				"bits_per_second":	7290461.463342,
				"retransmits":	0,
				"omitted":	false
			}
		}, {
			"streams":	[{
					"socket":	4,
					"start":	13.001442,
					"end":	14.001208,
					"seconds":	0.999766,
					"bytes":	977400,
					"bits_per_second":	7821029.249786,
					"retransmits":	0,
					"snd_cwnd":	1280032,
					"rtt":	824728,
					"omitted":	false
				}],
			"sum":	{
				"start":	13.001442,
				"end":	14.001208,
				"seconds":	0.999766,
				"bytes":	977400,
				"bits_per_second":	7821029.249786,
				"retransmits":	0,
				"omitted":	false
			}
		}, {
			"streams":	[{
					"socket":	4,
					"start":	14.001208,
					"end":	15.001496,
					"seconds":	1.000288,
					"bytes":	1172880,
					"bits_per_second":	9380340.607893,
					"retransmits":	0,
					"snd_cwnd":	1587008,
					"rtt":	1136177,
					"omitted":	false
				}],
			"sum":	{
				"start":	14.001208,
				"end":	15.001496,
				"seconds":	1.000288,
				"bytes":	1172880,
				"bits_per_second":	9380340.607893,
				"retransmits":	0,
				"omitted":	false
			}
		}, {
			"streams":	[{
					"socket":	4,
					"start":	15.001496,
					"end":	16.000286,
					"seconds":	0.998790,
					"bytes":	1377048,
					"bits_per_second":	11029729.689338,
					"retransmits":	0,
					"snd_cwnd":	1957696,
					"rtt":	1105996,
					"omitted":	false
				}],
			"sum":	{
				"start":	15.001496,
				"end":	16.000286,
				"seconds":	0.998790,
				"bytes":	1377048,
				"bits_per_second":	11029729.689338,
				"retransmits":	0,
				"omitted":	false
			}
		}, {
			"streams":	[{
					"socket":	4,
					"start":	16.000286,
					"end":	17.001359,
					"seconds":	1.001073,
					"bytes":	716760,
					"bits_per_second":	5727933.228697,
					"retransmits":	88,
					"snd_cwnd":	1931632,
					"rtt":	1183395,
					"omitted":	false
				}],
			"sum":	{
				"start":	16.000286,
				"end":	17.001359,
				"seconds":	1.001073,
				"bytes":	716760,
				"bits_per_second":	5727933.228697,
				"retransmits":	88,
				"omitted":	false
			}
		}, {
			"streams":	[{
					"socket":	4,
					"start":	17.001359,
					"end":	18.001157,
					"seconds":	0.999798,
					"bytes":	130320,
					"bits_per_second":	1042770.577650,
					"retransmits":	62,
					"snd_cwnd":	1524744,
					"rtt":	1139109,
					"omitted":	false
				}],
			"sum":	{
				"start":	17.001359,
				"end":	18.001157,
				"seconds":	0.999798,
				"bytes":	130320,
				"bits_per_second":	1042770.577650,
				"retransmits":	62,
				"omitted":	false
			}
		}, {
			"streams":	[{
					"socket":	4,
					"start":	18.001157,
					"end":	19.000154,
					"seconds":	0.998997,
					"bytes":	2875728,
					"bits_per_second":	23028922.630310,
					"retransmits":	0,
					"snd_cwnd":	1539224,
					"rtt":	1105401,
					"omitted":	false
				}],
			"sum":	{
				"start":	18.001157,
				"end":	19.000154,
				"seconds":	0.998997,
				"bytes":	2875728,
				"bits_per_second":	23028922.630310,
				"retransmits":	0,
				"omitted":	false
			}
		}, {
			"streams":	[{
					"socket":	4,
					"start":	19.000154,
					"end":	20.001445,
					"seconds":	1.001291,
					"bytes":	1310720,
					"bits_per_second":	10472239.954873,
					"retransmits":	0,
					"snd_cwnd":	1649272,
					"rtt":	1055607,
					"omitted":	false
				}],
			"sum":	{
				"start":	19.000154,
				"end":	20.001445,
				"seconds":	1.001291,
				"bytes":	1310720,
				"bits_per_second":	10472239.954873,
				"retransmits":	0,
				"omitted":	false
			}
		}, {
			"streams":	[{
					"socket":	4,
					"start":	20.001445,
					"end":	21.001560,
					"seconds":	1.000115,
					"bytes":	253120,
					"bits_per_second":	2024727.322881,
					"retransmits":	133,
					"snd_cwnd":	1119304,
					"rtt":	1150314,
					"omitted":	false
				}],
			"sum":	{
				"start":	20.001445,
				"end":	21.001560,
				"seconds":	1.000115,
				"bytes":	253120,
				"bits_per_second":	2024727.322881,
				"retransmits":	133,
				"omitted":	false
			}
		}, {
			"streams":	[{
					"socket":	4,
					"start":	21.001560,
					"end":	22.000493,
					"seconds":	0.998933,
					"bytes":	2801880,
					"bits_per_second":	22438980.667746,
					"retransmits":	2,
					"snd_cwnd":	1158400,
					"rtt":	689086,
					"omitted":	false
				}],
			"sum":	{
				"start":	21.001560,
				"end":	22.000493,
				"seconds":	0.998933,
				"bytes":	2801880,
				"bits_per_second":	22438980.667746,
				"retransmits":	2,
				"omitted":	false
			}
		}, {
			"streams":	[{
					"socket":	4,
					"start":	22.000493,
					"end":	23.001317,
					"seconds":	1.000824,
					"bytes":	1172880,
					"bits_per_second":	9375314.978503,
					"retransmits":	0,
					"snd_cwnd":	1191704,
					"rtt":	1004395,
					"omitted":	false
				}],
			"sum":	{
				"start":	22.000493,
				"end":	23.001317,
				"seconds":	1.000824,
				"bytes":	1172880,
				"bits_per_second":	9375314.978503,
				"retransmits":	0,
				"omitted":	false
			}
		}, {
			"streams":	[{
					"socket":	4,
					"start":	23.001317,
					"end":	24.001399,
					"seconds":	1.000082,
					"bytes":	912240,
					"bits_per_second":	7297321.502944,
					"retransmits":	0,
					"snd_cwnd":	1233696,
					"rtt":	1011405,
					"omitted":	false
				}],
			"sum":	{
				"start":	23.001317,
				"end":	24.001399,
				"seconds":	1.000082,
				"bytes":	912240,
				"bits_per_second":	7297321.502944,
				"retransmits":	0,
				"omitted":	false
			}
		}, {
			"streams":	[{
					"socket":	4,
					"start":	24.001399,
					"end":	25.001323,
					"seconds":	0.999924,
					"bytes":	1172880,
					"bits_per_second":	9383753.686329,
					"retransmits":	0,
					"snd_cwnd":	1293064,
					"rtt":	1068109,
					"omitted":	false
				}],
			"sum":	{
				"start":	24.001399,
				"end":	25.001323,
				"seconds":	0.999924,
				"bytes":	1172880,
				"bits_per_second":	9383753.686329,
				"retransmits":	0,
				"omitted":	false
			}
		}, {
			"streams":	[{
					"socket":	4,
					"start":	25.001323,
					"end":	26.001364,
					"seconds":	1.000041,
					"bytes":	195480,
					"bits_per_second":	1563775.872686,
					"retransmits":	47,
					"snd_cwnd":	899208,
					"rtt":	1097711,
					"omitted":	false
				}],
			"sum":	{
				"start":	25.001323,
				"end":	26.001364,
				"seconds":	1.000041,
				"bytes":	195480,
				"bits_per_second":	1563775.872686,
				"retransmits":	47,
				"omitted":	false
			}
		}, {
			"streams":	[{
					"socket":	4,
					"start":	26.001364,
					"end":	27.000488,
					"seconds":	0.999124,
					"bytes":	2932200,
					"bits_per_second":	23478165.695945,
					"retransmits":	0,
					"snd_cwnd":	945544,
					"rtt":	763140,
					"omitted":	false
				}],
			"sum":	{
				"start":	26.001364,
				"end":	27.000488,
				"seconds":	0.999124,
				"bytes":	2932200,
				"bits_per_second":	23478165.695945,
				"retransmits":	0,
				"omitted":	false
			}
		}, {
			"streams":	[{
					"socket":	4,
					"start":	27.000488,
					"end":	28.001522,
					"seconds":	1.001034,
					"bytes":	977400,
					"bits_per_second":	7811123.131699,
					"retransmits":	0,
					"snd_cwnd":	990432,
					"rtt":	764733,
					"omitted":	false
				}],
			"sum":	{
				"start":	27.000488,
				"end":	28.001522,
				"seconds":	1.001034,
				"bytes":	977400,
				"bits_per_second":	7811123.131699,
				"retransmits":	0,
				"omitted":	false
			}
		}, {
			"streams":	[{
					"socket":	4,
					"start":	28.001522,
					"end":	29.001505,
					"seconds":	0.999983,
					"bytes":	977400,
					"bits_per_second":	7819334.227768,
					"retransmits":	0,
					"snd_cwnd":	1025184,
					"rtt":	749112,
					"omitted":	false
				}],
			"sum":	{
				"start":	28.001522,
				"end":	29.001505,
				"seconds":	0.999983,
				"bytes":	977400,
				"bits_per_second":	7819334.227768,
				"retransmits":	0,
				"omitted":	false
			}
		}, {
			"streams":	[{
					"socket":	4,
					"start":	29.001505,
					"end":	30.000255,
					"seconds":	0.998750,
					"bytes":	1563840,
					"bits_per_second":	12526378.331297,
					"retransmits":	0,
					"snd_cwnd":	1065728,
					"rtt":	804876,
					"omitted":	false
				}],
			"sum":	{
				"start":	29.001505,
				"end":	30.000255,
				"seconds":	0.998750,
				"bytes":	1563840,
				"bits_per_second":	12526378.331297,
				"retransmits":	0,
				"omitted":	false
			}
		}, {
			"streams":	[{
					"socket":	4,
					"start":	30.000255,
					"end":	31.000648,
					"seconds":	1.000393,
					"bytes":	1563840,
					"bits_per_second":	12505803.315452,
					"retransmits":	0,
					"snd_cwnd":	1086000,
					"rtt":	829401,
					"omitted":	false
				}],
			"sum":	{
				"start":	30.000255,
				"end":	31.000648,
				"seconds":	1.000393,
				"bytes":	1563840,
				"bits_per_second":	12505803.315452,
				"retransmits":	0,
				"omitted":	false
			}
		}, {
			"streams":	[{
					"socket":	4,
					"start":	31.000648,
					"end":	32.001557,
					"seconds":	1.000909,
					"bytes":	1107720,
					"bits_per_second":	8853713.288304,
					"retransmits":	0,
					"snd_cwnd":	1094688,
					"rtt":	851692,
					"omitted":	false
				}],
			"sum":	{
				"start":	31.000648,
				"end":	32.001557,
				"seconds":	1.000909,
				"bytes":	1107720,
				"bits_per_second":	8853713.288304,
				"retransmits":	0,
				"omitted":	false
			}
		}, {
			"streams":	[{
					"socket":	4,
					"start":	32.001557,
					"end":	33.001322,
					"seconds":	0.999765,
					"bytes":	1107720,
					"bits_per_second":	8863841.604953,
					"retransmits":	0,
					"snd_cwnd":	1097584,
					"rtt":	858413,
					"omitted":	false
				}],
			"sum":	{
				"start":	32.001557,
				"end":	33.001322,
				"seconds":	0.999765,
				"bytes":	1107720,
				"bits_per_second":	8863841.604953,
				"retransmits":	0,
				"omitted":	false
			}
		}, {
			"streams":	[{
					"socket":	4,
					"start":	33.001322,
					"end":	34.001300,
					"seconds":	0.999978,
					"bytes":	1107720,
					"bits_per_second":	8861956.495522,
					"retransmits":	0,
					"snd_cwnd":	1099032,
					"rtt":	867251,
					"omitted":	false
				}],
			"sum":	{
				"start":	33.001322,
				"end":	34.001300,
				"seconds":	0.999978,
				"bytes":	1107720,
				"bits_per_second":	8861956.495522,
				"retransmits":	0,
				"omitted":	false
			}
		}, {
			"streams":	[{
					"socket":	4,
					"start":	34.001300,
					"end":	35.001375,
					"seconds":	1.000075,
					"bytes":	1042560,
					"bits_per_second":	8339853.661541,
					"retransmits":	0,
					"snd_cwnd":	1100480,
					"rtt":	873829,
					"omitted":	false
				}],
			"sum":	{
				"start":	34.001300,
				"end":	35.001375,
				"seconds":	1.000075,
				"bytes":	1042560,
				"bits_per_second":	8339853.661541,
				"retransmits":	0,
				"omitted":	false
			}
		}, {
			"streams":	[{
					"socket":	4,
					"start":	35.001375,
					"end":	36.000398,
					"seconds":	0.999023,
					"bytes":	1629000,
					"bits_per_second":	13044745.229232,
					"retransmits":	0,
					"snd_cwnd":	1107720,
					"rtt":	874615,
					"omitted":	false
				}],
			"sum":	{
				"start":	35.001375,
				"end":	36.000398,
				"seconds":	0.999023,
				"bytes":	1629000,
				"bits_per_second":	13044745.229232,
				"retransmits":	0,
				"omitted":	false
			}
		}, {
			"streams":	[{
					"socket":	4,
					"start":	36.000398,
					"end":	37.000207,
					"seconds":	0.999809,
					"bytes":	1694160,
					"bits_per_second":	13555868.808755,
					"retransmits":	0,
					"snd_cwnd":	1125096,
					"rtt":	875101,
					"omitted":	false
				}],
			"sum":	{
				"start":	36.000398,
				"end":	37.000207,
				"seconds":	0.999809,
				"bytes":	1694160,
				"bits_per_second":	13555868.808755,
				"retransmits":	0,
				"omitted":	false
			}
		}, {
			"streams":	[{
					"socket":	4,
					"start":	37.000207,
					"end":	38.001238,
					"seconds":	1.001031,
					"bytes":	1107720,
					"bits_per_second":	8852633.625803,
					"retransmits":	0,
					"snd_cwnd":	1148264,
					"rtt":	882659,
					"omitted":	false
				}],
			"sum":	{
				"start":	37.000207,
				"end":	38.001238,
				"seconds":	1.001031,
				"bytes":	1107720,
				"bits_per_second":	8852633.625803,
				"retransmits":	0,
				"omitted":	false
			}
		}, {
			"streams":	[{
					"socket":	4,
					"start":	38.001238,
					"end":	39.001347,
					"seconds":	1.000109,
					"bytes":	1172880,
					"bits_per_second":	9382015.524161,
					"retransmits":	0,
					"snd_cwnd":	1185912,
					"rtt":	894145,
					"omitted":	false
				}],
			"sum":	{
				"start":	38.001238,
				"end":	39.001347,
				"seconds":	1.000109,
				"bytes":	1172880,
				"bits_per_second":	9382015.524161,
				"retransmits":	0,
				"omitted":	false
			}
		}, {
			"streams":	[{
					"socket":	4,
					"start":	39.001347,
					"end":	40.001284,
					"seconds":	0.999937,
					"bytes":	1107720,
					"bits_per_second":	8862319.929557,
					"retransmits":	0,
					"snd_cwnd":	1236592,
					"rtt":	910627,
					"omitted":	false
				}],
			"sum":	{
				"start":	39.001347,
				"end":	40.001284,
				"seconds":	0.999937,
				"bytes":	1107720,
				"bits_per_second":	8862319.929557,
				"retransmits":	0,
				"omitted":	false
			}
		}, {
			"streams":	[{
					"socket":	4,
					"start":	40.001284,
					"end":	41.001347,
					"seconds":	1.000063,
					"bytes":	1238040,
					"bits_per_second":	9903694.275450,
					"retransmits":	0,
					"snd_cwnd":	1306096,
					"rtt":	932714,
					"omitted":	false
				}],
			"sum":	{
				"start":	40.001284,
				"end":	41.001347,
				"seconds":	1.000063,
				"bytes":	1238040,
				"bits_per_second":	9903694.275450,
				"retransmits":	0,
				"omitted":	false
			}
		}, {
			"streams":	[{
					"socket":	4,
					"start":	41.001347,
					"end":	42.001617,
					"seconds":	1.000270,
					"bytes":	1238040,
					"bits_per_second":	9901647.645985,
					"retransmits":	0,
					"snd_cwnd":	1397320,
					"rtt":	957445,
					"omitted":	false
				}],
			"sum":	{
				"start":	41.001347,
				"end":	42.001617,
				"seconds":	1.000270,
				"bytes":	1238040,
				"bits_per_second":	9901647.645985,
				"retransmits":	0,
				"omitted":	false
			}
		}, {
			"streams":	[{
					"socket":	4,
					"start":	42.001617,
					"end":	43.001269,
					"seconds":	0.999652,
					"bytes":	1310720,
					"bits_per_second":	10489411.270975,
					"retransmits":	0,
					"snd_cwnd":	1518952,
					"rtt":	1001144,
					"omitted":	false
				}],
			"sum":	{
				"start":	42.001617,
				"end":	43.001269,
				"seconds":	0.999652,
				"bytes":	1310720,
				"bits_per_second":	10489411.270975,
				"retransmits":	0,
				"omitted":	false
			}
		}, {
			"streams":	[{
					"socket":	4,
					"start":	43.001269,
					"end":	44.001431,
					"seconds":	1.000162,
					"bytes":	253120,
					"bits_per_second":	2024631.757318,
					"retransmits":	64,
					"snd_cwnd":	1055592,
					"rtt":	1036790,
					"omitted":	false
				}],
			"sum":	{
				"start":	43.001269,
				"end":	44.001431,
				"seconds":	1.000162,
				"bytes":	253120,
				"bits_per_second":	2024631.757318,
				"retransmits":	64,
				"omitted":	false
			}
		}, {
			"streams":	[{
					"socket":	4,
					"start":	44.001431,
					"end":	45.000930,
					"seconds":	0.999499,
					"bytes":	2476080,
					"bits_per_second":	19818567.465974,
					"retransmits":	0,
					"snd_cwnd":	1070072,
					"rtt":	798328,
					"omitted":	false
				}],
			"sum":	{
				"start":	44.001431,
				"end":	45.000930,
				"seconds":	0.999499,
				"bytes":	2476080,
				"bits_per_second":	19818567.465974,
				"retransmits":	0,
				"omitted":	false
			}
		}, {
			"streams":	[{
					"socket":	4,
					"start":	45.000930,
					"end":	46.000380,
					"seconds":	0.999450,
					"bytes":	2085120,
					"bits_per_second":	16690140.105501,
					"retransmits":	0,
					"snd_cwnd":	1214872,
					"rtt":	712169,
					"omitted":	false
				}],
			"sum":	{
				"start":	45.000930,
				"end":	46.000380,
				"seconds":	0.999450,
				"bytes":	2085120,
				"bits_per_second":	16690140.105501,
				"retransmits":	0,
				"omitted":	false
			}
		}, {
			"streams":	[{
					"socket":	4,
					"start":	46.000380,
					"end":	47.001395,
					"seconds":	1.001015,
					"bytes":	1238040,
					"bits_per_second":	9894277.823588,
					"retransmits":	0,
					"snd_cwnd":	1287272,
					"rtt":	742756,
					"omitted":	false
				}],
			"sum":	{
				"start":	46.000380,
				"end":	47.001395,
				"seconds":	1.001015,
				"bytes":	1238040,
				"bits_per_second":	9894277.823588,
				"retransmits":	0,
				"omitted":	false
			}
		}, {
			"streams":	[{
					"socket":	4,
					"start":	47.001395,
					"end":	48.001364,
					"seconds":	0.999969,
					"bytes":	1310720,
					"bits_per_second":	10486085.010073,
					"retransmits":	0,
					"snd_cwnd":	1355328,
					"rtt":	805451,
					"omitted":	false
				}],
			"sum":	{
				"start":	47.001395,
				"end":	48.001364,
				"seconds":	0.999969,
				"bytes":	1310720,
				"bits_per_second":	10486085.010073,
				"retransmits":	0,
				"omitted":	false
			}
		}, {
			"streams":	[{
					"socket":	4,
					"start":	48.001364,
					"end":	49.000590,
					"seconds":	0.999226,
					"bytes":	2077600,
					"bits_per_second":	16633676.879890,
					"retransmits":	0,
					"snd_cwnd":	1429176,
					"rtt":	853845,
					"omitted":	false
				}],
			"sum":	{
				"start":	48.001364,
				"end":	49.000590,
				"seconds":	0.999226,
				"bytes":	2077600,
				"bits_per_second":	16633676.879890,
				"retransmits":	0,
				"omitted":	false
			}
		}, {
			"streams":	[{
					"socket":	4,
					"start":	49.000590,
					"end":	50.000551,
					"seconds":	0.999961,
					"bytes":	1889640,
					"bits_per_second":	15117707.507802,
					"retransmits":	0,
					"snd_cwnd":	1474064,
					"rtt":	885081,
					"omitted":	false
				}],
			"sum":	{
				"start":	49.000590,
				"end":	50.000551,
				"seconds":	0.999961,
				"bytes":	1889640,
				"bits_per_second":	15117707.507802,
				"retransmits":	0,
				"omitted":	false
			}
		}, {
			"streams":	[{
					"socket":	4,
					"start":	50.000551,
					"end":	51.000645,
					"seconds":	1.000094,
					"bytes":	1563840,
					"bits_per_second":	12509544.891880,
					"retransmits":	0,
					"snd_cwnd":	1497232,
					"rtt":	906811,
					"omitted":	false
				}],
			"sum":	{
				"start":	50.000551,
				"end":	51.000645,
				"seconds":	1.000094,
				"bytes":	1563840,
				"bits_per_second":	12509544.891880,
				"retransmits":	0,
				"omitted":	false
			}
		}, {
			"streams":	[{
					"socket":	4,
					"start":	51.000645,
					"end":	52.000497,
					"seconds":	0.999852,
					"bytes":	1498680,
					"bits_per_second":	11991215.394621,
					"retransmits":	0,
					"snd_cwnd":	1510264,
					"rtt":	935195,
					"omitted":	false
				}],
			"sum":	{
				"start":	51.000645,
				"end":	52.000497,
				"seconds":	0.999852,
				"bytes":	1498680,
				"bits_per_second":	11991215.394621,
				"retransmits":	0,
				"omitted":	false
			}
		}, {
			"streams":	[{
					"socket":	4,
					"start":	52.000497,
					"end":	53.000757,
					"seconds":	1.000260,
					"bytes":	1563840,
					"bits_per_second":	12507466.624449,
					"retransmits":	0,
					"snd_cwnd":	1516056,
					"rtt":	935616,
					"omitted":	false
				}],
			"sum":	{
				"start":	52.000497,
				"end":	53.000757,
				"seconds":	1.000260,
				"bytes":	1563840,
				"bits_per_second":	12507466.624449,
				"retransmits":	0,
				"omitted":	false
			}
		}, {
			"streams":	[{
					"socket":	4,
					"start":	53.000757,
					"end":	54.000841,
					"seconds":	1.000084,
					"bytes":	1498680,
					"bits_per_second":	11988433.890588,
					"retransmits":	0,
					"snd_cwnd":	1518952,
					"rtt":	947465,
					"omitted":	false
				}],
			"sum":	{
				"start":	53.000757,
				"end":	54.000841,
				"seconds":	1.000084,
				"bytes":	1498680,
				"bits_per_second":	11988433.890588,
				"retransmits":	0,
				"omitted":	false
			}
		}, {
			"streams":	[{
					"socket":	4,
					"start":	54.000841,
					"end":	55.000641,
					"seconds":	0.999800,
					"bytes":	1498680,
					"bits_per_second":	11991838.765737,
					"retransmits":	0,
					"snd_cwnd":	1520400,
					"rtt":	951469,
					"omitted":	false
				}],
			"sum":	{
				"start":	54.000841,
				"end":	55.000641,
				"seconds":	0.999800,
				"bytes":	1498680,
				"bits_per_second":	11991838.765737,
				"retransmits":	0,
				"omitted":	false
			}
		}, {
			"streams":	[{
					"socket":	4,
					"start":	55.000641,
					"end":	56.000527,
					"seconds":	0.999886,
					"bytes":	1498680,
					"bits_per_second":	11990806.521243,
					"retransmits":	0,
					"snd_cwnd":	1524744,
					"rtt":	954134,
					"omitted":	false
				}],
			"sum":	{
				"start":	55.000641,
				"end":	56.000527,
				"seconds":	0.999886,
				"bytes":	1498680,
				"bits_per_second":	11990806.521243,
				"retransmits":	0,
				"omitted":	false
			}
		}, {
			"streams":	[{
					"socket":	4,
					"start":	56.000527,
					"end":	57.000667,
					"seconds":	1.000140,
					"bytes":	1563840,
					"bits_per_second":	12508969.348400,
					"retransmits":	0,
					"snd_cwnd":	1531984,
					"rtt":	958200,
					"omitted":	false
				}],
			"sum":	{
				"start":	56.000527,
				"end":	57.000667,
				"seconds":	1.000140,
				"bytes":	1563840,
				"bits_per_second":	12508969.348400,
				"retransmits":	0,
				"omitted":	false
			}
		}, {
			"streams":	[{
					"socket":	4,
					"start":	57.000667,
					"end":	58.000951,
					"seconds":	1.000284,
					"bytes":	1498680,
					"bits_per_second":	11986033.629816,
					"retransmits":	0,
					"snd_cwnd":	1546464,
					"rtt":	967297,
					"omitted":	false
				}],
			"sum":	{
				"start":	57.000667,
				"end":	58.000951,
				"seconds":	1.000284,
				"bytes":	1498680,
				"bits_per_second":	11986033.629816,
				"retransmits":	0,
				"omitted":	false
			}
		}, {
			"streams":	[{
					"socket":	4,
					"start":	58.000951,
					"end":	59.000748,
					"seconds":	0.999797,
					"bytes":	1563840,
					"bits_per_second":	12513261.851782,
					"retransmits":	0,
					"snd_cwnd":	1573976,
					"rtt":	932278,
					"omitted":	false
				}],
			"sum":	{
				"start":	58.000951,
				"end":	59.000748,
				"seconds":	0.999797,
				"bytes":	1563840,
				"bits_per_second":	12513261.851782,
				"retransmits":	0,
				"omitted":	false
			}
		}, {
			"streams":	[{
					"socket":	4,
					"start":	59.000748,
					"end":	60.000255,
					"seconds":	0.999507,
					"bytes":	3127680,
					"bits_per_second":	25033782.897184,
					"retransmits":	0,
					"snd_cwnd":	1644928,
					"rtt":	580553,
					"omitted":	false
				}],
			"sum":	{
				"start":	59.000748,
				"end":	60.000255,
				"seconds":	0.999507,
				"bytes":	3127680,
				"bits_per_second":	25033782.897184,
				"retransmits":	0,
				"omitted":	false
			}
		}],
	"end":	{
		"streams":	[{
				"sender":	{
					"socket":	4,
					"start":	0,
					"end":	60.000255,
					"seconds":	60.000255,
					"bytes":	76035928,
					"bits_per_second":	10138080.668547,
					"retransmits":	396,
					"max_snd_cwnd":	1957696,
					"max_rtt":	1183395,
					"min_rtt":	257127,
					"mean_rtt":	840875
				},
				"receiver":	{
					"socket":	4,
					"start":	0,
					"end":	60.000255,
					"seconds":	60.000255,
					"bytes":	74186752,
					"bits_per_second":	9891524.915873
				}
			}],
		"sum_sent":	{
			"start":	0,
			"end":	60.000255,
			"seconds":	60.000255,
			"bytes":	76035928,
			"bits_per_second":	10138080.668547,
			"retransmits":	396
		},
		"sum_received":	{
			"start":	0,
			"end":	60.000255,
			"seconds":	60.000255,
			"bytes":	74186752,
			"bits_per_second":	9891524.915873
		},
		"cpu_utilization_percent":	{
			"host_total":	0.342989,
			"host_user":	0.060688,
			"host_system":	0.282301,
			"remote_total":	0.791279,
			"remote_user":	0,
			"remote_system":	0.791279
		}
	}
}
