{
	"start":	{
		"connected":	[{
				"socket":	4,
				"local_host":	"192.168.179.135",
				"local_port":	48976,
				"remote_host":	"192.168.120.132",
				"remote_port":	5201
			}],
		"version":	"iperf 3.1.3",
		"system_info":	"Linux a 4.15.0-213-generic #224-Ubuntu SMP Mon Jun 19 13:30:12 UTC 2023 x86_64",
		"timestamp":	{
			"time":	"Mon, 05 May 2025 10:44:55 GMT",
			"timesecs":	1746441895
		},
		"connecting_to":	{
			"host":	"192.168.120.132",
			"port":	5201
		},
		"cookie":	"a.1746441895.305784.45ac59111b49bedc",
		"tcp_mss_default":	1448,
		"test_start":	{
			"protocol":	"TCP",
			"num_streams":	1,
			"blksize":	131072,
			"omit":	0,
			"duration":	60,
			"bytes":	0,
			"blocks":	0,
			"reverse":	0
		}
	},
	"intervals":	[{
			"streams":	[{
					"socket":	4,
					"start":	0,
					"end":	1.000348,
					"seconds":	1.000348,
					"bytes":	6588400,
					"bits_per_second":	52688859.475604,
					"retransmits":	0,
					"snd_cwnd":	350416,
					"rtt":	69969,
					"omitted":	false
				}],
			"sum":	{
				"start":	0,
				"end":	1.000348,
				"seconds":	1.000348,
				"bytes":	6588400,
				"bits_per_second":	52688859.475604,
				"retransmits":	0,
				"omitted":	false
			}
		}, {
			"streams":	[{
					"socket":	4,
					"start":	1.000348,
					"end":	2.000250,
					"seconds":	0.999902,
					"bytes":	5994720,
					"bits_per_second":	47962459.843167,
					"retransmits":	0,
					"snd_cwnd":	584992,
					"rtt":	118874,
					"omitted":	false
				}],
			"sum":	{
				"start":	1.000348,
				"end":	2.000250,
				"seconds":	0.999902,
				"bytes":	5994720,
				"bits_per_second":	47962459.843167,
				"retransmits":	0,
				"omitted":	false
			}
		}, {
			"streams":	[{
					"socket":	4,
					"start":	2.000250,
					"end":	3.000413,
					"seconds":	1.000163,
					"bytes":	4756680,
					"bits_per_second":	38047235.321236,
					"retransmits":	0,
					"snd_cwnd":	794952,
					"rtt":	185898,
					"omitted":	false
				}],
			"sum":	{
				"start":	2.000250,
				"end":	3.000413,
				"seconds":	1.000163,
				"bytes":	4756680,
				"bits_per_second":	38047235.321236,
				"retransmits":	0,
				"omitted":	false
			}
		}, {
			"streams":	[{
					"socket":	4,
					"start":	3.000413,
					"end":	4.000320,
					"seconds":	0.999907,
					"bytes":	4039920,
					"bits_per_second":	32322365.438452,
					"retransmits":	0,
					"snd_cwnd":	999120,
					"rtt":	234439,
					"omitted":	false
				}],
			"sum":	{
				"start":	3.000413,
				"end":	4.000320,
				"seconds":	0.999907,
				"bytes":	4039920,
				"bits_per_second":	32322365.438452,
				"retransmits":	0,
				"omitted":	false
			}
		}, {
			"streams":	[{
					"socket":	4,
					"start":	4.000320,
					"end":	5.000665,
					"seconds":	1.000345,
					"bytes":	3909600,
					"bits_per_second":	31266013.485357,
					"retransmits":	0,
					"snd_cwnd":	1197496,
					"rtt":	294089,
					"omitted":	false
				}],
			"sum":	{
				"start":	4.000320,
				"end":	5.000665,
				"seconds":	1.000345,
				"bytes":	3909600,
				"bits_per_second":	31266013.485357,
				"retransmits":	0,
				"omitted":	false
			}
		}, {
			"streams":	[{
					"socket":	4,
					"start":	5.000665,
					"end":	6.000549,
					"seconds":	0.999884,
					"bytes":	3714120,
					"bits_per_second":	29716410.367892,
					"retransmits":	0,
					"snd_cwnd":	1387184,
					"rtt":	348885,
					"omitted":	false
				}],
			"sum":	{
				"start":	5.000665,
				"end":	6.000549,
				"seconds":	0.999884,
				"bytes":	3714120,
				"bits_per_second":	29716410.367892,
				"retransmits":	0,
				"omitted":	false
			}
		}, {
			"streams":	[{
					"socket":	4,
					"start":	6.000549,
					"end":	7.000511,
					"seconds":	0.999962,
					"bytes":	3779280,
					"bits_per_second":	30235386.179772,
					"retransmits":	0,
					"snd_cwnd":	1575424,
					"rtt":	396623,
					"omitted":	false
				}],
			"sum":	{
				"start":	6.000549,
				"end":	7.000511,
				"seconds":	0.999962,
				"bytes":	3779280,
				"bits_per_second":	30235386.179772,
				"retransmits":	0,
				"omitted":	false
			}
		}, {
			"streams":	[{
					"socket":	4,
					"start":	7.000511,
					"end":	8.000870,
					"seconds":	1.000359,
					"bytes":	3714120,
					"bits_per_second":	29702302.221059,
					"retransmits":	0,
					"snd_cwnd":	1765112,
					"rtt":	442323,
					"omitted":	false
				}],
			"sum":	{
				"start":	7.000511,
				"end":	8.000870,
				"seconds":	1.000359,
				"bytes":	3714120,
				"bits_per_second":	29702302.221059,
				"retransmits":	0,
				"omitted":	false
			}
		}, {
			"streams":	[{
					"socket":	4,
					"start":	8.000870,
					"end":	9.000334,
					"seconds":	0.999464,
					"bytes":	3714120,
					"bits_per_second":	29728893.645467,
					"retransmits":	0,
					"snd_cwnd":	1954800,
					"rtt":	494757,
					"omitted":	false
				}],
			"sum":	{
				"start":	8.000870,
				"end":	9.000334,
				"seconds":	0.999464,
				"bytes":	3714120,
				"bits_per_second":	29728893.645467,
				"retransmits":	0,
				"omitted":	false
			}
		}, {
			"streams":	[{
					"socket":	4,
					"start":	9.000334,
					"end":	10.000380,
					"seconds":	1.000046,
					"bytes":	3714120,
					"bits_per_second":	29711592.827421,
					"retransmits":	0,
					"snd_cwnd":	2141592,
					"rtt":	538396,
					"omitted":	false
				}],
			"sum":	{
				"start":	9.000334,
				"end":	10.000380,
				"seconds":	1.000046,
				"bytes":	3714120,
				"bits_per_second":	29711592.827421,
				"retransmits":	0,
				"omitted":	false
			}
		}, {
			"streams":	[{
					"socket":	4,
					"start":	10.000380,
					"end":	11.000654,
					"seconds":	1.000274,
					"bytes":	3710056,
					"bits_per_second":	29672312.404853,
					"retransmits":	0,
					"snd_cwnd":	2328384,
					"rtt":	595937,
					"omitted":	false
				}],
			"sum":	{
				"start":	10.000380,
				"end":	11.000654,
				"seconds":	1.000274,
				"bytes":	3710056,
				"bits_per_second":	29672312.404853,
				"retransmits":	0,
				"omitted":	false
			}
		}, {
			"streams":	[{
					"socket":	4,
					"start":	11.000654,
					"end":	12.000533,
					"seconds":	0.999879,
					"bytes":	3703096,
					"bits_per_second":	29628356.486933,
					"retransmits":	0,
					"snd_cwnd":	2516624,
					"rtt":	641646,
					"omitted":	false
				}],
			"sum":	{
				"start":	11.000654,
				"end":	12.000533,
				"seconds":	0.999879,
				"bytes":	3703096,
				"bits_per_second":	29628356.486933,
				"retransmits":	0,
				"omitted":	false
			}
		}, {
			"streams":	[{
					"socket":	4,
					"start":	12.000533,
					"end":	13.000403,
					"seconds":	0.999870,
					"bytes":	3076304,
					"bits_per_second":	24613630.248979,
					"retransmits":	0,
					"snd_cwnd":	2678800,
					"rtt":	740682,
					"omitted":	false
				}],
			"sum":	{
				"start":	12.000533,
				"end":	13.000403,
				"seconds":	0.999870,
				"bytes":	3076304,
				"bits_per_second":	24613630.248979,
				"retransmits":	0,
				"omitted":	false
			}
		}, {
			"streams":	[{
					"socket":	4,
					"start":	13.000403,
					"end":	14.003362,
					"seconds":	1.002959,
					"bytes":	2974944,
					"bits_per_second":	23729336.584914,
					"retransmits":	0,
					"snd_cwnd":	2845320,
					"rtt":	806401,
					"omitted":	false
				}],
			"sum":	{
				"start":	13.000403,
				"end":	14.003362,
				"seconds":	1.002959,
				"bytes":	2974944,
				"bits_per_second":	23729336.584914,
				"retransmits":	0,
				"omitted":	false
			}
		}, {
			"streams":	[{
					"socket":	4,
					"start":	14.003362,
					"end":	15.003780,
					"seconds":	1.000418,
					"bytes":	3250064,
					"bits_per_second":	25989649.683893,
					"retransmits":	0,
					"snd_cwnd":	3003152,
					"rtt":	749987,
					"omitted":	false
				}],
			"sum":	{
				"start":	14.003362,
				"end":	15.003780,
				"seconds":	1.000418,
				"bytes":	3250064,
				"bits_per_second":	25989649.683893,
				"retransmits":	0,
				"omitted":	false
			}
		}, {
			"streams":	[{
					"socket":	4,
					"start":	15.003780,
					"end":	16.003250,
					"seconds":	0.999470,
					"bytes":	3129880,
					"bits_per_second":	25052317.841225,
					"retransmits":	0,
					"snd_cwnd":	3152296,
					"rtt":	985531,
					"omitted":	false
				}],
			"sum":	{
				"start":	15.003780,
				"end":	16.003250,
				"seconds":	0.999470,
				"bytes":	3129880,
				"bits_per_second":	25052317.841225,
				"retransmits":	0,
				"omitted":	false
			}
		}, {
			"streams":	[{
					"socket":	4,
					"start":	16.003250,
					"end":	17.000686,
					"seconds":	0.997436,
					"bytes":	2734576,
					"bits_per_second":	21932842.786827,
					"retransmits":	0,
					"snd_cwnd":	3282616,
					"rtt":	1003976,
					"omitted":	false
				}],
			"sum":	{
				"start":	16.003250,
				"end":	17.000686,
				"seconds":	0.997436,
				"bytes":	2734576,
				"bits_per_second":	21932842.786827,
				"retransmits":	0,
				"omitted":	false
			}
		}, {
			"streams":	[{
					"socket":	4,
					"start":	17.000686,
					"end":	18.004757,
					"seconds":	1.004071,
					"bytes":	2282800,
					"bits_per_second":	18188355.255986,
					"retransmits":	0,
					"snd_cwnd":	3391216,
					"rtt":	1013583,
					"omitted":	false
				}],
			"sum":	{
				"start":	17.000686,
				"end":	18.004757,
				"seconds":	1.004071,
				"bytes":	2282800,
				"bits_per_second":	18188355.255986,
				"retransmits":	0,
				"omitted":	false
			}
		}, {
			"streams":	[{
					"socket":	4,
					"start":	18.004757,
					"end":	19.001468,
					"seconds":	0.996711,
					"bytes":	912240,
					"bits_per_second":	7322001.949447,
					"retransmits":	93,
					"snd_cwnd":	1239488,
					"rtt":	1171004,
					"omitted":	false
				}],
			"sum":	{
				"start":	18.004757,
				"end":	19.001468,
				"seconds":	0.996711,
				"bytes":	912240,
				"bits_per_second":	7322001.949447,
				"retransmits":	93,
				"omitted":	false
			}
		}, {
			"streams":	[{
					"socket":	4,
					"start":	19.001468,
					"end":	20.001605,
					"seconds":	1.000137,
					"bytes":	1172880,
					"bits_per_second":	9381756.085436,
					"retransmits":	658,
					"snd_cwnd":	1521848,
					"rtt":	993798,
					"omitted":	false
				}],
			"sum":	{
				"start":	19.001468,
				"end":	20.001605,
				"seconds":	1.000137,
				"bytes":	1172880,
				"bits_per_second":	9381756.085436,
				"retransmits":	658,
				"omitted":	false
			}
		}, {
			"streams":	[{
					"socket":	4,
					"start":	20.001605,
					"end":	21.000310,
					"seconds":	0.998705,
					"bytes":	1511016,
					"bits_per_second":	12103800.622008,
					"retransmits":	0,
					"snd_cwnd":	2408024,
					"rtt":	1121146,
					"omitted":	false
				}],
			"sum":	{
				"start":	20.001605,
				"end":	21.000310,
				"seconds":	0.998705,
				"bytes":	1511016,
				"bits_per_second":	12103800.622008,
				"retransmits":	0,
				"omitted":	false
			}
		}, {
			"streams":	[{
					"socket":	4,
					"start":	21.000310,
					"end":	22.000537,
					"seconds":	1.000227,
					"bytes":	1565288,
					"bits_per_second":	12519462.401440,
					"retransmits":	358,
					"snd_cwnd":	1757872,
					"rtt":	866733,
					"omitted":	false
				}],
			"sum":	{
				"start":	21.000310,
				"end":	22.000537,
				"seconds":	1.000227,
				"bytes":	1565288,
				"bits_per_second":	12519462.401440,
				"retransmits":	358,
				"omitted":	false
			}
		}, {
			"streams":	[{
					"socket":	4,
					"start":	22.000537,
					"end":	23.000598,
					"seconds":	1.000061,
					"bytes":	3441200,
					"bits_per_second":	27527919.829112,
					"retransmits":	64,
					"snd_cwnd":	1762216,
					"rtt":	717207,
					"omitted":	false
				}],
			"sum":	{
				"start":	22.000537,
				"end":	23.000598,
				"seconds":	1.000061,
				"bytes":	3441200,
				"bits_per_second":	27527919.829112,
				"retransmits":	64,
				"omitted":	false
			}
		}, {
			"streams":	[{
					"socket":	4,
					"start":	23.000598,
					"end":	24.000575,
					"seconds":	0.999977,
					"bytes":	1694160,
					"bits_per_second":	13553593.448564,
					"retransmits":	0,
					"snd_cwnd":	1821584,
					"rtt":	812830,
					"omitted":	false
				}],
			"sum":	{
				"start":	23.000598,
				"end":	24.000575,
				"seconds":	0.999977,
				"bytes":	1694160,
				"bits_per_second":	13553593.448564,
				"retransmits":	0,
				"omitted":	false
			}
		}, {
			"streams":	[{
					"socket":	4,
					"start":	24.000575,
					"end":	25.000380,
					"seconds":	0.999805,
					"bytes":	1772352,
					"bits_per_second":	14181581.782809,
					"retransmits":	0,
					"snd_cwnd":	1901224,
					"rtt":	984718,
					"omitted":	false
				}],
			"sum":	{
				"start":	24.000575,
				"end":	25.000380,
				"seconds":	0.999805,
				"bytes":	1772352,
				"bits_per_second":	14181581.782809,
				"retransmits":	0,
				"omitted":	false
			}
		}, {
			"streams":	[{
					"socket":	4,
					"start":	25.000380,
					"end":	26.000632,
					"seconds":	1.000252,
					"bytes":	1865024,
					"bits_per_second":	14916432.933034,
					"retransmits":	0,
					"snd_cwnd":	1976520,
					"rtt":	1033261,
					"omitted":	false
				}],
			"sum":	{
				"start":	25.000380,
				"end":	26.000632,
				"seconds":	1.000252,
				"bytes":	1865024,
				"bits_per_second":	14916432.933034,
				"retransmits":	0,
				"omitted":	false
			}
		}, {
			"streams":	[{
					"socket":	4,
					"start":	26.000632,
					"end":	27.001707,
					"seconds":	1.001075,
					"bytes":	1180120,
					"bits_per_second":	9430821.589778,
					"retransmits":	6,
					"snd_cwnd":	1327816,
					"rtt":	1075156,
					"omitted":	false
				}],
			"sum":	{
				"start":	26.000632,
				"end":	27.001707,
				"seconds":	1.001075,
				"bytes":	1180120,
				"bits_per_second":	9430821.589778,
				"retransmits":	6,
				"omitted":	false
			}
		}, {
			"streams":	[{
					"socket":	4,
					"start":	27.001707,
					"end":	28.001213,
					"seconds":	0.999506,
					"bytes":	1109168,
					"bits_per_second":	8877729.627696,
					"retransmits":	47,
					"snd_cwnd":	1242384,
					"rtt":	986500,
					"omitted":	false
				}],
			"sum":	{
				"start":	27.001707,
				"end":	28.001213,
				"seconds":	0.999506,
				"bytes":	1109168,
				"bits_per_second":	8877729.627696,
				"retransmits":	47,
				"omitted":	false
			}
		}, {
			"streams":	[{
					"socket":	4,
					"start":	28.001213,
					"end":	29.000527,
					"seconds":	0.999314,
					"bytes":	2788848,
					"bits_per_second":	22326098.146129,
					"retransmits":	0,
					"snd_cwnd":	1207632,
					"rtt":	770878,
					"omitted":	false
				}],
			"sum":	{
				"start":	28.001213,
				"end":	29.000527,
				"seconds":	0.999314,
				"bytes":	2788848,
				"bits_per_second":	22326098.146129,
				"retransmits":	0,
				"omitted":	false
			}
		}, {
			"streams":	[{
					"socket":	4,
					"start":	29.000527,
					"end":	30.000440,
					"seconds":	0.999913,
					"bytes":	2085120,
					"bits_per_second":	16682411.749870,
					"retransmits":	0,
					"snd_cwnd":	1017944,
					"rtt":	701947,
					"omitted":	false
				}],
			"sum":	{
				"start":	29.000527,
				"end":	30.000440,
				"seconds":	0.999913,
				"bytes":	2085120,
				"bits_per_second":	16682411.749870,
				"retransmits":	0,
				"omitted":	false
			}
		}, {
			"streams":	[{
					"socket":	4,
					"start":	30.000440,
					"end":	31.000703,
					"seconds":	1.000263,
					"bytes":	977400,
					"bits_per_second":	7817144.281067,
					"retransmits":	0,
					"snd_cwnd":	1061384,
					"rtt":	729314,
					"omitted":	false
				}],
			"sum":	{
				"start":	30.000440,
				"end":	31.000703,
				"seconds":	1.000263,
				"bytes":	977400,
				"bits_per_second":	7817144.281067,
				"retransmits":	0,
				"omitted":	false
			}
		}, {
			"streams":	[{
					"socket":	4,
					"start":	31.000703,
					"end":	32.000524,
					"seconds":	0.999821,
					"bytes":	1303200,
					"bits_per_second":	10427467.062512,
					"retransmits":	0,
					"snd_cwnd":	1112064,
					"rtt":	769544,
					"omitted":	false
				}],
			"sum":	{
				"start":	31.000703,
				"end":	32.000524,
				"seconds":	0.999821,
				"bytes":	1303200,
				"bits_per_second":	10427467.062512,
				"retransmits":	0,
				"omitted":	false
			}
		}, {
			"streams":	[{
					"socket":	4,
					"start":	32.000524,
					"end":	33.000592,
					"seconds":	1.000068,
					"bytes":	1954800,
					"bits_per_second":	15637337.453944,
					"retransmits":	0,
					"snd_cwnd":	1158400,
					"rtt":	798337,
					"omitted":	false
				}],
			"sum":	{
				"start":	32.000524,
				"end":	33.000592,
				"seconds":	1.000068,
				"bytes":	1954800,
				"bits_per_second":	15637337.453944,
				"retransmits":	0,
				"omitted":	false
			}
		}, {
			"streams":	[{
					"socket":	4,
					"start":	33.000592,
					"end":	34.001040,
					"seconds":	1.000448,
					"bytes":	1172880,
					"bits_per_second":	9378836.153076,
					"retransmits":	0,
					"snd_cwnd":	1174328,
					"rtt":	811062,
					"omitted":	false
				}],
			"sum":	{
				"start":	33.000592,
				"end":	34.001040,
				"seconds":	1.000448,
				"bytes":	1172880,
				"bits_per_second":	9378836.153076,
				"retransmits":	0,
				"omitted":	false
			}
		}, {
			"streams":	[{
					"socket":	4,
					"start":	34.001040,
					"end":	35.001619,
					"seconds":	1.000579,
					"bytes":	1172880,
					"bits_per_second":	9377611.485356,
					"retransmits":	0,
					"snd_cwnd":	1185912,
					"rtt":	821124,
					"omitted":	false
				}],
			"sum":	{
				"start":	34.001040,
				"end":	35.001619,
				"seconds":	1.000579,
				"bytes":	1172880,
				"bits_per_second":	9377611.485356,
				"retransmits":	0,
				"omitted":	false
			}
		}, {
			"streams":	[{
					"socket":	4,
					"start":	35.001619,
					"end":	36.001304,
					"seconds":	0.999685,
					"bytes":	1172880,
					"bits_per_second":	9385996.128332,
					"retransmits":	0,
					"snd_cwnd":	1191704,
					"rtt":	827149,
					"omitted":	false
				}],
			"sum":	{
				"start":	35.001619,
				"end":	36.001304,
				"seconds":	0.999685,
				"bytes":	1172880,
				"bits_per_second":	9385996.128332,
				"retransmits":	0,
				"omitted":	false
			}
		}, {
			"streams":	[{
					"socket":	4,
					"start":	36.001304,
					"end":	37.000207,
					"seconds":	0.998903,
					"bytes":	1954800,
					"bits_per_second":	15655573.598797,
					"retransmits":	0,
					"snd_cwnd":	1194600,
					"rtt":	829472,
					"omitted":	false
				}],
			"sum":	{
				"start":	36.001304,
				"end":	37.000207,
				"seconds":	0.998903,
				"bytes":	1954800,
				"bits_per_second":	15655573.598797,
				"retransmits":	0,
				"omitted":	false
			}
		}, {
			"streams":	[{
					"socket":	4,
					"start":	37.000207,
					"end":	38.000270,
					"seconds":	1.000063,
					"bytes":	1629000,
					"bits_per_second":	13031179.784903,
					"retransmits":	0,
					"snd_cwnd":	1196048,
					"rtt":	831917,
					"omitted":	false
				}],
			"sum":	{
				"start":	37.000207,
				"end":	38.000270,
				"seconds":	1.000063,
				"bytes":	1629000,
				"bits_per_second":	13031179.784903,
				"retransmits":	0,
				"omitted":	false
			}
		}, {
			"streams":	[{
					"socket":	4,
					"start":	38.000270,
					"end":	39.001604,
					"seconds":	1.001334,
					"bytes":	1172880,
					"bits_per_second":	9370540.149694,
					"retransmits":	0,
					"snd_cwnd":	1200392,
					"rtt":	840533,
					"omitted":	false
				}],
			"sum":	{
				"start":	38.000270,
				"end":	39.001604,
				"seconds":	1.001334,
				"bytes":	1172880,
				"bits_per_second":	9370540.149694,
				"retransmits":	0,
				"omitted":	false
			}
		}, {
			"streams":	[{
					"socket":	4,
					"start":	39.001604,
					"end":	40.001272,
					"seconds":	0.999668,
					"bytes":	1238040,
					"bits_per_second":	9907608.123729,
					"retransmits":	0,
					"snd_cwnd":	1209080,
					"rtt":	845126,
					"omitted":	false
				}],
			"sum":	{
				"start":	39.001604,
				"end":	40.001272,
				"seconds":	0.999668,
				"bytes":	1238040,
				"bits_per_second":	9907608.123729,
				"retransmits":	0,
				"omitted":	false
			}
		}, {
			"streams":	[{
					"socket":	4,
					"start":	40.001272,
					"end":	41.000708,
					"seconds":	0.999436,
					"bytes":	1172880,
					"bits_per_second":	9388335.944892,
					"retransmits":	0,
					"snd_cwnd":	1223560,
					"rtt":	850586,
					"omitted":	false
				}],
			"sum":	{
				"start":	40.001272,
				"end":	41.000708,
				"seconds":	0.999436,
				"bytes":	1172880,
				"bits_per_second":	9388335.944892,
				"retransmits":	0,
				"omitted":	false
			}
		}, {
			"streams":	[{
					"socket":	4,
					"start":	41.000708,
					"end":	42.000193,
					"seconds":	0.999485,
					"bytes":	1629000,
					"bits_per_second":	13038714.731173,
					"retransmits":	0,
					"snd_cwnd":	1262656,
					"rtt":	872618,
					"omitted":	false
				}],
			"sum":	{
				"start":	41.000708,
				"end":	42.000193,
				"seconds":	0.999485,
				"bytes":	1629000,
				"bits_per_second":	13038714.731173,
				"retransmits":	0,
				"omitted":	false
			}
		}, {
			"streams":	[{
					"socket":	4,
					"start":	42.000193,
					"end":	43.000273,
					"seconds":	1.000080,
					"bytes":	1694160,
					"bits_per_second":	13552197.582943,
					"retransmits":	0,
					"snd_cwnd":	1323472,
					"rtt":	901728,
					"omitted":	false
				}],
			"sum":	{
				"start":	42.000193,
				"end":	43.000273,
				"seconds":	1.000080,
				"bytes":	1694160,
				"bits_per_second":	13552197.582943,
				"retransmits":	0,
				"omitted":	false
			}
		}, {
			"streams":	[{
					"socket":	4,
					"start":	43.000273,
					"end":	44.000144,
					"seconds":	0.999871,
					"bytes":	1563840,
					"bits_per_second":	12512333.896522,
					"retransmits":	0,
					"snd_cwnd":	1403112,
					"rtt":	938135,
					"omitted":	false
				}],
			"sum":	{
				"start":	43.000273,
				"end":	44.000144,
				"seconds":	0.999871,
				"bytes":	1563840,
				"bits_per_second":	12512333.896522,
				"retransmits":	0,
				"omitted":	false
			}
		}, {
			"streams":	[{
					"socket":	4,
					"start":	44.000144,
					"end":	45.000266,
					"seconds":	1.000122,
					"bytes":	1433520,
					"bits_per_second":	11466760.248993,
					"retransmits":	0,
					"snd_cwnd":	1500128,
					"rtt":	991491,
					"omitted":	false
				}],
			"sum":	{
				"start":	44.000144,
				"end":	45.000266,
				"seconds":	1.000122,
				"bytes":	1433520,
				"bits_per_second":	11466760.248993,
				"retransmits":	0,
				"omitted":	false
			}
		}, {
			"streams":	[{
					"socket":	4,
					"start":	45.000266,
					"end":	46.000338,
					"seconds":	1.000072,
					"bytes":	651600,
					"bits_per_second":	5212424.692856,
					"retransmits":	28,
					"snd_cwnd":	1342296,
					"rtt":	1049303,
					"omitted":	false
				}],
			"sum":	{
				"start":	45.000266,
				"end":	46.000338,
				"seconds":	1.000072,
				"bytes":	651600,
				"bits_per_second":	5212424.692856,
				"retransmits":	28,
				"omitted":	false
			}
		}, {
			"streams":	[{
					"socket":	4,
					"start":	46.000338,
					"end":	47.001496,
					"seconds":	1.001158,
					"bytes":	521280,
					"bits_per_second":	4165416.451753,
					"retransmits":	35,
					"snd_cwnd":	1094688,
					"rtt":	1043991,
					"omitted":	false
				}],
			"sum":	{
				"start":	46.000338,
				"end":	47.001496,
				"seconds":	1.001158,
				"bytes":	521280,
				"bits_per_second":	4165416.451753,
				"retransmits":	35,
				"omitted":	false
			}
		}, {
			"streams":	[{
					"socket":	4,
					"start":	47.001496,
					"end":	48.000359,
					"seconds":	0.998863,
					"bytes":	2867040,
					"bits_per_second":	22962428.699433,
					"retransmits":	0,
					"snd_cwnd":	887624,
					"rtt":	796345,
					"omitted":	false
				}],
			"sum":	{
				"start":	47.001496,
				"end":	48.000359,
				"seconds":	0.998863,
				"bytes":	2867040,
				"bits_per_second":	22962428.699433,
				"retransmits":	0,
				"omitted":	false
			}
		}, {
			"streams":	[{
					"socket":	4,
					"start":	48.000359,
					"end":	49.000335,
					"seconds":	0.999976,
					"bytes":	977400,
					"bits_per_second":	7819386.428700,
					"retransmits":	0,
					"snd_cwnd":	770336,
					"rtt":	763804,
					"omitted":	false
				}],
			"sum":	{
				"start":	48.000359,
				"end":	49.000335,
				"seconds":	0.999976,
				"bytes":	977400,
				"bits_per_second":	7819386.428700,
				"retransmits":	0,
				"omitted":	false
			}
		}, {
			"streams":	[{
					"socket":	4,
					"start":	49.000335,
					"end":	50.001215,
					"seconds":	1.000880,
					"bytes":	781920,
					"bits_per_second":	6249860.104512,
					"retransmits":	0,
					"snd_cwnd":	802192,
					"rtt":	779851,
					"omitted":	false
				}],
			"sum":	{
				"start":	49.000335,
				"end":	50.001215,
				"seconds":	1.000880,
				"bytes":	781920,
				"bits_per_second":	6249860.104512,
				"retransmits":	0,
				"omitted":	false
			}
		}, {
			"streams":	[{
					"socket":	4,
					"start":	50.001215,
					"end":	51.001224,
					"seconds":	1.000009,
					"bytes":	1310720,
					"bits_per_second":	10485667.500816,
					"retransmits":	0,
					"snd_cwnd":	865904,
					"rtt":	854718,
					"omitted":	false
				}],
			"sum":	{
				"start":	50.001215,
				"end":	51.001224,
				"seconds":	1.000009,
				"bytes":	1310720,
				"bits_per_second":	10485667.500816,
				"retransmits":	0,
				"omitted":	false
			}
		}, {
			"streams":	[{
					"socket":	4,
					"start":	51.001224,
					"end":	52.000329,
					"seconds":	0.999105,
					"bytes":	1165360,
					"bits_per_second":	9331231.670191,
					"retransmits":	0,
					"snd_cwnd":	896312,
					"rtt":	897150,
					"omitted":	false
				}],
			"sum":	{
				"start":	51.001224,
				"end":	52.000329,
				"seconds":	0.999105,
				"bytes":	1165360,
				"bits_per_second":	9331231.670191,
				"retransmits":	0,
				"omitted":	false
			}
		}, {
			"streams":	[{
					"socket":	4,
					"start":	52.000329,
					"end":	53.000350,
					"seconds":	1.000021,
					"bytes":	847080,
					"bits_per_second":	6776497.823418,
					"retransmits":	0,
					"snd_cwnd":	913688,
					"rtt":	936879,
					"omitted":	false
				}],
			"sum":	{
				"start":	52.000329,
				"end":	53.000350,
				"seconds":	1.000021,
				"bytes":	847080,
				"bits_per_second":	6776497.823418,
				"retransmits":	0,
				"omitted":	false
			}
		}, {
			"streams":	[{
					"socket":	4,
					"start":	53.000350,
					"end":	54.000434,
					"seconds":	1.000084,
					"bytes":	912240,
					"bits_per_second":	7297305.845908,
					"retransmits":	0,
					"snd_cwnd":	923824,
					"rtt":	955964,
					"omitted":	false
				}],
			"sum":	{
				"start":	53.000350,
				"end":	54.000434,
				"seconds":	1.000084,
				"bytes":	912240,
				"bits_per_second":	7297305.845908,
				"retransmits":	0,
				"omitted":	false
			}
		}, {
			"streams":	[{
					"socket":	4,
					"start":	54.000434,
					"end":	55.001279,
					"seconds":	1.000845,
					"bytes":	912240,
					"bits_per_second":	7291758.788713,
					"retransmits":	0,
					"snd_cwnd":	928168,
					"rtt":	976980,
					"omitted":	false
				}],
			"sum":	{
				"start":	54.000434,
				"end":	55.001279,
				"seconds":	1.000845,
				"bytes":	912240,
				"bits_per_second":	7291758.788713,
				"retransmits":	0,
				"omitted":	false
			}
		}, {
			"streams":	[{
					"socket":	4,
					"start":	55.001279,
					"end":	56.001432,
					"seconds":	1.000153,
					"bytes":	977400,
					"bits_per_second":	7818003.339447,
					"retransmits":	0,
					"snd_cwnd":	929616,
					"rtt":	992086,
					"omitted":	false
				}],
			"sum":	{
				"start":	55.001279,
				"end":	56.001432,
				"seconds":	1.000153,
				"bytes":	977400,
				"bits_per_second":	7818003.339447,
				"retransmits":	0,
				"omitted":	false
			}
		}, {
			"streams":	[{
					"socket":	4,
					"start":	56.001432,
					"end":	57.000331,
					"seconds":	0.998899,
					"bytes":	65160,
					"bits_per_second":	521854.570753,
					"retransmits":	9,
					"snd_cwnd":	650152,
					"rtt":	996439,
					"omitted":	false
				}],
			"sum":	{
				"start":	56.001432,
				"end":	57.000331,
				"seconds":	0.998899,
				"bytes":	65160,
				"bits_per_second":	521854.570753,
				"retransmits":	9,
				"omitted":	false
			}
		}, {
			"streams":	[{
					"socket":	4,
					"start":	57.000331,
					"end":	58.000434,
					"seconds":	1.000103,
					"bytes":	1563840,
					"bits_per_second":	12509431.568251,
					"retransmits":	0,
					"snd_cwnd":	650152,
					"rtt":	929684,
					"omitted":	false
				}],
			"sum":	{
				"start":	57.000331,
				"end":	58.000434,
				"seconds":	1.000103,
				"bytes":	1563840,
				"bits_per_second":	12509431.568251,
				"retransmits":	0,
				"omitted":	false
			}
		}, {
			"streams":	[{
					"socket":	4,
					"start":	58.000434,
					"end":	59.001407,
					"seconds":	1.000973,
					"bytes":	651600,
					"bits_per_second":	5207732.947598,
					"retransmits":	0,
					"snd_cwnd":	693592,
					"rtt":	731643,
					"omitted":	false
				}],
			"sum":	{
				"start":	58.000434,
				"end":	59.001407,
				"seconds":	1.000973,
				"bytes":	651600,
				"bits_per_second":	5207732.947598,
				"retransmits":	0,
				"omitted":	false
			}
		}, {
			"streams":	[{
					"socket":	4,
					"start":	59.001407,
					"end":	60.000248,
					"seconds":	0.998841,
					"bytes":	1433520,
					"bits_per_second":	11481466.476723,
					"retransmits":	0,
					"snd_cwnd":	793504,
					"rtt":	739459,
					"omitted":	false
				}],
			"sum":	{
				"start":	59.001407,
				"end":	60.000248,
				"seconds":	0.998841,
				"bytes":	1433520,
				"bits_per_second":	11481466.476723,
				"retransmits":	0,
				"omitted":	false
			}
		}],
	"end":	{
		"streams":	[{
				"sender":	{
					"socket":	4,
					"start":	0,
					"end":	60.000248,
					"seconds":	60.000248,
					"bytes":	126764776,
					"bits_per_second":	16901900.217569,
					"retransmits":	1298,
					"max_snd_cwnd":	3391216,
					"max_rtt":	1171004,
					"min_rtt":	69969,
					"mean_rtt":	783326
				},
				"receiver":	{
					"socket":	4,
					"start":	0,
					"end":	60.000248,
					"seconds":	60.000248,
					"bytes":	123600896,
					"bits_per_second":	16480051.295907
				}
			}],
		"sum_sent":	{
			"start":	0,
			"end":	60.000248,
			"seconds":	60.000248,
			"bytes":	126764776,
			"bits_per_second":	16901900.217569,
			"retransmits":	1298
		},
		"sum_received":	{
			"start":	0,
			"end":	60.000248,
			"seconds":	60.000248,
			"bytes":	123600896,
			"bits_per_second":	16480051.295907
		},
		"cpu_utilization_percent":	{
			"host_total":	0.147257,
			"host_user":	0,
			"host_system":	0.147259,
			"remote_total":	1.200925,
			"remote_user":	0,
			"remote_system":	1.200926
		}
	}
}
