{
	"start":	{
		"connected":	[{
				"socket":	5,
				"local_host":	"192.168.179.133",
				"local_port":	51606,
				"remote_host":	"192.168.120.132",
				"remote_port":	5201
			}],
		"version":	"iperf 3.9",
		"system_info":	"Linux a 6.14.5-x64v3-xanmod1 #0~20250503.gdace042 SMP PREEMPT_DYNAMIC Sat May  3 00:40:10 UTC x86_64",
		"timestamp":	{
			"time":	"Mon, 05 May 2025 10:15:32 GMT",
			"timesecs":	1746440132
		},
		"connecting_to":	{
			"host":	"192.168.120.132",
			"port":	5201
		},
		"cookie":	"7ffax2ss7vq7osk25sbkpcwdtprv3ecsizzp",
		"tcp_mss_default":	1448,
		"sock_bufsize":	0,
		"sndbuf_actual":	65536,
		"rcvbuf_actual":	87380,
		"test_start":	{
			"protocol":	"TCP",
			"num_streams":	1,
			"blksize":	131072,
			"omit":	0,
			"duration":	60,
			"bytes":	0,
			"blocks":	0,
			"reverse":	0,
			"tos":	0
		}
	},
	"intervals":	[{
			"streams":	[{
					"socket":	5,
					"start":	0,
					"end":	1.000384,
					"seconds":	1.0003839731216431,
					"bytes":	5330088,
					"bits_per_second":	42624337.400110513,
					"retransmits":	0,
					"snd_cwnd":	130320,
					"rtt":	29802,
					"rttvar":	507,
					"pmtu":	1500,
					"omitted":	false,
					"sender":	true
				}],
			"sum":	{
				"start":	0,
				"end":	1.000384,
				"seconds":	1.0003839731216431,
				"bytes":	5330088,
				"bits_per_second":	42624337.400110513,
				"retransmits":	0,
				"omitted":	false,
				"sender":	true
			}
		}, {
			"streams":	[{
					"socket":	5,
					"start":	1.000384,
					"end":	2.00017,
					"seconds":	0.99978601932525635,
					"bytes":	4561200,
					"bits_per_second":	36497409.740362637,
					"retransmits":	0,
					"snd_cwnd":	127424,
					"rtt":	27847,
					"rttvar":	177,
					"pmtu":	1500,
					"omitted":	false,
					"sender":	true
				}],
			"sum":	{
				"start":	1.000384,
				"end":	2.00017,
				"seconds":	0.99978601932525635,
				"bytes":	4561200,
				"bits_per_second":	36497409.740362637,
				"retransmits":	0,
				"omitted":	false,
				"sender":	true
			}
		}, {
			"streams":	[{
					"socket":	5,
					"start":	2.00017,
					"end":	3.000484,
					"seconds":	1.0003139972686768,
					"bytes":	2736720,
					"bits_per_second":	21886887.577080961,
					"retransmits":	0,
					"snd_cwnd":	124528,
					"rtt":	62291,
					"rttvar":	388,
					"pmtu":	1500,
					"omitted":	false,
					"sender":	true
				}],
			"sum":	{
				"start":	2.00017,
				"end":	3.000484,
				"seconds":	1.0003139972686768,
				"bytes":	2736720,
				"bits_per_second":	21886887.577080961,
				"retransmits":	0,
				"omitted":	false,
				"sender":	true
			}
		}, {
			"streams":	[{
					"socket":	5,
					"start":	3.000484,
					"end":	4.000286,
					"seconds":	0.999801993370056,
					"bytes":	1824480,
					"bits_per_second":	14598730.645456566,
					"retransmits":	0,
					"snd_cwnd":	121632,
					"rtt":	71227,
					"rttvar":	1576,
					"pmtu":	1500,
					"omitted":	false,
					"sender":	true
				}],
			"sum":	{
				"start":	3.000484,
				"end":	4.000286,
				"seconds":	0.999801993370056,
				"bytes":	1824480,
				"bits_per_second":	14598730.645456566,
				"retransmits":	0,
				"omitted":	false,
				"sender":	true
			}
		}, {
			"streams":	[{
					"socket":	5,
					"start":	4.000286,
					"end":	5.000566,
					"seconds":	1.0002800226211548,
					"bytes":	1368360,
					"bits_per_second":	10943815.484102707,
					"retransmits":	0,
					"snd_cwnd":	121632,
					"rtt":	108876,
					"rttvar":	1356,
					"pmtu":	1500,
					"omitted":	false,
					"sender":	true
				}],
			"sum":	{
				"start":	4.000286,
				"end":	5.000566,
				"seconds":	1.0002800226211548,
				"bytes":	1368360,
				"bits_per_second":	10943815.484102707,
				"retransmits":	0,
				"omitted":	false,
				"sender":	true
			}
		}, {
			"streams":	[{
					"socket":	5,
					"start":	5.000566,
					"end":	6.000356,
					"seconds":	0.9997900128364563,
					"bytes":	912240,
					"bits_per_second":	7299452.7913870849,
					"retransmits":	0,
					"snd_cwnd":	121632,
					"rtt":	123903,
					"rttvar":	819,
					"pmtu":	1500,
					"omitted":	false,
					"sender":	true
				}],
			"sum":	{
				"start":	5.000566,
				"end":	6.000356,
				"seconds":	0.9997900128364563,
				"bytes":	912240,
				"bits_per_second":	7299452.7913870849,
				"retransmits":	0,
				"omitted":	false,
				"sender":	true
			}
		}, {
			"streams":	[{
					"socket":	5,
					"start":	6.000356,
					"end":	7.000665,
					"seconds":	1.0003089904785156,
					"bytes":	912240,
					"bits_per_second":	7295665.70876156,
					"retransmits":	0,
					"snd_cwnd":	121632,
					"rtt":	112438,
					"rttvar":	360,
					"pmtu":	1500,
					"omitted":	false,
					"sender":	true
				}],
			"sum":	{
				"start":	6.000356,
				"end":	7.000665,
				"seconds":	1.0003089904785156,
				"bytes":	912240,
				"bits_per_second":	7295665.70876156,
				"retransmits":	0,
				"omitted":	false,
				"sender":	true
			}
		}, {
			"streams":	[{
					"socket":	5,
					"start":	7.000665,
					"end":	8.000468,
					"seconds":	0.99980300664901733,
					"bytes":	912240,
					"bits_per_second":	7299357.924977663,
					"retransmits":	0,
					"snd_cwnd":	120184,
					"rtt":	143654,
					"rttvar":	1184,
					"pmtu":	1500,
					"omitted":	false,
					"sender":	true
				}],
			"sum":	{
				"start":	7.000665,
				"end":	8.000468,
				"seconds":	0.99980300664901733,
				"bytes":	912240,
				"bits_per_second":	7299357.924977663,
				"retransmits":	0,
				"omitted":	false,
				"sender":	true
			}
		}, {
			"streams":	[{
					"socket":	5,
					"start":	8.000468,
					"end":	9.000771,
					"seconds":	1.0003030300140381,
					"bytes":	912240,
					"bits_per_second":	7295709.18114442,
					"retransmits":	0,
					"snd_cwnd":	59368,
					"rtt":	79317,
					"rttvar":	12013,
					"pmtu":	1500,
					"omitted":	false,
					"sender":	true
				}],
			"sum":	{
				"start":	8.000468,
				"end":	9.000771,
				"seconds":	1.0003030300140381,
				"bytes":	912240,
				"bits_per_second":	7295709.18114442,
				"retransmits":	0,
				"omitted":	false,
				"sender":	true
			}
		}, {
			"streams":	[{
					"socket":	5,
					"start":	9.000771,
					"end":	10.00106,
					"seconds":	1.0002889633178711,
					"bytes":	456120,
					"bits_per_second":	3647905.88901103,
					"retransmits":	0,
					"snd_cwnd":	57920,
					"rtt":	130514,
					"rttvar":	191,
					"pmtu":	1500,
					"omitted":	false,
					"sender":	true
				}],
			"sum":	{
				"start":	9.000771,
				"end":	10.00106,
				"seconds":	1.0002889633178711,
				"bytes":	456120,
				"bits_per_second":	3647905.88901103,
				"retransmits":	0,
				"omitted":	false,
				"sender":	true
			}
		}, {
			"streams":	[{
					"socket":	5,
					"start":	10.00106,
					"end":	11.00085,
					"seconds":	0.9997900128364563,
					"bytes":	1889640,
					"bits_per_second":	15120295.067873247,
					"retransmits":	0,
					"snd_cwnd":	250504,
					"rtt":	167355,
					"rttvar":	117,
					"pmtu":	1500,
					"omitted":	false,
					"sender":	true
				}],
			"sum":	{
				"start":	10.00106,
				"end":	11.00085,
				"seconds":	0.9997900128364563,
				"bytes":	1889640,
				"bits_per_second":	15120295.067873247,
				"retransmits":	0,
				"omitted":	false,
				"sender":	true
			}
		}, {
			"streams":	[{
					"socket":	5,
					"start":	11.00085,
					"end":	12.00064,
					"seconds":	0.9997900128364563,
					"bytes":	1629000,
					"bits_per_second":	13034737.127476936,
					"retransmits":	0,
					"snd_cwnd":	205616,
					"rtt":	175969,
					"rttvar":	277,
					"pmtu":	1500,
					"omitted":	false,
					"sender":	true
				}],
			"sum":	{
				"start":	11.00085,
				"end":	12.00064,
				"seconds":	0.9997900128364563,
				"bytes":	1629000,
				"bits_per_second":	13034737.127476936,
				"retransmits":	0,
				"omitted":	false,
				"sender":	true
			}
		}, {
			"streams":	[{
					"socket":	5,
					"start":	12.00064,
					"end":	13.000432,
					"seconds":	0.999791979789734,
					"bytes":	1824480,
					"bits_per_second":	14598876.861434365,
					"retransmits":	0,
					"snd_cwnd":	205616,
					"rtt":	182200,
					"rttvar":	276,
					"pmtu":	1500,
					"omitted":	false,
					"sender":	true
				}],
			"sum":	{
				"start":	12.00064,
				"end":	13.000432,
				"seconds":	0.999791979789734,
				"bytes":	1824480,
				"bits_per_second":	14598876.861434365,
				"retransmits":	0,
				"omitted":	false,
				"sender":	true
			}
		}, {
			"streams":	[{
					"socket":	5,
					"start":	13.000432,
					"end":	14.000723,
					"seconds":	1.0002909898757935,
					"bytes":	912240,
					"bits_per_second":	7295796.996938047,
					"retransmits":	0,
					"snd_cwnd":	204168,
					"rtt":	163338,
					"rttvar":	2354,
					"pmtu":	1500,
					"omitted":	false,
					"sender":	true
				}],
			"sum":	{
				"start":	13.000432,
				"end":	14.000723,
				"seconds":	1.0002909898757935,
				"bytes":	912240,
				"bits_per_second":	7295796.996938047,
				"retransmits":	0,
				"omitted":	false,
				"sender":	true
			}
		}, {
			"streams":	[{
					"socket":	5,
					"start":	14.000723,
					"end":	15.001031,
					"seconds":	1.0003080368041992,
					"bytes":	912240,
					"bits_per_second":	7295672.6643080031,
					"retransmits":	0,
					"snd_cwnd":	47784,
					"rtt":	41002,
					"rttvar":	521,
					"pmtu":	1500,
					"omitted":	false,
					"sender":	true
				}],
			"sum":	{
				"start":	14.000723,
				"end":	15.001031,
				"seconds":	1.0003080368041992,
				"bytes":	912240,
				"bits_per_second":	7295672.6643080031,
				"retransmits":	0,
				"omitted":	false,
				"sender":	true
			}
		}, {
			"streams":	[{
					"socket":	5,
					"start":	15.001031,
					"end":	16.000302,
					"seconds":	0.9992709755897522,
					"bytes":	1824480,
					"bits_per_second":	14606488.486654775,
					"retransmits":	0,
					"snd_cwnd":	44888,
					"rtt":	34611,
					"rttvar":	186,
					"pmtu":	1500,
					"omitted":	false,
					"sender":	true
				}],
			"sum":	{
				"start":	15.001031,
				"end":	16.000302,
				"seconds":	0.9992709755897522,
				"bytes":	1824480,
				"bits_per_second":	14606488.486654775,
				"retransmits":	0,
				"omitted":	false,
				"sender":	true
			}
		}, {
			"streams":	[{
					"socket":	5,
					"start":	16.000302,
					"end":	17.000613,
					"seconds":	1.000311017036438,
					"bytes":	912240,
					"bits_per_second":	7295650.928269404,
					"retransmits":	0,
					"snd_cwnd":	46336,
					"rtt":	37515,
					"rttvar":	256,
					"pmtu":	1500,
					"omitted":	false,
					"sender":	true
				}],
			"sum":	{
				"start":	16.000302,
				"end":	17.000613,
				"seconds":	1.000311017036438,
				"bytes":	912240,
				"bits_per_second":	7295650.928269404,
				"retransmits":	0,
				"omitted":	false,
				"sender":	true
			}
		}, {
			"streams":	[{
					"socket":	5,
					"start":	17.000613,
					"end":	18.000393,
					"seconds":	0.999779999256134,
					"bytes":	1824480,
					"bits_per_second":	14599051.802256234,
					"retransmits":	0,
					"snd_cwnd":	52128,
					"rtt":	33601,
					"rttvar":	580,
					"pmtu":	1500,
					"omitted":	false,
					"sender":	true
				}],
			"sum":	{
				"start":	17.000613,
				"end":	18.000393,
				"seconds":	0.999779999256134,
				"bytes":	1824480,
				"bits_per_second":	14599051.802256234,
				"retransmits":	0,
				"omitted":	false,
				"sender":	true
			}
		}, {
			"streams":	[{
					"socket":	5,
					"start":	18.000393,
					"end":	19.000178,
					"seconds":	0.999785006046295,
					"bytes":	1824480,
					"bits_per_second":	14598978.692149078,
					"retransmits":	0,
					"snd_cwnd":	49232,
					"rtt":	34939,
					"rttvar":	326,
					"pmtu":	1500,
					"omitted":	false,
					"sender":	true
				}],
			"sum":	{
				"start":	18.000393,
				"end":	19.000178,
				"seconds":	0.999785006046295,
				"bytes":	1824480,
				"bits_per_second":	14598978.692149078,
				"retransmits":	0,
				"omitted":	false,
				"sender":	true
			}
		}, {
			"streams":	[{
					"socket":	5,
					"start":	19.000178,
					"end":	20.000489,
					"seconds":	1.000311017036438,
					"bytes":	912240,
					"bits_per_second":	7295650.928269404,
					"retransmits":	0,
					"snd_cwnd":	50680,
					"rtt":	34216,
					"rttvar":	402,
					"pmtu":	1500,
					"omitted":	false,
					"sender":	true
				}],
			"sum":	{
				"start":	19.000178,
				"end":	20.000489,
				"seconds":	1.000311017036438,
				"bytes":	912240,
				"bits_per_second":	7295650.928269404,
				"retransmits":	0,
				"omitted":	false,
				"sender":	true
			}
		}, {
			"streams":	[{
					"socket":	5,
					"start":	20.000489,
					"end":	21.000281,
					"seconds":	0.999791979789734,
					"bytes":	1824480,
					"bits_per_second":	14598876.861434365,
					"retransmits":	0,
					"snd_cwnd":	50680,
					"rtt":	32227,
					"rttvar":	236,
					"pmtu":	1500,
					"omitted":	false,
					"sender":	true
				}],
			"sum":	{
				"start":	20.000489,
				"end":	21.000281,
				"seconds":	0.999791979789734,
				"bytes":	1824480,
				"bits_per_second":	14598876.861434365,
				"retransmits":	0,
				"omitted":	false,
				"sender":	true
			}
		}, {
			"streams":	[{
					"socket":	5,
					"start":	21.000281,
					"end":	22.001104,
					"seconds":	1.0008230209350586,
					"bytes":	912240,
					"bits_per_second":	7291918.5983368261,
					"retransmits":	0,
					"snd_cwnd":	57920,
					"rtt":	32824,
					"rttvar":	459,
					"pmtu":	1500,
					"omitted":	false,
					"sender":	true
				}],
			"sum":	{
				"start":	21.000281,
				"end":	22.001104,
				"seconds":	1.0008230209350586,
				"bytes":	912240,
				"bits_per_second":	7291918.5983368261,
				"retransmits":	0,
				"omitted":	false,
				"sender":	true
			}
		}, {
			"streams":	[{
					"socket":	5,
					"start":	22.001104,
					"end":	23.000892,
					"seconds":	0.999787986278534,
					"bytes":	1824480,
					"bits_per_second":	14598935.174575804,
					"retransmits":	0,
					"snd_cwnd":	46336,
					"rtt":	34771,
					"rttvar":	712,
					"pmtu":	1500,
					"omitted":	false,
					"sender":	true
				}],
			"sum":	{
				"start":	22.001104,
				"end":	23.000892,
				"seconds":	0.999787986278534,
				"bytes":	1824480,
				"bits_per_second":	14598935.174575804,
				"retransmits":	0,
				"omitted":	false,
				"sender":	true
			}
		}, {
			"streams":	[{
					"socket":	5,
					"start":	23.000892,
					"end":	24.000161,
					"seconds":	0.99926900863647461,
					"bytes":	1824480,
					"bits_per_second":	14606517.237952128,
					"retransmits":	0,
					"snd_cwnd":	47784,
					"rtt":	31798,
					"rttvar":	906,
					"pmtu":	1500,
					"omitted":	false,
					"sender":	true
				}],
			"sum":	{
				"start":	23.000892,
				"end":	24.000161,
				"seconds":	0.99926900863647461,
				"bytes":	1824480,
				"bits_per_second":	14606517.237952128,
				"retransmits":	0,
				"omitted":	false,
				"sender":	true
			}
		}, {
			"streams":	[{
					"socket":	5,
					"start":	24.000161,
					"end":	25.000623,
					"seconds":	1.0004620552062988,
					"bytes":	912240,
					"bits_per_second":	7294549.5154187959,
					"retransmits":	0,
					"snd_cwnd":	46336,
					"rtt":	25665,
					"rttvar":	1908,
					"pmtu":	1500,
					"omitted":	false,
					"sender":	true
				}],
			"sum":	{
				"start":	24.000161,
				"end":	25.000623,
				"seconds":	1.0004620552062988,
				"bytes":	912240,
				"bits_per_second":	7294549.5154187959,
				"retransmits":	0,
				"omitted":	false,
				"sender":	true
			}
		}, {
			"streams":	[{
					"socket":	5,
					"start":	25.000623,
					"end":	26.000409,
					"seconds":	0.99978601932525635,
					"bytes":	1824480,
					"bits_per_second":	14598963.896145055,
					"retransmits":	0,
					"snd_cwnd":	44888,
					"rtt":	34552,
					"rttvar":	632,
					"pmtu":	1500,
					"omitted":	false,
					"sender":	true
				}],
			"sum":	{
				"start":	25.000623,
				"end":	26.000409,
				"seconds":	0.99978601932525635,
				"bytes":	1824480,
				"bits_per_second":	14598963.896145055,
				"retransmits":	0,
				"omitted":	false,
				"sender":	true
			}
		}, {
			"streams":	[{
					"socket":	5,
					"start":	26.000409,
					"end":	27.000719,
					"seconds":	1.000309944152832,
					"bytes":	912240,
					"bits_per_second":	7295658.75322838,
					"retransmits":	0,
					"snd_cwnd":	44888,
					"rtt":	30994,
					"rttvar":	244,
					"pmtu":	1500,
					"omitted":	false,
					"sender":	true
				}],
			"sum":	{
				"start":	26.000409,
				"end":	27.000719,
				"seconds":	1.000309944152832,
				"bytes":	912240,
				"bits_per_second":	7295658.75322838,
				"retransmits":	0,
				"omitted":	false,
				"sender":	true
			}
		}, {
			"streams":	[{
					"socket":	5,
					"start":	27.000719,
					"end":	28.000491,
					"seconds":	0.999772012233734,
					"bytes":	1824480,
					"bits_per_second":	14599168.431800105,
					"retransmits":	0,
					"snd_cwnd":	43440,
					"rtt":	32595,
					"rttvar":	547,
					"pmtu":	1500,
					"omitted":	false,
					"sender":	true
				}],
			"sum":	{
				"start":	27.000719,
				"end":	28.000491,
				"seconds":	0.999772012233734,
				"bytes":	1824480,
				"bits_per_second":	14599168.431800105,
				"retransmits":	0,
				"omitted":	false,
				"sender":	true
			}
		}, {
			"streams":	[{
					"socket":	5,
					"start":	28.000491,
					"end":	29.000806,
					"seconds":	1.0003149509429932,
					"bytes":	912240,
					"bits_per_second":	7295622.2368967673,
					"retransmits":	0,
					"snd_cwnd":	41992,
					"rtt":	33345,
					"rttvar":	462,
					"pmtu":	1500,
					"omitted":	false,
					"sender":	true
				}],
			"sum":	{
				"start":	28.000491,
				"end":	29.000806,
				"seconds":	1.0003149509429932,
				"bytes":	912240,
				"bits_per_second":	7295622.2368967673,
				"retransmits":	0,
				"omitted":	false,
				"sender":	true
			}
		}, {
			"streams":	[{
					"socket":	5,
					"start":	29.000806,
					"end":	30.001098,
					"seconds":	1.00029194355011,
					"bytes":	912240,
					"bits_per_second":	7295790.04115453,
					"retransmits":	0,
					"snd_cwnd":	10136,
					"rtt":	15603,
					"rttvar":	3178,
					"pmtu":	1500,
					"omitted":	false,
					"sender":	true
				}],
			"sum":	{
				"start":	29.000806,
				"end":	30.001098,
				"seconds":	1.00029194355011,
				"bytes":	912240,
				"bits_per_second":	7295790.04115453,
				"retransmits":	0,
				"omitted":	false,
				"sender":	true
			}
		}, {
			"streams":	[{
					"socket":	5,
					"start":	30.001098,
					"end":	31.000379,
					"seconds":	0.99928098917007446,
					"bytes":	1824480,
					"bits_per_second":	14606342.118168561,
					"retransmits":	0,
					"snd_cwnd":	43440,
					"rtt":	31317,
					"rttvar":	116,
					"pmtu":	1500,
					"omitted":	false,
					"sender":	true
				}],
			"sum":	{
				"start":	30.001098,
				"end":	31.000379,
				"seconds":	0.99928098917007446,
				"bytes":	1824480,
				"bits_per_second":	14606342.118168561,
				"retransmits":	0,
				"omitted":	false,
				"sender":	true
			}
		}, {
			"streams":	[{
					"socket":	5,
					"start":	31.000379,
					"end":	32.000701,
					"seconds":	1.0003219842910767,
					"bytes":	912240,
					"bits_per_second":	7295570.94076264,
					"retransmits":	0,
					"snd_cwnd":	47784,
					"rtt":	34900,
					"rttvar":	661,
					"pmtu":	1500,
					"omitted":	false,
					"sender":	true
				}],
			"sum":	{
				"start":	31.000379,
				"end":	32.000701,
				"seconds":	1.0003219842910767,
				"bytes":	912240,
				"bits_per_second":	7295570.94076264,
				"retransmits":	0,
				"omitted":	false,
				"sender":	true
			}
		}, {
			"streams":	[{
					"socket":	5,
					"start":	32.000701,
					"end":	33.000496,
					"seconds":	0.99979501962661743,
					"bytes":	1824480,
					"bits_per_second":	14598832.474131497,
					"retransmits":	0,
					"snd_cwnd":	50680,
					"rtt":	33769,
					"rttvar":	406,
					"pmtu":	1500,
					"omitted":	false,
					"sender":	true
				}],
			"sum":	{
				"start":	32.000701,
				"end":	33.000496,
				"seconds":	0.99979501962661743,
				"bytes":	1824480,
				"bits_per_second":	14598832.474131497,
				"retransmits":	0,
				"omitted":	false,
				"sender":	true
			}
		}, {
			"streams":	[{
					"socket":	5,
					"start":	33.000496,
					"end":	34.000272,
					"seconds":	0.999776005744934,
					"bytes":	1824480,
					"bits_per_second":	14599110.116795236,
					"retransmits":	0,
					"snd_cwnd":	50680,
					"rtt":	30449,
					"rttvar":	198,
					"pmtu":	1500,
					"omitted":	false,
					"sender":	true
				}],
			"sum":	{
				"start":	33.000496,
				"end":	34.000272,
				"seconds":	0.999776005744934,
				"bytes":	1824480,
				"bits_per_second":	14599110.116795236,
				"retransmits":	0,
				"omitted":	false,
				"sender":	true
			}
		}, {
			"streams":	[{
					"socket":	5,
					"start":	34.000272,
					"end":	35.000576,
					"seconds":	1.0003039836883545,
					"bytes":	1824480,
					"bits_per_second":	14591404.451056696,
					"retransmits":	0,
					"snd_cwnd":	60816,
					"rtt":	31704,
					"rttvar":	359,
					"pmtu":	1500,
					"omitted":	false,
					"sender":	true
				}],
			"sum":	{
				"start":	34.000272,
				"end":	35.000576,
				"seconds":	1.0003039836883545,
				"bytes":	1824480,
				"bits_per_second":	14591404.451056696,
				"retransmits":	0,
				"omitted":	false,
				"sender":	true
			}
		}, {
			"streams":	[{
					"socket":	5,
					"start":	35.000576,
					"end":	36.00067,
					"seconds":	1.0000940561294556,
					"bytes":	912240,
					"bits_per_second":	7297233.650447106,
					"retransmits":	0,
					"snd_cwnd":	59368,
					"rtt":	31685,
					"rttvar":	294,
					"pmtu":	1500,
					"omitted":	false,
					"sender":	true
				}],
			"sum":	{
				"start":	35.000576,
				"end":	36.00067,
				"seconds":	1.0000940561294556,
				"bytes":	912240,
				"bits_per_second":	7297233.650447106,
				"retransmits":	0,
				"omitted":	false,
				"sender":	true
			}
		}, {
			"streams":	[{
					"socket":	5,
					"start":	36.00067,
					"end":	37.000989,
					"seconds":	1.0003190040588379,
					"bytes":	1824480,
					"bits_per_second":	14591185.352649249,
					"retransmits":	0,
					"snd_cwnd":	55024,
					"rtt":	28902,
					"rttvar":	267,
					"pmtu":	1500,
					"omitted":	false,
					"sender":	true
				}],
			"sum":	{
				"start":	36.00067,
				"end":	37.000989,
				"seconds":	1.0003190040588379,
				"bytes":	1824480,
				"bits_per_second":	14591185.352649249,
				"retransmits":	0,
				"omitted":	false,
				"sender":	true
			}
		}, {
			"streams":	[{
					"socket":	5,
					"start":	37.000989,
					"end":	38.000776,
					"seconds":	0.99978697299957275,
					"bytes":	1824480,
					"bits_per_second":	14598949.970521608,
					"retransmits":	0,
					"snd_cwnd":	70952,
					"rtt":	35189,
					"rttvar":	351,
					"pmtu":	1500,
					"omitted":	false,
					"sender":	true
				}],
			"sum":	{
				"start":	37.000989,
				"end":	38.000776,
				"seconds":	0.99978697299957275,
				"bytes":	1824480,
				"bits_per_second":	14598949.970521608,
				"retransmits":	0,
				"omitted":	false,
				"sender":	true
			}
		}, {
			"streams":	[{
					"socket":	5,
					"start":	38.000776,
					"end":	39.000557,
					"seconds":	0.99978101253509521,
					"bytes":	1824480,
					"bits_per_second":	14599037.006104019,
					"retransmits":	0,
					"snd_cwnd":	57920,
					"rtt":	31221,
					"rttvar":	605,
					"pmtu":	1500,
					"omitted":	false,
					"sender":	true
				}],
			"sum":	{
				"start":	38.000776,
				"end":	39.000557,
				"seconds":	0.99978101253509521,
				"bytes":	1824480,
				"bits_per_second":	14599037.006104019,
				"retransmits":	0,
				"omitted":	false,
				"sender":	true
			}
		}, {
			"streams":	[{
					"socket":	5,
					"start":	39.000557,
					"end":	40.000863,
					"seconds":	1.0003060102462769,
					"bytes":	1824480,
					"bits_per_second":	14591374.889776461,
					"retransmits":	0,
					"snd_cwnd":	55024,
					"rtt":	20959,
					"rttvar":	331,
					"pmtu":	1500,
					"omitted":	false,
					"sender":	true
				}],
			"sum":	{
				"start":	39.000557,
				"end":	40.000863,
				"seconds":	1.0003060102462769,
				"bytes":	1824480,
				"bits_per_second":	14591374.889776461,
				"retransmits":	0,
				"omitted":	false,
				"sender":	true
			}
		}, {
			"streams":	[{
					"socket":	5,
					"start":	40.000863,
					"end":	41.000637,
					"seconds":	0.99977397918701172,
					"bytes":	1824480,
					"bits_per_second":	14599139.709426055,
					"retransmits":	0,
					"snd_cwnd":	59368,
					"rtt":	33256,
					"rttvar":	460,
					"pmtu":	1500,
					"omitted":	false,
					"sender":	true
				}],
			"sum":	{
				"start":	40.000863,
				"end":	41.000637,
				"seconds":	0.99977397918701172,
				"bytes":	1824480,
				"bits_per_second":	14599139.709426055,
				"retransmits":	0,
				"omitted":	false,
				"sender":	true
			}
		}, {
			"streams":	[{
					"socket":	5,
					"start":	41.000637,
					"end":	42.000434,
					"seconds":	0.999796986579895,
					"bytes":	1824480,
					"bits_per_second":	14598803.753079355,
					"retransmits":	0,
					"snd_cwnd":	49232,
					"rtt":	31992,
					"rttvar":	238,
					"pmtu":	1500,
					"omitted":	false,
					"sender":	true
				}],
			"sum":	{
				"start":	41.000637,
				"end":	42.000434,
				"seconds":	0.999796986579895,
				"bytes":	1824480,
				"bits_per_second":	14598803.753079355,
				"retransmits":	0,
				"omitted":	false,
				"sender":	true
			}
		}, {
			"streams":	[{
					"socket":	5,
					"start":	42.000434,
					"end":	43.000757,
					"seconds":	1.0003230571746826,
					"bytes":	912240,
					"bits_per_second":	7295563.11599203,
					"retransmits":	0,
					"snd_cwnd":	49232,
					"rtt":	32313,
					"rttvar":	339,
					"pmtu":	1500,
					"omitted":	false,
					"sender":	true
				}],
			"sum":	{
				"start":	42.000434,
				"end":	43.000757,
				"seconds":	1.0003230571746826,
				"bytes":	912240,
				"bits_per_second":	7295563.11599203,
				"retransmits":	0,
				"omitted":	false,
				"sender":	true
			}
		}, {
			"streams":	[{
					"socket":	5,
					"start":	43.000757,
					"end":	44.00054,
					"seconds":	0.9997829794883728,
					"bytes":	1824480,
					"bits_per_second":	14599008.284247097,
					"retransmits":	0,
					"snd_cwnd":	56472,
					"rtt":	34112,
					"rttvar":	1381,
					"pmtu":	1500,
					"omitted":	false,
					"sender":	true
				}],
			"sum":	{
				"start":	43.000757,
				"end":	44.00054,
				"seconds":	0.9997829794883728,
				"bytes":	1824480,
				"bits_per_second":	14599008.284247097,
				"retransmits":	0,
				"omitted":	false,
				"sender":	true
			}
		}, {
			"streams":	[{
					"socket":	5,
					"start":	44.00054,
					"end":	45.000327,
					"seconds":	0.99978697299957275,
					"bytes":	1824480,
					"bits_per_second":	14598949.970521608,
					"retransmits":	0,
					"snd_cwnd":	49232,
					"rtt":	28086,
					"rttvar":	445,
					"pmtu":	1500,
					"omitted":	false,
					"sender":	true
				}],
			"sum":	{
				"start":	44.00054,
				"end":	45.000327,
				"seconds":	0.99978697299957275,
				"bytes":	1824480,
				"bits_per_second":	14598949.970521608,
				"retransmits":	0,
				"omitted":	false,
				"sender":	true
			}
		}, {
			"streams":	[{
					"socket":	5,
					"start":	45.000327,
					"end":	46.001056,
					"seconds":	1.000728964805603,
					"bytes":	912240,
					"bits_per_second":	7292603.94838043,
					"retransmits":	0,
					"snd_cwnd":	50680,
					"rtt":	22781,
					"rttvar":	1037,
					"pmtu":	1500,
					"omitted":	false,
					"sender":	true
				}],
			"sum":	{
				"start":	45.000327,
				"end":	46.001056,
				"seconds":	1.000728964805603,
				"bytes":	912240,
				"bits_per_second":	7292603.94838043,
				"retransmits":	0,
				"omitted":	false,
				"sender":	true
			}
		}, {
			"streams":	[{
					"socket":	5,
					"start":	46.001056,
					"end":	47.000835,
					"seconds":	0.999778985977173,
					"bytes":	1824480,
					"bits_per_second":	14599066.598438442,
					"retransmits":	0,
					"snd_cwnd":	53576,
					"rtt":	30599,
					"rttvar":	152,
					"pmtu":	1500,
					"omitted":	false,
					"sender":	true
				}],
			"sum":	{
				"start":	46.001056,
				"end":	47.000835,
				"seconds":	0.999778985977173,
				"bytes":	1824480,
				"bits_per_second":	14599066.598438442,
				"retransmits":	0,
				"omitted":	false,
				"sender":	true
			}
		}, {
			"streams":	[{
					"socket":	5,
					"start":	47.000835,
					"end":	48.000636,
					"seconds":	0.999800980091095,
					"bytes":	1824480,
					"bits_per_second":	14598745.440987794,
					"retransmits":	0,
					"snd_cwnd":	43440,
					"rtt":	29904,
					"rttvar":	787,
					"pmtu":	1500,
					"omitted":	false,
					"sender":	true
				}],
			"sum":	{
				"start":	47.000835,
				"end":	48.000636,
				"seconds":	0.999800980091095,
				"bytes":	1824480,
				"bits_per_second":	14598745.440987794,
				"retransmits":	0,
				"omitted":	false,
				"sender":	true
			}
		}, {
			"streams":	[{
					"socket":	5,
					"start":	48.000636,
					"end":	49.000922,
					"seconds":	1.0002859830856323,
					"bytes":	912240,
					"bits_per_second":	7295833.5150191151,
					"retransmits":	0,
					"snd_cwnd":	50680,
					"rtt":	33415,
					"rttvar":	309,
					"pmtu":	1500,
					"omitted":	false,
					"sender":	true
				}],
			"sum":	{
				"start":	48.000636,
				"end":	49.000922,
				"seconds":	1.0002859830856323,
				"bytes":	912240,
				"bits_per_second":	7295833.5150191151,
				"retransmits":	0,
				"omitted":	false,
				"sender":	true
			}
		}, {
			"streams":	[{
					"socket":	5,
					"start":	49.000922,
					"end":	50.000723,
					"seconds":	0.999800980091095,
					"bytes":	1824480,
					"bits_per_second":	14598745.440987794,
					"retransmits":	0,
					"snd_cwnd":	52128,
					"rtt":	31564,
					"rttvar":	285,
					"pmtu":	1500,
					"omitted":	false,
					"sender":	true
				}],
			"sum":	{
				"start":	49.000922,
				"end":	50.000723,
				"seconds":	0.999800980091095,
				"bytes":	1824480,
				"bits_per_second":	14598745.440987794,
				"retransmits":	0,
				"omitted":	false,
				"sender":	true
			}
		}, {
			"streams":	[{
					"socket":	5,
					"start":	50.000723,
					"end":	51.000371,
					"seconds":	0.99964797496795654,
					"bytes":	1824480,
					"bits_per_second":	14600979.910420831,
					"retransmits":	0,
					"snd_cwnd":	11584,
					"rtt":	12985,
					"rttvar":	236,
					"pmtu":	1500,
					"omitted":	false,
					"sender":	true
				}],
			"sum":	{
				"start":	50.000723,
				"end":	51.000371,
				"seconds":	0.99964797496795654,
				"bytes":	1824480,
				"bits_per_second":	14600979.910420831,
				"retransmits":	0,
				"omitted":	false,
				"sender":	true
			}
		}, {
			"streams":	[{
					"socket":	5,
					"start":	51.000371,
					"end":	52.000748,
					"seconds":	1.0003770589828491,
					"bytes":	912240,
					"bits_per_second":	7295169.2908874657,
					"retransmits":	0,
					"snd_cwnd":	52128,
					"rtt":	32391,
					"rttvar":	296,
					"pmtu":	1500,
					"omitted":	false,
					"sender":	true
				}],
			"sum":	{
				"start":	51.000371,
				"end":	52.000748,
				"seconds":	1.0003770589828491,
				"bytes":	912240,
				"bits_per_second":	7295169.2908874657,
				"retransmits":	0,
				"omitted":	false,
				"sender":	true
			}
		}, {
			"streams":	[{
					"socket":	5,
					"start":	52.000748,
					"end":	53.000538,
					"seconds":	0.9997900128364563,
					"bytes":	1824480,
					"bits_per_second":	14598905.58277417,
					"retransmits":	0,
					"snd_cwnd":	49232,
					"rtt":	32812,
					"rttvar":	157,
					"pmtu":	1500,
					"omitted":	false,
					"sender":	true
				}],
			"sum":	{
				"start":	52.000748,
				"end":	53.000538,
				"seconds":	0.9997900128364563,
				"bytes":	1824480,
				"bits_per_second":	14598905.58277417,
				"retransmits":	0,
				"omitted":	false,
				"sender":	true
			}
		}, {
			"streams":	[{
					"socket":	5,
					"start":	53.000538,
					"end":	54.000328,
					"seconds":	0.9997900128364563,
					"bytes":	1824480,
					"bits_per_second":	14598905.58277417,
					"retransmits":	0,
					"snd_cwnd":	57920,
					"rtt":	32912,
					"rttvar":	1130,
					"pmtu":	1500,
					"omitted":	false,
					"sender":	true
				}],
			"sum":	{
				"start":	53.000538,
				"end":	54.000328,
				"seconds":	0.9997900128364563,
				"bytes":	1824480,
				"bits_per_second":	14598905.58277417,
				"retransmits":	0,
				"omitted":	false,
				"sender":	true
			}
		}, {
			"streams":	[{
					"socket":	5,
					"start":	54.000328,
					"end":	55.00112,
					"seconds":	1.0007920265197754,
					"bytes":	912240,
					"bits_per_second":	7292144.4282268118,
					"retransmits":	0,
					"snd_cwnd":	49232,
					"rtt":	33015,
					"rttvar":	244,
					"pmtu":	1500,
					"omitted":	false,
					"sender":	true
				}],
			"sum":	{
				"start":	54.000328,
				"end":	55.00112,
				"seconds":	1.0007920265197754,
				"bytes":	912240,
				"bits_per_second":	7292144.4282268118,
				"retransmits":	0,
				"omitted":	false,
				"sender":	true
			}
		}, {
			"streams":	[{
					"socket":	5,
					"start":	55.00112,
					"end":	56.000916,
					"seconds":	0.999795973300934,
					"bytes":	1824480,
					"bits_per_second":	14598818.548758769,
					"retransmits":	0,
					"snd_cwnd":	52128,
					"rtt":	34800,
					"rttvar":	397,
					"pmtu":	1500,
					"omitted":	false,
					"sender":	true
				}],
			"sum":	{
				"start":	55.00112,
				"end":	56.000916,
				"seconds":	0.999795973300934,
				"bytes":	1824480,
				"bits_per_second":	14598818.548758769,
				"retransmits":	0,
				"omitted":	false,
				"sender":	true
			}
		}, {
			"streams":	[{
					"socket":	5,
					"start":	56.000916,
					"end":	57.000112,
					"seconds":	0.99919599294662476,
					"bytes":	1824480,
					"bits_per_second":	14607584.601052022,
					"retransmits":	0,
					"snd_cwnd":	49232,
					"rtt":	31205,
					"rttvar":	132,
					"pmtu":	1500,
					"omitted":	false,
					"sender":	true
				}],
			"sum":	{
				"start":	56.000916,
				"end":	57.000112,
				"seconds":	0.99919599294662476,
				"bytes":	1824480,
				"bits_per_second":	14607584.601052022,
				"retransmits":	0,
				"omitted":	false,
				"sender":	true
			}
		}, {
			"streams":	[{
					"socket":	5,
					"start":	57.000112,
					"end":	58.000939,
					"seconds":	1.0008269548416138,
					"bytes":	912240,
					"bits_per_second":	7291889.93631265,
					"retransmits":	0,
					"snd_cwnd":	44888,
					"rtt":	31418,
					"rttvar":	463,
					"pmtu":	1500,
					"omitted":	false,
					"sender":	true
				}],
			"sum":	{
				"start":	57.000112,
				"end":	58.000939,
				"seconds":	1.0008269548416138,
				"bytes":	912240,
				"bits_per_second":	7291889.93631265,
				"retransmits":	0,
				"omitted":	false,
				"sender":	true
			}
		}, {
			"streams":	[{
					"socket":	5,
					"start":	58.000939,
					"end":	59.000723,
					"seconds":	0.999783992767334,
					"bytes":	1824480,
					"bits_per_second":	14598993.488183092,
					"retransmits":	0,
					"snd_cwnd":	53576,
					"rtt":	31719,
					"rttvar":	743,
					"pmtu":	1500,
					"omitted":	false,
					"sender":	true
				}],
			"sum":	{
				"start":	58.000939,
				"end":	59.000723,
				"seconds":	0.999783992767334,
				"bytes":	1824480,
				"bits_per_second":	14598993.488183092,
				"retransmits":	0,
				"omitted":	false,
				"sender":	true
			}
		}, {
			"streams":	[{
					"socket":	5,
					"start":	59.000723,
					"end":	60.001035,
					"seconds":	1.0003119707107544,
					"bytes":	912240,
					"bits_per_second":	7295643.9727644054,
					"retransmits":	0,
					"snd_cwnd":	50680,
					"rtt":	33702,
					"rttvar":	476,
					"pmtu":	1500,
					"omitted":	false,
					"sender":	true
				}],
			"sum":	{
				"start":	59.000723,
				"end":	60.001035,
				"seconds":	1.0003119707107544,
				"bytes":	912240,
				"bits_per_second":	7295643.9727644054,
				"retransmits":	0,
				"omitted":	false,
				"sender":	true
			}
		}],
	"end":	{
		"streams":	[{
				"sender":	{
					"socket":	5,
					"start":	0,
					"end":	60.001035,
					"seconds":	60.001035,
					"bytes":	94599288,
					"bits_per_second":	12613020.825390762,
					"retransmits":	0,
					"max_snd_cwnd":	250504,
					"max_rtt":	182200,
					"min_rtt":	12985,
					"mean_rtt":	50401,
					"sender":	true
				},
				"receiver":	{
					"socket":	5,
					"start":	0,
					"end":	60.034025,
					"seconds":	60.001035,
					"bytes":	92930048,
					"bits_per_second":	12383650.504859537,
					"sender":	true
				}
			}],
		"sum_sent":	{
			"start":	0,
			"end":	60.001035,
			"seconds":	60.001035,
			"bytes":	94599288,
			"bits_per_second":	12613020.825390762,
			"retransmits":	0,
			"sender":	true
		},
		"sum_received":	{
			"start":	0,
			"end":	60.034025,
			"seconds":	60.034025,
			"bytes":	92930048,
			"bits_per_second":	12383650.504859537,
			"sender":	true
		},
		"cpu_utilization_percent":	{
			"host_total":	0.0453506462254966,
			"host_user":	0.013813654778616177,
			"host_system":	0.03153865514130156,
			"remote_total":	1.701212895015412,
			"remote_user":	0.0211479985108451,
			"remote_system":	1.680064896504567
		},
		"sender_tcp_congestion":	"bbr",
		"receiver_tcp_congestion":	"cubic"
	}
}
