{
	"start":	{
		"connected":	[{
				"socket":	4,
				"local_host":	"192.168.179.135",
				"local_port":	33642,
				"remote_host":	"192.168.120.132",
				"remote_port":	5201
			}],
		"version":	"iperf 3.1.3",
		"system_info":	"Linux a 4.15.0-213-generic #224-Ubuntu SMP Mon Jun 19 13:30:12 UTC 2023 x86_64",
		"timestamp":	{
			"time":	"Mon, 05 May 2025 10:39:51 GMT",
			"timesecs":	1746441591
		},
		"connecting_to":	{
			"host":	"192.168.120.132",
			"port":	5201
		},
		"cookie":	"a.1746441591.663858.0b9cca096a88699f",
		"tcp_mss_default":	1448,
		"test_start":	{
			"protocol":	"TCP",
			"num_streams":	1,
			"blksize":	131072,
			"omit":	0,
			"duration":	60,
			"bytes":	0,
			"blocks":	0,
			"reverse":	0
		}
	},
	"intervals":	[{
			"streams":	[{
					"socket":	4,
					"start":	0,
					"end":	1.000336,
					"seconds":	1.000336,
					"bytes":	7979928,
					"bits_per_second":	63817985.510662,
					"retransmits":	0,
					"snd_cwnd":	599472,
					"rtt":	120190,
					"omitted":	false
				}],
			"sum":	{
				"start":	0,
				"end":	1.000336,
				"seconds":	1.000336,
				"bytes":	7979928,
				"bits_per_second":	63817985.510662,
				"retransmits":	0,
				"omitted":	false
			}
		}, {
			"streams":	[{
					"socket":	4,
					"start":	1.000336,
					"end":	2.000397,
					"seconds":	1.000061,
					"bytes":	5147640,
					"bits_per_second":	41178606.657309,
					"retransmits":	0,
					"snd_cwnd":	831152,
					"rtt":	171724,
					"omitted":	false
				}],
			"sum":	{
				"start":	1.000336,
				"end":	2.000397,
				"seconds":	1.000061,
				"bytes":	5147640,
				"bits_per_second":	41178606.657309,
				"retransmits":	0,
				"omitted":	false
			}
		}, {
			"streams":	[{
					"socket":	4,
					"start":	2.000397,
					"end":	3.000398,
					"seconds":	1.000001,
					"bytes":	4496040,
					"bits_per_second":	35968285.697970,
					"retransmits":	0,
					"snd_cwnd":	1061384,
					"rtt":	220088,
					"omitted":	false
				}],
			"sum":	{
				"start":	2.000397,
				"end":	3.000398,
				"seconds":	1.000001,
				"bytes":	4496040,
				"bits_per_second":	35968285.697970,
				"retransmits":	0,
				"omitted":	false
			}
		}, {
			"streams":	[{
					"socket":	4,
					"start":	3.000398,
					"end":	4.000249,
					"seconds":	0.999851,
					"bytes":	4561200,
					"bits_per_second":	36495038.184468,
					"retransmits":	0,
					"snd_cwnd":	1291616,
					"rtt":	267076,
					"omitted":	false
				}],
			"sum":	{
				"start":	3.000398,
				"end":	4.000249,
				"seconds":	0.999851,
				"bytes":	4561200,
				"bits_per_second":	36495038.184468,
				"retransmits":	0,
				"omitted":	false
			}
		}, {
			"streams":	[{
					"socket":	4,
					"start":	4.000249,
					"end":	5.000186,
					"seconds":	0.999937,
					"bytes":	4561200,
					"bits_per_second":	36491896.891398,
					"retransmits":	0,
					"snd_cwnd":	1521848,
					"rtt":	315576,
					"omitted":	false
				}],
			"sum":	{
				"start":	4.000249,
				"end":	5.000186,
				"seconds":	0.999937,
				"bytes":	4561200,
				"bits_per_second":	36491896.891398,
				"retransmits":	0,
				"omitted":	false
			}
		}, {
			"streams":	[{
					"socket":	4,
					"start":	5.000186,
					"end":	6.000197,
					"seconds":	1.000011,
					"bytes":	4365720,
					"bits_per_second":	34925376.964497,
					"retransmits":	0,
					"snd_cwnd":	1743392,
					"rtt":	377506,
					"omitted":	false
				}],
			"sum":	{
				"start":	5.000186,
				"end":	6.000197,
				"seconds":	1.000011,
				"bytes":	4365720,
				"bits_per_second":	34925376.964497,
				"retransmits":	0,
				"omitted":	false
			}
		}, {
			"streams":	[{
					"socket":	4,
					"start":	6.000197,
					"end":	7.000221,
					"seconds":	1.000024,
					"bytes":	4365720,
					"bits_per_second":	34924918.998294,
					"retransmits":	0,
					"snd_cwnd":	1963488,
					"rtt":	427519,
					"omitted":	false
				}],
			"sum":	{
				"start":	6.000197,
				"end":	7.000221,
				"seconds":	1.000024,
				"bytes":	4365720,
				"bits_per_second":	34924918.998294,
				"retransmits":	0,
				"omitted":	false
			}
		}, {
			"streams":	[{
					"socket":	4,
					"start":	7.000221,
					"end":	8.000648,
					"seconds":	1.000427,
					"bytes":	4201208,
					"bits_per_second":	33595318.541133,
					"retransmits":	0,
					"snd_cwnd":	2177792,
					"rtt":	475966,
					"omitted":	false
				}],
			"sum":	{
				"start":	7.000221,
				"end":	8.000648,
				"seconds":	1.000427,
				"bytes":	4201208,
				"bits_per_second":	33595318.541133,
				"retransmits":	0,
				"omitted":	false
			}
		}, {
			"streams":	[{
					"socket":	4,
					"start":	8.000648,
					"end":	9.000532,
					"seconds":	0.999884,
					"bytes":	4276224,
					"bits_per_second":	34213764.555003,
					"retransmits":	0,
					"snd_cwnd":	2394992,
					"rtt":	534762,
					"omitted":	false
				}],
			"sum":	{
				"start":	8.000648,
				"end":	9.000532,
				"seconds":	0.999884,
				"bytes":	4276224,
				"bits_per_second":	34213764.555003,
				"retransmits":	0,
				"omitted":	false
			}
		}, {
			"streams":	[{
					"socket":	4,
					"start":	9.000532,
					"end":	10.000563,
					"seconds":	1.000031,
					"bytes":	4144232,
					"bits_per_second":	33152828.447467,
					"retransmits":	0,
					"snd_cwnd":	2604952,
					"rtt":	588251,
					"omitted":	false
				}],
			"sum":	{
				"start":	9.000532,
				"end":	10.000563,
				"seconds":	1.000031,
				"bytes":	4144232,
				"bits_per_second":	33152828.447467,
				"retransmits":	0,
				"omitted":	false
			}
		}, {
			"streams":	[{
					"socket":	4,
					"start":	10.000563,
					"end":	11.000535,
					"seconds":	0.999972,
					"bytes":	4156512,
					"bits_per_second":	33253023.592220,
					"retransmits":	0,
					"snd_cwnd":	2816360,
					"rtt":	634829,
					"omitted":	false
				}],
			"sum":	{
				"start":	10.000563,
				"end":	11.000535,
				"seconds":	0.999972,
				"bytes":	4156512,
				"bits_per_second":	33253023.592220,
				"retransmits":	0,
				"omitted":	false
			}
		}, {
			"streams":	[{
					"socket":	4,
					"start":	11.000535,
					"end":	12.001370,
					"seconds":	1.000835,
					"bytes":	4257176,
					"bits_per_second":	34028995.766844,
					"retransmits":	0,
					"snd_cwnd":	3026320,
					"rtt":	688501,
					"omitted":	false
				}],
			"sum":	{
				"start":	11.000535,
				"end":	12.001370,
				"seconds":	1.000835,
				"bytes":	4257176,
				"bits_per_second":	34028995.766844,
				"retransmits":	0,
				"omitted":	false
			}
		}, {
			"streams":	[{
					"socket":	4,
					"start":	12.001370,
					"end":	13.001487,
					"seconds":	1.000117,
					"bytes":	3991440,
					"bits_per_second":	31927782.421329,
					"retransmits":	0,
					"snd_cwnd":	3229040,
					"rtt":	678695,
					"omitted":	false
				}],
			"sum":	{
				"start":	12.001370,
				"end":	13.001487,
				"seconds":	1.000117,
				"bytes":	3991440,
				"bits_per_second":	31927782.421329,
				"retransmits":	0,
				"omitted":	false
			}
		}, {
			"streams":	[{
					"socket":	4,
					"start":	13.001487,
					"end":	14.001922,
					"seconds":	1.000435,
					"bytes":	4203600,
					"bits_per_second":	33614182.016183,
					"retransmits":	0,
					"snd_cwnd":	3431760,
					"rtt":	709699,
					"omitted":	false
				}],
			"sum":	{
				"start":	13.001487,
				"end":	14.001922,
				"seconds":	1.000435,
				"bytes":	4203600,
				"bits_per_second":	33614182.016183,
				"retransmits":	0,
				"omitted":	false
			}
		}, {
			"streams":	[{
					"socket":	4,
					"start":	14.001922,
					"end":	15.003112,
					"seconds":	1.001190,
					"bytes":	3830520,
					"bits_per_second":	30607731.120797,
					"retransmits":	0,
					"snd_cwnd":	3614208,
					"rtt":	659718,
					"omitted":	false
				}],
			"sum":	{
				"start":	14.001922,
				"end":	15.003112,
				"seconds":	1.001190,
				"bytes":	3830520,
				"bits_per_second":	30607731.120797,
				"retransmits":	0,
				"omitted":	false
			}
		}, {
			"streams":	[{
					"socket":	4,
					"start":	15.003112,
					"end":	16.004179,
					"seconds":	1.001067,
					"bytes":	3862096,
					"bits_per_second":	30863838.656303,
					"retransmits":	0,
					"snd_cwnd":	3798104,
					"rtt":	940316,
					"omitted":	false
				}],
			"sum":	{
				"start":	15.003112,
				"end":	16.004179,
				"seconds":	1.001067,
				"bytes":	3862096,
				"bits_per_second":	30863838.656303,
				"retransmits":	0,
				"omitted":	false
			}
		}, {
			"streams":	[{
					"socket":	4,
					"start":	16.004179,
					"end":	17.003830,
					"seconds":	0.999651,
					"bytes":	3852432,
					"bits_per_second":	30830217.126965,
					"retransmits":	0,
					"snd_cwnd":	3982000,
					"rtt":	985522,
					"omitted":	false
				}],
			"sum":	{
				"start":	16.004179,
				"end":	17.003830,
				"seconds":	0.999651,
				"bytes":	3852432,
				"bits_per_second":	30830217.126965,
				"retransmits":	0,
				"omitted":	false
			}
		}, {
			"streams":	[{
					"socket":	4,
					"start":	17.003830,
					"end":	18.000854,
					"seconds":	0.997024,
					"bytes":	3079200,
					"bits_per_second":	24707126.944762,
					"retransmits":	0,
					"snd_cwnd":	4152864,
					"rtt":	986435,
					"omitted":	false
				}],
			"sum":	{
				"start":	17.003830,
				"end":	18.000854,
				"seconds":	0.997024,
				"bytes":	3079200,
				"bits_per_second":	24707126.944762,
				"retransmits":	0,
				"omitted":	false
			}
		}, {
			"streams":	[{
					"socket":	4,
					"start":	18.000854,
					"end":	19.003563,
					"seconds":	1.002709,
					"bytes":	3765552,
					"bits_per_second":	30043032.073033,
					"retransmits":	0,
					"snd_cwnd":	4229608,
					"rtt":	1040755,
					"omitted":	false
				}],
			"sum":	{
				"start":	18.000854,
				"end":	19.003563,
				"seconds":	1.002709,
				"bytes":	3765552,
				"bits_per_second":	30043032.073033,
				"retransmits":	0,
				"omitted":	false
			}
		}, {
			"streams":	[{
					"socket":	4,
					"start":	19.003563,
					"end":	20.004681,
					"seconds":	1.001118,
					"bytes":	2621440,
					"bits_per_second":	20948096.192107,
					"retransmits":	0,
					"snd_cwnd":	4491696,
					"rtt":	1055322,
					"omitted":	false
				}],
			"sum":	{
				"start":	19.003563,
				"end":	20.004681,
				"seconds":	1.001118,
				"bytes":	2621440,
				"bits_per_second":	20948096.192107,
				"retransmits":	0,
				"omitted":	false
			}
		}, {
			"streams":	[{
					"socket":	4,
					"start":	20.004681,
					"end":	21.002259,
					"seconds":	0.997578,
					"bytes":	2161864,
					"bits_per_second":	17336903.616210,
					"retransmits":	0,
					"snd_cwnd":	4694416,
					"rtt":	1119779,
					"omitted":	false
				}],
			"sum":	{
				"start":	20.004681,
				"end":	21.002259,
				"seconds":	0.997578,
				"bytes":	2161864,
				"bits_per_second":	17336903.616210,
				"retransmits":	0,
				"omitted":	false
			}
		}, {
			"streams":	[{
					"socket":	4,
					"start":	21.002259,
					"end":	22.006908,
					"seconds":	1.004649,
					"bytes":	1310720,
					"bits_per_second":	10437238.074737,
					"retransmits":	0,
					"snd_cwnd":	4694416,
					"rtt":	1381952,
					"omitted":	false
				}],
			"sum":	{
				"start":	21.002259,
				"end":	22.006908,
				"seconds":	1.004649,
				"bytes":	1310720,
				"bits_per_second":	10437238.074737,
				"retransmits":	0,
				"omitted":	false
			}
		}, {
			"streams":	[{
					"socket":	4,
					"start":	22.006908,
					"end":	23.001134,
					"seconds":	0.994226,
					"bytes":	977400,
					"bits_per_second":	7864610.426931,
					"retransmits":	139,
					"snd_cwnd":	1552256,
					"rtt":	1344085,
					"omitted":	false
				}],
			"sum":	{
				"start":	22.006908,
				"end":	23.001134,
				"seconds":	0.994226,
				"bytes":	977400,
				"bits_per_second":	7864610.426931,
				"retransmits":	139,
				"omitted":	false
			}
		}, {
			"streams":	[{
					"socket":	4,
					"start":	23.001134,
					"end":	24.001318,
					"seconds":	1.000184,
					"bytes":	651600,
					"bits_per_second":	5211840.713065,
					"retransmits":	658,
					"snd_cwnd":	952784,
					"rtt":	960981,
					"omitted":	false
				}],
			"sum":	{
				"start":	23.001134,
				"end":	24.001318,
				"seconds":	1.000184,
				"bytes":	651600,
				"bits_per_second":	5211840.713065,
				"retransmits":	658,
				"omitted":	false
			}
		}, {
			"streams":	[{
					"socket":	4,
					"start":	24.001318,
					"end":	25.001013,
					"seconds":	0.999695,
					"bytes":	1498680,
					"bits_per_second":	11993097.143413,
					"retransmits":	295,
					"snd_cwnd":	1184464,
					"rtt":	1003162,
					"omitted":	false
				}],
			"sum":	{
				"start":	24.001318,
				"end":	25.001013,
				"seconds":	0.999695,
				"bytes":	1498680,
				"bits_per_second":	11993097.143413,
				"retransmits":	295,
				"omitted":	false
			}
		}, {
			"streams":	[{
					"socket":	4,
					"start":	25.001013,
					"end":	26.005074,
					"seconds":	1.004061,
					"bytes":	988288,
					"bits_per_second":	7874326.488812,
					"retransmits":	0,
					"snd_cwnd":	3294200,
					"rtt":	1066858,
					"omitted":	false
				}],
			"sum":	{
				"start":	25.001013,
				"end":	26.005074,
				"seconds":	1.004061,
				"bytes":	988288,
				"bits_per_second":	7874326.488812,
				"retransmits":	0,
				"omitted":	false
			}
		}, {
			"streams":	[{
					"socket":	4,
					"start":	26.005074,
					"end":	27.001011,
					"seconds":	0.995937,
					"bytes":	1766560,
					"bits_per_second":	14190136.360592,
					"retransmits":	21,
					"snd_cwnd":	2522416,
					"rtt":	1339838,
					"omitted":	false
				}],
			"sum":	{
				"start":	26.005074,
				"end":	27.001011,
				"seconds":	0.995937,
				"bytes":	1766560,
				"bits_per_second":	14190136.360592,
				"retransmits":	21,
				"omitted":	false
			}
		}, {
			"streams":	[{
					"socket":	4,
					"start":	27.001011,
					"end":	28.006823,
					"seconds":	1.005812,
					"bytes":	1310720,
					"bits_per_second":	10425167.175682,
					"retransmits":	178,
					"snd_cwnd":	2321144,
					"rtt":	1390055,
					"omitted":	false
				}],
			"sum":	{
				"start":	27.001011,
				"end":	28.006823,
				"seconds":	1.005812,
				"bytes":	1310720,
				"bits_per_second":	10425167.175682,
				"retransmits":	178,
				"omitted":	false
			}
		}, {
			"streams":	[{
					"socket":	4,
					"start":	28.006823,
					"end":	29.000554,
					"seconds":	0.993731,
					"bytes":	2874280,
					"bits_per_second":	23139299.763907,
					"retransmits":	0,
					"snd_cwnd":	2445672,
					"rtt":	985677,
					"omitted":	false
				}],
			"sum":	{
				"start":	28.006823,
				"end":	29.000554,
				"seconds":	0.993731,
				"bytes":	2874280,
				"bits_per_second":	23139299.763907,
				"retransmits":	0,
				"omitted":	false
			}
		}, {
			"streams":	[{
					"socket":	4,
					"start":	29.000554,
					"end":	30.003415,
					"seconds":	1.002861,
					"bytes":	2290040,
					"bits_per_second":	18268054.676333,
					"retransmits":	0,
					"snd_cwnd":	2536896,
					"rtt":	1017323,
					"omitted":	false
				}],
			"sum":	{
				"start":	29.000554,
				"end":	30.003415,
				"seconds":	1.002861,
				"bytes":	2290040,
				"bits_per_second":	18268054.676333,
				"retransmits":	0,
				"omitted":	false
			}
		}, {
			"streams":	[{
					"socket":	4,
					"start":	30.003415,
					"end":	31.001175,
					"seconds":	0.997760,
					"bytes":	654496,
					"bits_per_second":	5247723.851103,
					"retransmits":	137,
					"snd_cwnd":	1768008,
					"rtt":	1237787,
					"omitted":	false
				}],
			"sum":	{
				"start":	30.003415,
				"end":	31.001175,
				"seconds":	0.997760,
				"bytes":	654496,
				"bits_per_second":	5247723.851103,
				"retransmits":	137,
				"omitted":	false
			}
		}, {
			"streams":	[{
					"socket":	4,
					"start":	31.001175,
					"end":	32.001235,
					"seconds":	1.000060,
					"bytes":	793504,
					"bits_per_second":	6347650.623744,
					"retransmits":	93,
					"snd_cwnd":	570512,
					"rtt":	949170,
					"omitted":	false
				}],
			"sum":	{
				"start":	31.001175,
				"end":	32.001235,
				"seconds":	1.000060,
				"bytes":	793504,
				"bits_per_second":	6347650.623744,
				"retransmits":	93,
				"omitted":	false
			}
		}, {
			"streams":	[{
					"socket":	4,
					"start":	32.001235,
					"end":	33.000983,
					"seconds":	0.999748,
					"bytes":	3586696,
					"bits_per_second":	28700800.843993,
					"retransmits":	0,
					"snd_cwnd":	809432,
					"rtt":	466547,
					"omitted":	false
				}],
			"sum":	{
				"start":	32.001235,
				"end":	33.000983,
				"seconds":	0.999748,
				"bytes":	3586696,
				"bits_per_second":	28700800.843993,
				"retransmits":	0,
				"omitted":	false
			}
		}, {
			"streams":	[{
					"socket":	4,
					"start":	33.000983,
					"end":	34.001168,
					"seconds":	1.000185,
					"bytes":	1238040,
					"bits_per_second":	9902487.912812,
					"retransmits":	0,
					"snd_cwnd":	1285824,
					"rtt":	866142,
					"omitted":	false
				}],
			"sum":	{
				"start":	33.000983,
				"end":	34.001168,
				"seconds":	1.000185,
				"bytes":	1238040,
				"bits_per_second":	9902487.912812,
				"retransmits":	0,
				"omitted":	false
			}
		}, {
			"streams":	[{
					"socket":	4,
					"start":	34.001168,
					"end":	35.001422,
					"seconds":	1.000254,
					"bytes":	1303200,
					"bits_per_second":	10422953.447575,
					"retransmits":	0,
					"snd_cwnd":	1345192,
					"rtt":	914541,
					"omitted":	false
				}],
			"sum":	{
				"start":	34.001168,
				"end":	35.001422,
				"seconds":	1.000254,
				"bytes":	1303200,
				"bits_per_second":	10422953.447575,
				"retransmits":	0,
				"omitted":	false
			}
		}, {
			"streams":	[{
					"socket":	4,
					"start":	35.001422,
					"end":	36.000421,
					"seconds":	0.998999,
					"bytes":	1498680,
					"bits_per_second":	12001452.027648,
					"retransmits":	0,
					"snd_cwnd":	1406008,
					"rtt":	921930,
					"omitted":	false
				}],
			"sum":	{
				"start":	35.001422,
				"end":	36.000421,
				"seconds":	0.998999,
				"bytes":	1498680,
				"bits_per_second":	12001452.027648,
				"retransmits":	0,
				"omitted":	false
			}
		}, {
			"streams":	[{
					"socket":	4,
					"start":	36.000421,
					"end":	37.000362,
					"seconds":	0.999941,
					"bytes":	1498680,
					"bits_per_second":	11990148.951220,
					"retransmits":	0,
					"snd_cwnd":	1450896,
					"rtt":	981506,
					"omitted":	false
				}],
			"sum":	{
				"start":	36.000421,
				"end":	37.000362,
				"seconds":	0.999941,
				"bytes":	1498680,
				"bits_per_second":	11990148.951220,
				"retransmits":	0,
				"omitted":	false
			}
		}, {
			"streams":	[{
					"socket":	4,
					"start":	37.000362,
					"end":	38.001431,
					"seconds":	1.001069,
					"bytes":	1310720,
					"bits_per_second":	10474561.971464,
					"retransmits":	0,
					"snd_cwnd":	1481304,
					"rtt":	1007255,
					"omitted":	false
				}],
			"sum":	{
				"start":	37.000362,
				"end":	38.001431,
				"seconds":	1.001069,
				"bytes":	1310720,
				"bits_per_second":	10474561.971464,
				"retransmits":	0,
				"omitted":	false
			}
		}, {
			"streams":	[{
					"socket":	4,
					"start":	38.001431,
					"end":	39.000285,
					"seconds":	0.998854,
					"bytes":	1491160,
					"bits_per_second":	11942967.573702,
					"retransmits":	0,
					"snd_cwnd":	1500128,
					"rtt":	1022031,
					"omitted":	false
				}],
			"sum":	{
				"start":	38.001431,
				"end":	39.000285,
				"seconds":	0.998854,
				"bytes":	1491160,
				"bits_per_second":	11942967.573702,
				"retransmits":	0,
				"omitted":	false
			}
		}, {
			"streams":	[{
					"socket":	4,
					"start":	39.000285,
					"end":	40.001405,
					"seconds":	1.001120,
					"bytes":	1310720,
					"bits_per_second":	10474028.140744,
					"retransmits":	0,
					"snd_cwnd":	1510264,
					"rtt":	1028668,
					"omitted":	false
				}],
			"sum":	{
				"start":	39.000285,
				"end":	40.001405,
				"seconds":	1.001120,
				"bytes":	1310720,
				"bits_per_second":	10474028.140744,
				"retransmits":	0,
				"omitted":	false
			}
		}, {
			"streams":	[{
					"socket":	4,
					"start":	40.001405,
					"end":	41.001371,
					"seconds":	0.999966,
					"bytes":	448600,
					"bits_per_second":	3588922.360205,
					"retransmits":	14,
					"snd_cwnd":	1057040,
					"rtt":	943323,
					"omitted":	false
				}],
			"sum":	{
				"start":	40.001405,
				"end":	41.001371,
				"seconds":	0.999966,
				"bytes":	448600,
				"bits_per_second":	3588922.360205,
				"retransmits":	14,
				"omitted":	false
			}
		}, {
			"streams":	[{
					"socket":	4,
					"start":	41.001371,
					"end":	42.000812,
					"seconds":	0.999441,
					"bytes":	2736720,
					"bits_per_second":	21906002.238342,
					"retransmits":	0,
					"snd_cwnd":	1088896,
					"rtt":	710838,
					"omitted":	false
				}],
			"sum":	{
				"start":	41.001371,
				"end":	42.000812,
				"seconds":	0.999441,
				"bytes":	2736720,
				"bits_per_second":	21906002.238342,
				"retransmits":	0,
				"omitted":	false
			}
		}, {
			"streams":	[{
					"socket":	4,
					"start":	42.000812,
					"end":	43.001304,
					"seconds":	1.000492,
					"bytes":	1310720,
					"bits_per_second":	10480605.035508,
					"retransmits":	0,
					"snd_cwnd":	1146816,
					"rtt":	768373,
					"omitted":	false
				}],
			"sum":	{
				"start":	42.000812,
				"end":	43.001304,
				"seconds":	1.000492,
				"bytes":	1310720,
				"bits_per_second":	10480605.035508,
				"retransmits":	0,
				"omitted":	false
			}
		}, {
			"streams":	[{
					"socket":	4,
					"start":	43.001304,
					"end":	44.000329,
					"seconds":	0.999025,
					"bytes":	1556320,
					"bits_per_second":	12462709.815663,
					"retransmits":	0,
					"snd_cwnd":	1201840,
					"rtt":	811584,
					"omitted":	false
				}],
			"sum":	{
				"start":	43.001304,
				"end":	44.000329,
				"seconds":	0.999025,
				"bytes":	1556320,
				"bits_per_second":	12462709.815663,
				"retransmits":	0,
				"omitted":	false
			}
		}, {
			"streams":	[{
					"socket":	4,
					"start":	44.000329,
					"end":	45.000486,
					"seconds":	1.000157,
					"bytes":	1694160,
					"bits_per_second":	13551154.102736,
					"retransmits":	0,
					"snd_cwnd":	1240936,
					"rtt":	846568,
					"omitted":	false
				}],
			"sum":	{
				"start":	44.000329,
				"end":	45.000486,
				"seconds":	1.000157,
				"bytes":	1694160,
				"bits_per_second":	13551154.102736,
				"retransmits":	0,
				"omitted":	false
			}
		}, {
			"streams":	[{
					"socket":	4,
					"start":	45.000486,
					"end":	46.001315,
					"seconds":	1.000829,
					"bytes":	1238040,
					"bits_per_second":	9896113.946193,
					"retransmits":	0,
					"snd_cwnd":	1261208,
					"rtt":	868644,
					"omitted":	false
				}],
			"sum":	{
				"start":	45.000486,
				"end":	46.001315,
				"seconds":	1.000829,
				"bytes":	1238040,
				"bits_per_second":	9896113.946193,
				"retransmits":	0,
				"omitted":	false
			}
		}, {
			"streams":	[{
					"socket":	4,
					"start":	46.001315,
					"end":	47.001266,
					"seconds":	0.999951,
					"bytes":	1238040,
					"bits_per_second":	9904806.466916,
					"retransmits":	0,
					"snd_cwnd":	1272792,
					"rtt":	887314,
					"omitted":	false
				}],
			"sum":	{
				"start":	46.001315,
				"end":	47.001266,
				"seconds":	0.999951,
				"bytes":	1238040,
				"bits_per_second":	9904806.466916,
				"retransmits":	0,
				"omitted":	false
			}
		}, {
			"streams":	[{
					"socket":	4,
					"start":	47.001266,
					"end":	48.001514,
					"seconds":	1.000248,
					"bytes":	1303200,
					"bits_per_second":	10423015.557818,
					"retransmits":	0,
					"snd_cwnd":	1280032,
					"rtt":	900600,
					"omitted":	false
				}],
			"sum":	{
				"start":	47.001266,
				"end":	48.001514,
				"seconds":	1.000248,
				"bytes":	1303200,
				"bits_per_second":	10423015.557818,
				"retransmits":	0,
				"omitted":	false
			}
		}, {
			"streams":	[{
					"socket":	4,
					"start":	48.001514,
					"end":	49.001526,
					"seconds":	1.000012,
					"bytes":	1238040,
					"bits_per_second":	9904199.571395,
					"retransmits":	0,
					"snd_cwnd":	1281480,
					"rtt":	904426,
					"omitted":	false
				}],
			"sum":	{
				"start":	48.001514,
				"end":	49.001526,
				"seconds":	1.000012,
				"bytes":	1238040,
				"bits_per_second":	9904199.571395,
				"retransmits":	0,
				"omitted":	false
			}
		}, {
			"streams":	[{
					"socket":	4,
					"start":	49.001526,
					"end":	50.000184,
					"seconds":	0.998658,
					"bytes":	1563840,
					"bits_per_second":	12527532.677727,
					"retransmits":	0,
					"snd_cwnd":	1282928,
					"rtt":	913377,
					"omitted":	false
				}],
			"sum":	{
				"start":	49.001526,
				"end":	50.000184,
				"seconds":	0.998658,
				"bytes":	1563840,
				"bits_per_second":	12527532.677727,
				"retransmits":	0,
				"omitted":	false
			}
		}, {
			"streams":	[{
					"socket":	4,
					"start":	50.000184,
					"end":	51.000493,
					"seconds":	1.000309,
					"bytes":	1694160,
					"bits_per_second":	13549093.459129,
					"retransmits":	0,
					"snd_cwnd":	1288720,
					"rtt":	909901,
					"omitted":	false
				}],
			"sum":	{
				"start":	50.000184,
				"end":	51.000493,
				"seconds":	1.000309,
				"bytes":	1694160,
				"bits_per_second":	13549093.459129,
				"retransmits":	0,
				"omitted":	false
			}
		}, {
			"streams":	[{
					"socket":	4,
					"start":	51.000493,
					"end":	52.001197,
					"seconds":	1.000704,
					"bytes":	1310720,
					"bits_per_second":	10478382.693993,
					"retransmits":	0,
					"snd_cwnd":	1298856,
					"rtt":	916162,
					"omitted":	false
				}],
			"sum":	{
				"start":	51.000493,
				"end":	52.001197,
				"seconds":	1.000704,
				"bytes":	1310720,
				"bits_per_second":	10478382.693993,
				"retransmits":	0,
				"omitted":	false
			}
		}, {
			"streams":	[{
					"socket":	4,
					"start":	52.001197,
					"end":	53.000231,
					"seconds":	0.999034,
					"bytes":	1491160,
					"bits_per_second":	11940815.688679,
					"retransmits":	0,
					"snd_cwnd":	1319128,
					"rtt":	921972,
					"omitted":	false
				}],
			"sum":	{
				"start":	52.001197,
				"end":	53.000231,
				"seconds":	0.999034,
				"bytes":	1491160,
				"bits_per_second":	11940815.688679,
				"retransmits":	0,
				"omitted":	false
			}
		}, {
			"streams":	[{
					"socket":	4,
					"start":	53.000231,
					"end":	54.000155,
					"seconds":	0.999924,
					"bytes":	1563840,
					"bits_per_second":	12511671.581772,
					"retransmits":	0,
					"snd_cwnd":	1356776,
					"rtt":	935178,
					"omitted":	false
				}],
			"sum":	{
				"start":	53.000231,
				"end":	54.000155,
				"seconds":	0.999924,
				"bytes":	1563840,
				"bits_per_second":	12511671.581772,
				"retransmits":	0,
				"omitted":	false
			}
		}, {
			"streams":	[{
					"socket":	4,
					"start":	54.000155,
					"end":	55.000329,
					"seconds":	1.000174,
					"bytes":	1433520,
					"bits_per_second":	11466164.364971,
					"retransmits":	0,
					"snd_cwnd":	1408904,
					"rtt":	951326,
					"omitted":	false
				}],
			"sum":	{
				"start":	54.000155,
				"end":	55.000329,
				"seconds":	1.000174,
				"bytes":	1433520,
				"bits_per_second":	11466164.364971,
				"retransmits":	0,
				"omitted":	false
			}
		}, {
			"streams":	[{
					"socket":	4,
					"start":	55.000329,
					"end":	56.000423,
					"seconds":	1.000094,
					"bytes":	1433520,
					"bits_per_second":	11467082.817557,
					"retransmits":	0,
					"snd_cwnd":	1478408,
					"rtt":	974486,
					"omitted":	false
				}],
			"sum":	{
				"start":	55.000329,
				"end":	56.000423,
				"seconds":	1.000094,
				"bytes":	1433520,
				"bits_per_second":	11467082.817557,
				"retransmits":	0,
				"omitted":	false
			}
		}, {
			"streams":	[{
					"socket":	4,
					"start":	56.000423,
					"end":	57.000204,
					"seconds":	0.999781,
					"bytes":	1433520,
					"bits_per_second":	11470670.565657,
					"retransmits":	0,
					"snd_cwnd":	1573976,
					"rtt":	1013793,
					"omitted":	false
				}],
			"sum":	{
				"start":	56.000423,
				"end":	57.000204,
				"seconds":	0.999781,
				"bytes":	1433520,
				"bits_per_second":	11470670.565657,
				"retransmits":	0,
				"omitted":	false
			}
		}, {
			"streams":	[{
					"socket":	4,
					"start":	57.000204,
					"end":	58.001151,
					"seconds":	1.000947,
					"bytes":	977400,
					"bits_per_second":	7811802.234250,
					"retransmits":	27,
					"snd_cwnd":	1489992,
					"rtt":	1057187,
					"omitted":	false
				}],
			"sum":	{
				"start":	57.000204,
				"end":	58.001151,
				"seconds":	1.000947,
				"bytes":	977400,
				"bits_per_second":	7811802.234250,
				"retransmits":	27,
				"omitted":	false
			}
		}, {
			"streams":	[{
					"socket":	4,
					"start":	58.001151,
					"end":	59.000619,
					"seconds":	0.999468,
					"bytes":	2150280,
					"bits_per_second":	17211399.050627,
					"retransmits":	0,
					"snd_cwnd":	1161296,
					"rtt":	747605,
					"omitted":	false
				}],
			"sum":	{
				"start":	58.001151,
				"end":	59.000619,
				"seconds":	0.999468,
				"bytes":	2150280,
				"bits_per_second":	17211399.050627,
				"retransmits":	0,
				"omitted":	false
			}
		}, {
			"streams":	[{
					"socket":	4,
					"start":	59.000619,
					"end":	60.001163,
					"seconds":	1.000544,
					"bytes":	1310720,
					"bits_per_second":	10480058.102238,
					"retransmits":	0,
					"snd_cwnd":	1239488,
					"rtt":	794368,
					"omitted":	false
				}],
			"sum":	{
				"start":	59.000619,
				"end":	60.001163,
				"seconds":	1.000544,
				"bytes":	1310720,
				"bits_per_second":	10480058.102238,
				"retransmits":	0,
				"omitted":	false
			}
		}],
	"end":	{
		"streams":	[{
				"sender":	{
					"socket":	4,
					"start":	0,
					"end":	60.001163,
					"seconds":	60.001163,
					"bytes":	145361648,
					"bits_per_second":	19381177.392962,
					"retransmits":	1562,
					"max_snd_cwnd":	4694416,
					"max_rtt":	1390055,
					"min_rtt":	120190,
					"mean_rtt":	844346
				},
				"receiver":	{
					"socket":	4,
					"start":	0,
					"end":	60.001163,
					"seconds":	60.001163,
					"bytes":	142999552,
					"bits_per_second":	19066237.364247
				}
			}],
		"sum_sent":	{
			"start":	0,
			"end":	60.001163,
			"seconds":	60.001163,
			"bytes":	145361648,
			"bits_per_second":	19381177.392962,
			"retransmits":	1562
		},
		"sum_received":	{
			"start":	0,
			"end":	60.001163,
			"seconds":	60.001163,
			"bytes":	142999552,
			"bits_per_second":	19066237.364247
		},
		"cpu_utilization_percent":	{
			"host_total":	0.257432,
			"host_user":	0.011767,
			"host_system":	0.245666,
			"remote_total":	1.292625,
			"remote_user":	0,
			"remote_system":	1.292627
		}
	}
}
