{
	"start":	{
		"connected":	[{
				"socket":	5,
				"local_host":	"192.168.179.133",
				"local_port":	55950,
				"remote_host":	"192.168.120.132",
				"remote_port":	5201
			}],
		"version":	"iperf 3.9",
		"system_info":	"Linux a 6.14.5-x64v3-xanmod1 #0~20250503.gdace042 SMP PREEMPT_DYNAMIC Sat May  3 00:40:10 UTC x86_64",
		"timestamp":	{
			"time":	"Mon, 05 May 2025 09:51:23 GMT",
			"timesecs":	1746438683
		},
		"connecting_to":	{
			"host":	"192.168.120.132",
			"port":	5201
		},
		"cookie":	"jye6a4sqauq2co4krorgszpimqdord5qjuyb",
		"tcp_mss_default":	1448,
		"sock_bufsize":	0,
		"sndbuf_actual":	65536,
		"rcvbuf_actual":	87380,
		"test_start":	{
			"protocol":	"TCP",
			"num_streams":	1,
			"blksize":	131072,
			"omit":	0,
			"duration":	60,
			"bytes":	0,
			"blocks":	0,
			"reverse":	0,
			"tos":	0
		}
	},
	"intervals":	[{
			"streams":	[{
					"socket":	5,
					"start":	0,
					"end":	1.000208,
					"seconds":	1.0002080202102661,
					"bytes":	5369184,
					"bits_per_second":	42944538.6680365,
					"retransmits":	0,
					"snd_cwnd":	133216,
					"rtt":	28496,
					"rttvar":	121,
					"pmtu":	1500,
					"omitted":	false,
					"sender":	true
				}],
			"sum":	{
				"start":	0,
				"end":	1.000208,
				"seconds":	1.0002080202102661,
				"bytes":	5369184,
				"bits_per_second":	42944538.6680365,
				"retransmits":	0,
				"omitted":	false,
				"sender":	true
			}
		}, {
			"streams":	[{
					"socket":	5,
					"start":	1.000208,
					"end":	2.000527,
					"seconds":	1.0003190040588379,
					"bytes":	4561200,
					"bits_per_second":	36477963.381623119,
					"retransmits":	0,
					"snd_cwnd":	127424,
					"rtt":	40988,
					"rttvar":	1784,
					"pmtu":	1500,
					"omitted":	false,
					"sender":	true
				}],
			"sum":	{
				"start":	1.000208,
				"end":	2.000527,
				"seconds":	1.0003190040588379,
				"bytes":	4561200,
				"bits_per_second":	36477963.381623119,
				"retransmits":	0,
				"omitted":	false,
				"sender":	true
			}
		}, {
			"streams":	[{
					"socket":	5,
					"start":	2.000527,
					"end":	3.000293,
					"seconds":	0.99976599216461182,
					"bytes":	2280600,
					"bits_per_second":	18249070.42546811,
					"retransmits":	0,
					"snd_cwnd":	141904,
					"rtt":	56103,
					"rttvar":	256,
					"pmtu":	1500,
					"omitted":	false,
					"sender":	true
				}],
			"sum":	{
				"start":	2.000527,
				"end":	3.000293,
				"seconds":	0.99976599216461182,
				"bytes":	2280600,
				"bits_per_second":	18249070.42546811,
				"retransmits":	0,
				"omitted":	false,
				"sender":	true
			}
		}, {
			"streams":	[{
					"socket":	5,
					"start":	3.000293,
					"end":	4.000584,
					"seconds":	1.0002909898757935,
					"bytes":	1368360,
					"bits_per_second":	10943695.495407071,
					"retransmits":	0,
					"snd_cwnd":	121632,
					"rtt":	112100,
					"rttvar":	1493,
					"pmtu":	1500,
					"omitted":	false,
					"sender":	true
				}],
			"sum":	{
				"start":	3.000293,
				"end":	4.000584,
				"seconds":	1.0002909898757935,
				"bytes":	1368360,
				"bits_per_second":	10943695.495407071,
				"retransmits":	0,
				"omitted":	false,
				"sender":	true
			}
		}, {
			"streams":	[{
					"socket":	5,
					"start":	4.000584,
					"end":	5.000359,
					"seconds":	0.999774992465973,
					"bytes":	1368360,
					"bits_per_second":	10949343.684821736,
					"retransmits":	0,
					"snd_cwnd":	121632,
					"rtt":	117856,
					"rttvar":	456,
					"pmtu":	1500,
					"omitted":	false,
					"sender":	true
				}],
			"sum":	{
				"start":	4.000584,
				"end":	5.000359,
				"seconds":	0.999774992465973,
				"bytes":	1368360,
				"bits_per_second":	10949343.684821736,
				"retransmits":	0,
				"omitted":	false,
				"sender":	true
			}
		}, {
			"streams":	[{
					"socket":	5,
					"start":	5.000359,
					"end":	6.000159,
					"seconds":	0.99980002641677856,
					"bytes":	912240,
					"bits_per_second":	7299379.6831105249,
					"retransmits":	0,
					"snd_cwnd":	120184,
					"rtt":	113378,
					"rttvar":	273,
					"pmtu":	1500,
					"omitted":	false,
					"sender":	true
				}],
			"sum":	{
				"start":	5.000359,
				"end":	6.000159,
				"seconds":	0.99980002641677856,
				"bytes":	912240,
				"bits_per_second":	7299379.6831105249,
				"retransmits":	0,
				"omitted":	false,
				"sender":	true
			}
		}, {
			"streams":	[{
					"socket":	5,
					"start":	6.000159,
					"end":	7.00049,
					"seconds":	1.0003310441970825,
					"bytes":	912240,
					"bits_per_second":	7295504.8654495059,
					"retransmits":	0,
					"snd_cwnd":	121632,
					"rtt":	96119,
					"rttvar":	3751,
					"pmtu":	1500,
					"omitted":	false,
					"sender":	true
				}],
			"sum":	{
				"start":	6.000159,
				"end":	7.00049,
				"seconds":	1.0003310441970825,
				"bytes":	912240,
				"bits_per_second":	7295504.8654495059,
				"retransmits":	0,
				"omitted":	false,
				"sender":	true
			}
		}, {
			"streams":	[{
					"socket":	5,
					"start":	7.00049,
					"end":	8.000763,
					"seconds":	1.0002729892730713,
					"bytes":	912240,
					"bits_per_second":	7295928.2898397762,
					"retransmits":	0,
					"snd_cwnd":	137560,
					"rtt":	147609,
					"rttvar":	1258,
					"pmtu":	1500,
					"omitted":	false,
					"sender":	true
				}],
			"sum":	{
				"start":	7.00049,
				"end":	8.000763,
				"seconds":	1.0002729892730713,
				"bytes":	912240,
				"bits_per_second":	7295928.2898397762,
				"retransmits":	0,
				"omitted":	false,
				"sender":	true
			}
		}, {
			"streams":	[{
					"socket":	5,
					"start":	8.000763,
					"end":	9.000559,
					"seconds":	0.999795973300934,
					"bytes":	912240,
					"bits_per_second":	7299409.2743793847,
					"retransmits":	0,
					"snd_cwnd":	57920,
					"rtt":	101037,
					"rttvar":	5525,
					"pmtu":	1500,
					"omitted":	false,
					"sender":	true
				}],
			"sum":	{
				"start":	8.000763,
				"end":	9.000559,
				"seconds":	0.999795973300934,
				"bytes":	912240,
				"bits_per_second":	7299409.2743793847,
				"retransmits":	0,
				"omitted":	false,
				"sender":	true
			}
		}, {
			"streams":	[{
					"socket":	5,
					"start":	9.000559,
					"end":	10.000849,
					"seconds":	1.0002900362014771,
					"bytes":	456120,
					"bits_per_second":	3647901.976367414,
					"retransmits":	0,
					"snd_cwnd":	56472,
					"rtt":	109198,
					"rttvar":	394,
					"pmtu":	1500,
					"omitted":	false,
					"sender":	true
				}],
			"sum":	{
				"start":	9.000559,
				"end":	10.000849,
				"seconds":	1.0002900362014771,
				"bytes":	456120,
				"bits_per_second":	3647901.976367414,
				"retransmits":	0,
				"omitted":	false,
				"sender":	true
			}
		}, {
			"streams":	[{
					"socket":	5,
					"start":	10.000849,
					"end":	11.000149,
					"seconds":	0.99930000305175781,
					"bytes":	2801880,
					"bits_per_second":	22430741.4505622,
					"retransmits":	0,
					"snd_cwnd":	241816,
					"rtt":	158539,
					"rttvar":	144,
					"pmtu":	1500,
					"omitted":	false,
					"sender":	true
				}],
			"sum":	{
				"start":	10.000849,
				"end":	11.000149,
				"seconds":	0.99930000305175781,
				"bytes":	2801880,
				"bits_per_second":	22430741.4505622,
				"retransmits":	0,
				"omitted":	false,
				"sender":	true
			}
		}, {
			"streams":	[{
					"socket":	5,
					"start":	11.000149,
					"end":	12.000945,
					"seconds":	1.0007959604263306,
					"bytes":	847080,
					"bits_per_second":	6771250.352682488,
					"retransmits":	0,
					"snd_cwnd":	189688,
					"rtt":	154736,
					"rttvar":	4127,
					"pmtu":	1500,
					"omitted":	false,
					"sender":	true
				}],
			"sum":	{
				"start":	11.000149,
				"end":	12.000945,
				"seconds":	1.0007959604263306,
				"bytes":	847080,
				"bits_per_second":	6771250.352682488,
				"retransmits":	0,
				"omitted":	false,
				"sender":	true
			}
		}, {
			"streams":	[{
					"socket":	5,
					"start":	12.000945,
					"end":	13.001242,
					"seconds":	1.000296950340271,
					"bytes":	847080,
					"bits_per_second":	6774628.27182947,
					"retransmits":	0,
					"snd_cwnd":	188240,
					"rtt":	170462,
					"rttvar":	424,
					"pmtu":	1500,
					"omitted":	false,
					"sender":	true
				}],
			"sum":	{
				"start":	12.000945,
				"end":	13.001242,
				"seconds":	1.000296950340271,
				"bytes":	847080,
				"bits_per_second":	6774628.27182947,
				"retransmits":	0,
				"omitted":	false,
				"sender":	true
			}
		}, {
			"streams":	[{
					"socket":	5,
					"start":	13.001242,
					"end":	14.000549,
					"seconds":	0.99930697679519653,
					"bytes":	1694160,
					"bits_per_second":	13562679.251440555,
					"retransmits":	0,
					"snd_cwnd":	56472,
					"rtt":	14566,
					"rttvar":	1407,
					"pmtu":	1500,
					"omitted":	false,
					"sender":	true
				}],
			"sum":	{
				"start":	13.001242,
				"end":	14.000549,
				"seconds":	0.99930697679519653,
				"bytes":	1694160,
				"bits_per_second":	13562679.251440555,
				"retransmits":	0,
				"omitted":	false,
				"sender":	true
			}
		}, {
			"streams":	[{
					"socket":	5,
					"start":	14.000549,
					"end":	15.000839,
					"seconds":	1.0002900362014771,
					"bytes":	847080,
					"bits_per_second":	6774675.0989680542,
					"retransmits":	0,
					"snd_cwnd":	50680,
					"rtt":	46298,
					"rttvar":	296,
					"pmtu":	1500,
					"omitted":	false,
					"sender":	true
				}],
			"sum":	{
				"start":	14.000549,
				"end":	15.000839,
				"seconds":	1.0002900362014771,
				"bytes":	847080,
				"bits_per_second":	6774675.0989680542,
				"retransmits":	0,
				"omitted":	false,
				"sender":	true
			}
		}, {
			"streams":	[{
					"socket":	5,
					"start":	15.000839,
					"end":	16.000386,
					"seconds":	0.999547004699707,
					"bytes":	1694160,
					"bits_per_second":	13559422.354601322,
					"retransmits":	0,
					"snd_cwnd":	41992,
					"rtt":	40456,
					"rttvar":	385,
					"pmtu":	1500,
					"omitted":	false,
					"sender":	true
				}],
			"sum":	{
				"start":	15.000839,
				"end":	16.000386,
				"seconds":	0.999547004699707,
				"bytes":	1694160,
				"bits_per_second":	13559422.354601322,
				"retransmits":	0,
				"omitted":	false,
				"sender":	true
			}
		}, {
			"streams":	[{
					"socket":	5,
					"start":	16.000386,
					"end":	17.000415,
					"seconds":	1.0000289678573608,
					"bytes":	847080,
					"bits_per_second":	6776443.7009454574,
					"retransmits":	0,
					"snd_cwnd":	40544,
					"rtt":	35329,
					"rttvar":	1404,
					"pmtu":	1500,
					"omitted":	false,
					"sender":	true
				}],
			"sum":	{
				"start":	16.000386,
				"end":	17.000415,
				"seconds":	1.0000289678573608,
				"bytes":	847080,
				"bits_per_second":	6776443.7009454574,
				"retransmits":	0,
				"omitted":	false,
				"sender":	true
			}
		}, {
			"streams":	[{
					"socket":	5,
					"start":	17.000415,
					"end":	18.000709,
					"seconds":	1.0002939701080322,
					"bytes":	847080,
					"bits_per_second":	6774648.45586155,
					"retransmits":	0,
					"snd_cwnd":	41992,
					"rtt":	32324,
					"rttvar":	517,
					"pmtu":	1500,
					"omitted":	false,
					"sender":	true
				}],
			"sum":	{
				"start":	17.000415,
				"end":	18.000709,
				"seconds":	1.0002939701080322,
				"bytes":	847080,
				"bits_per_second":	6774648.45586155,
				"retransmits":	0,
				"omitted":	false,
				"sender":	true
			}
		}, {
			"streams":	[{
					"socket":	5,
					"start":	18.000709,
					"end":	19.000503,
					"seconds":	0.99979400634765625,
					"bytes":	1694160,
					"bits_per_second":	13556072.464878477,
					"retransmits":	0,
					"snd_cwnd":	10136,
					"rtt":	35748,
					"rttvar":	164,
					"pmtu":	1500,
					"omitted":	false,
					"sender":	true
				}],
			"sum":	{
				"start":	18.000709,
				"end":	19.000503,
				"seconds":	0.99979400634765625,
				"bytes":	1694160,
				"bits_per_second":	13556072.464878477,
				"retransmits":	0,
				"omitted":	false,
				"sender":	true
			}
		}, {
			"streams":	[{
					"socket":	5,
					"start":	19.000503,
					"end":	20.000808,
					"seconds":	1.0003050565719604,
					"bytes":	847080,
					"bits_per_second":	6774573.3718706826,
					"retransmits":	0,
					"snd_cwnd":	49232,
					"rtt":	32941,
					"rttvar":	235,
					"pmtu":	1500,
					"omitted":	false,
					"sender":	true
				}],
			"sum":	{
				"start":	19.000503,
				"end":	20.000808,
				"seconds":	1.0003050565719604,
				"bytes":	847080,
				"bits_per_second":	6774573.3718706826,
				"retransmits":	0,
				"omitted":	false,
				"sender":	true
			}
		}, {
			"streams":	[{
					"socket":	5,
					"start":	20.000808,
					"end":	21.000598,
					"seconds":	0.9997900128364563,
					"bytes":	1694160,
					"bits_per_second":	13556126.612576013,
					"retransmits":	0,
					"snd_cwnd":	49232,
					"rtt":	34203,
					"rttvar":	294,
					"pmtu":	1500,
					"omitted":	false,
					"sender":	true
				}],
			"sum":	{
				"start":	20.000808,
				"end":	21.000598,
				"seconds":	0.9997900128364563,
				"bytes":	1694160,
				"bits_per_second":	13556126.612576013,
				"retransmits":	0,
				"omitted":	false,
				"sender":	true
			}
		}, {
			"streams":	[{
					"socket":	5,
					"start":	21.000598,
					"end":	22.000386,
					"seconds":	0.999787986278534,
					"bytes":	1694160,
					"bits_per_second":	13556154.090677531,
					"retransmits":	0,
					"snd_cwnd":	50680,
					"rtt":	35136,
					"rttvar":	641,
					"pmtu":	1500,
					"omitted":	false,
					"sender":	true
				}],
			"sum":	{
				"start":	21.000598,
				"end":	22.000386,
				"seconds":	0.999787986278534,
				"bytes":	1694160,
				"bits_per_second":	13556154.090677531,
				"retransmits":	0,
				"omitted":	false,
				"sender":	true
			}
		}, {
			"streams":	[{
					"socket":	5,
					"start":	22.000386,
					"end":	23.000175,
					"seconds":	0.999788999557495,
					"bytes":	1694160,
					"bits_per_second":	13556140.351612849,
					"retransmits":	0,
					"snd_cwnd":	53576,
					"rtt":	32766,
					"rttvar":	579,
					"pmtu":	1500,
					"omitted":	false,
					"sender":	true
				}],
			"sum":	{
				"start":	22.000386,
				"end":	23.000175,
				"seconds":	0.999788999557495,
				"bytes":	1694160,
				"bits_per_second":	13556140.351612849,
				"retransmits":	0,
				"omitted":	false,
				"sender":	true
			}
		}, {
			"streams":	[{
					"socket":	5,
					"start":	23.000175,
					"end":	24.00098,
					"seconds":	1.0008050203323364,
					"bytes":	847080,
					"bits_per_second":	6771189.05513652,
					"retransmits":	0,
					"snd_cwnd":	47784,
					"rtt":	33006,
					"rttvar":	345,
					"pmtu":	1500,
					"omitted":	false,
					"sender":	true
				}],
			"sum":	{
				"start":	23.000175,
				"end":	24.00098,
				"seconds":	1.0008050203323364,
				"bytes":	847080,
				"bits_per_second":	6771189.05513652,
				"retransmits":	0,
				"omitted":	false,
				"sender":	true
			}
		}, {
			"streams":	[{
					"socket":	5,
					"start":	24.00098,
					"end":	25.000608,
					"seconds":	0.99962800741195679,
					"bytes":	1694160,
					"bits_per_second":	13558323.59588396,
					"retransmits":	0,
					"snd_cwnd":	49232,
					"rtt":	36303,
					"rttvar":	425,
					"pmtu":	1500,
					"omitted":	false,
					"sender":	true
				}],
			"sum":	{
				"start":	24.00098,
				"end":	25.000608,
				"seconds":	0.99962800741195679,
				"bytes":	1694160,
				"bits_per_second":	13558323.59588396,
				"retransmits":	0,
				"omitted":	false,
				"sender":	true
			}
		}, {
			"streams":	[{
					"socket":	5,
					"start":	25.000608,
					"end":	26.000403,
					"seconds":	0.99979501962661743,
					"bytes":	1694160,
					"bits_per_second":	13556058.725979248,
					"retransmits":	0,
					"snd_cwnd":	46336,
					"rtt":	31534,
					"rttvar":	140,
					"pmtu":	1500,
					"omitted":	false,
					"sender":	true
				}],
			"sum":	{
				"start":	25.000608,
				"end":	26.000403,
				"seconds":	0.99979501962661743,
				"bytes":	1694160,
				"bits_per_second":	13556058.725979248,
				"retransmits":	0,
				"omitted":	false,
				"sender":	true
			}
		}, {
			"streams":	[{
					"socket":	5,
					"start":	26.000403,
					"end":	27.000689,
					"seconds":	1.0002859830856323,
					"bytes":	847080,
					"bits_per_second":	6774702.5496606072,
					"retransmits":	0,
					"snd_cwnd":	43440,
					"rtt":	32510,
					"rttvar":	783,
					"pmtu":	1500,
					"omitted":	false,
					"sender":	true
				}],
			"sum":	{
				"start":	26.000403,
				"end":	27.000689,
				"seconds":	1.0002859830856323,
				"bytes":	847080,
				"bits_per_second":	6774702.5496606072,
				"retransmits":	0,
				"omitted":	false,
				"sender":	true
			}
		}, {
			"streams":	[{
					"socket":	5,
					"start":	27.000689,
					"end":	28.000489,
					"seconds":	0.99980002641677856,
					"bytes":	1694160,
					"bits_per_second":	13555990.840062404,
					"retransmits":	0,
					"snd_cwnd":	49232,
					"rtt":	35666,
					"rttvar":	434,
					"pmtu":	1500,
					"omitted":	false,
					"sender":	true
				}],
			"sum":	{
				"start":	27.000689,
				"end":	28.000489,
				"seconds":	0.99980002641677856,
				"bytes":	1694160,
				"bits_per_second":	13555990.840062404,
				"retransmits":	0,
				"omitted":	false,
				"sender":	true
			}
		}, {
			"streams":	[{
					"socket":	5,
					"start":	28.000489,
					"end":	29.000286,
					"seconds":	0.999796986579895,
					"bytes":	1694160,
					"bits_per_second":	13556032.05643083,
					"retransmits":	0,
					"snd_cwnd":	53576,
					"rtt":	31057,
					"rttvar":	459,
					"pmtu":	1500,
					"omitted":	false,
					"sender":	true
				}],
			"sum":	{
				"start":	28.000489,
				"end":	29.000286,
				"seconds":	0.999796986579895,
				"bytes":	1694160,
				"bits_per_second":	13556032.05643083,
				"retransmits":	0,
				"omitted":	false,
				"sender":	true
			}
		}, {
			"streams":	[{
					"socket":	5,
					"start":	29.000286,
					"end":	30.001174,
					"seconds":	1.0008879899978638,
					"bytes":	847080,
					"bits_per_second":	6770627.7502784934,
					"retransmits":	0,
					"snd_cwnd":	50680,
					"rtt":	33164,
					"rttvar":	521,
					"pmtu":	1500,
					"omitted":	false,
					"sender":	true
				}],
			"sum":	{
				"start":	29.000286,
				"end":	30.001174,
				"seconds":	1.0008879899978638,
				"bytes":	847080,
				"bits_per_second":	6770627.7502784934,
				"retransmits":	0,
				"omitted":	false,
				"sender":	true
			}
		}, {
			"streams":	[{
					"socket":	5,
					"start":	30.001174,
					"end":	31.000976,
					"seconds":	0.999801993370056,
					"bytes":	1694160,
					"bits_per_second":	13555964.170781096,
					"retransmits":	0,
					"snd_cwnd":	49232,
					"rtt":	32840,
					"rttvar":	637,
					"pmtu":	1500,
					"omitted":	false,
					"sender":	true
				}],
			"sum":	{
				"start":	30.001174,
				"end":	31.000976,
				"seconds":	0.999801993370056,
				"bytes":	1694160,
				"bits_per_second":	13555964.170781096,
				"retransmits":	0,
				"omitted":	false,
				"sender":	true
			}
		}, {
			"streams":	[{
					"socket":	5,
					"start":	31.000976,
					"end":	32.000745,
					"seconds":	0.99976897239685059,
					"bytes":	1694160,
					"bits_per_second":	13556411.9053498,
					"retransmits":	0,
					"snd_cwnd":	55024,
					"rtt":	33772,
					"rttvar":	424,
					"pmtu":	1500,
					"omitted":	false,
					"sender":	true
				}],
			"sum":	{
				"start":	31.000976,
				"end":	32.000745,
				"seconds":	0.99976897239685059,
				"bytes":	1694160,
				"bits_per_second":	13556411.9053498,
				"retransmits":	0,
				"omitted":	false,
				"sender":	true
			}
		}, {
			"streams":	[{
					"socket":	5,
					"start":	32.000745,
					"end":	33.000541,
					"seconds":	0.999795973300934,
					"bytes":	1694160,
					"bits_per_second":	13556045.795276,
					"retransmits":	0,
					"snd_cwnd":	44888,
					"rtt":	31960,
					"rttvar":	202,
					"pmtu":	1500,
					"omitted":	false,
					"sender":	true
				}],
			"sum":	{
				"start":	32.000745,
				"end":	33.000541,
				"seconds":	0.999795973300934,
				"bytes":	1694160,
				"bits_per_second":	13556045.795276,
				"retransmits":	0,
				"omitted":	false,
				"sender":	true
			}
		}, {
			"streams":	[{
					"socket":	5,
					"start":	33.000541,
					"end":	34.000842,
					"seconds":	1.0003010034561157,
					"bytes":	847080,
					"bits_per_second":	6774600.8217388522,
					"retransmits":	0,
					"snd_cwnd":	49232,
					"rtt":	31958,
					"rttvar":	269,
					"pmtu":	1500,
					"omitted":	false,
					"sender":	true
				}],
			"sum":	{
				"start":	33.000541,
				"end":	34.000842,
				"seconds":	1.0003010034561157,
				"bytes":	847080,
				"bits_per_second":	6774600.8217388522,
				"retransmits":	0,
				"omitted":	false,
				"sender":	true
			}
		}, {
			"streams":	[{
					"socket":	5,
					"start":	34.000842,
					"end":	35.000542,
					"seconds":	0.99970000982284546,
					"bytes":	1694160,
					"bits_per_second":	13557347.07094956,
					"retransmits":	0,
					"snd_cwnd":	44888,
					"rtt":	17047,
					"rttvar":	1785,
					"pmtu":	1500,
					"omitted":	false,
					"sender":	true
				}],
			"sum":	{
				"start":	34.000842,
				"end":	35.000542,
				"seconds":	0.99970000982284546,
				"bytes":	1694160,
				"bits_per_second":	13557347.07094956,
				"retransmits":	0,
				"omitted":	false,
				"sender":	true
			}
		}, {
			"streams":	[{
					"socket":	5,
					"start":	35.000542,
					"end":	36.000332,
					"seconds":	0.9997900128364563,
					"bytes":	1694160,
					"bits_per_second":	13556126.612576013,
					"retransmits":	0,
					"snd_cwnd":	46336,
					"rtt":	33856,
					"rttvar":	344,
					"pmtu":	1500,
					"omitted":	false,
					"sender":	true
				}],
			"sum":	{
				"start":	35.000542,
				"end":	36.000332,
				"seconds":	0.9997900128364563,
				"bytes":	1694160,
				"bits_per_second":	13556126.612576013,
				"retransmits":	0,
				"omitted":	false,
				"sender":	true
			}
		}, {
			"streams":	[{
					"socket":	5,
					"start":	36.000332,
					"end":	37.000637,
					"seconds":	1.0003050565719604,
					"bytes":	847080,
					"bits_per_second":	6774573.3718706826,
					"retransmits":	0,
					"snd_cwnd":	46336,
					"rtt":	33786,
					"rttvar":	360,
					"pmtu":	1500,
					"omitted":	false,
					"sender":	true
				}],
			"sum":	{
				"start":	36.000332,
				"end":	37.000637,
				"seconds":	1.0003050565719604,
				"bytes":	847080,
				"bits_per_second":	6774573.3718706826,
				"retransmits":	0,
				"omitted":	false,
				"sender":	true
			}
		}, {
			"streams":	[{
					"socket":	5,
					"start":	37.000637,
					"end":	38.000442,
					"seconds":	0.999804973602295,
					"bytes":	1694160,
					"bits_per_second":	13555923.762979059,
					"retransmits":	0,
					"snd_cwnd":	44888,
					"rtt":	31165,
					"rttvar":	180,
					"pmtu":	1500,
					"omitted":	false,
					"sender":	true
				}],
			"sum":	{
				"start":	37.000637,
				"end":	38.000442,
				"seconds":	0.999804973602295,
				"bytes":	1694160,
				"bits_per_second":	13555923.762979059,
				"retransmits":	0,
				"omitted":	false,
				"sender":	true
			}
		}, {
			"streams":	[{
					"socket":	5,
					"start":	38.000442,
					"end":	39.000219,
					"seconds":	0.99977701902389526,
					"bytes":	1694160,
					"bits_per_second":	13556302.797630187,
					"retransmits":	0,
					"snd_cwnd":	44888,
					"rtt":	33167,
					"rttvar":	376,
					"pmtu":	1500,
					"omitted":	false,
					"sender":	true
				}],
			"sum":	{
				"start":	38.000442,
				"end":	39.000219,
				"seconds":	0.99977701902389526,
				"bytes":	1694160,
				"bits_per_second":	13556302.797630187,
				"retransmits":	0,
				"omitted":	false,
				"sender":	true
			}
		}, {
			"streams":	[{
					"socket":	5,
					"start":	39.000219,
					"end":	40.000517,
					"seconds":	1.000298023223877,
					"bytes":	847080,
					"bits_per_second":	6774621.0056073647,
					"retransmits":	0,
					"snd_cwnd":	10136,
					"rtt":	22457,
					"rttvar":	2802,
					"pmtu":	1500,
					"omitted":	false,
					"sender":	true
				}],
			"sum":	{
				"start":	39.000219,
				"end":	40.000517,
				"seconds":	1.000298023223877,
				"bytes":	847080,
				"bits_per_second":	6774621.0056073647,
				"retransmits":	0,
				"omitted":	false,
				"sender":	true
			}
		}, {
			"streams":	[{
					"socket":	5,
					"start":	40.000517,
					"end":	41.000333,
					"seconds":	0.99981600046157837,
					"bytes":	1694160,
					"bits_per_second":	13555774.25620609,
					"retransmits":	0,
					"snd_cwnd":	44888,
					"rtt":	28436,
					"rttvar":	170,
					"pmtu":	1500,
					"omitted":	false,
					"sender":	true
				}],
			"sum":	{
				"start":	40.000517,
				"end":	41.000333,
				"seconds":	0.99981600046157837,
				"bytes":	1694160,
				"bits_per_second":	13555774.25620609,
				"retransmits":	0,
				"omitted":	false,
				"sender":	true
			}
		}, {
			"streams":	[{
					"socket":	5,
					"start":	41.000333,
					"end":	42.000639,
					"seconds":	1.0003060102462769,
					"bytes":	847080,
					"bits_per_second":	6774566.9131105,
					"retransmits":	0,
					"snd_cwnd":	50680,
					"rtt":	35391,
					"rttvar":	307,
					"pmtu":	1500,
					"omitted":	false,
					"sender":	true
				}],
			"sum":	{
				"start":	41.000333,
				"end":	42.000639,
				"seconds":	1.0003060102462769,
				"bytes":	847080,
				"bits_per_second":	6774566.9131105,
				"retransmits":	0,
				"omitted":	false,
				"sender":	true
			}
		}, {
			"streams":	[{
					"socket":	5,
					"start":	42.000639,
					"end":	43.00094,
					"seconds":	1.0003010034561157,
					"bytes":	1694160,
					"bits_per_second":	13549201.643477704,
					"retransmits":	0,
					"snd_cwnd":	52128,
					"rtt":	35022,
					"rttvar":	774,
					"pmtu":	1500,
					"omitted":	false,
					"sender":	true
				}],
			"sum":	{
				"start":	42.000639,
				"end":	43.00094,
				"seconds":	1.0003010034561157,
				"bytes":	1694160,
				"bits_per_second":	13549201.643477704,
				"retransmits":	0,
				"omitted":	false,
				"sender":	true
			}
		}, {
			"streams":	[{
					"socket":	5,
					"start":	43.00094,
					"end":	44.000235,
					"seconds":	0.99929499626159668,
					"bytes":	1694160,
					"bits_per_second":	13562841.854210591,
					"retransmits":	0,
					"snd_cwnd":	43440,
					"rtt":	33572,
					"rttvar":	1084,
					"pmtu":	1500,
					"omitted":	false,
					"sender":	true
				}],
			"sum":	{
				"start":	43.00094,
				"end":	44.000235,
				"seconds":	0.99929499626159668,
				"bytes":	1694160,
				"bits_per_second":	13562841.854210591,
				"retransmits":	0,
				"omitted":	false,
				"sender":	true
			}
		}, {
			"streams":	[{
					"socket":	5,
					"start":	44.000235,
					"end":	45.00104,
					"seconds":	1.0008050203323364,
					"bytes":	847080,
					"bits_per_second":	6771189.05513652,
					"retransmits":	0,
					"snd_cwnd":	43440,
					"rtt":	32618,
					"rttvar":	300,
					"pmtu":	1500,
					"omitted":	false,
					"sender":	true
				}],
			"sum":	{
				"start":	44.000235,
				"end":	45.00104,
				"seconds":	1.0008050203323364,
				"bytes":	847080,
				"bits_per_second":	6771189.05513652,
				"retransmits":	0,
				"omitted":	false,
				"sender":	true
			}
		}, {
			"streams":	[{
					"socket":	5,
					"start":	45.00104,
					"end":	46.000477,
					"seconds":	0.99943697452545166,
					"bytes":	1694160,
					"bits_per_second":	13560915.140682392,
					"retransmits":	0,
					"snd_cwnd":	46336,
					"rtt":	34304,
					"rttvar":	270,
					"pmtu":	1500,
					"omitted":	false,
					"sender":	true
				}],
			"sum":	{
				"start":	45.00104,
				"end":	46.000477,
				"seconds":	0.99943697452545166,
				"bytes":	1694160,
				"bits_per_second":	13560915.140682392,
				"retransmits":	0,
				"omitted":	false,
				"sender":	true
			}
		}, {
			"streams":	[{
					"socket":	5,
					"start":	46.000477,
					"end":	47.00078,
					"seconds":	1.0003030300140381,
					"bytes":	847080,
					"bits_per_second":	6774587.09677696,
					"retransmits":	0,
					"snd_cwnd":	59368,
					"rtt":	34387,
					"rttvar":	1057,
					"pmtu":	1500,
					"omitted":	false,
					"sender":	true
				}],
			"sum":	{
				"start":	46.000477,
				"end":	47.00078,
				"seconds":	1.0003030300140381,
				"bytes":	847080,
				"bits_per_second":	6774587.09677696,
				"retransmits":	0,
				"omitted":	false,
				"sender":	true
			}
		}, {
			"streams":	[{
					"socket":	5,
					"start":	47.00078,
					"end":	48.000573,
					"seconds":	0.999792993068695,
					"bytes":	1694160,
					"bits_per_second":	13556086.203805555,
					"retransmits":	0,
					"snd_cwnd":	44888,
					"rtt":	28435,
					"rttvar":	208,
					"pmtu":	1500,
					"omitted":	false,
					"sender":	true
				}],
			"sum":	{
				"start":	47.00078,
				"end":	48.000573,
				"seconds":	0.999792993068695,
				"bytes":	1694160,
				"bits_per_second":	13556086.203805555,
				"retransmits":	0,
				"omitted":	false,
				"sender":	true
			}
		}, {
			"streams":	[{
					"socket":	5,
					"start":	48.000573,
					"end":	49.00036,
					"seconds":	0.99978697299957275,
					"bytes":	1694160,
					"bits_per_second":	13556167.829770064,
					"retransmits":	0,
					"snd_cwnd":	47784,
					"rtt":	27594,
					"rttvar":	202,
					"pmtu":	1500,
					"omitted":	false,
					"sender":	true
				}],
			"sum":	{
				"start":	48.000573,
				"end":	49.00036,
				"seconds":	0.99978697299957275,
				"bytes":	1694160,
				"bits_per_second":	13556167.829770064,
				"retransmits":	0,
				"omitted":	false,
				"sender":	true
			}
		}, {
			"streams":	[{
					"socket":	5,
					"start":	49.00036,
					"end":	50.000653,
					"seconds":	1.0002930164337158,
					"bytes":	847080,
					"bits_per_second":	6774654.9147772165,
					"retransmits":	0,
					"snd_cwnd":	47784,
					"rtt":	31639,
					"rttvar":	231,
					"pmtu":	1500,
					"omitted":	false,
					"sender":	true
				}],
			"sum":	{
				"start":	49.00036,
				"end":	50.000653,
				"seconds":	1.0002930164337158,
				"bytes":	847080,
				"bits_per_second":	6774654.9147772165,
				"retransmits":	0,
				"omitted":	false,
				"sender":	true
			}
		}, {
			"streams":	[{
					"socket":	5,
					"start":	50.000653,
					"end":	51.000598,
					"seconds":	0.99994498491287231,
					"bytes":	1694160,
					"bits_per_second":	13554025.67590349,
					"retransmits":	0,
					"snd_cwnd":	47784,
					"rtt":	32909,
					"rttvar":	354,
					"pmtu":	1500,
					"omitted":	false,
					"sender":	true
				}],
			"sum":	{
				"start":	50.000653,
				"end":	51.000598,
				"seconds":	0.99994498491287231,
				"bytes":	1694160,
				"bits_per_second":	13554025.67590349,
				"retransmits":	0,
				"omitted":	false,
				"sender":	true
			}
		}, {
			"streams":	[{
					"socket":	5,
					"start":	51.000598,
					"end":	52.000389,
					"seconds":	0.99979102611541748,
					"bytes":	1694160,
					"bits_per_second":	13556112.873567028,
					"retransmits":	0,
					"snd_cwnd":	47784,
					"rtt":	30656,
					"rttvar":	337,
					"pmtu":	1500,
					"omitted":	false,
					"sender":	true
				}],
			"sum":	{
				"start":	51.000598,
				"end":	52.000389,
				"seconds":	0.99979102611541748,
				"bytes":	1694160,
				"bits_per_second":	13556112.873567028,
				"retransmits":	0,
				"omitted":	false,
				"sender":	true
			}
		}, {
			"streams":	[{
					"socket":	5,
					"start":	52.000389,
					"end":	53.000176,
					"seconds":	0.99978697299957275,
					"bytes":	1694160,
					"bits_per_second":	13556167.829770064,
					"retransmits":	0,
					"snd_cwnd":	56472,
					"rtt":	31169,
					"rttvar":	173,
					"pmtu":	1500,
					"omitted":	false,
					"sender":	true
				}],
			"sum":	{
				"start":	52.000389,
				"end":	53.000176,
				"seconds":	0.99978697299957275,
				"bytes":	1694160,
				"bits_per_second":	13556167.829770064,
				"retransmits":	0,
				"omitted":	false,
				"sender":	true
			}
		}, {
			"streams":	[{
					"socket":	5,
					"start":	53.000176,
					"end":	54.000994,
					"seconds":	1.0008180141448975,
					"bytes":	847080,
					"bits_per_second":	6771101.1434880951,
					"retransmits":	0,
					"snd_cwnd":	46336,
					"rtt":	28165,
					"rttvar":	227,
					"pmtu":	1500,
					"omitted":	false,
					"sender":	true
				}],
			"sum":	{
				"start":	53.000176,
				"end":	54.000994,
				"seconds":	1.0008180141448975,
				"bytes":	847080,
				"bits_per_second":	6771101.1434880951,
				"retransmits":	0,
				"omitted":	false,
				"sender":	true
			}
		}, {
			"streams":	[{
					"socket":	5,
					"start":	54.000994,
					"end":	55.00079,
					"seconds":	0.999795973300934,
					"bytes":	1694160,
					"bits_per_second":	13556045.795276,
					"retransmits":	0,
					"snd_cwnd":	47784,
					"rtt":	31206,
					"rttvar":	600,
					"pmtu":	1500,
					"omitted":	false,
					"sender":	true
				}],
			"sum":	{
				"start":	54.000994,
				"end":	55.00079,
				"seconds":	0.999795973300934,
				"bytes":	1694160,
				"bits_per_second":	13556045.795276,
				"retransmits":	0,
				"omitted":	false,
				"sender":	true
			}
		}, {
			"streams":	[{
					"socket":	5,
					"start":	55.00079,
					"end":	56.000347,
					"seconds":	0.9995570182800293,
					"bytes":	1694160,
					"bits_per_second":	13559286.516062461,
					"retransmits":	0,
					"snd_cwnd":	46336,
					"rtt":	23142,
					"rttvar":	1722,
					"pmtu":	1500,
					"omitted":	false,
					"sender":	true
				}],
			"sum":	{
				"start":	55.00079,
				"end":	56.000347,
				"seconds":	0.9995570182800293,
				"bytes":	1694160,
				"bits_per_second":	13559286.516062461,
				"retransmits":	0,
				"omitted":	false,
				"sender":	true
			}
		}, {
			"streams":	[{
					"socket":	5,
					"start":	56.000347,
					"end":	57.000675,
					"seconds":	1.0003279447555542,
					"bytes":	847080,
					"bits_per_second":	6774418.36502526,
					"retransmits":	0,
					"snd_cwnd":	46336,
					"rtt":	34913,
					"rttvar":	999,
					"pmtu":	1500,
					"omitted":	false,
					"sender":	true
				}],
			"sum":	{
				"start":	56.000347,
				"end":	57.000675,
				"seconds":	1.0003279447555542,
				"bytes":	847080,
				"bits_per_second":	6774418.36502526,
				"retransmits":	0,
				"omitted":	false,
				"sender":	true
			}
		}, {
			"streams":	[{
					"socket":	5,
					"start":	57.000675,
					"end":	58.000466,
					"seconds":	0.99979102611541748,
					"bytes":	1694160,
					"bits_per_second":	13556112.873567028,
					"retransmits":	0,
					"snd_cwnd":	46336,
					"rtt":	32764,
					"rttvar":	378,
					"pmtu":	1500,
					"omitted":	false,
					"sender":	true
				}],
			"sum":	{
				"start":	57.000675,
				"end":	58.000466,
				"seconds":	0.99979102611541748,
				"bytes":	1694160,
				"bits_per_second":	13556112.873567028,
				"retransmits":	0,
				"omitted":	false,
				"sender":	true
			}
		}, {
			"streams":	[{
					"socket":	5,
					"start":	58.000466,
					"end":	59.000754,
					"seconds":	1.0002880096435547,
					"bytes":	847080,
					"bits_per_second":	6774688.8242865233,
					"retransmits":	0,
					"snd_cwnd":	46336,
					"rtt":	32283,
					"rttvar":	201,
					"pmtu":	1500,
					"omitted":	false,
					"sender":	true
				}],
			"sum":	{
				"start":	58.000466,
				"end":	59.000754,
				"seconds":	1.0002880096435547,
				"bytes":	847080,
				"bits_per_second":	6774688.8242865233,
				"retransmits":	0,
				"omitted":	false,
				"sender":	true
			}
		}, {
			"streams":	[{
					"socket":	5,
					"start":	59.000754,
					"end":	60.000545,
					"seconds":	0.99979102611541748,
					"bytes":	1694160,
					"bits_per_second":	13556112.873567028,
					"retransmits":	0,
					"snd_cwnd":	44888,
					"rtt":	29190,
					"rttvar":	184,
					"pmtu":	1500,
					"omitted":	false,
					"sender":	true
				}],
			"sum":	{
				"start":	59.000754,
				"end":	60.000545,
				"seconds":	0.99979102611541748,
				"bytes":	1694160,
				"bits_per_second":	13556112.873567028,
				"retransmits":	0,
				"omitted":	false,
				"sender":	true
			}
		}],
	"end":	{
		"streams":	[{
				"sender":	{
					"socket":	5,
					"start":	0,
					"end":	60.000545,
					"seconds":	60.000545,
					"bytes":	88773984,
					"bits_per_second":	11836423.685818186,
					"retransmits":	0,
					"max_snd_cwnd":	241816,
					"max_rtt":	170462,
					"min_rtt":	14566,
					"mean_rtt":	48490,
					"sender":	true
				},
				"receiver":	{
					"socket":	5,
					"start":	0,
					"end":	60.031186,
					"seconds":	60.000545,
					"bytes":	86900736,
					"bits_per_second":	11580745.514506411,
					"sender":	true
				}
			}],
		"sum_sent":	{
			"start":	0,
			"end":	60.000545,
			"seconds":	60.000545,
			"bytes":	88773984,
			"bits_per_second":	11836423.685818186,
			"retransmits":	0,
			"sender":	true
		},
		"sum_received":	{
			"start":	0,
			"end":	60.031186,
			"seconds":	60.031186,
			"bytes":	86900736,
			"bits_per_second":	11580745.514506411,
			"sender":	true
		},
		"cpu_utilization_percent":	{
			"host_total":	0.0451309319425147,
			"host_user":	0,
			"host_system":	0.045132595633005451,
			"remote_total":	1.5945847794345873,
			"remote_user":	0.014229258203383074,
			"remote_system":	1.5803555212312044
		},
		"sender_tcp_congestion":	"bbr",
		"receiver_tcp_congestion":	"cubic"
	}
}
