{
	"start":	{
		"connected":	[{
				"socket":	4,
				"local_host":	"192.168.179.134",
				"local_port":	53310,
				"remote_host":	"192.168.120.132",
				"remote_port":	5201
			}],
		"version":	"iperf 3.1.3",
		"system_info":	"Linux a 4.15.0-213-generic #224-Ubuntu SMP Mon Jun 19 13:30:12 UTC 2023 x86_64",
		"timestamp":	{
			"time":	"Mon, 05 May 2025 11:02:52 GMT",
			"timesecs":	1746442972
		},
		"connecting_to":	{
			"host":	"192.168.120.132",
			"port":	5201
		},
		"cookie":	"a.1746442972.619913.3b9c001039d490ed",
		"tcp_mss_default":	1448,
		"test_start":	{
			"protocol":	"TCP",
			"num_streams":	1,
			"blksize":	131072,
			"omit":	0,
			"duration":	60,
			"bytes":	0,
			"blocks":	0,
			"reverse":	0
		}
	},
	"intervals":	[{
			"streams":	[{
					"socket":	4,
					"start":	0,
					"end":	1.000576,
					"seconds":	1.000576,
					"bytes":	3239176,
					"bits_per_second":	25898489.970270,
					"retransmits":	0,
					"snd_cwnd":	550240,
					"rtt":	479838,
					"omitted":	false
				}],
			"sum":	{
				"start":	0,
				"end":	1.000576,
				"seconds":	1.000576,
				"bytes":	3239176,
				"bits_per_second":	25898489.970270,
				"retransmits":	0,
				"omitted":	false
			}
		}, {
			"streams":	[{
					"socket":	4,
					"start":	1.000576,
					"end":	2.001236,
					"seconds":	1.000660,
					"bytes":	997672,
					"bits_per_second":	7976110.323148,
					"retransmits":	0,
					"snd_cwnd":	807984,
					"rtt":	705726,
					"omitted":	false
				}],
			"sum":	{
				"start":	1.000576,
				"end":	2.001236,
				"seconds":	1.000660,
				"bytes":	997672,
				"bits_per_second":	7976110.323148,
				"retransmits":	0,
				"omitted":	false
			}
		}, {
			"streams":	[{
					"socket":	4,
					"start":	2.001236,
					"end":	3.001209,
					"seconds":	0.999973,
					"bytes":	456120,
					"bits_per_second":	3649059.180400,
					"retransmits":	0,
					"snd_cwnd":	764544,
					"rtt":	738486,
					"omitted":	false
				}],
			"sum":	{
				"start":	2.001236,
				"end":	3.001209,
				"seconds":	0.999973,
				"bytes":	456120,
				"bits_per_second":	3649059.180400,
				"retransmits":	0,
				"omitted":	false
			}
		}, {
			"streams":	[{
					"socket":	4,
					"start":	3.001209,
					"end":	4.001453,
					"seconds":	1.000244,
					"bytes":	456120,
					"bits_per_second":	3648069.358067,
					"retransmits":	0,
					"snd_cwnd":	845632,
					"rtt":	814669,
					"omitted":	false
				}],
			"sum":	{
				"start":	3.001209,
				"end":	4.001453,
				"seconds":	1.000244,
				"bytes":	456120,
				"bits_per_second":	3648069.358067,
				"retransmits":	0,
				"omitted":	false
			}
		}, {
			"streams":	[{
					"socket":	4,
					"start":	4.001453,
					"end":	5.001229,
					"seconds":	0.999776,
					"bytes":	260640,
					"bits_per_second":	2085587.408219,
					"retransmits":	4,
					"snd_cwnd":	883280,
					"rtt":	834272,
					"omitted":	false
				}],
			"sum":	{
				"start":	4.001453,
				"end":	5.001229,
				"seconds":	0.999776,
				"bytes":	260640,
				"bits_per_second":	2085587.408219,
				"retransmits":	4,
				"omitted":	false
			}
		}, {
			"streams":	[{
					"socket":	4,
					"start":	5.001229,
					"end":	6.001540,
					"seconds":	1.000311,
					"bytes":	521280,
					"bits_per_second":	4168942.890760,
					"retransmits":	7,
					"snd_cwnd":	891968,
					"rtt":	851957,
					"omitted":	false
				}],
			"sum":	{
				"start":	5.001229,
				"end":	6.001540,
				"seconds":	1.000311,
				"bytes":	521280,
				"bits_per_second":	4168942.890760,
				"retransmits":	7,
				"omitted":	false
			}
		}, {
			"streams":	[{
					"socket":	4,
					"start":	6.001540,
					"end":	7.001445,
					"seconds":	0.999905,
					"bytes":	651600,
					"bits_per_second":	5213295.935697,
					"retransmits":	0,
					"snd_cwnd":	767440,
					"rtt":	741925,
					"omitted":	false
				}],
			"sum":	{
				"start":	6.001540,
				"end":	7.001445,
				"seconds":	0.999905,
				"bytes":	651600,
				"bits_per_second":	5213295.935697,
				"retransmits":	0,
				"omitted":	false
			}
		}, {
			"streams":	[{
					"socket":	4,
					"start":	7.001445,
					"end":	8.000462,
					"seconds":	0.999017,
					"bytes":	456120,
					"bits_per_second":	3652550.456374,
					"retransmits":	0,
					"snd_cwnd":	854320,
					"rtt":	825162,
					"omitted":	false
				}],
			"sum":	{
				"start":	7.001445,
				"end":	8.000462,
				"seconds":	0.999017,
				"bytes":	456120,
				"bits_per_second":	3652550.456374,
				"retransmits":	0,
				"omitted":	false
			}
		}, {
			"streams":	[{
					"socket":	4,
					"start":	8.000462,
					"end":	9.001200,
					"seconds":	1.000738,
					"bytes":	456120,
					"bits_per_second":	3646268.529051,
					"retransmits":	0,
					"snd_cwnd":	918032,
					"rtt":	867913,
					"omitted":	false
				}],
			"sum":	{
				"start":	8.000462,
				"end":	9.001200,
				"seconds":	1.000738,
				"bytes":	456120,
				"bits_per_second":	3646268.529051,
				"retransmits":	0,
				"omitted":	false
			}
		}, {
			"streams":	[{
					"socket":	4,
					"start":	9.001200,
					"end":	10.001472,
					"seconds":	1.000272,
					"bytes":	325800,
					"bits_per_second":	2605691.780322,
					"retransmits":	15,
					"snd_cwnd":	860112,
					"rtt":	822414,
					"omitted":	false
				}],
			"sum":	{
				"start":	9.001200,
				"end":	10.001472,
				"seconds":	1.000272,
				"bytes":	325800,
				"bits_per_second":	2605691.780322,
				"retransmits":	15,
				"omitted":	false
			}
		}, {
			"streams":	[{
					"socket":	4,
					"start":	10.001472,
					"end":	11.001278,
					"seconds":	0.999806,
					"bytes":	456120,
					"bits_per_second":	3649667.430749,
					"retransmits":	2,
					"snd_cwnd":	987536,
					"rtt":	963302,
					"omitted":	false
				}],
			"sum":	{
				"start":	10.001472,
				"end":	11.001278,
				"seconds":	0.999806,
				"bytes":	456120,
				"bits_per_second":	3649667.430749,
				"retransmits":	2,
				"omitted":	false
			}
		}, {
			"streams":	[{
					"socket":	4,
					"start":	11.001278,
					"end":	12.001322,
					"seconds":	1.000044,
					"bytes":	716760,
					"bits_per_second":	5733828.462573,
					"retransmits":	0,
					"snd_cwnd":	735584,
					"rtt":	689512,
					"omitted":	false
				}],
			"sum":	{
				"start":	11.001278,
				"end":	12.001322,
				"seconds":	1.000044,
				"bytes":	716760,
				"bits_per_second":	5733828.462573,
				"retransmits":	0,
				"omitted":	false
			}
		}, {
			"streams":	[{
					"socket":	4,
					"start":	12.001322,
					"end":	13.001425,
					"seconds":	1.000103,
					"bytes":	456120,
					"bits_per_second":	3648584.207407,
					"retransmits":	0,
					"snd_cwnd":	839840,
					"rtt":	818712,
					"omitted":	false
				}],
			"sum":	{
				"start":	12.001322,
				"end":	13.001425,
				"seconds":	1.000103,
				"bytes":	456120,
				"bits_per_second":	3648584.207407,
				"retransmits":	0,
				"omitted":	false
			}
		}, {
			"streams":	[{
					"socket":	4,
					"start":	13.001425,
					"end":	14.001084,
					"seconds":	0.999659,
					"bytes":	521280,
					"bits_per_second":	4171662.280565,
					"retransmits":	0,
					"snd_cwnd":	935408,
					"rtt":	892438,
					"omitted":	false
				}],
			"sum":	{
				"start":	13.001425,
				"end":	14.001084,
				"seconds":	0.999659,
				"bytes":	521280,
				"bits_per_second":	4171662.280565,
				"retransmits":	0,
				"omitted":	false
			}
		}, {
			"streams":	[{
					"socket":	4,
					"start":	14.001084,
					"end":	15.001206,
					"seconds":	1.000122,
					"bytes":	260640,
					"bits_per_second":	2084865.499817,
					"retransmits":	12,
					"snd_cwnd":	889072,
					"rtt":	823288,
					"omitted":	false
				}],
			"sum":	{
				"start":	14.001084,
				"end":	15.001206,
				"seconds":	1.000122,
				"bytes":	260640,
				"bits_per_second":	2084865.499817,
				"retransmits":	12,
				"omitted":	false
			}
		}, {
			"streams":	[{
					"socket":	4,
					"start":	15.001206,
					"end":	16.001484,
					"seconds":	1.000278,
					"bytes":	0,
					"bits_per_second":	0,
					"retransmits":	2,
					"snd_cwnd":	1002016,
					"rtt":	928233,
					"omitted":	false
				}],
			"sum":	{
				"start":	15.001206,
				"end":	16.001484,
				"seconds":	1.000278,
				"bytes":	0,
				"bits_per_second":	0,
				"retransmits":	2,
				"omitted":	false
			}
		}, {
			"streams":	[{
					"socket":	4,
					"start":	16.001484,
					"end":	17.000772,
					"seconds":	0.999288,
					"bytes":	1563840,
					"bits_per_second":	12519635.937554,
					"retransmits":	0,
					"snd_cwnd":	396752,
					"rtt":	350142,
					"omitted":	false
				}],
			"sum":	{
				"start":	16.001484,
				"end":	17.000772,
				"seconds":	0.999288,
				"bytes":	1563840,
				"bits_per_second":	12519635.937554,
				"retransmits":	0,
				"omitted":	false
			}
		}, {
			"streams":	[{
					"socket":	4,
					"start":	17.000772,
					"end":	18.001088,
					"seconds":	1.000316,
					"bytes":	195480,
					"bits_per_second":	1563345.759126,
					"retransmits":	0,
					"snd_cwnd":	834048,
					"rtt":	735015,
					"omitted":	false
				}],
			"sum":	{
				"start":	17.000772,
				"end":	18.001088,
				"seconds":	1.000316,
				"bytes":	195480,
				"bits_per_second":	1563345.759126,
				"retransmits":	0,
				"omitted":	false
			}
		}, {
			"streams":	[{
					"socket":	4,
					"start":	18.001088,
					"end":	19.001147,
					"seconds":	1.000059,
					"bytes":	521280,
					"bits_per_second":	4169994.431576,
					"retransmits":	0,
					"snd_cwnd":	932512,
					"rtt":	791937,
					"omitted":	false
				}],
			"sum":	{
				"start":	18.001088,
				"end":	19.001147,
				"seconds":	1.000059,
				"bytes":	521280,
				"bits_per_second":	4169994.431576,
				"retransmits":	0,
				"omitted":	false
			}
		}, {
			"streams":	[{
					"socket":	4,
					"start":	19.001147,
					"end":	20.001235,
					"seconds":	1.000088,
					"bytes":	325800,
					"bits_per_second":	2606170.718337,
					"retransmits":	8,
					"snd_cwnd":	941200,
					"rtt":	838358,
					"omitted":	false
				}],
			"sum":	{
				"start":	19.001147,
				"end":	20.001235,
				"seconds":	1.000088,
				"bytes":	325800,
				"bits_per_second":	2606170.718337,
				"retransmits":	8,
				"omitted":	false
			}
		}, {
			"streams":	[{
					"socket":	4,
					"start":	20.001235,
					"end":	21.001282,
					"seconds":	1.000047,
					"bytes":	586440,
					"bits_per_second":	4691298.538439,
					"retransmits":	10,
					"snd_cwnd":	1013600,
					"rtt":	884411,
					"omitted":	false
				}],
			"sum":	{
				"start":	20.001235,
				"end":	21.001282,
				"seconds":	1.000047,
				"bytes":	586440,
				"bits_per_second":	4691298.538439,
				"retransmits":	10,
				"omitted":	false
			}
		}, {
			"streams":	[{
					"socket":	4,
					"start":	21.001282,
					"end":	22.001406,
					"seconds":	1.000124,
					"bytes":	1042560,
					"bits_per_second":	8339446.094978,
					"retransmits":	0,
					"snd_cwnd":	408336,
					"rtt":	363719,
					"omitted":	false
				}],
			"sum":	{
				"start":	21.001282,
				"end":	22.001406,
				"seconds":	1.000124,
				"bytes":	1042560,
				"bits_per_second":	8339446.094978,
				"retransmits":	0,
				"omitted":	false
			}
		}, {
			"streams":	[{
					"socket":	4,
					"start":	22.001406,
					"end":	23.000776,
					"seconds":	0.999370,
					"bytes":	260640,
					"bits_per_second":	2086434.746627,
					"retransmits":	0,
					"snd_cwnd":	836944,
					"rtt":	737644,
					"omitted":	false
				}],
			"sum":	{
				"start":	22.001406,
				"end":	23.000776,
				"seconds":	0.999370,
				"bytes":	260640,
				"bits_per_second":	2086434.746627,
				"retransmits":	0,
				"omitted":	false
			}
		}, {
			"streams":	[{
					"socket":	4,
					"start":	23.000776,
					"end":	24.001565,
					"seconds":	1.000789,
					"bytes":	456120,
					"bits_per_second":	3646082.637384,
					"retransmits":	0,
					"snd_cwnd":	923824,
					"rtt":	791063,
					"omitted":	false
				}],
			"sum":	{
				"start":	23.000776,
				"end":	24.001565,
				"seconds":	1.000789,
				"bytes":	456120,
				"bits_per_second":	3646082.637384,
				"retransmits":	0,
				"omitted":	false
			}
		}, {
			"streams":	[{
					"socket":	4,
					"start":	24.001565,
					"end":	25.001340,
					"seconds":	0.999775,
					"bytes":	325800,
					"bits_per_second":	2606986.747048,
					"retransmits":	10,
					"snd_cwnd":	970160,
					"rtt":	839227,
					"omitted":	false
				}],
			"sum":	{
				"start":	24.001565,
				"end":	25.001340,
				"seconds":	0.999775,
				"bytes":	325800,
				"bits_per_second":	2606986.747048,
				"retransmits":	10,
				"omitted":	false
			}
		}, {
			"streams":	[{
					"socket":	4,
					"start":	25.001340,
					"end":	26.000645,
					"seconds":	0.999305,
					"bytes":	65160,
					"bits_per_second":	521642.536429,
					"retransmits":	6,
					"snd_cwnd":	984640,
					"rtt":	869447,
					"omitted":	false
				}],
			"sum":	{
				"start":	25.001340,
				"end":	26.000645,
				"seconds":	0.999305,
				"bytes":	65160,
				"bits_per_second":	521642.536429,
				"retransmits":	6,
				"omitted":	false
			}
		}, {
			"streams":	[{
					"socket":	4,
					"start":	26.000645,
					"end":	27.000919,
					"seconds":	1.000274,
					"bytes":	1563840,
					"bits_per_second":	12507293.715096,
					"retransmits":	0,
					"snd_cwnd":	422816,
					"rtt":	365515,
					"omitted":	false
				}],
			"sum":	{
				"start":	26.000645,
				"end":	27.000919,
				"seconds":	1.000274,
				"bytes":	1563840,
				"bits_per_second":	12507293.715096,
				"retransmits":	0,
				"omitted":	false
			}
		}, {
			"streams":	[{
					"socket":	4,
					"start":	27.000919,
					"end":	28.001267,
					"seconds":	1.000348,
					"bytes":	260640,
					"bits_per_second":	2084394.440793,
					"retransmits":	0,
					"snd_cwnd":	871696,
					"rtt":	740246,
					"omitted":	false
				}],
			"sum":	{
				"start":	27.000919,
				"end":	28.001267,
				"seconds":	1.000348,
				"bytes":	260640,
				"bits_per_second":	2084394.440793,
				"retransmits":	0,
				"omitted":	false
			}
		}, {
			"streams":	[{
					"socket":	4,
					"start":	28.001267,
					"end":	29.001567,
					"seconds":	1.000300,
					"bytes":	456120,
					"bits_per_second":	3647865.893494,
					"retransmits":	0,
					"snd_cwnd":	938304,
					"rtt":	795895,
					"omitted":	false
				}],
			"sum":	{
				"start":	28.001267,
				"end":	29.001567,
				"seconds":	1.000300,
				"bytes":	456120,
				"bits_per_second":	3647865.893494,
				"retransmits":	0,
				"omitted":	false
			}
		}, {
			"streams":	[{
					"socket":	4,
					"start":	29.001567,
					"end":	30.000545,
					"seconds":	0.998978,
					"bytes":	325800,
					"bits_per_second":	2609066.728273,
					"retransmits":	31,
					"snd_cwnd":	941200,
					"rtt":	806071,
					"omitted":	false
				}],
			"sum":	{
				"start":	29.001567,
				"end":	30.000545,
				"seconds":	0.998978,
				"bytes":	325800,
				"bits_per_second":	2609066.728273,
				"retransmits":	31,
				"omitted":	false
			}
		}, {
			"streams":	[{
					"socket":	4,
					"start":	30.000545,
					"end":	31.001455,
					"seconds":	1.000910,
					"bytes":	0,
					"bits_per_second":	0,
					"retransmits":	15,
					"snd_cwnd":	1071520,
					"rtt":	937205,
					"omitted":	false
				}],
			"sum":	{
				"start":	30.000545,
				"end":	31.001455,
				"seconds":	1.000910,
				"bytes":	0,
				"bits_per_second":	0,
				"retransmits":	15,
				"omitted":	false
			}
		}, {
			"streams":	[{
					"socket":	4,
					"start":	31.001455,
					"end":	32.000762,
					"seconds":	0.999307,
					"bytes":	1563840,
					"bits_per_second":	12519393.991904,
					"retransmits":	0,
					"snd_cwnd":	541552,
					"rtt":	464977,
					"omitted":	false
				}],
			"sum":	{
				"start":	31.001455,
				"end":	32.000762,
				"seconds":	0.999307,
				"bytes":	1563840,
				"bits_per_second":	12519393.991904,
				"retransmits":	0,
				"omitted":	false
			}
		}, {
			"streams":	[{
					"socket":	4,
					"start":	32.000762,
					"end":	33.001565,
					"seconds":	1.000803,
					"bytes":	325800,
					"bits_per_second":	2604308.756282,
					"retransmits":	0,
					"snd_cwnd":	889072,
					"rtt":	768840,
					"omitted":	false
				}],
			"sum":	{
				"start":	32.000762,
				"end":	33.001565,
				"seconds":	1.000803,
				"bytes":	325800,
				"bits_per_second":	2604308.756282,
				"retransmits":	0,
				"omitted":	false
			}
		}, {
			"streams":	[{
					"socket":	4,
					"start":	33.001565,
					"end":	34.001369,
					"seconds":	0.999804,
					"bytes":	521280,
					"bits_per_second":	4171058.438791,
					"retransmits":	0,
					"snd_cwnd":	1019392,
					"rtt":	855390,
					"omitted":	false
				}],
			"sum":	{
				"start":	33.001565,
				"end":	34.001369,
				"seconds":	0.999804,
				"bytes":	521280,
				"bits_per_second":	4171058.438791,
				"retransmits":	0,
				"omitted":	false
			}
		}, {
			"streams":	[{
					"socket":	4,
					"start":	34.001369,
					"end":	35.001180,
					"seconds":	0.999811,
					"bytes":	260640,
					"bits_per_second":	2085513.802388,
					"retransmits":	18,
					"snd_cwnd":	993328,
					"rtt":	833219,
					"omitted":	false
				}],
			"sum":	{
				"start":	34.001369,
				"end":	35.001180,
				"seconds":	0.999811,
				"bytes":	260640,
				"bits_per_second":	2085513.802388,
				"retransmits":	18,
				"omitted":	false
			}
		}, {
			"streams":	[{
					"socket":	4,
					"start":	35.001180,
					"end":	36.000527,
					"seconds":	0.999347,
					"bytes":	0,
					"bits_per_second":	0,
					"retransmits":	39,
					"snd_cwnd":	1033872,
					"rtt":	876444,
					"omitted":	false
				}],
			"sum":	{
				"start":	35.001180,
				"end":	36.000527,
				"seconds":	0.999347,
				"bytes":	0,
				"bits_per_second":	0,
				"retransmits":	39,
				"omitted":	false
			}
		}, {
			"streams":	[{
					"socket":	4,
					"start":	36.000527,
					"end":	37.000581,
					"seconds":	1.000054,
					"bytes":	1629000,
					"bits_per_second":	13031297.839806,
					"retransmits":	0,
					"snd_cwnd":	515488,
					"rtt":	437481,
					"omitted":	false
				}],
			"sum":	{
				"start":	36.000527,
				"end":	37.000581,
				"seconds":	1.000054,
				"bytes":	1629000,
				"bits_per_second":	13031297.839806,
				"retransmits":	0,
				"omitted":	false
			}
		}, {
			"streams":	[{
					"socket":	4,
					"start":	37.000581,
					"end":	38.001454,
					"seconds":	1.000873,
					"bytes":	260640,
					"bits_per_second":	2083301.093072,
					"retransmits":	0,
					"snd_cwnd":	912240,
					"rtt":	782215,
					"omitted":	false
				}],
			"sum":	{
				"start":	37.000581,
				"end":	38.001454,
				"seconds":	1.000873,
				"bytes":	260640,
				"bits_per_second":	2083301.093072,
				"retransmits":	0,
				"omitted":	false
			}
		}, {
			"streams":	[{
					"socket":	4,
					"start":	38.001454,
					"end":	39.001257,
					"seconds":	0.999803,
					"bytes":	521280,
					"bits_per_second":	4171061.422752,
					"retransmits":	0,
					"snd_cwnd":	1065728,
					"rtt":	884860,
					"omitted":	false
				}],
			"sum":	{
				"start":	38.001454,
				"end":	39.001257,
				"seconds":	0.999803,
				"bytes":	521280,
				"bits_per_second":	4171061.422752,
				"retransmits":	0,
				"omitted":	false
			}
		}, {
			"streams":	[{
					"socket":	4,
					"start":	39.001257,
					"end":	40.000627,
					"seconds":	0.999370,
					"bytes":	325800,
					"bits_per_second":	2608043.433283,
					"retransmits":	17,
					"snd_cwnd":	1019392,
					"rtt":	848460,
					"omitted":	false
				}],
			"sum":	{
				"start":	39.001257,
				"end":	40.000627,
				"seconds":	0.999370,
				"bytes":	325800,
				"bits_per_second":	2608043.433283,
				"retransmits":	17,
				"omitted":	false
			}
		}, {
			"streams":	[{
					"socket":	4,
					"start":	40.000627,
					"end":	41.000141,
					"seconds":	0.999514,
					"bytes":	0,
					"bits_per_second":	0,
					"retransmits":	39,
					"snd_cwnd":	1074416,
					"rtt":	919832,
					"omitted":	false
				}],
			"sum":	{
				"start":	40.000627,
				"end":	41.000141,
				"seconds":	0.999514,
				"bytes":	0,
				"bits_per_second":	0,
				"retransmits":	39,
				"omitted":	false
			}
		}, {
			"streams":	[{
					"socket":	4,
					"start":	41.000141,
					"end":	42.000651,
					"seconds":	1.000510,
					"bytes":	1629000,
					"bits_per_second":	13025357.362890,
					"retransmits":	0,
					"snd_cwnd":	457568,
					"rtt":	393267,
					"omitted":	false
				}],
			"sum":	{
				"start":	41.000141,
				"end":	42.000651,
				"seconds":	1.000510,
				"bytes":	1629000,
				"bits_per_second":	13025357.362890,
				"retransmits":	0,
				"omitted":	false
			}
		}, {
			"streams":	[{
					"socket":	4,
					"start":	42.000651,
					"end":	43.000510,
					"seconds":	0.999859,
					"bytes":	260640,
					"bits_per_second":	2085413.846031,
					"retransmits":	0,
					"snd_cwnd":	938304,
					"rtt":	787435,
					"omitted":	false
				}],
			"sum":	{
				"start":	42.000651,
				"end":	43.000510,
				"seconds":	0.999859,
				"bytes":	260640,
				"bits_per_second":	2085413.846031,
				"retransmits":	0,
				"omitted":	false
			}
		}, {
			"streams":	[{
					"socket":	4,
					"start":	43.000510,
					"end":	44.001475,
					"seconds":	1.000965,
					"bytes":	390960,
					"bits_per_second":	3124665.073197,
					"retransmits":	0,
					"snd_cwnd":	1268448,
					"rtt":	1074944,
					"omitted":	false
				}],
			"sum":	{
				"start":	43.000510,
				"end":	44.001475,
				"seconds":	1.000965,
				"bytes":	390960,
				"bits_per_second":	3124665.073197,
				"retransmits":	0,
				"omitted":	false
			}
		}, {
			"streams":	[{
					"socket":	4,
					"start":	44.001475,
					"end":	45.000552,
					"seconds":	0.999077,
					"bytes":	456120,
					"bits_per_second":	3652330.803008,
					"retransmits":	18,
					"snd_cwnd":	1065728,
					"rtt":	876498,
					"omitted":	false
				}],
			"sum":	{
				"start":	44.001475,
				"end":	45.000552,
				"seconds":	0.999077,
				"bytes":	456120,
				"bits_per_second":	3652330.803008,
				"retransmits":	18,
				"omitted":	false
			}
		}, {
			"streams":	[{
					"socket":	4,
					"start":	45.000552,
					"end":	46.001466,
					"seconds":	1.000914,
					"bytes":	0,
					"bits_per_second":	0,
					"retransmits":	22,
					"snd_cwnd":	1213424,
					"rtt":	1027641,
					"omitted":	false
				}],
			"sum":	{
				"start":	45.000552,
				"end":	46.001466,
				"seconds":	1.000914,
				"bytes":	0,
				"bits_per_second":	0,
				"retransmits":	22,
				"omitted":	false
			}
		}, {
			"streams":	[{
					"socket":	4,
					"start":	46.001466,
					"end":	47.000367,
					"seconds":	0.998901,
					"bytes":	1759320,
					"bits_per_second":	14090043.143055,
					"retransmits":	0,
					"snd_cwnd":	411232,
					"rtt":	349715,
					"omitted":	false
				}],
			"sum":	{
				"start":	46.001466,
				"end":	47.000367,
				"seconds":	0.998901,
				"bytes":	1759320,
				"bits_per_second":	14090043.143055,
				"retransmits":	0,
				"omitted":	false
			}
		}, {
			"streams":	[{
					"socket":	4,
					"start":	47.000367,
					"end":	48.000219,
					"seconds":	0.999852,
					"bytes":	260640,
					"bits_per_second":	2085428.764282,
					"retransmits":	0,
					"snd_cwnd":	920928,
					"rtt":	765359,
					"omitted":	false
				}],
			"sum":	{
				"start":	47.000367,
				"end":	48.000219,
				"seconds":	0.999852,
				"bytes":	260640,
				"bits_per_second":	2085428.764282,
				"retransmits":	0,
				"omitted":	false
			}
		}, {
			"streams":	[{
					"socket":	4,
					"start":	48.000219,
					"end":	49.001064,
					"seconds":	1.000845,
					"bytes":	260640,
					"bits_per_second":	2083359.653918,
					"retransmits":	4,
					"snd_cwnd":	1201840,
					"rtt":	1008168,
					"omitted":	false
				}],
			"sum":	{
				"start":	48.000219,
				"end":	49.001064,
				"seconds":	1.000845,
				"bytes":	260640,
				"bits_per_second":	2083359.653918,
				"retransmits":	4,
				"omitted":	false
			}
		}, {
			"streams":	[{
					"socket":	4,
					"start":	49.001064,
					"end":	50.001609,
					"seconds":	1.000545,
					"bytes":	586440,
					"bits_per_second":	4688964.397780,
					"retransmits":	46,
					"snd_cwnd":	975952,
					"rtt":	828337,
					"omitted":	false
				}],
			"sum":	{
				"start":	49.001064,
				"end":	50.001609,
				"seconds":	1.000545,
				"bytes":	586440,
				"bits_per_second":	4688964.397780,
				"retransmits":	46,
				"omitted":	false
			}
		}, {
			"streams":	[{
					"socket":	4,
					"start":	50.001609,
					"end":	51.001551,
					"seconds":	0.999942,
					"bytes":	847080,
					"bits_per_second":	6777032.632229,
					"retransmits":	0,
					"snd_cwnd":	848528,
					"rtt":	704872,
					"omitted":	false
				}],
			"sum":	{
				"start":	50.001609,
				"end":	51.001551,
				"seconds":	0.999942,
				"bytes":	847080,
				"bits_per_second":	6777032.632229,
				"retransmits":	0,
				"omitted":	false
			}
		}, {
			"streams":	[{
					"socket":	4,
					"start":	51.001551,
					"end":	52.001362,
					"seconds":	0.999811,
					"bytes":	325800,
					"bits_per_second":	2606892.874634,
					"retransmits":	0,
					"snd_cwnd":	1216320,
					"rtt":	1031456,
					"omitted":	false
				}],
			"sum":	{
				"start":	51.001551,
				"end":	52.001362,
				"seconds":	0.999811,
				"bytes":	325800,
				"bits_per_second":	2606892.874634,
				"retransmits":	0,
				"omitted":	false
			}
		}, {
			"streams":	[{
					"socket":	4,
					"start":	52.001362,
					"end":	53.001402,
					"seconds":	1.000040,
					"bytes":	456120,
					"bits_per_second":	3648813.849238,
					"retransmits":	36,
					"snd_cwnd":	1071520,
					"rtt":	890388,
					"omitted":	false
				}],
			"sum":	{
				"start":	52.001362,
				"end":	53.001402,
				"seconds":	1.000040,
				"bytes":	456120,
				"bits_per_second":	3648813.849238,
				"retransmits":	36,
				"omitted":	false
			}
		}, {
			"streams":	[{
					"socket":	4,
					"start":	53.001402,
					"end":	54.000163,
					"seconds":	0.998761,
					"bytes":	0,
					"bits_per_second":	0,
					"retransmits":	8,
					"snd_cwnd":	1178672,
					"rtt":	988947,
					"omitted":	false
				}],
			"sum":	{
				"start":	53.001402,
				"end":	54.000163,
				"seconds":	0.998761,
				"bytes":	0,
				"bits_per_second":	0,
				"retransmits":	8,
				"omitted":	false
			}
		}, {
			"streams":	[{
					"socket":	4,
					"start":	54.000163,
					"end":	55.000496,
					"seconds":	1.000333,
					"bytes":	1694160,
					"bits_per_second":	13548767.301845,
					"retransmits":	0,
					"snd_cwnd":	434400,
					"rtt":	357078,
					"omitted":	false
				}],
			"sum":	{
				"start":	54.000163,
				"end":	55.000496,
				"seconds":	1.000333,
				"bytes":	1694160,
				"bits_per_second":	13548767.301845,
				"retransmits":	0,
				"omitted":	false
			}
		}, {
			"streams":	[{
					"socket":	4,
					"start":	55.000496,
					"end":	56.000454,
					"seconds":	0.999958,
					"bytes":	195480,
					"bits_per_second":	1563905.624092,
					"retransmits":	0,
					"snd_cwnd":	1091792,
					"rtt":	881288,
					"omitted":	false
				}],
			"sum":	{
				"start":	55.000496,
				"end":	56.000454,
				"seconds":	0.999958,
				"bytes":	195480,
				"bits_per_second":	1563905.624092,
				"retransmits":	0,
				"omitted":	false
			}
		}, {
			"streams":	[{
					"socket":	4,
					"start":	56.000454,
					"end":	57.001487,
					"seconds":	1.001033,
					"bytes":	390960,
					"bits_per_second":	3124452.973470,
					"retransmits":	6,
					"snd_cwnd":	1268448,
					"rtt":	1022845,
					"omitted":	false
				}],
			"sum":	{
				"start":	56.000454,
				"end":	57.001487,
				"seconds":	1.001033,
				"bytes":	390960,
				"bits_per_second":	3124452.973470,
				"retransmits":	6,
				"omitted":	false
			}
		}, {
			"streams":	[{
					"socket":	4,
					"start":	57.001487,
					"end":	58.000412,
					"seconds":	0.998925,
					"bytes":	1433520,
					"bits_per_second":	11480499.136626,
					"retransmits":	0,
					"snd_cwnd":	14480,
					"rtt":	12880,
					"omitted":	false
				}],
			"sum":	{
				"start":	57.001487,
				"end":	58.000412,
				"seconds":	0.998925,
				"bytes":	1433520,
				"bits_per_second":	11480499.136626,
				"retransmits":	0,
				"omitted":	false
			}
		}, {
			"streams":	[{
					"socket":	4,
					"start":	58.000412,
					"end":	59.001481,
					"seconds":	1.001069,
					"bytes":	847080,
					"bits_per_second":	6769404.653906,
					"retransmits":	0,
					"snd_cwnd":	31856,
					"rtt":	12865,
					"omitted":	false
				}],
			"sum":	{
				"start":	58.000412,
				"end":	59.001481,
				"seconds":	1.001069,
				"bytes":	847080,
				"bits_per_second":	6769404.653906,
				"retransmits":	0,
				"omitted":	false
			}
		}, {
			"streams":	[{
					"socket":	4,
					"start":	59.001481,
					"end":	60.000816,
					"seconds":	0.999335,
					"bytes":	2215440,
					"bits_per_second":	17735313.086099,
					"retransmits":	0,
					"snd_cwnd":	144800,
					"rtt":	12788,
					"omitted":	false
				}],
			"sum":	{
				"start":	59.001481,
				"end":	60.000816,
				"seconds":	0.999335,
				"bytes":	2215440,
				"bits_per_second":	17735313.086099,
				"retransmits":	0,
				"omitted":	false
			}
		}],
	"end":	{
		"streams":	[{
				"sender":	{
					"socket":	4,
					"start":	0,
					"end":	60.000816,
					"seconds":	60.000816,
					"bytes":	37598768,
					"bits_per_second":	5013100.879572,
					"retransmits":	375,
					"max_snd_cwnd":	1268448,
					"max_rtt":	1074944,
					"min_rtt":	12788,
					"mean_rtt":	739037
				},
				"receiver":	{
					"socket":	4,
					"start":	0,
					"end":	60.000816,
					"seconds":	60.000816,
					"bytes":	33554432,
					"bits_per_second":	4473863.414161
				}
			}],
		"sum_sent":	{
			"start":	0,
			"end":	60.000816,
			"seconds":	60.000816,
			"bytes":	37598768,
			"bits_per_second":	5013100.879572,
			"retransmits":	375
		},
		"sum_received":	{
			"start":	0,
			"end":	60.000816,
			"seconds":	60.000816,
			"bytes":	33554432,
			"bits_per_second":	4473863.414161
		},
		"cpu_utilization_percent":	{
			"host_total":	0.532113,
			"host_user":	0.085300,
			"host_system":	0.446815,
			"remote_total":	0.364127,
			"remote_user":	0,
			"remote_system":	0.364126
		}
	}
}
