{
	"start":	{
		"connected":	[{
				"socket":	4,
				"local_host":	"192.168.179.134",
				"local_port":	55542,
				"remote_host":	"192.168.120.132",
				"remote_port":	5201
			}],
		"version":	"iperf 3.1.3",
		"system_info":	"Linux a 4.15.0-213-generic #224-Ubuntu SMP Mon Jun 19 13:30:12 UTC 2023 x86_64",
		"timestamp":	{
			"time":	"Mon, 05 May 2025 11:06:58 GMT",
			"timesecs":	1746443218
		},
		"connecting_to":	{
			"host":	"192.168.120.132",
			"port":	5201
		},
		"cookie":	"a.1746443218.354437.7d60437d103a584e",
		"tcp_mss_default":	1448,
		"test_start":	{
			"protocol":	"TCP",
			"num_streams":	1,
			"blksize":	131072,
			"omit":	0,
			"duration":	60,
			"bytes":	0,
			"blocks":	0,
			"reverse":	0
		}
	},
	"intervals":	[{
			"streams":	[{
					"socket":	4,
					"start":	0,
					"end":	1.000529,
					"seconds":	1.000529,
					"bytes":	3580904,
					"bits_per_second":	28632090.995002,
					"retransmits":	0,
					"snd_cwnd":	599472,
					"rtt":	523328,
					"omitted":	false
				}],
			"sum":	{
				"start":	0,
				"end":	1.000529,
				"seconds":	1.000529,
				"bytes":	3580904,
				"bits_per_second":	28632090.995002,
				"retransmits":	0,
				"omitted":	false
			}
		}, {
			"streams":	[{
					"socket":	4,
					"start":	1.000529,
					"end":	2.000630,
					"seconds":	1.000101,
					"bytes":	781920,
					"bits_per_second":	6254727.712843,
					"retransmits":	0,
					"snd_cwnd":	709520,
					"rtt":	672175,
					"omitted":	false
				}],
			"sum":	{
				"start":	1.000529,
				"end":	2.000630,
				"seconds":	1.000101,
				"bytes":	781920,
				"bits_per_second":	6254727.712843,
				"retransmits":	0,
				"omitted":	false
			}
		}, {
			"streams":	[{
					"socket":	4,
					"start":	2.000630,
					"end":	3.001210,
					"seconds":	1.000580,
					"bytes":	390960,
					"bits_per_second":	3125866.770951,
					"retransmits":	0,
					"snd_cwnd":	790608,
					"rtt":	763646,
					"omitted":	false
				}],
			"sum":	{
				"start":	2.000630,
				"end":	3.001210,
				"seconds":	1.000580,
				"bytes":	390960,
				"bits_per_second":	3125866.770951,
				"retransmits":	0,
				"omitted":	false
			}
		}, {
			"streams":	[{
					"socket":	4,
					"start":	3.001210,
					"end":	4.001283,
					"seconds":	1.000073,
					"bytes":	325800,
					"bits_per_second":	2606209.861131,
					"retransmits":	0,
					"snd_cwnd":	955680,
					"rtt":	922032,
					"omitted":	false
				}],
			"sum":	{
				"start":	3.001210,
				"end":	4.001283,
				"seconds":	1.000073,
				"bytes":	325800,
				"bits_per_second":	2606209.861131,
				"retransmits":	0,
				"omitted":	false
			}
		}, {
			"streams":	[{
					"socket":	4,
					"start":	4.001283,
					"end":	5.001273,
					"seconds":	0.999990,
					"bytes":	456120,
					"bits_per_second":	3648996.539520,
					"retransmits":	0,
					"snd_cwnd":	1028080,
					"rtt":	972645,
					"omitted":	false
				}],
			"sum":	{
				"start":	4.001283,
				"end":	5.001273,
				"seconds":	0.999990,
				"bytes":	456120,
				"bits_per_second":	3648996.539520,
				"retransmits":	0,
				"omitted":	false
			}
		}, {
			"streams":	[{
					"socket":	4,
					"start":	5.001273,
					"end":	6.001367,
					"seconds":	1.000094,
					"bytes":	456120,
					"bits_per_second":	3648617.260132,
					"retransmits":	0,
					"snd_cwnd":	1016496,
					"rtt":	970863,
					"omitted":	false
				}],
			"sum":	{
				"start":	5.001273,
				"end":	6.001367,
				"seconds":	1.000094,
				"bytes":	456120,
				"bits_per_second":	3648617.260132,
				"retransmits":	0,
				"omitted":	false
			}
		}, {
			"streams":	[{
					"socket":	4,
					"start":	6.001367,
					"end":	7.000456,
					"seconds":	0.999089,
					"bytes":	521280,
					"bits_per_second":	4174042.541865,
					"retransmits":	0,
					"snd_cwnd":	1045456,
					"rtt":	970029,
					"omitted":	false
				}],
			"sum":	{
				"start":	6.001367,
				"end":	7.000456,
				"seconds":	0.999089,
				"bytes":	521280,
				"bits_per_second":	4174042.541865,
				"retransmits":	0,
				"omitted":	false
			}
		}, {
			"streams":	[{
					"socket":	4,
					"start":	7.000456,
					"end":	8.001214,
					"seconds":	1.000758,
					"bytes":	456120,
					"bits_per_second":	3646195.559969,
					"retransmits":	0,
					"snd_cwnd":	1045456,
					"rtt":	968571,
					"omitted":	false
				}],
			"sum":	{
				"start":	7.000456,
				"end":	8.001214,
				"seconds":	1.000758,
				"bytes":	456120,
				"bits_per_second":	3646195.559969,
				"retransmits":	0,
				"omitted":	false
			}
		}, {
			"streams":	[{
					"socket":	4,
					"start":	8.001214,
					"end":	9.001241,
					"seconds":	1.000027,
					"bytes":	65160,
					"bits_per_second":	521265.956418,
					"retransmits":	14,
					"snd_cwnd":	1007808,
					"rtt":	943347,
					"omitted":	false
				}],
			"sum":	{
				"start":	8.001214,
				"end":	9.001241,
				"seconds":	1.000027,
				"bytes":	65160,
				"bits_per_second":	521265.956418,
				"retransmits":	14,
				"omitted":	false
			}
		}, {
			"streams":	[{
					"socket":	4,
					"start":	9.001241,
					"end":	10.001625,
					"seconds":	1.000384,
					"bytes":	1172880,
					"bits_per_second":	9379439.665389,
					"retransmits":	0,
					"snd_cwnd":	758752,
					"rtt":	711305,
					"omitted":	false
				}],
			"sum":	{
				"start":	9.001241,
				"end":	10.001625,
				"seconds":	1.000384,
				"bytes":	1172880,
				"bits_per_second":	9379439.665389,
				"retransmits":	0,
				"omitted":	false
			}
		}, {
			"streams":	[{
					"socket":	4,
					"start":	10.001625,
					"end":	11.000366,
					"seconds":	0.998741,
					"bytes":	390960,
					"bits_per_second":	3131622.242966,
					"retransmits":	0,
					"snd_cwnd":	952784,
					"rtt":	909845,
					"omitted":	false
				}],
			"sum":	{
				"start":	10.001625,
				"end":	11.000366,
				"seconds":	0.998741,
				"bytes":	390960,
				"bits_per_second":	3131622.242966,
				"retransmits":	0,
				"omitted":	false
			}
		}, {
			"streams":	[{
					"socket":	4,
					"start":	11.000366,
					"end":	12.001258,
					"seconds":	1.000892,
					"bytes":	456120,
					"bits_per_second":	3645708.305614,
					"retransmits":	0,
					"snd_cwnd":	1048352,
					"rtt":	990664,
					"omitted":	false
				}],
			"sum":	{
				"start":	11.000366,
				"end":	12.001258,
				"seconds":	1.000892,
				"bytes":	456120,
				"bits_per_second":	3645708.305614,
				"retransmits":	0,
				"omitted":	false
			}
		}, {
			"streams":	[{
					"socket":	4,
					"start":	12.001258,
					"end":	13.001327,
					"seconds":	1.000069,
					"bytes":	456120,
					"bits_per_second":	3648707.723284,
					"retransmits":	2,
					"snd_cwnd":	1062832,
					"rtt":	976682,
					"omitted":	false
				}],
			"sum":	{
				"start":	12.001258,
				"end":	13.001327,
				"seconds":	1.000069,
				"bytes":	456120,
				"bits_per_second":	3648707.723284,
				"retransmits":	2,
				"omitted":	false
			}
		}, {
			"streams":	[{
					"socket":	4,
					"start":	13.001327,
					"end":	14.001068,
					"seconds":	0.999741,
					"bytes":	0,
					"bits_per_second":	0,
					"retransmits":	14,
					"snd_cwnd":	1030976,
					"rtt":	946911,
					"omitted":	false
				}],
			"sum":	{
				"start":	13.001327,
				"end":	14.001068,
				"seconds":	0.999741,
				"bytes":	0,
				"bits_per_second":	0,
				"retransmits":	14,
				"omitted":	false
			}
		}, {
			"streams":	[{
					"socket":	4,
					"start":	14.001068,
					"end":	15.001590,
					"seconds":	1.000522,
					"bytes":	1238040,
					"bits_per_second":	9899151.289929,
					"retransmits":	0,
					"snd_cwnd":	735584,
					"rtt":	656218,
					"omitted":	false
				}],
			"sum":	{
				"start":	14.001068,
				"end":	15.001590,
				"seconds":	1.000522,
				"bytes":	1238040,
				"bits_per_second":	9899151.289929,
				"retransmits":	0,
				"omitted":	false
			}
		}, {
			"streams":	[{
					"socket":	4,
					"start":	15.001590,
					"end":	16.001101,
					"seconds":	0.999511,
					"bytes":	325800,
					"bits_per_second":	2607675.144034,
					"retransmits":	0,
					"snd_cwnd":	1129440,
					"rtt":	968778,
					"omitted":	false
				}],
			"sum":	{
				"start":	15.001590,
				"end":	16.001101,
				"seconds":	0.999511,
				"bytes":	325800,
				"bits_per_second":	2607675.144034,
				"retransmits":	0,
				"omitted":	false
			}
		}, {
			"streams":	[{
					"socket":	4,
					"start":	16.001101,
					"end":	17.001172,
					"seconds":	1.000071,
					"bytes":	390960,
					"bits_per_second":	3127458.543666,
					"retransmits":	23,
					"snd_cwnd":	1213424,
					"rtt":	1040194,
					"omitted":	false
				}],
			"sum":	{
				"start":	16.001101,
				"end":	17.001172,
				"seconds":	1.000071,
				"bytes":	390960,
				"bits_per_second":	3127458.543666,
				"retransmits":	23,
				"omitted":	false
			}
		}, {
			"streams":	[{
					"socket":	4,
					"start":	17.001172,
					"end":	18.001287,
					"seconds":	1.000115,
					"bytes":	65160,
					"bits_per_second":	521219.978302,
					"retransmits":	20,
					"snd_cwnd":	1039664,
					"rtt":	936417,
					"omitted":	false
				}],
			"sum":	{
				"start":	17.001172,
				"end":	18.001287,
				"seconds":	1.000115,
				"bytes":	65160,
				"bits_per_second":	521219.978302,
				"retransmits":	20,
				"omitted":	false
			}
		}, {
			"streams":	[{
					"socket":	4,
					"start":	18.001287,
					"end":	19.000183,
					"seconds":	0.998896,
					"bytes":	1629000,
					"bits_per_second":	13046404.749965,
					"retransmits":	10,
					"snd_cwnd":	324352,
					"rtt":	287288,
					"omitted":	false
				}],
			"sum":	{
				"start":	18.001287,
				"end":	19.000183,
				"seconds":	0.998896,
				"bytes":	1629000,
				"bits_per_second":	13046404.749965,
				"retransmits":	10,
				"omitted":	false
			}
		}, {
			"streams":	[{
					"socket":	4,
					"start":	19.000183,
					"end":	20.001468,
					"seconds":	1.001285,
					"bytes":	130320,
					"bits_per_second":	1041221.950514,
					"retransmits":	0,
					"snd_cwnd":	854320,
					"rtt":	767952,
					"omitted":	false
				}],
			"sum":	{
				"start":	19.000183,
				"end":	20.001468,
				"seconds":	1.001285,
				"bytes":	130320,
				"bits_per_second":	1041221.950514,
				"retransmits":	0,
				"omitted":	false
			}
		}, {
			"streams":	[{
					"socket":	4,
					"start":	20.001468,
					"end":	21.001565,
					"seconds":	1.000097,
					"bytes":	325800,
					"bits_per_second":	2606147.108967,
					"retransmits":	0,
					"snd_cwnd":	1106272,
					"rtt":	985780,
					"omitted":	false
				}],
			"sum":	{
				"start":	20.001468,
				"end":	21.001565,
				"seconds":	1.000097,
				"bytes":	325800,
				"bits_per_second":	2606147.108967,
				"retransmits":	0,
				"omitted":	false
			}
		}, {
			"streams":	[{
					"socket":	4,
					"start":	21.001565,
					"end":	22.001155,
					"seconds":	0.999590,
					"bytes":	456120,
					"bits_per_second":	3650456.979238,
					"retransmits":	20,
					"snd_cwnd":	1158400,
					"rtt":	1002040,
					"omitted":	false
				}],
			"sum":	{
				"start":	21.001565,
				"end":	22.001155,
				"seconds":	0.999590,
				"bytes":	456120,
				"bits_per_second":	3650456.979238,
				"retransmits":	20,
				"omitted":	false
			}
		}, {
			"streams":	[{
					"socket":	4,
					"start":	22.001155,
					"end":	23.001162,
					"seconds":	1.000007,
					"bytes":	65160,
					"bits_per_second":	521276.395823,
					"retransmits":	27,
					"snd_cwnd":	1010704,
					"rtt":	882737,
					"omitted":	false
				}],
			"sum":	{
				"start":	22.001155,
				"end":	23.001162,
				"seconds":	1.000007,
				"bytes":	65160,
				"bits_per_second":	521276.395823,
				"retransmits":	27,
				"omitted":	false
			}
		}, {
			"streams":	[{
					"socket":	4,
					"start":	23.001162,
					"end":	24.000513,
					"seconds":	0.999351,
					"bytes":	1433520,
					"bits_per_second":	11475607.386576,
					"retransmits":	2,
					"snd_cwnd":	503904,
					"rtt":	451001,
					"omitted":	false
				}],
			"sum":	{
				"start":	23.001162,
				"end":	24.000513,
				"seconds":	0.999351,
				"bytes":	1433520,
				"bits_per_second":	11475607.386576,
				"retransmits":	2,
				"omitted":	false
			}
		}, {
			"streams":	[{
					"socket":	4,
					"start":	24.000513,
					"end":	25.001173,
					"seconds":	1.000660,
					"bytes":	195480,
					"bits_per_second":	1562808.263607,
					"retransmits":	0,
					"snd_cwnd":	996224,
					"rtt":	870176,
					"omitted":	false
				}],
			"sum":	{
				"start":	24.000513,
				"end":	25.001173,
				"seconds":	1.000660,
				"bytes":	195480,
				"bits_per_second":	1562808.263607,
				"retransmits":	0,
				"omitted":	false
			}
		}, {
			"streams":	[{
					"socket":	4,
					"start":	25.001173,
					"end":	26.001530,
					"seconds":	1.000357,
					"bytes":	390960,
					"bits_per_second":	3126564.089841,
					"retransmits":	0,
					"snd_cwnd":	1138128,
					"rtt":	1014340,
					"omitted":	false
				}],
			"sum":	{
				"start":	25.001173,
				"end":	26.001530,
				"seconds":	1.000357,
				"bytes":	390960,
				"bits_per_second":	3126564.089841,
				"retransmits":	0,
				"omitted":	false
			}
		}, {
			"streams":	[{
					"socket":	4,
					"start":	26.001530,
					"end":	27.000857,
					"seconds":	0.999327,
					"bytes":	390960,
					"bits_per_second":	3129786.520497,
					"retransmits":	24,
					"snd_cwnd":	1080208,
					"rtt":	952961,
					"omitted":	false
				}],
			"sum":	{
				"start":	26.001530,
				"end":	27.000857,
				"seconds":	0.999327,
				"bytes":	390960,
				"bits_per_second":	3129786.520497,
				"retransmits":	24,
				"omitted":	false
			}
		}, {
			"streams":	[{
					"socket":	4,
					"start":	27.000857,
					"end":	28.000393,
					"seconds":	0.999536,
					"bytes":	195480,
					"bits_per_second":	1564565.899992,
					"retransmits":	25,
					"snd_cwnd":	1054144,
					"rtt":	902175,
					"omitted":	false
				}],
			"sum":	{
				"start":	27.000857,
				"end":	28.000393,
				"seconds":	0.999536,
				"bytes":	195480,
				"bits_per_second":	1564565.899992,
				"retransmits":	25,
				"omitted":	false
			}
		}, {
			"streams":	[{
					"socket":	4,
					"start":	28.000393,
					"end":	29.000408,
					"seconds":	1.000015,
					"bytes":	1563840,
					"bits_per_second":	12510532.087173,
					"retransmits":	2,
					"snd_cwnd":	309872,
					"rtt":	258199,
					"omitted":	false
				}],
			"sum":	{
				"start":	28.000393,
				"end":	29.000408,
				"seconds":	1.000015,
				"bytes":	1563840,
				"bits_per_second":	12510532.087173,
				"retransmits":	2,
				"omitted":	false
			}
		}, {
			"streams":	[{
					"socket":	4,
					"start":	29.000408,
					"end":	30.001303,
					"seconds":	1.000895,
					"bytes":	195480,
					"bits_per_second":	1562441.578311,
					"retransmits":	0,
					"snd_cwnd":	975952,
					"rtt":	779408,
					"omitted":	false
				}],
			"sum":	{
				"start":	29.000408,
				"end":	30.001303,
				"seconds":	1.000895,
				"bytes":	195480,
				"bits_per_second":	1562441.578311,
				"retransmits":	0,
				"omitted":	false
			}
		}, {
			"streams":	[{
					"socket":	4,
					"start":	30.001303,
					"end":	31.001593,
					"seconds":	1.000290,
					"bytes":	325800,
					"bits_per_second":	2605644.579361,
					"retransmits":	0,
					"snd_cwnd":	1245280,
					"rtt":	995593,
					"omitted":	false
				}],
			"sum":	{
				"start":	30.001303,
				"end":	31.001593,
				"seconds":	1.000290,
				"bytes":	325800,
				"bits_per_second":	2605644.579361,
				"retransmits":	0,
				"omitted":	false
			}
		}, {
			"streams":	[{
					"socket":	4,
					"start":	31.001593,
					"end":	32.001528,
					"seconds":	0.999935,
					"bytes":	260640,
					"bits_per_second":	2085255.228496,
					"retransmits":	26,
					"snd_cwnd":	1314784,
					"rtt":	1001737,
					"omitted":	false
				}],
			"sum":	{
				"start":	31.001593,
				"end":	32.001528,
				"seconds":	0.999935,
				"bytes":	260640,
				"bits_per_second":	2085255.228496,
				"retransmits":	26,
				"omitted":	false
			}
		}, {
			"streams":	[{
					"socket":	4,
					"start":	32.001528,
					"end":	33.000355,
					"seconds":	0.998827,
					"bytes":	325800,
					"bits_per_second":	2609460.948340,
					"retransmits":	31,
					"snd_cwnd":	1161296,
					"rtt":	919316,
					"omitted":	false
				}],
			"sum":	{
				"start":	32.001528,
				"end":	33.000355,
				"seconds":	0.998827,
				"bytes":	325800,
				"bits_per_second":	2609460.948340,
				"retransmits":	31,
				"omitted":	false
			}
		}, {
			"streams":	[{
					"socket":	4,
					"start":	33.000355,
					"end":	34.000503,
					"seconds":	1.000148,
					"bytes":	1694160,
					"bits_per_second":	13551276.856773,
					"retransmits":	0,
					"snd_cwnd":	480736,
					"rtt":	387819,
					"omitted":	false
				}],
			"sum":	{
				"start":	33.000355,
				"end":	34.000503,
				"seconds":	1.000148,
				"bytes":	1694160,
				"bits_per_second":	13551276.856773,
				"retransmits":	0,
				"omitted":	false
			}
		}, {
			"streams":	[{
					"socket":	4,
					"start":	34.000503,
					"end":	35.001289,
					"seconds":	1.000786,
					"bytes":	260640,
					"bits_per_second":	2083482.245330,
					"retransmits":	0,
					"snd_cwnd":	1025184,
					"rtt":	810954,
					"omitted":	false
				}],
			"sum":	{
				"start":	34.000503,
				"end":	35.001289,
				"seconds":	1.000786,
				"bytes":	260640,
				"bits_per_second":	2083482.245330,
				"retransmits":	0,
				"omitted":	false
			}
		}, {
			"streams":	[{
					"socket":	4,
					"start":	35.001289,
					"end":	36.001449,
					"seconds":	1.000160,
					"bytes":	390960,
					"bits_per_second":	3127179.717333,
					"retransmits":	0,
					"snd_cwnd":	1256864,
					"rtt":	1005019,
					"omitted":	false
				}],
			"sum":	{
				"start":	35.001289,
				"end":	36.001449,
				"seconds":	1.000160,
				"bytes":	390960,
				"bits_per_second":	3127179.717333,
				"retransmits":	0,
				"omitted":	false
			}
		}, {
			"streams":	[{
					"socket":	4,
					"start":	36.001449,
					"end":	37.001268,
					"seconds":	0.999819,
					"bytes":	65160,
					"bits_per_second":	521374.347746,
					"retransmits":	20,
					"snd_cwnd":	1196048,
					"rtt":	946911,
					"omitted":	false
				}],
			"sum":	{
				"start":	36.001449,
				"end":	37.001268,
				"seconds":	0.999819,
				"bytes":	65160,
				"bits_per_second":	521374.347746,
				"retransmits":	20,
				"omitted":	false
			}
		}, {
			"streams":	[{
					"socket":	4,
					"start":	37.001268,
					"end":	38.001621,
					"seconds":	1.000353,
					"bytes":	1303200,
					"bits_per_second":	10421920.041756,
					"retransmits":	27,
					"snd_cwnd":	845632,
					"rtt":	682945,
					"omitted":	false
				}],
			"sum":	{
				"start":	37.001268,
				"end":	38.001621,
				"seconds":	1.000353,
				"bytes":	1303200,
				"bits_per_second":	10421920.041756,
				"retransmits":	27,
				"omitted":	false
			}
		}, {
			"streams":	[{
					"socket":	4,
					"start":	38.001621,
					"end":	39.001478,
					"seconds":	0.999857,
					"bytes":	390960,
					"bits_per_second":	3128127.482226,
					"retransmits":	0,
					"snd_cwnd":	1149712,
					"rtt":	910262,
					"omitted":	false
				}],
			"sum":	{
				"start":	38.001621,
				"end":	39.001478,
				"seconds":	0.999857,
				"bytes":	390960,
				"bits_per_second":	3128127.482226,
				"retransmits":	0,
				"omitted":	false
			}
		}, {
			"streams":	[{
					"socket":	4,
					"start":	39.001478,
					"end":	40.000603,
					"seconds":	0.999125,
					"bytes":	456120,
					"bits_per_second":	3652155.622238,
					"retransmits":	0,
					"snd_cwnd":	1216320,
					"rtt":	983036,
					"omitted":	false
				}],
			"sum":	{
				"start":	39.001478,
				"end":	40.000603,
				"seconds":	0.999125,
				"bytes":	456120,
				"bits_per_second":	3652155.622238,
				"retransmits":	0,
				"omitted":	false
			}
		}, {
			"streams":	[{
					"socket":	4,
					"start":	40.000603,
					"end":	41.001494,
					"seconds":	1.000891,
					"bytes":	65160,
					"bits_per_second":	520815.968477,
					"retransmits":	36,
					"snd_cwnd":	1169984,
					"rtt":	935918,
					"omitted":	false
				}],
			"sum":	{
				"start":	40.000603,
				"end":	41.001494,
				"seconds":	1.000891,
				"bytes":	65160,
				"bits_per_second":	520815.968477,
				"retransmits":	36,
				"omitted":	false
			}
		}, {
			"streams":	[{
					"socket":	4,
					"start":	41.001494,
					"end":	42.000289,
					"seconds":	0.998795,
					"bytes":	1694160,
					"bits_per_second":	13569630.964282,
					"retransmits":	18,
					"snd_cwnd":	379376,
					"rtt":	298357,
					"omitted":	false
				}],
			"sum":	{
				"start":	41.001494,
				"end":	42.000289,
				"seconds":	0.998795,
				"bytes":	1694160,
				"bits_per_second":	13569630.964282,
				"retransmits":	18,
				"omitted":	false
			}
		}, {
			"streams":	[{
					"socket":	4,
					"start":	42.000289,
					"end":	43.000539,
					"seconds":	1.000250,
					"bytes":	65160,
					"bits_per_second":	521149.784123,
					"retransmits":	0,
					"snd_cwnd":	1013600,
					"rtt":	793821,
					"omitted":	false
				}],
			"sum":	{
				"start":	42.000289,
				"end":	43.000539,
				"seconds":	1.000250,
				"bytes":	65160,
				"bits_per_second":	521149.784123,
				"retransmits":	0,
				"omitted":	false
			}
		}, {
			"streams":	[{
					"socket":	4,
					"start":	43.000539,
					"end":	44.001263,
					"seconds":	1.000724,
					"bytes":	390960,
					"bits_per_second":	3125416.956764,
					"retransmits":	0,
					"snd_cwnd":	1291616,
					"rtt":	1011614,
					"omitted":	false
				}],
			"sum":	{
				"start":	43.000539,
				"end":	44.001263,
				"seconds":	1.000724,
				"bytes":	390960,
				"bits_per_second":	3125416.956764,
				"retransmits":	0,
				"omitted":	false
			}
		}, {
			"streams":	[{
					"socket":	4,
					"start":	44.001263,
					"end":	45.000518,
					"seconds":	0.999255,
					"bytes":	65160,
					"bits_per_second":	521668.673450,
					"retransmits":	42,
					"snd_cwnd":	1233696,
					"rtt":	985458,
					"omitted":	false
				}],
			"sum":	{
				"start":	44.001263,
				"end":	45.000518,
				"seconds":	0.999255,
				"bytes":	65160,
				"bits_per_second":	521668.673450,
				"retransmits":	42,
				"omitted":	false
			}
		}, {
			"streams":	[{
					"socket":	4,
					"start":	45.000518,
					"end":	46.000957,
					"seconds":	1.000439,
					"bytes":	1310720,
					"bits_per_second":	10481157.021476,
					"retransmits":	13,
					"snd_cwnd":	787712,
					"rtt":	648357,
					"omitted":	false
				}],
			"sum":	{
				"start":	45.000518,
				"end":	46.000957,
				"seconds":	1.000439,
				"bytes":	1310720,
				"bits_per_second":	10481157.021476,
				"retransmits":	13,
				"omitted":	false
			}
		}, {
			"streams":	[{
					"socket":	4,
					"start":	46.000957,
					"end":	47.001468,
					"seconds":	1.000511,
					"bytes":	383440,
					"bits_per_second":	3065953.509262,
					"retransmits":	0,
					"snd_cwnd":	1204736,
					"rtt":	934840,
					"omitted":	false
				}],
			"sum":	{
				"start":	46.000957,
				"end":	47.001468,
				"seconds":	1.000511,
				"bytes":	383440,
				"bits_per_second":	3065953.509262,
				"retransmits":	0,
				"omitted":	false
			}
		}, {
			"streams":	[{
					"socket":	4,
					"start":	47.001468,
					"end":	48.001097,
					"seconds":	0.999629,
					"bytes":	456120,
					"bits_per_second":	3650314.191037,
					"retransmits":	10,
					"snd_cwnd":	1245280,
					"rtt":	1025543,
					"omitted":	false
				}],
			"sum":	{
				"start":	47.001468,
				"end":	48.001097,
				"seconds":	0.999629,
				"bytes":	456120,
				"bits_per_second":	3650314.191037,
				"retransmits":	10,
				"omitted":	false
			}
		}, {
			"streams":	[{
					"socket":	4,
					"start":	48.001097,
					"end":	49.001161,
					"seconds":	1.000064,
					"bytes":	65160,
					"bits_per_second":	521246.694328,
					"retransmits":	28,
					"snd_cwnd":	1164192,
					"rtt":	931206,
					"omitted":	false
				}],
			"sum":	{
				"start":	48.001097,
				"end":	49.001161,
				"seconds":	1.000064,
				"bytes":	65160,
				"bits_per_second":	521246.694328,
				"retransmits":	28,
				"omitted":	false
			}
		}, {
			"streams":	[{
					"socket":	4,
					"start":	49.001161,
					"end":	50.000260,
					"seconds":	0.999099,
					"bytes":	1694160,
					"bits_per_second":	13565502.297951,
					"retransmits":	2,
					"snd_cwnd":	411232,
					"rtt":	343586,
					"omitted":	false
				}],
			"sum":	{
				"start":	49.001161,
				"end":	50.000260,
				"seconds":	0.999099,
				"bytes":	1694160,
				"bits_per_second":	13565502.297951,
				"retransmits":	2,
				"omitted":	false
			}
		}, {
			"streams":	[{
					"socket":	4,
					"start":	50.000260,
					"end":	51.000200,
					"seconds":	0.999940,
					"bytes":	130320,
					"bits_per_second":	1042622.393718,
					"retransmits":	0,
					"snd_cwnd":	1100480,
					"rtt":	846114,
					"omitted":	false
				}],
			"sum":	{
				"start":	50.000260,
				"end":	51.000200,
				"seconds":	0.999940,
				"bytes":	130320,
				"bits_per_second":	1042622.393718,
				"retransmits":	0,
				"omitted":	false
			}
		}, {
			"streams":	[{
					"socket":	4,
					"start":	51.000200,
					"end":	52.001294,
					"seconds":	1.001094,
					"bytes":	456120,
					"bits_per_second":	3644972.893763,
					"retransmits":	0,
					"snd_cwnd":	1248176,
					"rtt":	1038471,
					"omitted":	false
				}],
			"sum":	{
				"start":	51.000200,
				"end":	52.001294,
				"seconds":	1.001094,
				"bytes":	456120,
				"bits_per_second":	3644972.893763,
				"retransmits":	0,
				"omitted":	false
			}
		}, {
			"streams":	[{
					"socket":	4,
					"start":	52.001294,
					"end":	53.000458,
					"seconds":	0.999164,
					"bytes":	0,
					"bits_per_second":	0,
					"retransmits":	46,
					"snd_cwnd":	1193152,
					"rtt":	954565,
					"omitted":	false
				}],
			"sum":	{
				"start":	52.001294,
				"end":	53.000458,
				"seconds":	0.999164,
				"bytes":	0,
				"bits_per_second":	0,
				"retransmits":	46,
				"omitted":	false
			}
		}, {
			"streams":	[{
					"socket":	4,
					"start":	53.000458,
					"end":	54.000296,
					"seconds":	0.999838,
					"bytes":	1759320,
					"bits_per_second":	14076842.202887,
					"retransmits":	17,
					"snd_cwnd":	425712,
					"rtt":	324881,
					"omitted":	false
				}],
			"sum":	{
				"start":	53.000458,
				"end":	54.000296,
				"seconds":	0.999838,
				"bytes":	1759320,
				"bits_per_second":	14076842.202887,
				"retransmits":	17,
				"omitted":	false
			}
		}, {
			"streams":	[{
					"socket":	4,
					"start":	54.000296,
					"end":	55.001533,
					"seconds":	1.001237,
					"bytes":	130320,
					"bits_per_second":	1041271.786437,
					"retransmits":	0,
					"snd_cwnd":	1071520,
					"rtt":	800490,
					"omitted":	false
				}],
			"sum":	{
				"start":	54.000296,
				"end":	55.001533,
				"seconds":	1.001237,
				"bytes":	130320,
				"bits_per_second":	1041271.786437,
				"retransmits":	0,
				"omitted":	false
			}
		}, {
			"streams":	[{
					"socket":	4,
					"start":	55.001533,
					"end":	56.001093,
					"seconds":	0.999560,
					"bytes":	456120,
					"bits_per_second":	3650566.689956,
					"retransmits":	0,
					"snd_cwnd":	1358224,
					"rtt":	1013423,
					"omitted":	false
				}],
			"sum":	{
				"start":	55.001533,
				"end":	56.001093,
				"seconds":	0.999560,
				"bytes":	456120,
				"bits_per_second":	3650566.689956,
				"retransmits":	0,
				"omitted":	false
			}
		}, {
			"streams":	[{
					"socket":	4,
					"start":	56.001093,
					"end":	57.001339,
					"seconds":	1.000246,
					"bytes":	0,
					"bits_per_second":	0,
					"retransmits":	58,
					"snd_cwnd":	1265552,
					"rtt":	971761,
					"omitted":	false
				}],
			"sum":	{
				"start":	56.001093,
				"end":	57.001339,
				"seconds":	1.000246,
				"bytes":	0,
				"bits_per_second":	0,
				"retransmits":	58,
				"omitted":	false
			}
		}, {
			"streams":	[{
					"socket":	4,
					"start":	57.001339,
					"end":	58.000867,
					"seconds":	0.999528,
					"bytes":	1954800,
					"bits_per_second":	15645785.887159,
					"retransmits":	5,
					"snd_cwnd":	228784,
					"rtt":	176500,
					"omitted":	false
				}],
			"sum":	{
				"start":	57.001339,
				"end":	58.000867,
				"seconds":	0.999528,
				"bytes":	1954800,
				"bits_per_second":	15645785.887159,
				"retransmits":	5,
				"omitted":	false
			}
		}, {
			"streams":	[{
					"socket":	4,
					"start":	58.000867,
					"end":	59.001428,
					"seconds":	1.000561,
					"bytes":	977400,
					"bits_per_second":	7814815.896748,
					"retransmits":	0,
					"snd_cwnd":	31856,
					"rtt":	12966,
					"omitted":	false
				}],
			"sum":	{
				"start":	58.000867,
				"end":	59.001428,
				"seconds":	1.000561,
				"bytes":	977400,
				"bits_per_second":	7814815.896748,
				"retransmits":	0,
				"omitted":	false
			}
		}, {
			"streams":	[{
					"socket":	4,
					"start":	59.001428,
					"end":	60.000112,
					"seconds":	0.998684,
					"bytes":	2085120,
					"bits_per_second":	16702942.250505,
					"retransmits":	0,
					"snd_cwnd":	136112,
					"rtt":	12851,
					"omitted":	false
				}],
			"sum":	{
				"start":	59.001428,
				"end":	60.000112,
				"seconds":	0.998684,
				"bytes":	2085120,
				"bits_per_second":	16702942.250505,
				"retransmits":	0,
				"omitted":	false
			}
		}],
	"end":	{
		"streams":	[{
				"sender":	{
					"socket":	4,
					"start":	0,
					"end":	60.000112,
					"seconds":	60.000112,
					"bytes":	38115704,
					"bits_per_second":	5082084.395498,
					"retransmits":	562,
					"max_snd_cwnd":	1358224,
					"max_rtt":	1040194,
					"min_rtt":	12851,
					"mean_rtt":	795033
				},
				"receiver":	{
					"socket":	4,
					"start":	0,
					"end":	60.000112,
					"seconds":	60.000112,
					"bytes":	33947648,
					"bits_per_second":	4526344.631196
				}
			}],
		"sum_sent":	{
			"start":	0,
			"end":	60.000112,
			"seconds":	60.000112,
			"bytes":	38115704,
			"bits_per_second":	5082084.395498,
			"retransmits":	562
		},
		"sum_received":	{
			"start":	0,
			"end":	60.000112,
			"seconds":	60.000112,
			"bytes":	33947648,
			"bits_per_second":	4526344.631196
		},
		"cpu_utilization_percent":	{
			"host_total":	0.441295,
			"host_user":	0.052707,
			"host_system":	0.388588,
			"remote_total":	0.477291,
			"remote_user":	0,
			"remote_system":	0.477291
		}
	}
}
