{
	"start":	{
		"connected":	[{
				"socket":	4,
				"local_host":	"192.168.179.134",
				"local_port":	43718,
				"remote_host":	"192.168.120.132",
				"remote_port":	5201
			}],
		"version":	"iperf 3.1.3",
		"system_info":	"Linux a 4.15.0-213-generic #224-Ubuntu SMP Mon Jun 19 13:30:12 UTC 2023 x86_64",
		"timestamp":	{
			"time":	"Mon, 05 May 2025 11:04:55 GMT",
			"timesecs":	1746443095
		},
		"connecting_to":	{
			"host":	"192.168.120.132",
			"port":	5201
		},
		"cookie":	"a.1746443095.429396.3c5b9a2f55a01bf4",
		"tcp_mss_default":	1448,
		"test_start":	{
			"protocol":	"TCP",
			"num_streams":	1,
			"blksize":	131072,
			"omit":	0,
			"duration":	60,
			"bytes":	0,
			"blocks":	0,
			"reverse":	0
		}
	},
	"intervals":	[{
			"streams":	[{
					"socket":	4,
					"start":	0,
					"end":	1.000387,
					"seconds":	1.000387,
					"bytes":	605264,
					"bits_per_second":	4840239.053265,
					"retransmits":	0,
					"snd_cwnd":	14480,
					"rtt":	12811,
					"omitted":	false
				}],
			"sum":	{
				"start":	0,
				"end":	1.000387,
				"seconds":	1.000387,
				"bytes":	605264,
				"bits_per_second":	4840239.053265,
				"retransmits":	0,
				"omitted":	false
			}
		}, {
			"streams":	[{
					"socket":	4,
					"start":	1.000387,
					"end":	2.000603,
					"seconds":	1.000216,
					"bytes":	852872,
					"bits_per_second":	6821502.506121,
					"retransmits":	0,
					"snd_cwnd":	28960,
					"rtt":	12911,
					"omitted":	false
				}],
			"sum":	{
				"start":	1.000387,
				"end":	2.000603,
				"seconds":	1.000216,
				"bytes":	852872,
				"bits_per_second":	6821502.506121,
				"retransmits":	0,
				"omitted":	false
			}
		}, {
			"streams":	[{
					"socket":	4,
					"start":	2.000603,
					"end":	3.000145,
					"seconds":	0.999542,
					"bytes":	2331280,
					"bits_per_second":	18658785.762885,
					"retransmits":	0,
					"snd_cwnd":	110048,
					"rtt":	12518,
					"omitted":	false
				}],
			"sum":	{
				"start":	2.000603,
				"end":	3.000145,
				"seconds":	0.999542,
				"bytes":	2331280,
				"bits_per_second":	18658785.762885,
				"retransmits":	0,
				"omitted":	false
			}
		}, {
			"streams":	[{
					"socket":	4,
					"start":	3.000145,
					"end":	4.000483,
					"seconds":	1.000338,
					"bytes":	7305160,
					"bits_per_second":	58421528.992893,
					"retransmits":	0,
					"snd_cwnd":	3142160,
					"rtt":	225533,
					"omitted":	false
				}],
			"sum":	{
				"start":	3.000145,
				"end":	4.000483,
				"seconds":	1.000338,
				"bytes":	7305160,
				"bits_per_second":	58421528.992893,
				"retransmits":	0,
				"omitted":	false
			}
		}, {
			"streams":	[{
					"socket":	4,
					"start":	4.000483,
					"end":	5.000521,
					"seconds":	1.000038,
					"bytes":	3931600,
					"bits_per_second":	31451607.715028,
					"retransmits":	0,
					"snd_cwnd":	7564352,
					"rtt":	492501,
					"omitted":	false
				}],
			"sum":	{
				"start":	4.000483,
				"end":	5.000521,
				"seconds":	1.000038,
				"bytes":	3931600,
				"bits_per_second":	31451607.715028,
				"retransmits":	0,
				"omitted":	false
			}
		}, {
			"streams":	[{
					"socket":	4,
					"start":	5.000521,
					"end":	6.000240,
					"seconds":	0.999719,
					"bytes":	4127080,
					"bits_per_second":	33025915.562413,
					"retransmits":	0,
					"snd_cwnd":	9533632,
					"rtt":	620809,
					"omitted":	false
				}],
			"sum":	{
				"start":	5.000521,
				"end":	6.000240,
				"seconds":	0.999719,
				"bytes":	4127080,
				"bits_per_second":	33025915.562413,
				"retransmits":	0,
				"omitted":	false
			}
		}, {
			"streams":	[{
					"socket":	4,
					"start":	6.000240,
					"end":	7.000715,
					"seconds":	1.000475,
					"bytes":	3866440,
					"bits_per_second":	30916836.672647,
					"retransmits":	0,
					"snd_cwnd":	10671760,
					"rtt":	661674,
					"omitted":	false
				}],
			"sum":	{
				"start":	6.000240,
				"end":	7.000715,
				"seconds":	1.000475,
				"bytes":	3866440,
				"bits_per_second":	30916836.672647,
				"retransmits":	0,
				"omitted":	false
			}
		}, {
			"streams":	[{
					"socket":	4,
					"start":	7.000715,
					"end":	8.000555,
					"seconds":	0.999840,
					"bytes":	3736120,
					"bits_per_second":	29893742.367022,
					"retransmits":	0,
					"snd_cwnd":	13237616,
					"rtt":	781769,
					"omitted":	false
				}],
			"sum":	{
				"start":	7.000715,
				"end":	8.000555,
				"seconds":	0.999840,
				"bytes":	3736120,
				"bits_per_second":	29893742.367022,
				"retransmits":	0,
				"omitted":	false
			}
		}, {
			"streams":	[{
					"socket":	4,
					"start":	8.000555,
					"end":	9.000336,
					"seconds":	0.999781,
					"bytes":	3736120,
					"bits_per_second":	29895503.176631,
					"retransmits":	0,
					"snd_cwnd":	14885440,
					"rtt":	837154,
					"omitted":	false
				}],
			"sum":	{
				"start":	8.000555,
				"end":	9.000336,
				"seconds":	0.999781,
				"bytes":	3736120,
				"bits_per_second":	29895503.176631,
				"retransmits":	0,
				"omitted":	false
			}
		}, {
			"streams":	[{
					"socket":	4,
					"start":	9.000336,
					"end":	10.000480,
					"seconds":	1.000144,
					"bytes":	3410320,
					"bits_per_second":	27278631.745497,
					"retransmits":	0,
					"snd_cwnd":	15644192,
					"rtt":	879840,
					"omitted":	false
				}],
			"sum":	{
				"start":	9.000336,
				"end":	10.000480,
				"seconds":	1.000144,
				"bytes":	3410320,
				"bits_per_second":	27278631.745497,
				"retransmits":	0,
				"omitted":	false
			}
		}, {
			"streams":	[{
					"socket":	4,
					"start":	10.000480,
					"end":	11.000820,
					"seconds":	1.000340,
					"bytes":	3346608,
					"bits_per_second":	26763764.724293,
					"retransmits":	0,
					"snd_cwnd":	17491840,
					"rtt":	936960,
					"omitted":	false
				}],
			"sum":	{
				"start":	10.000480,
				"end":	11.000820,
				"seconds":	1.000340,
				"bytes":	3346608,
				"bits_per_second":	26763764.724293,
				"retransmits":	0,
				"omitted":	false
			}
		}, {
			"streams":	[{
					"socket":	4,
					"start":	11.000820,
					"end":	12.000298,
					"seconds":	0.999478,
					"bytes":	3216288,
					"bits_per_second":	25743745.754151,
					"retransmits":	0,
					"snd_cwnd":	18018912,
					"rtt":	965213,
					"omitted":	false
				}],
			"sum":	{
				"start":	11.000820,
				"end":	12.000298,
				"seconds":	0.999478,
				"bytes":	3216288,
				"bits_per_second":	25743745.754151,
				"retransmits":	0,
				"omitted":	false
			}
		}, {
			"streams":	[{
					"socket":	4,
					"start":	12.000298,
					"end":	13.000695,
					"seconds":	1.000397,
					"bytes":	3216288,
					"bits_per_second":	25720093.973148,
					"retransmits":	0,
					"snd_cwnd":	19275776,
					"rtt":	983356,
					"omitted":	false
				}],
			"sum":	{
				"start":	12.000298,
				"end":	13.000695,
				"seconds":	1.000397,
				"bytes":	3216288,
				"bits_per_second":	25720093.973148,
				"retransmits":	0,
				"omitted":	false
			}
		}, {
			"streams":	[{
					"socket":	4,
					"start":	13.000695,
					"end":	14.000441,
					"seconds":	0.999746,
					"bytes":	3143888,
					"bits_per_second":	25157491.884344,
					"retransmits":	0,
					"snd_cwnd":	19408992,
					"rtt":	990059,
					"omitted":	false
				}],
			"sum":	{
				"start":	13.000695,
				"end":	14.000441,
				"seconds":	0.999746,
				"bytes":	3143888,
				"bits_per_second":	25157491.884344,
				"retransmits":	0,
				"omitted":	false
			}
		}, {
			"streams":	[{
					"socket":	4,
					"start":	14.000441,
					"end":	15.000502,
					"seconds":	1.000061,
					"bytes":	3143888,
					"bits_per_second":	25149568.992127,
					"retransmits":	0,
					"snd_cwnd":	20300960,
					"rtt":	986321,
					"omitted":	false
				}],
			"sum":	{
				"start":	14.000441,
				"end":	15.000502,
				"seconds":	1.000061,
				"bytes":	3143888,
				"bits_per_second":	25149568.992127,
				"retransmits":	0,
				"omitted":	false
			}
		}, {
			"streams":	[{
					"socket":	4,
					"start":	15.000502,
					"end":	16.000457,
					"seconds":	0.999955,
					"bytes":	3078728,
					"bits_per_second":	24630933.897257,
					"retransmits":	0,
					"snd_cwnd":	20216976,
					"rtt":	982210,
					"omitted":	false
				}],
			"sum":	{
				"start":	15.000502,
				"end":	16.000457,
				"seconds":	0.999955,
				"bytes":	3078728,
				"bits_per_second":	24630933.897257,
				"retransmits":	0,
				"omitted":	false
			}
		}, {
			"streams":	[{
					"socket":	4,
					"start":	16.000457,
					"end":	17.000527,
					"seconds":	1.000070,
					"bytes":	3130856,
					"bits_per_second":	25045092.462685,
					"retransmits":	0,
					"snd_cwnd":	21056816,
					"rtt":	974273,
					"omitted":	false
				}],
			"sum":	{
				"start":	16.000457,
				"end":	17.000527,
				"seconds":	1.000070,
				"bytes":	3130856,
				"bits_per_second":	25045092.462685,
				"retransmits":	0,
				"omitted":	false
			}
		}, {
			"streams":	[{
					"socket":	4,
					"start":	17.000527,
					"end":	18.000682,
					"seconds":	1.000155,
					"bytes":	3080176,
					"bits_per_second":	24637589.861541,
					"retransmits":	0,
					"snd_cwnd":	21743168,
					"rtt":	1006074,
					"omitted":	false
				}],
			"sum":	{
				"start":	17.000527,
				"end":	18.000682,
				"seconds":	1.000155,
				"bytes":	3080176,
				"bits_per_second":	24637589.861541,
				"retransmits":	0,
				"omitted":	false
			}
		}, {
			"streams":	[{
					"socket":	4,
					"start":	18.000682,
					"end":	19.000376,
					"seconds":	0.999694,
					"bytes":	3015016,
					"bits_per_second":	24127514.142769,
					"retransmits":	0,
					"snd_cwnd":	22814688,
					"rtt":	1005298,
					"omitted":	false
				}],
			"sum":	{
				"start":	18.000682,
				"end":	19.000376,
				"seconds":	0.999694,
				"bytes":	3015016,
				"bits_per_second":	24127514.142769,
				"retransmits":	0,
				"omitted":	false
			}
		}, {
			"streams":	[{
					"socket":	4,
					"start":	19.000376,
					"end":	20.000470,
					"seconds":	1.000094,
					"bytes":	2949856,
					"bits_per_second":	23596625.779774,
					"retransmits":	0,
					"snd_cwnd":	22629344,
					"rtt":	997188,
					"omitted":	false
				}],
			"sum":	{
				"start":	19.000376,
				"end":	20.000470,
				"seconds":	1.000094,
				"bytes":	2949856,
				"bits_per_second":	23596625.779774,
				"retransmits":	0,
				"omitted":	false
			}
		}, {
			"streams":	[{
					"socket":	4,
					"start":	20.000470,
					"end":	21.001507,
					"seconds":	1.001037,
					"bytes":	987536,
					"bits_per_second":	7892104.815414,
					"retransmits":	35,
					"snd_cwnd":	21415920,
					"rtt":	981146,
					"omitted":	false
				}],
			"sum":	{
				"start":	20.000470,
				"end":	21.001507,
				"seconds":	1.001037,
				"bytes":	987536,
				"bits_per_second":	7892104.815414,
				"retransmits":	35,
				"omitted":	false
			}
		}, {
			"streams":	[{
					"socket":	4,
					"start":	21.001507,
					"end":	22.000190,
					"seconds":	0.998683,
					"bytes":	4195416,
					"bits_per_second":	33607590.010388,
					"retransmits":	0,
					"snd_cwnd":	13333184,
					"rtt":	623164,
					"omitted":	false
				}],
			"sum":	{
				"start":	21.001507,
				"end":	22.000190,
				"seconds":	0.998683,
				"bytes":	4195416,
				"bits_per_second":	33607590.010388,
				"retransmits":	0,
				"omitted":	false
			}
		}, {
			"streams":	[{
					"socket":	4,
					"start":	22.000190,
					"end":	23.000537,
					"seconds":	1.000347,
					"bytes":	3478376,
					"bits_per_second":	27817351.555483,
					"retransmits":	0,
					"snd_cwnd":	20109824,
					"rtt":	921246,
					"omitted":	false
				}],
			"sum":	{
				"start":	22.000190,
				"end":	23.000537,
				"seconds":	1.000347,
				"bytes":	3478376,
				"bits_per_second":	27817351.555483,
				"retransmits":	0,
				"omitted":	false
			}
		}, {
			"streams":	[{
					"socket":	4,
					"start":	23.000537,
					"end":	24.000414,
					"seconds":	0.999877,
					"bytes":	2990400,
					"bits_per_second":	23926143.489561,
					"retransmits":	0,
					"snd_cwnd":	21372480,
					"rtt":	988830,
					"omitted":	false
				}],
			"sum":	{
				"start":	23.000537,
				"end":	24.000414,
				"seconds":	0.999877,
				"bytes":	2990400,
				"bits_per_second":	23926143.489561,
				"retransmits":	0,
				"omitted":	false
			}
		}, {
			"streams":	[{
					"socket":	4,
					"start":	24.000414,
					"end":	25.000261,
					"seconds":	0.999847,
					"bytes":	3015016,
					"bits_per_second":	24123820.506019,
					"retransmits":	0,
					"snd_cwnd":	22794416,
					"rtt":	1023706,
					"omitted":	false
				}],
			"sum":	{
				"start":	24.000414,
				"end":	25.000261,
				"seconds":	0.999847,
				"bytes":	3015016,
				"bits_per_second":	24123820.506019,
				"retransmits":	0,
				"omitted":	false
			}
		}, {
			"streams":	[{
					"socket":	4,
					"start":	25.000261,
					"end":	26.000485,
					"seconds":	1.000224,
					"bytes":	2884696,
					"bits_per_second":	23072402.664797,
					"retransmits":	0,
					"snd_cwnd":	22510608,
					"rtt":	1010973,
					"omitted":	false
				}],
			"sum":	{
				"start":	25.000261,
				"end":	26.000485,
				"seconds":	1.000224,
				"bytes":	2884696,
				"bits_per_second":	23072402.664797,
				"retransmits":	0,
				"omitted":	false
			}
		}, {
			"streams":	[{
					"socket":	4,
					"start":	26.000485,
					"end":	27.001374,
					"seconds":	1.000889,
					"bytes":	792056,
					"bits_per_second":	6330819.503370,
					"retransmits":	107,
					"snd_cwnd":	21612848,
					"rtt":	980283,
					"omitted":	false
				}],
			"sum":	{
				"start":	26.000485,
				"end":	27.001374,
				"seconds":	1.000889,
				"bytes":	792056,
				"bits_per_second":	6330819.503370,
				"retransmits":	107,
				"omitted":	false
			}
		}, {
			"streams":	[{
					"socket":	4,
					"start":	27.001374,
					"end":	28.000101,
					"seconds":	0.998727,
					"bytes":	4050056,
					"bits_per_second":	32441743.640301,
					"retransmits":	218,
					"snd_cwnd":	14795664,
					"rtt":	684631,
					"omitted":	false
				}],
			"sum":	{
				"start":	27.001374,
				"end":	28.000101,
				"seconds":	0.998727,
				"bytes":	4050056,
				"bits_per_second":	32441743.640301,
				"retransmits":	218,
				"omitted":	false
			}
		}, {
			"streams":	[{
					"socket":	4,
					"start":	28.000101,
					"end":	29.000650,
					"seconds":	1.000549,
					"bytes":	3110584,
					"bits_per_second":	24871015.872653,
					"retransmits":	0,
					"snd_cwnd":	16727296,
					"rtt":	758783,
					"omitted":	false
				}],
			"sum":	{
				"start":	28.000101,
				"end":	29.000650,
				"seconds":	1.000549,
				"bytes":	3110584,
				"bits_per_second":	24871015.872653,
				"retransmits":	0,
				"omitted":	false
			}
		}, {
			"streams":	[{
					"socket":	4,
					"start":	29.000650,
					"end":	30.000251,
					"seconds":	0.999601,
					"bytes":	3152576,
					"bits_per_second":	25230677.884009,
					"retransmits":	0,
					"snd_cwnd":	21792400,
					"rtt":	998339,
					"omitted":	false
				}],
			"sum":	{
				"start":	29.000650,
				"end":	30.000251,
				"seconds":	0.999601,
				"bytes":	3152576,
				"bits_per_second":	25230677.884009,
				"retransmits":	0,
				"omitted":	false
			}
		}, {
			"streams":	[{
					"socket":	4,
					"start":	30.000251,
					"end":	31.000320,
					"seconds":	1.000069,
					"bytes":	2949856,
					"bits_per_second":	23597222.081330,
					"retransmits":	0,
					"snd_cwnd":	23121664,
					"rtt":	1028206,
					"omitted":	false
				}],
			"sum":	{
				"start":	30.000251,
				"end":	31.000320,
				"seconds":	1.000069,
				"bytes":	2949856,
				"bits_per_second":	23597222.081330,
				"retransmits":	0,
				"omitted":	false
			}
		}, {
			"streams":	[{
					"socket":	4,
					"start":	31.000320,
					"end":	32.001475,
					"seconds":	1.001155,
					"bytes":	726896,
					"bits_per_second":	5808458.428856,
					"retransmits":	124,
					"snd_cwnd":	21989328,
					"rtt":	977801,
					"omitted":	false
				}],
			"sum":	{
				"start":	31.000320,
				"end":	32.001475,
				"seconds":	1.001155,
				"bytes":	726896,
				"bits_per_second":	5808458.428856,
				"retransmits":	124,
				"omitted":	false
			}
		}, {
			"streams":	[{
					"socket":	4,
					"start":	32.001475,
					"end":	33.000357,
					"seconds":	0.998882,
					"bytes":	3984896,
					"bits_per_second":	31914847.034649,
					"retransmits":	97,
					"snd_cwnd":	14717472,
					"rtt":	674295,
					"omitted":	false
				}],
			"sum":	{
				"start":	32.001475,
				"end":	33.000357,
				"seconds":	0.998882,
				"bytes":	3984896,
				"bits_per_second":	31914847.034649,
				"retransmits":	97,
				"omitted":	false
			}
		}, {
			"streams":	[{
					"socket":	4,
					"start":	33.000357,
					"end":	34.000602,
					"seconds":	1.000245,
					"bytes":	3217736,
					"bits_per_second":	25735586.490304,
					"retransmits":	0,
					"snd_cwnd":	16993728,
					"rtt":	763108,
					"omitted":	false
				}],
			"sum":	{
				"start":	33.000357,
				"end":	34.000602,
				"seconds":	1.000245,
				"bytes":	3217736,
				"bits_per_second":	25735586.490304,
				"retransmits":	0,
				"omitted":	false
			}
		}, {
			"streams":	[{
					"socket":	4,
					"start":	34.000602,
					"end":	35.000382,
					"seconds":	0.999780,
					"bytes":	3130856,
					"bits_per_second":	25052361.031300,
					"retransmits":	0,
					"snd_cwnd":	22038560,
					"rtt":	1009654,
					"omitted":	false
				}],
			"sum":	{
				"start":	34.000602,
				"end":	35.000382,
				"seconds":	0.999780,
				"bytes":	3130856,
				"bits_per_second":	25052361.031300,
				"retransmits":	0,
				"omitted":	false
			}
		}, {
			"streams":	[{
					"socket":	4,
					"start":	35.000382,
					"end":	36.000718,
					"seconds":	1.000336,
					"bytes":	2037336,
					"bits_per_second":	16293210.708154,
					"retransmits":	45,
					"snd_cwnd":	22994240,
					"rtt":	1042997,
					"omitted":	false
				}],
			"sum":	{
				"start":	35.000382,
				"end":	36.000718,
				"seconds":	1.000336,
				"bytes":	2037336,
				"bits_per_second":	16293210.708154,
				"retransmits":	45,
				"omitted":	false
			}
		}, {
			"streams":	[{
					"socket":	4,
					"start":	36.000718,
					"end":	37.000332,
					"seconds":	0.999614,
					"bytes":	1573976,
					"bits_per_second":	12596670.310704,
					"retransmits":	393,
					"snd_cwnd":	20894640,
					"rtt":	919944,
					"omitted":	false
				}],
			"sum":	{
				"start":	36.000718,
				"end":	37.000332,
				"seconds":	0.999614,
				"bytes":	1573976,
				"bits_per_second":	12596670.310704,
				"retransmits":	393,
				"omitted":	false
			}
		}, {
			"streams":	[{
					"socket":	4,
					"start":	37.000332,
					"end":	38.000981,
					"seconds":	1.000649,
					"bytes":	3932160,
					"bits_per_second":	31436878.240240,
					"retransmits":	0,
					"snd_cwnd":	17515008,
					"rtt":	771126,
					"omitted":	false
				}],
			"sum":	{
				"start":	37.000332,
				"end":	38.000981,
				"seconds":	1.000649,
				"bytes":	3932160,
				"bits_per_second":	31436878.240240,
				"retransmits":	0,
				"omitted":	false
			}
		}, {
			"streams":	[{
					"socket":	4,
					"start":	38.000981,
					"end":	39.000433,
					"seconds":	0.999452,
					"bytes":	2949856,
					"bits_per_second":	23611790.196288,
					"retransmits":	0,
					"snd_cwnd":	22093584,
					"rtt":	944441,
					"omitted":	false
				}],
			"sum":	{
				"start":	38.000981,
				"end":	39.000433,
				"seconds":	0.999452,
				"bytes":	2949856,
				"bits_per_second":	23611790.196288,
				"retransmits":	0,
				"omitted":	false
			}
		}, {
			"streams":	[{
					"socket":	4,
					"start":	39.000433,
					"end":	40.000632,
					"seconds":	1.000199,
					"bytes":	2102496,
					"bits_per_second":	16816620.155440,
					"retransmits":	45,
					"snd_cwnd":	23402576,
					"rtt":	1000401,
					"omitted":	false
				}],
			"sum":	{
				"start":	39.000433,
				"end":	40.000632,
				"seconds":	1.000199,
				"bytes":	2102496,
				"bits_per_second":	16816620.155440,
				"retransmits":	45,
				"omitted":	false
			}
		}, {
			"streams":	[{
					"socket":	4,
					"start":	40.000632,
					"end":	41.001559,
					"seconds":	1.000927,
					"bytes":	1248176,
					"bits_per_second":	9976160.384287,
					"retransmits":	371,
					"snd_cwnd":	20862784,
					"rtt":	927820,
					"omitted":	false
				}],
			"sum":	{
				"start":	40.000632,
				"end":	41.001559,
				"seconds":	1.000927,
				"bytes":	1248176,
				"bits_per_second":	9976160.384287,
				"retransmits":	371,
				"omitted":	false
			}
		}, {
			"streams":	[{
					"socket":	4,
					"start":	41.001559,
					"end":	42.000766,
					"seconds":	0.999207,
					"bytes":	3323160,
					"bits_per_second":	26606378.331053,
					"retransmits":	80,
					"snd_cwnd":	9921696,
					"rtt":	441236,
					"omitted":	false
				}],
			"sum":	{
				"start":	41.001559,
				"end":	42.000766,
				"seconds":	0.999207,
				"bytes":	3323160,
				"bits_per_second":	26606378.331053,
				"retransmits":	80,
				"omitted":	false
			}
		}, {
			"streams":	[{
					"socket":	4,
					"start":	42.000766,
					"end":	43.000648,
					"seconds":	0.999882,
					"bytes":	3804176,
					"bits_per_second":	30437000.089425,
					"retransmits":	0,
					"snd_cwnd":	19052784,
					"rtt":	830541,
					"omitted":	false
				}],
			"sum":	{
				"start":	42.000766,
				"end":	43.000648,
				"seconds":	0.999882,
				"bytes":	3804176,
				"bits_per_second":	30437000.089425,
				"retransmits":	0,
				"omitted":	false
			}
		}, {
			"streams":	[{
					"socket":	4,
					"start":	43.000648,
					"end":	44.000078,
					"seconds":	0.999430,
					"bytes":	2884696,
					"bits_per_second":	23090731.074970,
					"retransmits":	0,
					"snd_cwnd":	21992224,
					"rtt":	968301,
					"omitted":	false
				}],
			"sum":	{
				"start":	43.000648,
				"end":	44.000078,
				"seconds":	0.999430,
				"bytes":	2884696,
				"bits_per_second":	23090731.074970,
				"retransmits":	0,
				"omitted":	false
			}
		}, {
			"streams":	[{
					"socket":	4,
					"start":	44.000078,
					"end":	45.000874,
					"seconds":	1.000796,
					"bytes":	2621440,
					"bits_per_second":	20954838.279978,
					"retransmits":	0,
					"snd_cwnd":	23448912,
					"rtt":	1002083,
					"omitted":	false
				}],
			"sum":	{
				"start":	44.000078,
				"end":	45.000874,
				"seconds":	1.000796,
				"bytes":	2621440,
				"bits_per_second":	20954838.279978,
				"retransmits":	0,
				"omitted":	false
			}
		}, {
			"streams":	[{
					"socket":	4,
					"start":	45.000874,
					"end":	46.001197,
					"seconds":	1.000323,
					"bytes":	531136,
					"bits_per_second":	4247715.744953,
					"retransmits":	358,
					"snd_cwnd":	21711312,
					"rtt":	927893,
					"omitted":	false
				}],
			"sum":	{
				"start":	45.000874,
				"end":	46.001197,
				"seconds":	1.000323,
				"bytes":	531136,
				"bits_per_second":	4247715.744953,
				"retransmits":	358,
				"omitted":	false
			}
		}, {
			"streams":	[{
					"socket":	4,
					"start":	46.001197,
					"end":	47.000655,
					"seconds":	0.999458,
					"bytes":	3984896,
					"bits_per_second":	31896453.499288,
					"retransmits":	181,
					"snd_cwnd":	15754240,
					"rtt":	680013,
					"omitted":	false
				}],
			"sum":	{
				"start":	46.001197,
				"end":	47.000655,
				"seconds":	0.999458,
				"bytes":	3984896,
				"bits_per_second":	31896453.499288,
				"retransmits":	181,
				"omitted":	false
			}
		}, {
			"streams":	[{
					"socket":	4,
					"start":	47.000655,
					"end":	48.000565,
					"seconds":	0.999910,
					"bytes":	3478376,
					"bits_per_second":	27829516.057849,
					"retransmits":	0,
					"snd_cwnd":	18146336,
					"rtt":	783205,
					"omitted":	false
				}],
			"sum":	{
				"start":	47.000655,
				"end":	48.000565,
				"seconds":	0.999910,
				"bytes":	3478376,
				"bits_per_second":	27829516.057849,
				"retransmits":	0,
				"omitted":	false
			}
		}, {
			"streams":	[{
					"socket":	4,
					"start":	48.000565,
					"end":	49.000332,
					"seconds":	0.999767,
					"bytes":	2970128,
					"bits_per_second":	23766560.062522,
					"retransmits":	0,
					"snd_cwnd":	22739392,
					"rtt":	1001281,
					"omitted":	false
				}],
			"sum":	{
				"start":	48.000565,
				"end":	49.000332,
				"seconds":	0.999767,
				"bytes":	2970128,
				"bits_per_second":	23766560.062522,
				"retransmits":	0,
				"omitted":	false
			}
		}, {
			"streams":	[{
					"socket":	4,
					"start":	49.000332,
					"end":	50.000688,
					"seconds":	1.000356,
					"bytes":	2558896,
					"bits_per_second":	20463883.697679,
					"retransmits":	136,
					"snd_cwnd":	23761680,
					"rtt":	1035813,
					"omitted":	false
				}],
			"sum":	{
				"start":	49.000332,
				"end":	50.000688,
				"seconds":	1.000356,
				"bytes":	2558896,
				"bits_per_second":	20463883.697679,
				"retransmits":	136,
				"omitted":	false
			}
		}, {
			"streams":	[{
					"socket":	4,
					"start":	50.000688,
					"end":	51.001475,
					"seconds":	1.000787,
					"bytes":	987536,
					"bits_per_second":	7894075.207065,
					"retransmits":	270,
					"snd_cwnd":	22087792,
					"rtt":	934605,
					"omitted":	false
				}],
			"sum":	{
				"start":	50.000688,
				"end":	51.001475,
				"seconds":	1.000787,
				"bytes":	987536,
				"bits_per_second":	7894075.207065,
				"retransmits":	270,
				"omitted":	false
			}
		}, {
			"streams":	[{
					"socket":	4,
					"start":	51.001475,
					"end":	52.000565,
					"seconds":	0.999090,
					"bytes":	3518640,
					"bits_per_second":	28174760.263540,
					"retransmits":	126,
					"snd_cwnd":	16866304,
					"rtt":	692922,
					"omitted":	false
				}],
			"sum":	{
				"start":	51.001475,
				"end":	52.000565,
				"seconds":	0.999090,
				"bytes":	3518640,
				"bits_per_second":	28174760.263540,
				"retransmits":	126,
				"omitted":	false
			}
		}, {
			"streams":	[{
					"socket":	4,
					"start":	52.000565,
					"end":	53.000931,
					"seconds":	1.000366,
					"bytes":	3870784,
					"bits_per_second":	30954943.341412,
					"retransmits":	0,
					"snd_cwnd":	20987312,
					"rtt":	829068,
					"omitted":	false
				}],
			"sum":	{
				"start":	52.000565,
				"end":	53.000931,
				"seconds":	1.000366,
				"bytes":	3870784,
				"bits_per_second":	30954943.341412,
				"retransmits":	0,
				"omitted":	false
			}
		}, {
			"streams":	[{
					"socket":	4,
					"start":	53.000931,
					"end":	54.000230,
					"seconds":	0.999299,
					"bytes":	2886144,
					"bits_per_second":	23105347.707860,
					"retransmits":	0,
					"snd_cwnd":	24488576,
					"rtt":	967296,
					"omitted":	false
				}],
			"sum":	{
				"start":	53.000931,
				"end":	54.000230,
				"seconds":	0.999299,
				"bytes":	2886144,
				"bits_per_second":	23105347.707860,
				"retransmits":	0,
				"omitted":	false
			}
		}, {
			"streams":	[{
					"socket":	4,
					"start":	54.000230,
					"end":	55.000345,
					"seconds":	1.000115,
					"bytes":	1843304,
					"bits_per_second":	14744737.567859,
					"retransmits":	225,
					"snd_cwnd":	24407488,
					"rtt":	992781,
					"omitted":	false
				}],
			"sum":	{
				"start":	54.000230,
				"end":	55.000345,
				"seconds":	1.000115,
				"bytes":	1843304,
				"bits_per_second":	14744737.567859,
				"retransmits":	225,
				"omitted":	false
			}
		}, {
			"streams":	[{
					"socket":	4,
					"start":	55.000345,
					"end":	56.001474,
					"seconds":	1.001129,
					"bytes":	272224,
					"bits_per_second":	2175335.718823,
					"retransmits":	603,
					"snd_cwnd":	21772128,
					"rtt":	903447,
					"omitted":	false
				}],
			"sum":	{
				"start":	55.000345,
				"end":	56.001474,
				"seconds":	1.001129,
				"bytes":	272224,
				"bits_per_second":	2175335.718823,
				"retransmits":	603,
				"omitted":	false
			}
		}, {
			"streams":	[{
					"socket":	4,
					"start":	56.001474,
					"end":	57.000567,
					"seconds":	0.999093,
					"bytes":	5051184,
					"bits_per_second":	40446164.060053,
					"retransmits":	0,
					"snd_cwnd":	10341616,
					"rtt":	429124,
					"omitted":	false
				}],
			"sum":	{
				"start":	56.001474,
				"end":	57.000567,
				"seconds":	0.999093,
				"bytes":	5051184,
				"bits_per_second":	40446164.060053,
				"retransmits":	0,
				"omitted":	false
			}
		}, {
			"streams":	[{
					"socket":	4,
					"start":	57.000567,
					"end":	58.000570,
					"seconds":	1.000003,
					"bytes":	3675304,
					"bits_per_second":	29402340.869164,
					"retransmits":	0,
					"snd_cwnd":	21998016,
					"rtt":	903651,
					"omitted":	false
				}],
			"sum":	{
				"start":	57.000567,
				"end":	58.000570,
				"seconds":	1.000003,
				"bytes":	3675304,
				"bits_per_second":	29402340.869164,
				"retransmits":	0,
				"omitted":	false
			}
		}, {
			"streams":	[{
					"socket":	4,
					"start":	58.000570,
					"end":	59.000441,
					"seconds":	0.999871,
					"bytes":	2725416,
					"bits_per_second":	21806140.653087,
					"retransmits":	0,
					"snd_cwnd":	27500416,
					"rtt":	1096623,
					"omitted":	false
				}],
			"sum":	{
				"start":	58.000570,
				"end":	59.000441,
				"seconds":	0.999871,
				"bytes":	2725416,
				"bits_per_second":	21806140.653087,
				"retransmits":	0,
				"omitted":	false
			}
		}, {
			"streams":	[{
					"socket":	4,
					"start":	59.000441,
					"end":	60.000989,
					"seconds":	1.000548,
					"bytes":	2495184,
					"bits_per_second":	19950541.379785,
					"retransmits":	151,
					"snd_cwnd":	26237760,
					"rtt":	1046317,
					"omitted":	false
				}],
			"sum":	{
				"start":	59.000441,
				"end":	60.000989,
				"seconds":	1.000548,
				"bytes":	2495184,
				"bits_per_second":	19950541.379785,
				"retransmits":	151,
				"omitted":	false
			}
		}],
	"end":	{
		"streams":	[{
				"sender":	{
					"socket":	4,
					"start":	0,
					"end":	60.000989,
					"seconds":	60.000989,
					"bytes":	175217424,
					"bits_per_second":	23361938.132857,
					"retransmits":	3565,
					"max_snd_cwnd":	27500416,
					"max_rtt":	1096623,
					"min_rtt":	12518,
					"mean_rtt":	831026
				},
				"receiver":	{
					"socket":	4,
					"start":	0,
					"end":	60.000989,
					"seconds":	60.000989,
					"bytes":	172228608,
					"bits_per_second":	22963435.901239
				}
			}],
		"sum_sent":	{
			"start":	0,
			"end":	60.000989,
			"seconds":	60.000989,
			"bytes":	175217424,
			"bits_per_second":	23361938.132857,
			"retransmits":	3565
		},
		"sum_received":	{
			"start":	0,
			"end":	60.000989,
			"seconds":	60.000989,
			"bytes":	172228608,
			"bits_per_second":	22963435.901239
		},
		"cpu_utilization_percent":	{
			"host_total":	0.059725,
			"host_user":	0.007774,
			"host_system":	0.051951,
			"remote_total":	1.081441,
			"remote_user":	0,
			"remote_system":	1.081441
		}
	}
}
