{
	"start":	{
		"connected":	[{
				"socket":	4,
				"local_host":	"192.168.179.134",
				"local_port":	43314,
				"remote_host":	"192.168.120.132",
				"remote_port":	5201
			}],
		"version":	"iperf 3.1.3",
		"system_info":	"Linux a 4.15.0-213-generic #224-Ubuntu SMP Mon Jun 19 13:30:12 UTC 2023 x86_64",
		"timestamp":	{
			"time":	"Mon, 05 May 2025 11:10:34 GMT",
			"timesecs":	1746443434
		},
		"connecting_to":	{
			"host":	"192.168.120.132",
			"port":	5201
		},
		"cookie":	"a.1746443433.984323.5eebc73c2ea8a164",
		"tcp_mss_default":	1448,
		"test_start":	{
			"protocol":	"TCP",
			"num_streams":	1,
			"blksize":	131072,
			"omit":	0,
			"duration":	60,
			"bytes":	0,
			"blocks":	0,
			"reverse":	0
		}
	},
	"intervals":	[{
			"streams":	[{
					"socket":	4,
					"start":	0,
					"end":	1.000767,
					"seconds":	1.000767,
					"bytes":	2733824,
					"bits_per_second":	21853830.274576,
					"retransmits":	0,
					"snd_cwnd":	451776,
					"rtt":	393958,
					"omitted":	false
				}],
			"sum":	{
				"start":	0,
				"end":	1.000767,
				"seconds":	1.000767,
				"bytes":	2733824,
				"bits_per_second":	21853830.274576,
				"retransmits":	0,
				"omitted":	false
			}
		}, {
			"streams":	[{
					"socket":	4,
					"start":	1.000767,
					"end":	2.000585,
					"seconds":	0.999818,
					"bytes":	1824480,
					"bits_per_second":	14598499.142815,
					"retransmits":	0,
					"snd_cwnd":	747168,
					"rtt":	721598,
					"omitted":	false
				}],
			"sum":	{
				"start":	1.000767,
				"end":	2.000585,
				"seconds":	0.999818,
				"bytes":	1824480,
				"bits_per_second":	14598499.142815,
				"retransmits":	0,
				"omitted":	false
			}
		}, {
			"streams":	[{
					"socket":	4,
					"start":	2.000585,
					"end":	3.001152,
					"seconds":	1.000567,
					"bytes":	390960,
					"bits_per_second":	3125907.737284,
					"retransmits":	0,
					"snd_cwnd":	810880,
					"rtt":	783102,
					"omitted":	false
				}],
			"sum":	{
				"start":	2.000585,
				"end":	3.001152,
				"seconds":	1.000567,
				"bytes":	390960,
				"bits_per_second":	3125907.737284,
				"retransmits":	0,
				"omitted":	false
			}
		}, {
			"streams":	[{
					"socket":	4,
					"start":	3.001152,
					"end":	4.001488,
					"seconds":	1.000336,
					"bytes":	456120,
					"bits_per_second":	3647733.740632,
					"retransmits":	0,
					"snd_cwnd":	871696,
					"rtt":	824567,
					"omitted":	false
				}],
			"sum":	{
				"start":	3.001152,
				"end":	4.001488,
				"seconds":	1.000336,
				"bytes":	456120,
				"bits_per_second":	3647733.740632,
				"retransmits":	0,
				"omitted":	false
			}
		}, {
			"streams":	[{
					"socket":	4,
					"start":	4.001488,
					"end":	5.001307,
					"seconds":	0.999819,
					"bytes":	521280,
					"bits_per_second":	4170995.776594,
					"retransmits":	0,
					"snd_cwnd":	863008,
					"rtt":	823463,
					"omitted":	false
				}],
			"sum":	{
				"start":	4.001488,
				"end":	5.001307,
				"seconds":	0.999819,
				"bytes":	521280,
				"bits_per_second":	4170995.776594,
				"retransmits":	0,
				"omitted":	false
			}
		}, {
			"streams":	[{
					"socket":	4,
					"start":	5.001307,
					"end":	6.000597,
					"seconds":	0.999290,
					"bytes":	456120,
					"bits_per_second":	3651551.769604,
					"retransmits":	0,
					"snd_cwnd":	883280,
					"rtt":	819810,
					"omitted":	false
				}],
			"sum":	{
				"start":	5.001307,
				"end":	6.000597,
				"seconds":	0.999290,
				"bytes":	456120,
				"bits_per_second":	3651551.769604,
				"retransmits":	0,
				"omitted":	false
			}
		}, {
			"streams":	[{
					"socket":	4,
					"start":	6.000597,
					"end":	7.001359,
					"seconds":	1.000762,
					"bytes":	521280,
					"bits_per_second":	4167064.755917,
					"retransmits":	0,
					"snd_cwnd":	883280,
					"rtt":	819337,
					"omitted":	false
				}],
			"sum":	{
				"start":	6.000597,
				"end":	7.001359,
				"seconds":	1.000762,
				"bytes":	521280,
				"bits_per_second":	4167064.755917,
				"retransmits":	0,
				"omitted":	false
			}
		}, {
			"streams":	[{
					"socket":	4,
					"start":	7.001359,
					"end":	8.001145,
					"seconds":	0.999786,
					"bytes":	521280,
					"bits_per_second":	4171133.039100,
					"retransmits":	0,
					"snd_cwnd":	912240,
					"rtt":	821709,
					"omitted":	false
				}],
			"sum":	{
				"start":	7.001359,
				"end":	8.001145,
				"seconds":	0.999786,
				"bytes":	521280,
				"bits_per_second":	4171133.039100,
				"retransmits":	0,
				"omitted":	false
			}
		}, {
			"streams":	[{
					"socket":	4,
					"start":	8.001145,
					"end":	9.001222,
					"seconds":	1.000077,
					"bytes":	521280,
					"bits_per_second":	4169918.877879,
					"retransmits":	0,
					"snd_cwnd":	909344,
					"rtt":	819733,
					"omitted":	false
				}],
			"sum":	{
				"start":	8.001145,
				"end":	9.001222,
				"seconds":	1.000077,
				"bytes":	521280,
				"bits_per_second":	4169918.877879,
				"retransmits":	0,
				"omitted":	false
			}
		}, {
			"streams":	[{
					"socket":	4,
					"start":	9.001222,
					"end":	10.001056,
					"seconds":	0.999834,
					"bytes":	521280,
					"bits_per_second":	4170932.121686,
					"retransmits":	0,
					"snd_cwnd":	970160,
					"rtt":	840024,
					"omitted":	false
				}],
			"sum":	{
				"start":	9.001222,
				"end":	10.001056,
				"seconds":	0.999834,
				"bytes":	521280,
				"bits_per_second":	4170932.121686,
				"retransmits":	0,
				"omitted":	false
			}
		}, {
			"streams":	[{
					"socket":	4,
					"start":	10.001056,
					"end":	11.001234,
					"seconds":	1.000178,
					"bytes":	130320,
					"bits_per_second":	1042374.602982,
					"retransmits":	13,
					"snd_cwnd":	967264,
					"rtt":	838048,
					"omitted":	false
				}],
			"sum":	{
				"start":	10.001056,
				"end":	11.001234,
				"seconds":	1.000178,
				"bytes":	130320,
				"bits_per_second":	1042374.602982,
				"retransmits":	13,
				"omitted":	false
			}
		}, {
			"streams":	[{
					"socket":	4,
					"start":	11.001234,
					"end":	12.001576,
					"seconds":	1.000342,
					"bytes":	1172880,
					"bits_per_second":	9379830.872264,
					"retransmits":	0,
					"snd_cwnd":	596576,
					"rtt":	492780,
					"omitted":	false
				}],
			"sum":	{
				"start":	11.001234,
				"end":	12.001576,
				"seconds":	1.000342,
				"bytes":	1172880,
				"bits_per_second":	9379830.872264,
				"retransmits":	0,
				"omitted":	false
			}
		}, {
			"streams":	[{
					"socket":	4,
					"start":	12.001576,
					"end":	13.001382,
					"seconds":	0.999806,
					"bytes":	260640,
					"bits_per_second":	2085524.743467,
					"retransmits":	0,
					"snd_cwnd":	1010704,
					"rtt":	792466,
					"omitted":	false
				}],
			"sum":	{
				"start":	12.001576,
				"end":	13.001382,
				"seconds":	0.999806,
				"bytes":	260640,
				"bits_per_second":	2085524.743467,
				"retransmits":	0,
				"omitted":	false
			}
		}, {
			"streams":	[{
					"socket":	4,
					"start":	13.001382,
					"end":	14.001400,
					"seconds":	1.000018,
					"bytes":	521280,
					"bits_per_second":	4170164.437404,
					"retransmits":	0,
					"snd_cwnd":	1106272,
					"rtt":	868893,
					"omitted":	false
				}],
			"sum":	{
				"start":	13.001382,
				"end":	14.001400,
				"seconds":	1.000018,
				"bytes":	521280,
				"bits_per_second":	4170164.437404,
				"retransmits":	0,
				"omitted":	false
			}
		}, {
			"streams":	[{
					"socket":	4,
					"start":	14.001400,
					"end":	15.000318,
					"seconds":	0.998918,
					"bytes":	586440,
					"bits_per_second":	4696602.578445,
					"retransmits":	0,
					"snd_cwnd":	1164192,
					"rtt":	870431,
					"omitted":	false
				}],
			"sum":	{
				"start":	14.001400,
				"end":	15.000318,
				"seconds":	0.998918,
				"bytes":	586440,
				"bits_per_second":	4696602.578445,
				"retransmits":	0,
				"omitted":	false
			}
		}, {
			"streams":	[{
					"socket":	4,
					"start":	15.000318,
					"end":	16.001360,
					"seconds":	1.001042,
					"bytes":	651600,
					"bits_per_second":	5207373.252562,
					"retransmits":	0,
					"snd_cwnd":	1190256,
					"rtt":	888854,
					"omitted":	false
				}],
			"sum":	{
				"start":	15.000318,
				"end":	16.001360,
				"seconds":	1.001042,
				"bytes":	651600,
				"bits_per_second":	5207373.252562,
				"retransmits":	0,
				"omitted":	false
			}
		}, {
			"streams":	[{
					"socket":	4,
					"start":	16.001360,
					"end":	17.001274,
					"seconds":	0.999914,
					"bytes":	65160,
					"bits_per_second":	521324.869966,
					"retransmits":	6,
					"snd_cwnd":	1294512,
					"rtt":	1006466,
					"omitted":	false
				}],
			"sum":	{
				"start":	16.001360,
				"end":	17.001274,
				"seconds":	0.999914,
				"bytes":	65160,
				"bits_per_second":	521324.869966,
				"retransmits":	6,
				"omitted":	false
			}
		}, {
			"streams":	[{
					"socket":	4,
					"start":	17.001274,
					"end":	18.001591,
					"seconds":	1.000317,
					"bytes":	781920,
					"bits_per_second":	6253377.074702,
					"retransmits":	8,
					"snd_cwnd":	761648,
					"rtt":	603268,
					"omitted":	false
				}],
			"sum":	{
				"start":	17.001274,
				"end":	18.001591,
				"seconds":	1.000317,
				"bytes":	781920,
				"bits_per_second":	6253377.074702,
				"retransmits":	8,
				"omitted":	false
			}
		}, {
			"streams":	[{
					"socket":	4,
					"start":	18.001591,
					"end":	19.001547,
					"seconds":	0.999956,
					"bytes":	1172880,
					"bits_per_second":	9383453.880102,
					"retransmits":	0,
					"snd_cwnd":	689248,
					"rtt":	541703,
					"omitted":	false
				}],
			"sum":	{
				"start":	18.001591,
				"end":	19.001547,
				"seconds":	0.999956,
				"bytes":	1172880,
				"bits_per_second":	9383453.880102,
				"retransmits":	0,
				"omitted":	false
			}
		}, {
			"streams":	[{
					"socket":	4,
					"start":	19.001547,
					"end":	20.001244,
					"seconds":	0.999697,
					"bytes":	325800,
					"bits_per_second":	2607190.056840,
					"retransmits":	0,
					"snd_cwnd":	1077312,
					"rtt":	819797,
					"omitted":	false
				}],
			"sum":	{
				"start":	19.001547,
				"end":	20.001244,
				"seconds":	0.999697,
				"bytes":	325800,
				"bits_per_second":	2607190.056840,
				"retransmits":	0,
				"omitted":	false
			}
		}, {
			"streams":	[{
					"socket":	4,
					"start":	20.001244,
					"end":	21.000521,
					"seconds":	0.999277,
					"bytes":	586440,
					"bits_per_second":	4694913.883442,
					"retransmits":	0,
					"snd_cwnd":	1149712,
					"rtt":	875699,
					"omitted":	false
				}],
			"sum":	{
				"start":	20.001244,
				"end":	21.000521,
				"seconds":	0.999277,
				"bytes":	586440,
				"bits_per_second":	4694913.883442,
				"retransmits":	0,
				"omitted":	false
			}
		}, {
			"streams":	[{
					"socket":	4,
					"start":	21.000521,
					"end":	22.001139,
					"seconds":	1.000618,
					"bytes":	586440,
					"bits_per_second":	4688622.520568,
					"retransmits":	0,
					"snd_cwnd":	1291616,
					"rtt":	954410,
					"omitted":	false
				}],
			"sum":	{
				"start":	21.000521,
				"end":	22.001139,
				"seconds":	1.000618,
				"bytes":	586440,
				"bits_per_second":	4688622.520568,
				"retransmits":	0,
				"omitted":	false
			}
		}, {
			"streams":	[{
					"socket":	4,
					"start":	22.001139,
					"end":	23.001447,
					"seconds":	1.000308,
					"bytes":	130320,
					"bits_per_second":	1042238.952044,
					"retransmits":	10,
					"snd_cwnd":	1326368,
					"rtt":	980054,
					"omitted":	false
				}],
			"sum":	{
				"start":	22.001139,
				"end":	23.001447,
				"seconds":	1.000308,
				"bytes":	130320,
				"bits_per_second":	1042238.952044,
				"retransmits":	10,
				"omitted":	false
			}
		}, {
			"streams":	[{
					"socket":	4,
					"start":	23.001447,
					"end":	24.001406,
					"seconds":	0.999959,
					"bytes":	781920,
					"bits_per_second":	6255616.530295,
					"retransmits":	19,
					"snd_cwnd":	807984,
					"rtt":	621364,
					"omitted":	false
				}],
			"sum":	{
				"start":	23.001447,
				"end":	24.001406,
				"seconds":	0.999959,
				"bytes":	781920,
				"bits_per_second":	6255616.530295,
				"retransmits":	19,
				"omitted":	false
			}
		}, {
			"streams":	[{
					"socket":	4,
					"start":	24.001406,
					"end":	25.001422,
					"seconds":	1.000016,
					"bytes":	1238040,
					"bits_per_second":	9904161.790476,
					"retransmits":	0,
					"snd_cwnd":	773232,
					"rtt":	583193,
					"omitted":	false
				}],
			"sum":	{
				"start":	24.001406,
				"end":	25.001422,
				"seconds":	1.000016,
				"bytes":	1238040,
				"bits_per_second":	9904161.790476,
				"retransmits":	0,
				"omitted":	false
			}
		}, {
			"streams":	[{
					"socket":	4,
					"start":	25.001422,
					"end":	26.000598,
					"seconds":	0.999176,
					"bytes":	456120,
					"bits_per_second":	3651969.129837,
					"retransmits":	0,
					"snd_cwnd":	1094688,
					"rtt":	833806,
					"omitted":	false
				}],
			"sum":	{
				"start":	25.001422,
				"end":	26.000598,
				"seconds":	0.999176,
				"bytes":	456120,
				"bits_per_second":	3651969.129837,
				"retransmits":	0,
				"omitted":	false
			}
		}, {
			"streams":	[{
					"socket":	4,
					"start":	26.000598,
					"end":	27.001528,
					"seconds":	1.000930,
					"bytes":	586440,
					"bits_per_second":	4687161.724890,
					"retransmits":	0,
					"snd_cwnd":	1222112,
					"rtt":	904446,
					"omitted":	false
				}],
			"sum":	{
				"start":	26.000598,
				"end":	27.001528,
				"seconds":	1.000930,
				"bytes":	586440,
				"bits_per_second":	4687161.724890,
				"retransmits":	0,
				"omitted":	false
			}
		}, {
			"streams":	[{
					"socket":	4,
					"start":	27.001528,
					"end":	28.001398,
					"seconds":	0.999870,
					"bytes":	130320,
					"bits_per_second":	1042695.485897,
					"retransmits":	9,
					"snd_cwnd":	1294512,
					"rtt":	956793,
					"omitted":	false
				}],
			"sum":	{
				"start":	27.001528,
				"end":	28.001398,
				"seconds":	0.999870,
				"bytes":	130320,
				"bits_per_second":	1042695.485897,
				"retransmits":	9,
				"omitted":	false
			}
		}, {
			"streams":	[{
					"socket":	4,
					"start":	28.001398,
					"end":	29.001507,
					"seconds":	1.000109,
					"bytes":	716760,
					"bits_per_second":	5733455.298245,
					"retransmits":	12,
					"snd_cwnd":	842736,
					"rtt":	628874,
					"omitted":	false
				}],
			"sum":	{
				"start":	28.001398,
				"end":	29.001507,
				"seconds":	1.000109,
				"bytes":	716760,
				"bits_per_second":	5733455.298245,
				"retransmits":	12,
				"omitted":	false
			}
		}, {
			"streams":	[{
					"socket":	4,
					"start":	29.001507,
					"end":	30.001340,
					"seconds":	0.999833,
					"bytes":	1303200,
					"bits_per_second":	10427340.250152,
					"retransmits":	0,
					"snd_cwnd":	764544,
					"rtt":	583814,
					"omitted":	false
				}],
			"sum":	{
				"start":	29.001507,
				"end":	30.001340,
				"seconds":	0.999833,
				"bytes":	1303200,
				"bits_per_second":	10427340.250152,
				"retransmits":	0,
				"omitted":	false
			}
		}, {
			"streams":	[{
					"socket":	4,
					"start":	30.001340,
					"end":	31.000315,
					"seconds":	0.998975,
					"bytes":	390960,
					"bits_per_second":	3130889.040638,
					"retransmits":	0,
					"snd_cwnd":	1129440,
					"rtt":	844540,
					"omitted":	false
				}],
			"sum":	{
				"start":	30.001340,
				"end":	31.000315,
				"seconds":	0.998975,
				"bytes":	390960,
				"bits_per_second":	3130889.040638,
				"retransmits":	0,
				"omitted":	false
			}
		}, {
			"streams":	[{
					"socket":	4,
					"start":	31.000315,
					"end":	32.000174,
					"seconds":	0.999859,
					"bytes":	586440,
					"bits_per_second":	4692182.272431,
					"retransmits":	0,
					"snd_cwnd":	1213424,
					"rtt":	915403,
					"omitted":	false
				}],
			"sum":	{
				"start":	31.000315,
				"end":	32.000174,
				"seconds":	0.999859,
				"bytes":	586440,
				"bits_per_second":	4692182.272431,
				"retransmits":	0,
				"omitted":	false
			}
		}, {
			"streams":	[{
					"socket":	4,
					"start":	32.000174,
					"end":	33.001270,
					"seconds":	1.001096,
					"bytes":	130320,
					"bits_per_second":	1041418.594589,
					"retransmits":	6,
					"snd_cwnd":	1392976,
					"rtt":	1040629,
					"omitted":	false
				}],
			"sum":	{
				"start":	32.000174,
				"end":	33.001270,
				"seconds":	1.001096,
				"bytes":	130320,
				"bits_per_second":	1041418.594589,
				"retransmits":	6,
				"omitted":	false
			}
		}, {
			"streams":	[{
					"socket":	4,
					"start":	33.001270,
					"end":	34.001574,
					"seconds":	1.000304,
					"bytes":	716760,
					"bits_per_second":	5732337.462915,
					"retransmits":	14,
					"snd_cwnd":	816672,
					"rtt":	621559,
					"omitted":	false
				}],
			"sum":	{
				"start":	33.001270,
				"end":	34.001574,
				"seconds":	1.000304,
				"bytes":	716760,
				"bits_per_second":	5732337.462915,
				"retransmits":	14,
				"omitted":	false
			}
		}, {
			"streams":	[{
					"socket":	4,
					"start":	34.001574,
					"end":	35.001219,
					"seconds":	0.999645,
					"bytes":	1172880,
					"bits_per_second":	9386372.211548,
					"retransmits":	0,
					"snd_cwnd":	941200,
					"rtt":	717880,
					"omitted":	false
				}],
			"sum":	{
				"start":	34.001574,
				"end":	35.001219,
				"seconds":	0.999645,
				"bytes":	1172880,
				"bits_per_second":	9386372.211548,
				"retransmits":	0,
				"omitted":	false
			}
		}, {
			"streams":	[{
					"socket":	4,
					"start":	35.001219,
					"end":	36.001034,
					"seconds":	0.999815,
					"bytes":	586440,
					"bits_per_second":	4692388.151952,
					"retransmits":	0,
					"snd_cwnd":	1158400,
					"rtt":	873125,
					"omitted":	false
				}],
			"sum":	{
				"start":	35.001219,
				"end":	36.001034,
				"seconds":	0.999815,
				"bytes":	586440,
				"bits_per_second":	4692388.151952,
				"retransmits":	0,
				"omitted":	false
			}
		}, {
			"streams":	[{
					"socket":	4,
					"start":	36.001034,
					"end":	37.001440,
					"seconds":	1.000406,
					"bytes":	521280,
					"bits_per_second":	4168547.457847,
					"retransmits":	0,
					"snd_cwnd":	1369808,
					"rtt":	1013291,
					"omitted":	false
				}],
			"sum":	{
				"start":	36.001034,
				"end":	37.001440,
				"seconds":	1.000406,
				"bytes":	521280,
				"bits_per_second":	4168547.457847,
				"retransmits":	0,
				"omitted":	false
			}
		}, {
			"streams":	[{
					"socket":	4,
					"start":	37.001440,
					"end":	38.001452,
					"seconds":	1.000012,
					"bytes":	195480,
					"bits_per_second":	1563820.984957,
					"retransmits":	12,
					"snd_cwnd":	1323472,
					"rtt":	977997,
					"omitted":	false
				}],
			"sum":	{
				"start":	37.001440,
				"end":	38.001452,
				"seconds":	1.000012,
				"bytes":	195480,
				"bits_per_second":	1563820.984957,
				"retransmits":	12,
				"omitted":	false
			}
		}, {
			"streams":	[{
					"socket":	4,
					"start":	38.001452,
					"end":	39.001147,
					"seconds":	0.999695,
					"bytes":	65160,
					"bits_per_second":	521439.130594,
					"retransmits":	10,
					"snd_cwnd":	854320,
					"rtt":	632636,
					"omitted":	false
				}],
			"sum":	{
				"start":	38.001452,
				"end":	39.001147,
				"seconds":	0.999695,
				"bytes":	65160,
				"bits_per_second":	521439.130594,
				"retransmits":	10,
				"omitted":	false
			}
		}, {
			"streams":	[{
					"socket":	4,
					"start":	39.001147,
					"end":	40.001184,
					"seconds":	1.000037,
					"bytes":	1954800,
					"bits_per_second":	15637818.377956,
					"retransmits":	0,
					"snd_cwnd":	790608,
					"rtt":	584068,
					"omitted":	false
				}],
			"sum":	{
				"start":	39.001147,
				"end":	40.001184,
				"seconds":	1.000037,
				"bytes":	1954800,
				"bits_per_second":	15637818.377956,
				"retransmits":	0,
				"omitted":	false
			}
		}, {
			"streams":	[{
					"socket":	4,
					"start":	40.001184,
					"end":	41.001153,
					"seconds":	0.999969,
					"bytes":	390960,
					"bits_per_second":	3127776.943618,
					"retransmits":	0,
					"snd_cwnd":	1109168,
					"rtt":	837729,
					"omitted":	false
				}],
			"sum":	{
				"start":	40.001184,
				"end":	41.001153,
				"seconds":	0.999969,
				"bytes":	390960,
				"bits_per_second":	3127776.943618,
				"retransmits":	0,
				"omitted":	false
			}
		}, {
			"streams":	[{
					"socket":	4,
					"start":	41.001153,
					"end":	42.001281,
					"seconds":	1.000128,
					"bytes":	586440,
					"bits_per_second":	4690920.536202,
					"retransmits":	0,
					"snd_cwnd":	1216320,
					"rtt":	909280,
					"omitted":	false
				}],
			"sum":	{
				"start":	41.001153,
				"end":	42.001281,
				"seconds":	1.000128,
				"bytes":	586440,
				"bits_per_second":	4690920.536202,
				"retransmits":	0,
				"omitted":	false
			}
		}, {
			"streams":	[{
					"socket":	4,
					"start":	42.001281,
					"end":	43.001546,
					"seconds":	1.000265,
					"bytes":	130320,
					"bits_per_second":	1042283.668232,
					"retransmits":	2,
					"snd_cwnd":	1401664,
					"rtt":	1016905,
					"omitted":	false
				}],
			"sum":	{
				"start":	42.001281,
				"end":	43.001546,
				"seconds":	1.000265,
				"bytes":	130320,
				"bits_per_second":	1042283.668232,
				"retransmits":	2,
				"omitted":	false
			}
		}, {
			"streams":	[{
					"socket":	4,
					"start":	43.001546,
					"end":	44.001211,
					"seconds":	0.999665,
					"bytes":	716760,
					"bits_per_second":	5736001.434883,
					"retransmits":	22,
					"snd_cwnd":	857216,
					"rtt":	621946,
					"omitted":	false
				}],
			"sum":	{
				"start":	43.001546,
				"end":	44.001211,
				"seconds":	0.999665,
				"bytes":	716760,
				"bits_per_second":	5736001.434883,
				"retransmits":	22,
				"omitted":	false
			}
		}, {
			"streams":	[{
					"socket":	4,
					"start":	44.001211,
					"end":	45.001626,
					"seconds":	1.000415,
					"bytes":	1172880,
					"bits_per_second":	9379149.075691,
					"retransmits":	0,
					"snd_cwnd":	1071520,
					"rtt":	754102,
					"omitted":	false
				}],
			"sum":	{
				"start":	44.001211,
				"end":	45.001626,
				"seconds":	1.000415,
				"bytes":	1172880,
				"bits_per_second":	9379149.075691,
				"retransmits":	0,
				"omitted":	false
			}
		}, {
			"streams":	[{
					"socket":	4,
					"start":	45.001626,
					"end":	46.000673,
					"seconds":	0.999047,
					"bytes":	521280,
					"bits_per_second":	4174217.858730,
					"retransmits":	0,
					"snd_cwnd":	1288720,
					"rtt":	871950,
					"omitted":	false
				}],
			"sum":	{
				"start":	45.001626,
				"end":	46.000673,
				"seconds":	0.999047,
				"bytes":	521280,
				"bits_per_second":	4174217.858730,
				"retransmits":	0,
				"omitted":	false
			}
		}, {
			"streams":	[{
					"socket":	4,
					"start":	46.000673,
					"end":	47.001296,
					"seconds":	1.000623,
					"bytes":	521280,
					"bits_per_second":	4167643.609097,
					"retransmits":	0,
					"snd_cwnd":	1529088,
					"rtt":	1034949,
					"omitted":	false
				}],
			"sum":	{
				"start":	46.000673,
				"end":	47.001296,
				"seconds":	1.000623,
				"bytes":	521280,
				"bits_per_second":	4167643.609097,
				"retransmits":	0,
				"omitted":	false
			}
		}, {
			"streams":	[{
					"socket":	4,
					"start":	47.001296,
					"end":	48.001069,
					"seconds":	0.999773,
					"bytes":	260640,
					"bits_per_second":	2085593.376487,
					"retransmits":	20,
					"snd_cwnd":	1416144,
					"rtt":	1006122,
					"omitted":	false
				}],
			"sum":	{
				"start":	47.001296,
				"end":	48.001069,
				"seconds":	0.999773,
				"bytes":	260640,
				"bits_per_second":	2085593.376487,
				"retransmits":	20,
				"omitted":	false
			}
		}, {
			"streams":	[{
					"socket":	4,
					"start":	48.001069,
					"end":	49.001235,
					"seconds":	1.000166,
					"bytes":	130320,
					"bits_per_second":	1042387.026994,
					"retransmits":	26,
					"snd_cwnd":	900656,
					"rtt":	628314,
					"omitted":	false
				}],
			"sum":	{
				"start":	48.001069,
				"end":	49.001235,
				"seconds":	1.000166,
				"bytes":	130320,
				"bits_per_second":	1042387.026994,
				"retransmits":	26,
				"omitted":	false
			}
		}, {
			"streams":	[{
					"socket":	4,
					"start":	49.001235,
					"end":	50.001113,
					"seconds":	0.999878,
					"bytes":	1954800,
					"bits_per_second":	15640305.488039,
					"retransmits":	0,
					"snd_cwnd":	834048,
					"rtt":	593638,
					"omitted":	false
				}],
			"sum":	{
				"start":	49.001235,
				"end":	50.001113,
				"seconds":	0.999878,
				"bytes":	1954800,
				"bits_per_second":	15640305.488039,
				"retransmits":	0,
				"omitted":	false
			}
		}, {
			"streams":	[{
					"socket":	4,
					"start":	50.001113,
					"end":	51.001449,
					"seconds":	1.000336,
					"bytes":	456120,
					"bits_per_second":	3647734.610027,
					"retransmits":	0,
					"snd_cwnd":	1204736,
					"rtt":	848549,
					"omitted":	false
				}],
			"sum":	{
				"start":	50.001113,
				"end":	51.001449,
				"seconds":	1.000336,
				"bytes":	456120,
				"bits_per_second":	3647734.610027,
				"retransmits":	0,
				"omitted":	false
			}
		}, {
			"streams":	[{
					"socket":	4,
					"start":	51.001449,
					"end":	52.000709,
					"seconds":	0.999260,
					"bytes":	586440,
					"bits_per_second":	4694994.536667,
					"retransmits":	0,
					"snd_cwnd":	1355328,
					"rtt":	924913,
					"omitted":	false
				}],
			"sum":	{
				"start":	51.001449,
				"end":	52.000709,
				"seconds":	0.999260,
				"bytes":	586440,
				"bits_per_second":	4694994.536667,
				"retransmits":	0,
				"omitted":	false
			}
		}, {
			"streams":	[{
					"socket":	4,
					"start":	52.000709,
					"end":	53.001213,
					"seconds":	1.000504,
					"bytes":	130320,
					"bits_per_second":	1042034.796877,
					"retransmits":	10,
					"snd_cwnd":	1482752,
					"rtt":	1011934,
					"omitted":	false
				}],
			"sum":	{
				"start":	52.000709,
				"end":	53.001213,
				"seconds":	1.000504,
				"bytes":	130320,
				"bits_per_second":	1042034.796877,
				"retransmits":	10,
				"omitted":	false
			}
		}, {
			"streams":	[{
					"socket":	4,
					"start":	53.001213,
					"end":	54.000850,
					"seconds":	0.999637,
					"bytes":	781920,
					"bits_per_second":	6257630.725719,
					"retransmits":	18,
					"snd_cwnd":	874592,
					"rtt":	615975,
					"omitted":	false
				}],
			"sum":	{
				"start":	53.001213,
				"end":	54.000850,
				"seconds":	0.999637,
				"bytes":	781920,
				"bits_per_second":	6257630.725719,
				"retransmits":	18,
				"omitted":	false
			}
		}, {
			"streams":	[{
					"socket":	4,
					"start":	54.000850,
					"end":	55.000226,
					"seconds":	0.999376,
					"bytes":	1310720,
					"bits_per_second":	10492309.087809,
					"retransmits":	0,
					"snd_cwnd":	807984,
					"rtt":	568582,
					"omitted":	false
				}],
			"sum":	{
				"start":	54.000850,
				"end":	55.000226,
				"seconds":	0.999376,
				"bytes":	1310720,
				"bits_per_second":	10492309.087809,
				"retransmits":	0,
				"omitted":	false
			}
		}, {
			"streams":	[{
					"socket":	4,
					"start":	55.000226,
					"end":	56.001203,
					"seconds":	1.000977,
					"bytes":	513760,
					"bits_per_second":	4106068.209838,
					"retransmits":	0,
					"snd_cwnd":	1178672,
					"rtt":	820997,
					"omitted":	false
				}],
			"sum":	{
				"start":	55.000226,
				"end":	56.001203,
				"seconds":	1.000977,
				"bytes":	513760,
				"bits_per_second":	4106068.209838,
				"retransmits":	0,
				"omitted":	false
			}
		}, {
			"streams":	[{
					"socket":	4,
					"start":	56.001203,
					"end":	57.001397,
					"seconds":	1.000194,
					"bytes":	586440,
					"bits_per_second":	4690609.680605,
					"retransmits":	0,
					"snd_cwnd":	1329264,
					"rtt":	898798,
					"omitted":	false
				}],
			"sum":	{
				"start":	56.001203,
				"end":	57.001397,
				"seconds":	1.000194,
				"bytes":	586440,
				"bits_per_second":	4690609.680605,
				"retransmits":	0,
				"omitted":	false
			}
		}, {
			"streams":	[{
					"socket":	4,
					"start":	57.001397,
					"end":	58.001154,
					"seconds":	0.999757,
					"bytes":	1238040,
					"bits_per_second":	9906726.824740,
					"retransmits":	10,
					"snd_cwnd":	521280,
					"rtt":	342670,
					"omitted":	false
				}],
			"sum":	{
				"start":	57.001397,
				"end":	58.001154,
				"seconds":	0.999757,
				"bytes":	1238040,
				"bits_per_second":	9906726.824740,
				"retransmits":	10,
				"omitted":	false
			}
		}, {
			"streams":	[{
					"socket":	4,
					"start":	58.001154,
					"end":	59.000576,
					"seconds":	0.999422,
					"bytes":	1238040,
					"bits_per_second":	9910049.644391,
					"retransmits":	0,
					"snd_cwnd":	37648,
					"rtt":	12670,
					"omitted":	false
				}],
			"sum":	{
				"start":	58.001154,
				"end":	59.000576,
				"seconds":	0.999422,
				"bytes":	1238040,
				"bits_per_second":	9910049.644391,
				"retransmits":	0,
				"omitted":	false
			}
		}, {
			"streams":	[{
					"socket":	4,
					"start":	59.000576,
					"end":	60.000416,
					"seconds":	0.999840,
					"bytes":	2606400,
					"bits_per_second":	20854536.285078,
					"retransmits":	0,
					"snd_cwnd":	350416,
					"rtt":	26008,
					"omitted":	false
				}],
			"sum":	{
				"start":	59.000576,
				"end":	60.000416,
				"seconds":	0.999840,
				"bytes":	2606400,
				"bits_per_second":	20854536.285078,
				"retransmits":	0,
				"omitted":	false
			}
		}],
	"end":	{
		"streams":	[{
				"sender":	{
					"socket":	4,
					"start":	0,
					"end":	60.000416,
					"seconds":	60.000416,
					"bytes":	42807224,
					"bits_per_second":	5707590.312875,
					"retransmits":	227,
					"max_snd_cwnd":	1529088,
					"max_rtt":	1040629,
					"min_rtt":	12670,
					"mean_rtt":	764660
				},
				"receiver":	{
					"socket":	4,
					"start":	0,
					"end":	60.000416,
					"seconds":	60.000416,
					"bytes":	38797312,
					"bits_per_second":	5172939.084693
				}
			}],
		"sum_sent":	{
			"start":	0,
			"end":	60.000416,
			"seconds":	60.000416,
			"bytes":	42807224,
			"bits_per_second":	5707590.312875,
			"retransmits":	227
		},
		"sum_received":	{
			"start":	0,
			"end":	60.000416,
			"seconds":	60.000416,
			"bytes":	38797312,
			"bits_per_second":	5172939.084693
		},
		"cpu_utilization_percent":	{
			"host_total":	0.276948,
			"host_user":	0.053306,
			"host_system":	0.223642,
			"remote_total":	0.555954,
			"remote_user":	0,
			"remote_system":	0.555954
		}
	}
}
