{
	"start":	{
		"connected":	[{
				"socket":	4,
				"local_host":	"192.168.179.134",
				"local_port":	44818,
				"remote_host":	"192.168.120.132",
				"remote_port":	5201
			}],
		"version":	"iperf 3.1.3",
		"system_info":	"Linux a 4.15.0-213-generic #224-Ubuntu SMP Mon Jun 19 13:30:12 UTC 2023 x86_64",
		"timestamp":	{
			"time":	"Mon, 05 May 2025 11:08:52 GMT",
			"timesecs":	1746443332
		},
		"connecting_to":	{
			"host":	"192.168.120.132",
			"port":	5201
		},
		"cookie":	"a.1746443332.709417.3a10ff4a14faf0c1",
		"tcp_mss_default":	1448,
		"test_start":	{
			"protocol":	"TCP",
			"num_streams":	1,
			"blksize":	131072,
			"omit":	0,
			"duration":	60,
			"bytes":	0,
			"blocks":	0,
			"reverse":	0
		}
	},
	"intervals":	[{
			"streams":	[{
					"socket":	4,
					"start":	0,
					"end":	1.000332,
					"seconds":	1.000332,
					"bytes":	605264,
					"bits_per_second":	4840504.385814,
					"retransmits":	0,
					"snd_cwnd":	14480,
					"rtt":	12888,
					"omitted":	false
				}],
			"sum":	{
				"start":	0,
				"end":	1.000332,
				"seconds":	1.000332,
				"bytes":	605264,
				"bits_per_second":	4840504.385814,
				"retransmits":	0,
				"omitted":	false
			}
		}, {
			"streams":	[{
					"socket":	4,
					"start":	1.000332,
					"end":	2.000488,
					"seconds":	1.000156,
					"bytes":	852872,
					"bits_per_second":	6821912.288205,
					"retransmits":	0,
					"snd_cwnd":	28960,
					"rtt":	12928,
					"omitted":	false
				}],
			"sum":	{
				"start":	1.000332,
				"end":	2.000488,
				"seconds":	1.000156,
				"bytes":	852872,
				"bits_per_second":	6821912.288205,
				"retransmits":	0,
				"omitted":	false
			}
		}, {
			"streams":	[{
					"socket":	4,
					"start":	2.000488,
					"end":	3.000246,
					"seconds":	0.999758,
					"bytes":	2282048,
					"bits_per_second":	18260803.020430,
					"retransmits":	0,
					"snd_cwnd":	107152,
					"rtt":	12637,
					"omitted":	false
				}],
			"sum":	{
				"start":	2.000488,
				"end":	3.000246,
				"seconds":	0.999758,
				"bytes":	2282048,
				"bits_per_second":	18260803.020430,
				"retransmits":	0,
				"omitted":	false
			}
		}, {
			"streams":	[{
					"socket":	4,
					"start":	3.000246,
					"end":	4.000574,
					"seconds":	1.000328,
					"bytes":	7037280,
					"bits_per_second":	56279776.633337,
					"retransmits":	0,
					"snd_cwnd":	3466512,
					"rtt":	248943,
					"omitted":	false
				}],
			"sum":	{
				"start":	3.000246,
				"end":	4.000574,
				"seconds":	1.000328,
				"bytes":	7037280,
				"bits_per_second":	56279776.633337,
				"retransmits":	0,
				"omitted":	false
			}
		}, {
			"streams":	[{
					"socket":	4,
					"start":	4.000574,
					"end":	5.000415,
					"seconds":	0.999841,
					"bytes":	3474032,
					"bits_per_second":	27796676.371804,
					"retransmits":	0,
					"snd_cwnd":	8456320,
					"rtt":	578043,
					"omitted":	false
				}],
			"sum":	{
				"start":	4.000574,
				"end":	5.000415,
				"seconds":	0.999841,
				"bytes":	3474032,
				"bits_per_second":	27796676.371804,
				"retransmits":	0,
				"omitted":	false
			}
		}, {
			"streams":	[{
					"socket":	4,
					"start":	5.000415,
					"end":	6.000459,
					"seconds":	1.000044,
					"bytes":	3604352,
					"bits_per_second":	28833551.100412,
					"retransmits":	0,
					"snd_cwnd":	11867808,
					"rtt":	811364,
					"omitted":	false
				}],
			"sum":	{
				"start":	5.000415,
				"end":	6.000459,
				"seconds":	1.000044,
				"bytes":	3604352,
				"bits_per_second":	28833551.100412,
				"retransmits":	0,
				"omitted":	false
			}
		}, {
			"streams":	[{
					"socket":	4,
					"start":	6.000459,
					"end":	7.000749,
					"seconds":	1.000290,
					"bytes":	3605800,
					"bits_per_second":	28838032.488837,
					"retransmits":	0,
					"snd_cwnd":	12959600,
					"rtt":	843753,
					"omitted":	false
				}],
			"sum":	{
				"start":	6.000459,
				"end":	7.000749,
				"seconds":	1.000290,
				"bytes":	3605800,
				"bits_per_second":	28838032.488837,
				"retransmits":	0,
				"omitted":	false
			}
		}, {
			"streams":	[{
					"socket":	4,
					"start":	7.000749,
					"end":	8.000815,
					"seconds":	1.000066,
					"bytes":	3345160,
					"bits_per_second":	26759512.749693,
					"retransmits":	0,
					"snd_cwnd":	14659552,
					"rtt":	908923,
					"omitted":	false
				}],
			"sum":	{
				"start":	7.000749,
				"end":	8.000815,
				"seconds":	1.000066,
				"bytes":	3345160,
				"bits_per_second":	26759512.749693,
				"retransmits":	0,
				"omitted":	false
			}
		}, {
			"streams":	[{
					"socket":	4,
					"start":	8.000815,
					"end":	9.000426,
					"seconds":	0.999611,
					"bytes":	3272760,
					"bits_per_second":	26192271.389777,
					"retransmits":	0,
					"snd_cwnd":	15343008,
					"rtt":	951430,
					"omitted":	false
				}],
			"sum":	{
				"start":	8.000815,
				"end":	9.000426,
				"seconds":	0.999611,
				"bytes":	3272760,
				"bits_per_second":	26192271.389777,
				"retransmits":	0,
				"omitted":	false
			}
		}, {
			"streams":	[{
					"socket":	4,
					"start":	9.000426,
					"end":	10.000310,
					"seconds":	0.999884,
					"bytes":	3207600,
					"bits_per_second":	25663779.817574,
					"retransmits":	0,
					"snd_cwnd":	16220496,
					"rtt":	957917,
					"omitted":	false
				}],
			"sum":	{
				"start":	9.000426,
				"end":	10.000310,
				"seconds":	0.999884,
				"bytes":	3207600,
				"bits_per_second":	25663779.817574,
				"retransmits":	0,
				"omitted":	false
			}
		}, {
			"streams":	[{
					"socket":	4,
					"start":	10.000310,
					"end":	11.000639,
					"seconds":	1.000329,
					"bytes":	3207600,
					"bits_per_second":	25652359.921100,
					"retransmits":	0,
					"snd_cwnd":	16087280,
					"rtt":	950088,
					"omitted":	false
				}],
			"sum":	{
				"start":	10.000310,
				"end":	11.000639,
				"seconds":	1.000329,
				"bytes":	3207600,
				"bits_per_second":	25652359.921100,
				"retransmits":	0,
				"omitted":	false
			}
		}, {
			"streams":	[{
					"socket":	4,
					"start":	11.000639,
					"end":	12.000445,
					"seconds":	0.999806,
					"bytes":	3207600,
					"bits_per_second":	25665774.907637,
					"retransmits":	0,
					"snd_cwnd":	16837344,
					"rtt":	946939,
					"omitted":	false
				}],
			"sum":	{
				"start":	11.000639,
				"end":	12.000445,
				"seconds":	0.999806,
				"bytes":	3207600,
				"bits_per_second":	25665774.907637,
				"retransmits":	0,
				"omitted":	false
			}
		}, {
			"streams":	[{
					"socket":	4,
					"start":	12.000445,
					"end":	13.000224,
					"seconds":	0.999779,
					"bytes":	3207600,
					"bits_per_second":	25666472.650372,
					"retransmits":	0,
					"snd_cwnd":	16854720,
					"rtt":	947862,
					"omitted":	false
				}],
			"sum":	{
				"start":	12.000445,
				"end":	13.000224,
				"seconds":	0.999779,
				"bytes":	3207600,
				"bits_per_second":	25666472.650372,
				"retransmits":	0,
				"omitted":	false
			}
		}, {
			"streams":	[{
					"socket":	4,
					"start":	13.000224,
					"end":	14.000269,
					"seconds":	1.000045,
					"bytes":	3209048,
					"bits_per_second":	25671233.346192,
					"retransmits":	0,
					"snd_cwnd":	17648224,
					"rtt":	945219,
					"omitted":	false
				}],
			"sum":	{
				"start":	13.000224,
				"end":	14.000269,
				"seconds":	1.000045,
				"bytes":	3209048,
				"bits_per_second":	25671233.346192,
				"retransmits":	0,
				"omitted":	false
			}
		}, {
			"streams":	[{
					"socket":	4,
					"start":	14.000269,
					"end":	15.000640,
					"seconds":	1.000371,
					"bytes":	3013568,
					"bits_per_second":	24099597.802066,
					"retransmits":	0,
					"snd_cwnd":	18603904,
					"rtt":	996418,
					"omitted":	false
				}],
			"sum":	{
				"start":	14.000269,
				"end":	15.000640,
				"seconds":	1.000371,
				"bytes":	3013568,
				"bits_per_second":	24099597.802066,
				"retransmits":	0,
				"omitted":	false
			}
		}, {
			"streams":	[{
					"socket":	4,
					"start":	15.000640,
					"end":	16.001280,
					"seconds":	1.000640,
					"bytes":	920928,
					"bits_per_second":	7362712.486406,
					"retransmits":	45,
					"snd_cwnd":	17682976,
					"rtt":	984663,
					"omitted":	false
				}],
			"sum":	{
				"start":	15.000640,
				"end":	16.001280,
				"seconds":	1.000640,
				"bytes":	920928,
				"bits_per_second":	7362712.486406,
				"retransmits":	45,
				"omitted":	false
			}
		}, {
			"streams":	[{
					"socket":	4,
					"start":	16.001280,
					"end":	17.000416,
					"seconds":	0.999136,
					"bytes":	4452600,
					"bits_per_second":	35651604.017296,
					"retransmits":	117,
					"snd_cwnd":	12212432,
					"rtt":	693765,
					"omitted":	false
				}],
			"sum":	{
				"start":	16.001280,
				"end":	17.000416,
				"seconds":	0.999136,
				"bytes":	4452600,
				"bits_per_second":	35651604.017296,
				"retransmits":	117,
				"omitted":	false
			}
		}, {
			"streams":	[{
					"socket":	4,
					"start":	17.000416,
					"end":	18.000706,
					"seconds":	1.000290,
					"bytes":	3281448,
					"bits_per_second":	26243975.425582,
					"retransmits":	0,
					"snd_cwnd":	16457968,
					"rtt":	916400,
					"omitted":	false
				}],
			"sum":	{
				"start":	17.000416,
				"end":	18.000706,
				"seconds":	1.000290,
				"bytes":	3281448,
				"bits_per_second":	26243975.425582,
				"retransmits":	0,
				"omitted":	false
			}
		}, {
			"streams":	[{
					"socket":	4,
					"start":	18.000706,
					"end":	19.000583,
					"seconds":	0.999877,
					"bytes":	3077280,
					"bits_per_second":	24621269.006674,
					"retransmits":	0,
					"snd_cwnd":	18018912,
					"rtt":	1013463,
					"omitted":	false
				}],
			"sum":	{
				"start":	18.000706,
				"end":	19.000583,
				"seconds":	0.999877,
				"bytes":	3077280,
				"bits_per_second":	24621269.006674,
				"retransmits":	0,
				"omitted":	false
			}
		}, {
			"streams":	[{
					"socket":	4,
					"start":	19.000583,
					"end":	20.001136,
					"seconds":	1.000553,
					"bytes":	463360,
					"bits_per_second":	3704830.742883,
					"retransmits":	120,
					"snd_cwnd":	17086400,
					"rtt":	970705,
					"omitted":	false
				}],
			"sum":	{
				"start":	19.000583,
				"end":	20.001136,
				"seconds":	1.000553,
				"bytes":	463360,
				"bits_per_second":	3704830.742883,
				"retransmits":	120,
				"omitted":	false
			}
		}, {
			"streams":	[{
					"socket":	4,
					"start":	20.001136,
					"end":	21.000174,
					"seconds":	0.999038,
					"bytes":	4048608,
					"bits_per_second":	32420052.705603,
					"retransmits":	153,
					"snd_cwnd":	4763920,
					"rtt":	270733,
					"omitted":	false
				}],
			"sum":	{
				"start":	20.001136,
				"end":	21.000174,
				"seconds":	0.999038,
				"bytes":	4048608,
				"bits_per_second":	32420052.705603,
				"retransmits":	153,
				"omitted":	false
			}
		}, {
			"streams":	[{
					"socket":	4,
					"start":	21.000174,
					"end":	22.000546,
					"seconds":	1.000372,
					"bytes":	3737568,
					"bits_per_second":	29889427.136193,
					"retransmits":	0,
					"snd_cwnd":	13923968,
					"rtt":	775436,
					"omitted":	false
				}],
			"sum":	{
				"start":	21.000174,
				"end":	22.000546,
				"seconds":	1.000372,
				"bytes":	3737568,
				"bits_per_second":	29889427.136193,
				"retransmits":	0,
				"omitted":	false
			}
		}, {
			"streams":	[{
					"socket":	4,
					"start":	22.000546,
					"end":	23.000738,
					"seconds":	1.000192,
					"bytes":	3077280,
					"bits_per_second":	24613510.135601,
					"retransmits":	0,
					"snd_cwnd":	16657792,
					"rtt":	936922,
					"omitted":	false
				}],
			"sum":	{
				"start":	22.000546,
				"end":	23.000738,
				"seconds":	1.000192,
				"bytes":	3077280,
				"bits_per_second":	24613510.135601,
				"retransmits":	0,
				"omitted":	false
			}
		}, {
			"streams":	[{
					"socket":	4,
					"start":	23.000738,
					"end":	24.000203,
					"seconds":	0.999465,
					"bytes":	2948408,
					"bits_per_second":	23599890.207739,
					"retransmits":	0,
					"snd_cwnd":	17688768,
					"rtt":	975211,
					"omitted":	false
				}],
			"sum":	{
				"start":	23.000738,
				"end":	24.000203,
				"seconds":	0.999465,
				"bytes":	2948408,
				"bits_per_second":	23599890.207739,
				"retransmits":	0,
				"omitted":	false
			}
		}, {
			"streams":	[{
					"socket":	4,
					"start":	24.000203,
					"end":	25.001512,
					"seconds":	1.001309,
					"bytes":	529968,
					"bits_per_second":	4234201.777081,
					"retransmits":	230,
					"snd_cwnd":	17080608,
					"rtt":	941642,
					"omitted":	false
				}],
			"sum":	{
				"start":	24.000203,
				"end":	25.001512,
				"seconds":	1.001309,
				"bytes":	529968,
				"bits_per_second":	4234201.777081,
				"retransmits":	230,
				"omitted":	false
			}
		}, {
			"streams":	[{
					"socket":	4,
					"start":	25.001512,
					"end":	26.000377,
					"seconds":	0.998865,
					"bytes":	4722488,
					"bits_per_second":	37822837.112978,
					"retransmits":	0,
					"snd_cwnd":	13463504,
					"rtt":	727814,
					"omitted":	false
				}],
			"sum":	{
				"start":	25.001512,
				"end":	26.000377,
				"seconds":	0.998865,
				"bytes":	4722488,
				"bits_per_second":	37822837.112978,
				"retransmits":	0,
				"omitted":	false
			}
		}, {
			"streams":	[{
					"socket":	4,
					"start":	26.000377,
					"end":	27.000725,
					"seconds":	1.000348,
					"bytes":	3216288,
					"bits_per_second":	25721350.626111,
					"retransmits":	0,
					"snd_cwnd":	18317200,
					"rtt":	961273,
					"omitted":	false
				}],
			"sum":	{
				"start":	26.000377,
				"end":	27.000725,
				"seconds":	1.000348,
				"bytes":	3216288,
				"bits_per_second":	25721350.626111,
				"retransmits":	0,
				"omitted":	false
			}
		}, {
			"streams":	[{
					"socket":	4,
					"start":	27.000725,
					"end":	28.000234,
					"seconds":	0.999509,
					"bytes":	2948408,
					"bits_per_second":	23598848.765818,
					"retransmits":	0,
					"snd_cwnd":	19640672,
					"rtt":	1030626,
					"omitted":	false
				}],
			"sum":	{
				"start":	27.000725,
				"end":	28.000234,
				"seconds":	0.999509,
				"bytes":	2948408,
				"bits_per_second":	23598848.765818,
				"retransmits":	0,
				"omitted":	false
			}
		}, {
			"streams":	[{
					"socket":	4,
					"start":	28.000234,
					"end":	29.001231,
					"seconds":	1.000997,
					"bytes":	464808,
					"bits_per_second":	3714761.021906,
					"retransmits":	225,
					"snd_cwnd":	17671392,
					"rtt":	964816,
					"omitted":	false
				}],
			"sum":	{
				"start":	28.000234,
				"end":	29.001231,
				"seconds":	1.000997,
				"bytes":	464808,
				"bits_per_second":	3714761.021906,
				"retransmits":	225,
				"omitted":	false
			}
		}, {
			"streams":	[{
					"socket":	4,
					"start":	29.001231,
					"end":	30.000296,
					"seconds":	0.999065,
					"bytes":	3983448,
					"bits_per_second":	31897402.944202,
					"retransmits":	264,
					"snd_cwnd":	12087904,
					"rtt":	646937,
					"omitted":	false
				}],
			"sum":	{
				"start":	29.001231,
				"end":	30.000296,
				"seconds":	0.999065,
				"bytes":	3983448,
				"bits_per_second":	31897402.944202,
				"retransmits":	264,
				"omitted":	false
			}
		}, {
			"streams":	[{
					"socket":	4,
					"start":	30.000296,
					"end":	31.000668,
					"seconds":	1.000372,
					"bytes":	3411768,
					"bits_per_second":	27283996.181901,
					"retransmits":	0,
					"snd_cwnd":	14775392,
					"rtt":	790811,
					"omitted":	false
				}],
			"sum":	{
				"start":	30.000296,
				"end":	31.000668,
				"seconds":	1.000372,
				"bytes":	3411768,
				"bits_per_second":	27283996.181901,
				"retransmits":	0,
				"omitted":	false
			}
		}, {
			"streams":	[{
					"socket":	4,
					"start":	31.000668,
					"end":	32.000186,
					"seconds":	0.999518,
					"bytes":	3078728,
					"bits_per_second":	24641703.330667,
					"retransmits":	0,
					"snd_cwnd":	18053664,
					"rtt":	975883,
					"omitted":	false
				}],
			"sum":	{
				"start":	31.000668,
				"end":	32.000186,
				"seconds":	0.999518,
				"bytes":	3078728,
				"bits_per_second":	24641703.330667,
				"retransmits":	0,
				"omitted":	false
			}
		}, {
			"streams":	[{
					"socket":	4,
					"start":	32.000186,
					"end":	33.000424,
					"seconds":	1.000238,
					"bytes":	2948408,
					"bits_per_second":	23581647.319456,
					"retransmits":	0,
					"snd_cwnd":	19443744,
					"rtt":	1020129,
					"omitted":	false
				}],
			"sum":	{
				"start":	32.000186,
				"end":	33.000424,
				"seconds":	1.000238,
				"bytes":	2948408,
				"bits_per_second":	23581647.319456,
				"retransmits":	0,
				"omitted":	false
			}
		}, {
			"streams":	[{
					"socket":	4,
					"start":	33.000424,
					"end":	34.001208,
					"seconds":	1.000784,
					"bytes":	399648,
					"bits_per_second":	3194679.625827,
					"retransmits":	186,
					"snd_cwnd":	18380912,
					"rtt":	964336,
					"omitted":	false
				}],
			"sum":	{
				"start":	33.000424,
				"end":	34.001208,
				"seconds":	1.000784,
				"bytes":	399648,
				"bits_per_second":	3194679.625827,
				"retransmits":	186,
				"omitted":	false
			}
		}, {
			"streams":	[{
					"socket":	4,
					"start":	34.001208,
					"end":	35.000328,
					"seconds":	0.999120,
					"bytes":	3983448,
					"bits_per_second":	31895652.268901,
					"retransmits":	183,
					"snd_cwnd":	11314672,
					"rtt":	599561,
					"omitted":	false
				}],
			"sum":	{
				"start":	34.001208,
				"end":	35.000328,
				"seconds":	0.999120,
				"bytes":	3983448,
				"bits_per_second":	31895652.268901,
				"retransmits":	183,
				"omitted":	false
			}
		}, {
			"streams":	[{
					"socket":	4,
					"start":	35.000328,
					"end":	36.000885,
					"seconds":	1.000557,
					"bytes":	3607248,
					"bits_per_second":	28841920.613428,
					"retransmits":	0,
					"snd_cwnd":	14975216,
					"rtt":	793467,
					"omitted":	false
				}],
			"sum":	{
				"start":	35.000328,
				"end":	36.000885,
				"seconds":	1.000557,
				"bytes":	3607248,
				"bits_per_second":	28841920.613428,
				"retransmits":	0,
				"omitted":	false
			}
		}, {
			"streams":	[{
					"socket":	4,
					"start":	36.000885,
					"end":	37.000352,
					"seconds":	0.999467,
					"bytes":	3013568,
					"bits_per_second":	24121397.461105,
					"retransmits":	0,
					"snd_cwnd":	17677184,
					"rtt":	955595,
					"omitted":	false
				}],
			"sum":	{
				"start":	36.000885,
				"end":	37.000352,
				"seconds":	0.999467,
				"bytes":	3013568,
				"bits_per_second":	24121397.461105,
				"retransmits":	0,
				"omitted":	false
			}
		}, {
			"streams":	[{
					"socket":	4,
					"start":	37.000352,
					"end":	38.000406,
					"seconds":	1.000054,
					"bytes":	2948408,
					"bits_per_second":	23585993.125393,
					"retransmits":	0,
					"snd_cwnd":	19235232,
					"rtt":	1029414,
					"omitted":	false
				}],
			"sum":	{
				"start":	37.000352,
				"end":	38.000406,
				"seconds":	1.000054,
				"bytes":	2948408,
				"bits_per_second":	23585993.125393,
				"retransmits":	0,
				"omitted":	false
			}
		}, {
			"streams":	[{
					"socket":	4,
					"start":	38.000406,
					"end":	39.001268,
					"seconds":	1.000862,
					"bytes":	399648,
					"bits_per_second":	3194430.012944,
					"retransmits":	183,
					"snd_cwnd":	18586528,
					"rtt":	965494,
					"omitted":	false
				}],
			"sum":	{
				"start":	38.000406,
				"end":	39.001268,
				"seconds":	1.000862,
				"bytes":	399648,
				"bits_per_second":	3194430.012944,
				"retransmits":	183,
				"omitted":	false
			}
		}, {
			"streams":	[{
					"socket":	4,
					"start":	39.001268,
					"end":	40.000517,
					"seconds":	0.999249,
					"bytes":	4048608,
					"bits_per_second":	32413206.918824,
					"retransmits":	167,
					"snd_cwnd":	5458960,
					"rtt":	275401,
					"omitted":	false
				}],
			"sum":	{
				"start":	39.001268,
				"end":	40.000517,
				"seconds":	0.999249,
				"bytes":	4048608,
				"bits_per_second":	32413206.918824,
				"retransmits":	167,
				"omitted":	false
			}
		}, {
			"streams":	[{
					"socket":	4,
					"start":	40.000517,
					"end":	41.000607,
					"seconds":	1.000090,
					"bytes":	3737568,
					"bits_per_second":	29897856.666902,
					"retransmits":	0,
					"snd_cwnd":	16814176,
					"rtt":	815473,
					"omitted":	false
				}],
			"sum":	{
				"start":	40.000517,
				"end":	41.000607,
				"seconds":	1.000090,
				"bytes":	3737568,
				"bits_per_second":	29897856.666902,
				"retransmits":	0,
				"omitted":	false
			}
		}, {
			"streams":	[{
					"socket":	4,
					"start":	41.000607,
					"end":	42.000649,
					"seconds":	1.000042,
					"bytes":	3013568,
					"bits_per_second":	24107532.407682,
					"retransmits":	0,
					"snd_cwnd":	19487184,
					"rtt":	945046,
					"omitted":	false
				}],
			"sum":	{
				"start":	41.000607,
				"end":	42.000649,
				"seconds":	1.000042,
				"bytes":	3013568,
				"bits_per_second":	24107532.407682,
				"retransmits":	0,
				"omitted":	false
			}
		}, {
			"streams":	[{
					"socket":	4,
					"start":	42.000649,
					"end":	43.000419,
					"seconds":	0.999770,
					"bytes":	2884696,
					"bits_per_second":	23082873.263955,
					"retransmits":	0,
					"snd_cwnd":	21583888,
					"rtt":	996799,
					"omitted":	false
				}],
			"sum":	{
				"start":	42.000649,
				"end":	43.000419,
				"seconds":	0.999770,
				"bytes":	2884696,
				"bits_per_second":	23082873.263955,
				"retransmits":	0,
				"omitted":	false
			}
		}, {
			"streams":	[{
					"socket":	4,
					"start":	43.000419,
					"end":	44.001342,
					"seconds":	1.000923,
					"bytes":	466256,
					"bits_per_second":	3726608.644612,
					"retransmits":	219,
					"snd_cwnd":	20764320,
					"rtt":	959047,
					"omitted":	false
				}],
			"sum":	{
				"start":	43.000419,
				"end":	44.001342,
				"seconds":	1.000923,
				"bytes":	466256,
				"bits_per_second":	3726608.644612,
				"retransmits":	219,
				"omitted":	false
			}
		}, {
			"streams":	[{
					"socket":	4,
					"start":	44.001342,
					"end":	45.000349,
					"seconds":	0.999007,
					"bytes":	3983448,
					"bits_per_second":	31899260.392444,
					"retransmits":	148,
					"snd_cwnd":	12001024,
					"rtt":	587865,
					"omitted":	false
				}],
			"sum":	{
				"start":	44.001342,
				"end":	45.000349,
				"seconds":	0.999007,
				"bytes":	3983448,
				"bits_per_second":	31899260.392444,
				"retransmits":	148,
				"omitted":	false
			}
		}, {
			"streams":	[{
					"socket":	4,
					"start":	45.000349,
					"end":	46.000532,
					"seconds":	1.000183,
					"bytes":	3542088,
					"bits_per_second":	28331516.344419,
					"retransmits":	0,
					"snd_cwnd":	15983024,
					"rtt":	782919,
					"omitted":	false
				}],
			"sum":	{
				"start":	45.000349,
				"end":	46.000532,
				"seconds":	1.000183,
				"bytes":	3542088,
				"bits_per_second":	28331516.344419,
				"retransmits":	0,
				"omitted":	false
			}
		}, {
			"streams":	[{
					"socket":	4,
					"start":	46.000532,
					"end":	47.000382,
					"seconds":	0.999850,
					"bytes":	3087416,
					"bits_per_second":	24703038.487902,
					"retransmits":	0,
					"snd_cwnd":	19982400,
					"rtt":	959373,
					"omitted":	false
				}],
			"sum":	{
				"start":	46.000532,
				"end":	47.000382,
				"seconds":	0.999850,
				"bytes":	3087416,
				"bits_per_second":	24703038.487902,
				"retransmits":	0,
				"omitted":	false
			}
		}, {
			"streams":	[{
					"socket":	4,
					"start":	47.000382,
					"end":	48.000256,
					"seconds":	0.999874,
					"bytes":	2883248,
					"bits_per_second":	23068888.027195,
					"retransmits":	0,
					"snd_cwnd":	21725792,
					"rtt":	1053608,
					"omitted":	false
				}],
			"sum":	{
				"start":	47.000382,
				"end":	48.000256,
				"seconds":	0.999874,
				"bytes":	2883248,
				"bits_per_second":	23068888.027195,
				"retransmits":	0,
				"omitted":	false
			}
		}, {
			"streams":	[{
					"socket":	4,
					"start":	48.000256,
					"end":	49.001191,
					"seconds":	1.000935,
					"bytes":	270776,
					"bits_per_second":	2164184.319575,
					"retransmits":	549,
					"snd_cwnd":	19507456,
					"rtt":	936690,
					"omitted":	false
				}],
			"sum":	{
				"start":	48.000256,
				"end":	49.001191,
				"seconds":	1.000935,
				"bytes":	270776,
				"bits_per_second":	2164184.319575,
				"retransmits":	549,
				"omitted":	false
			}
		}, {
			"streams":	[{
					"socket":	4,
					"start":	49.001191,
					"end":	50.000774,
					"seconds":	0.999583,
					"bytes":	3787968,
					"bits_per_second":	30316385.753837,
					"retransmits":	169,
					"snd_cwnd":	13695184,
					"rtt":	670810,
					"omitted":	false
				}],
			"sum":	{
				"start":	49.001191,
				"end":	50.000774,
				"seconds":	0.999583,
				"bytes":	3787968,
				"bits_per_second":	30316385.753837,
				"retransmits":	169,
				"omitted":	false
			}
		}, {
			"streams":	[{
					"socket":	4,
					"start":	50.000774,
					"end":	51.000448,
					"seconds":	0.999674,
					"bytes":	3672408,
					"bits_per_second":	29388849.367664,
					"retransmits":	0,
					"snd_cwnd":	17665600,
					"rtt":	865371,
					"omitted":	false
				}],
			"sum":	{
				"start":	50.000774,
				"end":	51.000448,
				"seconds":	0.999674,
				"bytes":	3672408,
				"bits_per_second":	29388849.367664,
				"retransmits":	0,
				"omitted":	false
			}
		}, {
			"streams":	[{
					"socket":	4,
					"start":	51.000448,
					"end":	52.000293,
					"seconds":	0.999845,
					"bytes":	2883248,
					"bits_per_second":	23069559.137482,
					"retransmits":	0,
					"snd_cwnd":	20005568,
					"rtt":	970166,
					"omitted":	false
				}],
			"sum":	{
				"start":	51.000448,
				"end":	52.000293,
				"seconds":	0.999845,
				"bytes":	2883248,
				"bits_per_second":	23069559.137482,
				"retransmits":	0,
				"omitted":	false
			}
		}, {
			"streams":	[{
					"socket":	4,
					"start":	52.000293,
					"end":	53.000384,
					"seconds":	1.000091,
					"bytes":	2884696,
					"bits_per_second":	23075466.381196,
					"retransmits":	0,
					"snd_cwnd":	21586784,
					"rtt":	1026156,
					"omitted":	false
				}],
			"sum":	{
				"start":	52.000293,
				"end":	53.000384,
				"seconds":	1.000091,
				"bytes":	2884696,
				"bits_per_second":	23075466.381196,
				"retransmits":	0,
				"omitted":	false
			}
		}, {
			"streams":	[{
					"socket":	4,
					"start":	53.000384,
					"end":	54.001316,
					"seconds":	1.000932,
					"bytes":	335936,
					"bits_per_second":	2684985.651836,
					"retransmits":	365,
					"snd_cwnd":	20182224,
					"rtt":	959376,
					"omitted":	false
				}],
			"sum":	{
				"start":	53.000384,
				"end":	54.001316,
				"seconds":	1.000932,
				"bytes":	335936,
				"bits_per_second":	2684985.651836,
				"retransmits":	365,
				"omitted":	false
			}
		}, {
			"streams":	[{
					"socket":	4,
					"start":	54.001316,
					"end":	55.000585,
					"seconds":	0.999269,
					"bytes":	3984896,
					"bits_per_second":	31902488.443527,
					"retransmits":	320,
					"snd_cwnd":	14789872,
					"rtt":	703155,
					"omitted":	false
				}],
			"sum":	{
				"start":	54.001316,
				"end":	55.000585,
				"seconds":	0.999269,
				"bytes":	3984896,
				"bits_per_second":	31902488.443527,
				"retransmits":	320,
				"omitted":	false
			}
		}, {
			"streams":	[{
					"socket":	4,
					"start":	55.000585,
					"end":	56.000722,
					"seconds":	1.000137,
					"bytes":	3217736,
					"bits_per_second":	25738365.646379,
					"retransmits":	0,
					"snd_cwnd":	17451296,
					"rtt":	829615,
					"omitted":	false
				}],
			"sum":	{
				"start":	55.000585,
				"end":	56.000722,
				"seconds":	1.000137,
				"bytes":	3217736,
				"bits_per_second":	25738365.646379,
				"retransmits":	0,
				"omitted":	false
			}
		}, {
			"streams":	[{
					"socket":	4,
					"start":	56.000722,
					"end":	57.000598,
					"seconds":	0.999876,
					"bytes":	3143888,
					"bits_per_second":	25154222.561681,
					"retransmits":	0,
					"snd_cwnd":	20833824,
					"rtt":	1010353,
					"omitted":	false
				}],
			"sum":	{
				"start":	56.000722,
				"end":	57.000598,
				"seconds":	0.999876,
				"bytes":	3143888,
				"bits_per_second":	25154222.561681,
				"retransmits":	0,
				"omitted":	false
			}
		}, {
			"streams":	[{
					"socket":	4,
					"start":	57.000598,
					"end":	58.000661,
					"seconds":	1.000063,
					"bytes":	1896880,
					"bits_per_second":	15174081.287532,
					"retransmits":	291,
					"snd_cwnd":	20952560,
					"rtt":	1005993,
					"omitted":	false
				}],
			"sum":	{
				"start":	57.000598,
				"end":	58.000661,
				"seconds":	1.000063,
				"bytes":	1896880,
				"bits_per_second":	15174081.287532,
				"retransmits":	291,
				"omitted":	false
			}
		}, {
			"streams":	[{
					"socket":	4,
					"start":	58.000661,
					"end":	59.000216,
					"seconds":	0.999555,
					"bytes":	1834616,
					"bits_per_second":	14683464.013439,
					"retransmits":	309,
					"snd_cwnd":	19973712,
					"rtt":	930879,
					"omitted":	false
				}],
			"sum":	{
				"start":	58.000661,
				"end":	59.000216,
				"seconds":	0.999555,
				"bytes":	1834616,
				"bits_per_second":	14683464.013439,
				"retransmits":	309,
				"omitted":	false
			}
		}, {
			"streams":	[{
					"socket":	4,
					"start":	59.000216,
					"end":	60.000574,
					"seconds":	1.000358,
					"bytes":	3739016,
					"bits_per_second":	29901420.160730,
					"retransmits":	0,
					"snd_cwnd":	15099744,
					"rtt":	703821,
					"omitted":	false
				}],
			"sum":	{
				"start":	59.000216,
				"end":	60.000574,
				"seconds":	1.000358,
				"bytes":	3739016,
				"bits_per_second":	29901420.160730,
				"retransmits":	0,
				"omitted":	false
			}
		}],
	"end":	{
		"streams":	[{
				"sender":	{
					"socket":	4,
					"start":	0,
					"end":	60.000574,
					"seconds":	60.000574,
					"bytes":	172095304,
					"bits_per_second":	22945820.975504,
					"retransmits":	4243,
					"max_snd_cwnd":	21725792,
					"max_rtt":	1053608,
					"min_rtt":	12637,
					"mean_rtt":	816972
				},
				"receiver":	{
					"socket":	4,
					"start":	0,
					"end":	60.000574,
					"seconds":	60.000574,
					"bytes":	170917888,
					"bits_per_second":	22788833.677642
				}
			}],
		"sum_sent":	{
			"start":	0,
			"end":	60.000574,
			"seconds":	60.000574,
			"bytes":	172095304,
			"bits_per_second":	22945820.975504,
			"retransmits":	4243
		},
		"sum_received":	{
			"start":	0,
			"end":	60.000574,
			"seconds":	60.000574,
			"bytes":	170917888,
			"bits_per_second":	22788833.677642
		},
		"cpu_utilization_percent":	{
			"host_total":	0.060196,
			"host_user":	0,
			"host_system":	0.060196,
			"remote_total":	1.125596,
			"remote_user":	0,
			"remote_system":	1.125596
		}
	}
}
