{
	"start":	{
		"connected":	[{
				"socket":	5,
				"local_host":	"192.168.179.150",
				"local_port":	37894,
				"remote_host":	"192.168.120.130",
				"remote_port":	5201
			}],
		"version":	"iperf 3.9",
		"system_info":	"Linux a 6.14.5-x64v3-xanmod1 #0~20250503.gdace042 SMP PREEMPT_DYNAMIC Sat May  3 00:40:10 UTC x86_64",
		"timestamp":	{
			"time":	"Mon, 05 May 2025 09:51:24 GMT",
			"timesecs":	1746438684
		},
		"connecting_to":	{
			"host":	"192.168.120.130",
			"port":	5201
		},
		"cookie":	"3lkk3korysdxavywut63jas5dtr62pzqq6ao",
		"tcp_mss_default":	1448,
		"sock_bufsize":	0,
		"sndbuf_actual":	65536,
		"rcvbuf_actual":	87380,
		"test_start":	{
			"protocol":	"TCP",
			"num_streams":	1,
			"blksize":	131072,
			"omit":	0,
			"duration":	60,
			"bytes":	0,
			"blocks":	0,
			"reverse":	0,
			"tos":	0
		}
	},
	"intervals":	[{
			"streams":	[{
					"socket":	5,
					"start":	0,
					"end":	1.000266,
					"seconds":	1.0002659559249878,
					"bytes":	3346328,
					"bits_per_second":	26763506.08698272,
					"retransmits":	0,
					"snd_cwnd":	152040,
					"rtt":	56041,
					"rttvar":	234,
					"pmtu":	1500,
					"omitted":	false,
					"sender":	true
				}],
			"sum":	{
				"start":	0,
				"end":	1.000266,
				"seconds":	1.0002659559249878,
				"bytes":	3346328,
				"bits_per_second":	26763506.08698272,
				"retransmits":	0,
				"omitted":	false,
				"sender":	true
			}
		}, {
			"streams":	[{
					"socket":	5,
					"start":	1.000266,
					"end":	2.000544,
					"seconds":	1.0002779960632324,
					"bytes":	2085120,
					"bits_per_second":	16676324.047565589,
					"retransmits":	0,
					"snd_cwnd":	152040,
					"rtt":	96351,
					"rttvar":	2882,
					"pmtu":	1500,
					"omitted":	false,
					"sender":	true
				}],
			"sum":	{
				"start":	1.000266,
				"end":	2.000544,
				"seconds":	1.0002779960632324,
				"bytes":	2085120,
				"bits_per_second":	16676324.047565589,
				"retransmits":	0,
				"omitted":	false,
				"sender":	true
			}
		}, {
			"streams":	[{
					"socket":	5,
					"start":	2.000544,
					"end":	3.000318,
					"seconds":	0.99977397918701172,
					"bytes":	1563840,
					"bits_per_second":	12513548.322365189,
					"retransmits":	0,
					"snd_cwnd":	150592,
					"rtt":	114100,
					"rttvar":	608,
					"pmtu":	1500,
					"omitted":	false,
					"sender":	true
				}],
			"sum":	{
				"start":	2.000544,
				"end":	3.000318,
				"seconds":	0.99977397918701172,
				"bytes":	1563840,
				"bits_per_second":	12513548.322365189,
				"retransmits":	0,
				"omitted":	false,
				"sender":	true
			}
		}, {
			"streams":	[{
					"socket":	5,
					"start":	3.000318,
					"end":	4.000639,
					"seconds":	1.00032103061676,
					"bytes":	1107720,
					"bits_per_second":	8858916.01672732,
					"retransmits":	0,
					"snd_cwnd":	137560,
					"rtt":	111941,
					"rttvar":	339,
					"pmtu":	1500,
					"omitted":	false,
					"sender":	true
				}],
			"sum":	{
				"start":	3.000318,
				"end":	4.000639,
				"seconds":	1.00032103061676,
				"bytes":	1107720,
				"bits_per_second":	8858916.01672732,
				"retransmits":	0,
				"omitted":	false,
				"sender":	true
			}
		}, {
			"streams":	[{
					"socket":	5,
					"start":	4.000639,
					"end":	5.000432,
					"seconds":	0.999792993068695,
					"bytes":	1563840,
					"bits_per_second":	12513310.341974359,
					"retransmits":	0,
					"snd_cwnd":	33304,
					"rtt":	114227,
					"rttvar":	215,
					"pmtu":	1500,
					"omitted":	false,
					"sender":	true
				}],
			"sum":	{
				"start":	4.000639,
				"end":	5.000432,
				"seconds":	0.999792993068695,
				"bytes":	1563840,
				"bits_per_second":	12513310.341974359,
				"retransmits":	0,
				"omitted":	false,
				"sender":	true
			}
		}, {
			"streams":	[{
					"socket":	5,
					"start":	5.000432,
					"end":	6.000215,
					"seconds":	0.9997829794883728,
					"bytes":	1042560,
					"bits_per_second":	8342290.4481412,
					"retransmits":	0,
					"snd_cwnd":	137560,
					"rtt":	133718,
					"rttvar":	5432,
					"pmtu":	1500,
					"omitted":	false,
					"sender":	true
				}],
			"sum":	{
				"start":	5.000432,
				"end":	6.000215,
				"seconds":	0.9997829794883728,
				"bytes":	1042560,
				"bits_per_second":	8342290.4481412,
				"retransmits":	0,
				"omitted":	false,
				"sender":	true
			}
		}, {
			"streams":	[{
					"socket":	5,
					"start":	6.000215,
					"end":	7.000533,
					"seconds":	1.0003180503845215,
					"bytes":	1042560,
					"bits_per_second":	8337828.150550643,
					"retransmits":	0,
					"snd_cwnd":	167968,
					"rtt":	79393,
					"rttvar":	2681,
					"pmtu":	1500,
					"omitted":	false,
					"sender":	true
				}],
			"sum":	{
				"start":	6.000215,
				"end":	7.000533,
				"seconds":	1.0003180503845215,
				"bytes":	1042560,
				"bits_per_second":	8337828.150550643,
				"retransmits":	0,
				"omitted":	false,
				"sender":	true
			}
		}, {
			"streams":	[{
					"socket":	5,
					"start":	7.000533,
					"end":	8.000332,
					"seconds":	0.99979901313781738,
					"bytes":	1563840,
					"bits_per_second":	12513234.995837567,
					"retransmits":	0,
					"snd_cwnd":	139008,
					"rtt":	110027,
					"rttvar":	212,
					"pmtu":	1500,
					"omitted":	false,
					"sender":	true
				}],
			"sum":	{
				"start":	7.000533,
				"end":	8.000332,
				"seconds":	0.99979901313781738,
				"bytes":	1563840,
				"bits_per_second":	12513234.995837567,
				"retransmits":	0,
				"omitted":	false,
				"sender":	true
			}
		}, {
			"streams":	[{
					"socket":	5,
					"start":	8.000332,
					"end":	9.000611,
					"seconds":	1.0002789497375488,
					"bytes":	1042560,
					"bits_per_second":	8338154.0741093857,
					"retransmits":	0,
					"snd_cwnd":	137560,
					"rtt":	160079,
					"rttvar":	432,
					"pmtu":	1500,
					"omitted":	false,
					"sender":	true
				}],
			"sum":	{
				"start":	8.000332,
				"end":	9.000611,
				"seconds":	1.0002789497375488,
				"bytes":	1042560,
				"bits_per_second":	8338154.0741093857,
				"retransmits":	0,
				"omitted":	false,
				"sender":	true
			}
		}, {
			"streams":	[{
					"socket":	5,
					"start":	9.000611,
					"end":	10.000425,
					"seconds":	0.999813973903656,
					"bytes":	1042560,
					"bits_per_second":	8342031.8356179576,
					"retransmits":	0,
					"snd_cwnd":	159280,
					"rtt":	147054,
					"rttvar":	238,
					"pmtu":	1500,
					"omitted":	false,
					"sender":	true
				}],
			"sum":	{
				"start":	9.000611,
				"end":	10.000425,
				"seconds":	0.999813973903656,
				"bytes":	1042560,
				"bits_per_second":	8342031.8356179576,
				"retransmits":	0,
				"omitted":	false,
				"sender":	true
			}
		}, {
			"streams":	[{
					"socket":	5,
					"start":	10.000425,
					"end":	11.0002,
					"seconds":	0.999774992465973,
					"bytes":	2410920,
					"bits_per_second":	19291700.778019249,
					"retransmits":	0,
					"snd_cwnd":	272224,
					"rtt":	172209,
					"rttvar":	440,
					"pmtu":	1500,
					"omitted":	false,
					"sender":	true
				}],
			"sum":	{
				"start":	10.000425,
				"end":	11.0002,
				"seconds":	0.999774992465973,
				"bytes":	2410920,
				"bits_per_second":	19291700.778019249,
				"retransmits":	0,
				"omitted":	false,
				"sender":	true
			}
		}, {
			"streams":	[{
					"socket":	5,
					"start":	11.0002,
					"end":	12.00049,
					"seconds":	1.0002900362014771,
					"bytes":	1759320,
					"bits_per_second":	14070479.051702881,
					"retransmits":	0,
					"snd_cwnd":	66608,
					"rtt":	106249,
					"rttvar":	17861,
					"pmtu":	1500,
					"omitted":	false,
					"sender":	true
				}],
			"sum":	{
				"start":	11.0002,
				"end":	12.00049,
				"seconds":	1.0002900362014771,
				"bytes":	1759320,
				"bits_per_second":	14070479.051702881,
				"retransmits":	0,
				"omitted":	false,
				"sender":	true
			}
		}, {
			"streams":	[{
					"socket":	5,
					"start":	12.00049,
					"end":	13.000792,
					"seconds":	1.0003019571304321,
					"bytes":	912240,
					"bits_per_second":	7295717.0062283548,
					"retransmits":	0,
					"snd_cwnd":	68056,
					"rtt":	44171,
					"rttvar":	182,
					"pmtu":	1500,
					"omitted":	false,
					"sender":	true
				}],
			"sum":	{
				"start":	12.00049,
				"end":	13.000792,
				"seconds":	1.0003019571304321,
				"bytes":	912240,
				"bits_per_second":	7295717.0062283548,
				"retransmits":	0,
				"omitted":	false,
				"sender":	true
			}
		}, {
			"streams":	[{
					"socket":	5,
					"start":	13.000792,
					"end":	14.000586,
					"seconds":	0.99979400634765625,
					"bytes":	1824480,
					"bits_per_second":	14598847.269869128,
					"retransmits":	0,
					"snd_cwnd":	65160,
					"rtt":	36925,
					"rttvar":	155,
					"pmtu":	1500,
					"omitted":	false,
					"sender":	true
				}],
			"sum":	{
				"start":	13.000792,
				"end":	14.000586,
				"seconds":	0.99979400634765625,
				"bytes":	1824480,
				"bits_per_second":	14598847.269869128,
				"retransmits":	0,
				"omitted":	false,
				"sender":	true
			}
		}, {
			"streams":	[{
					"socket":	5,
					"start":	14.000586,
					"end":	15.000374,
					"seconds":	0.999787986278534,
					"bytes":	1824480,
					"bits_per_second":	14598935.174575804,
					"retransmits":	0,
					"snd_cwnd":	52128,
					"rtt":	32995,
					"rttvar":	284,
					"pmtu":	1500,
					"omitted":	false,
					"sender":	true
				}],
			"sum":	{
				"start":	14.000586,
				"end":	15.000374,
				"seconds":	0.999787986278534,
				"bytes":	1824480,
				"bits_per_second":	14598935.174575804,
				"retransmits":	0,
				"omitted":	false,
				"sender":	true
			}
		}, {
			"streams":	[{
					"socket":	5,
					"start":	15.000374,
					"end":	16.000161,
					"seconds":	0.99978697299957275,
					"bytes":	1824480,
					"bits_per_second":	14598949.970521608,
					"retransmits":	0,
					"snd_cwnd":	49232,
					"rtt":	38206,
					"rttvar":	244,
					"pmtu":	1500,
					"omitted":	false,
					"sender":	true
				}],
			"sum":	{
				"start":	15.000374,
				"end":	16.000161,
				"seconds":	0.99978697299957275,
				"bytes":	1824480,
				"bits_per_second":	14598949.970521608,
				"retransmits":	0,
				"omitted":	false,
				"sender":	true
			}
		}, {
			"streams":	[{
					"socket":	5,
					"start":	16.000161,
					"end":	17.000992,
					"seconds":	1.0008310079574585,
					"bytes":	912240,
					"bits_per_second":	7291860.405977956,
					"retransmits":	0,
					"snd_cwnd":	47784,
					"rtt":	34338,
					"rttvar":	575,
					"pmtu":	1500,
					"omitted":	false,
					"sender":	true
				}],
			"sum":	{
				"start":	16.000161,
				"end":	17.000992,
				"seconds":	1.0008310079574585,
				"bytes":	912240,
				"bits_per_second":	7291860.405977956,
				"retransmits":	0,
				"omitted":	false,
				"sender":	true
			}
		}, {
			"streams":	[{
					"socket":	5,
					"start":	17.000992,
					"end":	18.000265,
					"seconds":	0.99927300214767456,
					"bytes":	1824480,
					"bits_per_second":	14606458.864224371,
					"retransmits":	0,
					"snd_cwnd":	47784,
					"rtt":	33904,
					"rttvar":	367,
					"pmtu":	1500,
					"omitted":	false,
					"sender":	true
				}],
			"sum":	{
				"start":	17.000992,
				"end":	18.000265,
				"seconds":	0.99927300214767456,
				"bytes":	1824480,
				"bits_per_second":	14606458.864224371,
				"retransmits":	0,
				"omitted":	false,
				"sender":	true
			}
		}, {
			"streams":	[{
					"socket":	5,
					"start":	18.000265,
					"end":	19.000551,
					"seconds":	1.0002859830856323,
					"bytes":	912240,
					"bits_per_second":	7295833.5150191151,
					"retransmits":	0,
					"snd_cwnd":	55024,
					"rtt":	32173,
					"rttvar":	205,
					"pmtu":	1500,
					"omitted":	false,
					"sender":	true
				}],
			"sum":	{
				"start":	18.000265,
				"end":	19.000551,
				"seconds":	1.0002859830856323,
				"bytes":	912240,
				"bits_per_second":	7295833.5150191151,
				"retransmits":	0,
				"omitted":	false,
				"sender":	true
			}
		}, {
			"streams":	[{
					"socket":	5,
					"start":	19.000551,
					"end":	20.000352,
					"seconds":	0.999800980091095,
					"bytes":	1824480,
					"bits_per_second":	14598745.440987794,
					"retransmits":	0,
					"snd_cwnd":	46336,
					"rtt":	33772,
					"rttvar":	405,
					"pmtu":	1500,
					"omitted":	false,
					"sender":	true
				}],
			"sum":	{
				"start":	19.000551,
				"end":	20.000352,
				"seconds":	0.999800980091095,
				"bytes":	1824480,
				"bits_per_second":	14598745.440987794,
				"retransmits":	0,
				"omitted":	false,
				"sender":	true
			}
		}, {
			"streams":	[{
					"socket":	5,
					"start":	20.000352,
					"end":	21.000664,
					"seconds":	1.0003119707107544,
					"bytes":	912240,
					"bits_per_second":	7295643.9727644054,
					"retransmits":	0,
					"snd_cwnd":	47784,
					"rtt":	34667,
					"rttvar":	263,
					"pmtu":	1500,
					"omitted":	false,
					"sender":	true
				}],
			"sum":	{
				"start":	20.000352,
				"end":	21.000664,
				"seconds":	1.0003119707107544,
				"bytes":	912240,
				"bits_per_second":	7295643.9727644054,
				"retransmits":	0,
				"omitted":	false,
				"sender":	true
			}
		}, {
			"streams":	[{
					"socket":	5,
					"start":	21.000664,
					"end":	22.000444,
					"seconds":	0.999779999256134,
					"bytes":	1824480,
					"bits_per_second":	14599051.802256234,
					"retransmits":	0,
					"snd_cwnd":	47784,
					"rtt":	32122,
					"rttvar":	75,
					"pmtu":	1500,
					"omitted":	false,
					"sender":	true
				}],
			"sum":	{
				"start":	21.000664,
				"end":	22.000444,
				"seconds":	0.999779999256134,
				"bytes":	1824480,
				"bits_per_second":	14599051.802256234,
				"retransmits":	0,
				"omitted":	false,
				"sender":	true
			}
		}, {
			"streams":	[{
					"socket":	5,
					"start":	22.000444,
					"end":	23.001084,
					"seconds":	1.0006400346755981,
					"bytes":	912240,
					"bits_per_second":	7293252.0657800231,
					"retransmits":	0,
					"snd_cwnd":	55024,
					"rtt":	32549,
					"rttvar":	317,
					"pmtu":	1500,
					"omitted":	false,
					"sender":	true
				}],
			"sum":	{
				"start":	22.000444,
				"end":	23.001084,
				"seconds":	1.0006400346755981,
				"bytes":	912240,
				"bits_per_second":	7293252.0657800231,
				"retransmits":	0,
				"omitted":	false,
				"sender":	true
			}
		}, {
			"streams":	[{
					"socket":	5,
					"start":	23.001084,
					"end":	24.000868,
					"seconds":	0.999783992767334,
					"bytes":	1824480,
					"bits_per_second":	14598993.488183092,
					"retransmits":	0,
					"snd_cwnd":	49232,
					"rtt":	31903,
					"rttvar":	247,
					"pmtu":	1500,
					"omitted":	false,
					"sender":	true
				}],
			"sum":	{
				"start":	23.001084,
				"end":	24.000868,
				"seconds":	0.999783992767334,
				"bytes":	1824480,
				"bits_per_second":	14598993.488183092,
				"retransmits":	0,
				"omitted":	false,
				"sender":	true
			}
		}, {
			"streams":	[{
					"socket":	5,
					"start":	24.000868,
					"end":	25.000154,
					"seconds":	0.9992859959602356,
					"bytes":	1824480,
					"bits_per_second":	14606268.935025493,
					"retransmits":	0,
					"snd_cwnd":	50680,
					"rtt":	30385,
					"rttvar":	119,
					"pmtu":	1500,
					"omitted":	false,
					"sender":	true
				}],
			"sum":	{
				"start":	24.000868,
				"end":	25.000154,
				"seconds":	0.9992859959602356,
				"bytes":	1824480,
				"bits_per_second":	14606268.935025493,
				"retransmits":	0,
				"omitted":	false,
				"sender":	true
			}
		}, {
			"streams":	[{
					"socket":	5,
					"start":	25.000154,
					"end":	26.000959,
					"seconds":	1.0008050203323364,
					"bytes":	912240,
					"bits_per_second":	7292049.7516854843,
					"retransmits":	0,
					"snd_cwnd":	47784,
					"rtt":	34000,
					"rttvar":	1072,
					"pmtu":	1500,
					"omitted":	false,
					"sender":	true
				}],
			"sum":	{
				"start":	25.000154,
				"end":	26.000959,
				"seconds":	1.0008050203323364,
				"bytes":	912240,
				"bits_per_second":	7292049.7516854843,
				"retransmits":	0,
				"omitted":	false,
				"sender":	true
			}
		}, {
			"streams":	[{
					"socket":	5,
					"start":	26.000959,
					"end":	27.000754,
					"seconds":	0.99979501962661743,
					"bytes":	1824480,
					"bits_per_second":	14598832.474131497,
					"retransmits":	0,
					"snd_cwnd":	49232,
					"rtt":	31946,
					"rttvar":	222,
					"pmtu":	1500,
					"omitted":	false,
					"sender":	true
				}],
			"sum":	{
				"start":	26.000959,
				"end":	27.000754,
				"seconds":	0.99979501962661743,
				"bytes":	1824480,
				"bits_per_second":	14598832.474131497,
				"retransmits":	0,
				"omitted":	false,
				"sender":	true
			}
		}, {
			"streams":	[{
					"socket":	5,
					"start":	27.000754,
					"end":	28.000122,
					"seconds":	0.99936801195144653,
					"bytes":	1824480,
					"bits_per_second":	14605070.22983354,
					"retransmits":	0,
					"snd_cwnd":	47784,
					"rtt":	25833,
					"rttvar":	2022,
					"pmtu":	1500,
					"omitted":	false,
					"sender":	true
				}],
			"sum":	{
				"start":	27.000754,
				"end":	28.000122,
				"seconds":	0.99936801195144653,
				"bytes":	1824480,
				"bits_per_second":	14605070.22983354,
				"retransmits":	0,
				"omitted":	false,
				"sender":	true
			}
		}, {
			"streams":	[{
					"socket":	5,
					"start":	28.000122,
					"end":	29.000405,
					"seconds":	1.0002830028533936,
					"bytes":	912240,
					"bits_per_second":	7295855.2521456964,
					"retransmits":	0,
					"snd_cwnd":	49232,
					"rtt":	34626,
					"rttvar":	338,
					"pmtu":	1500,
					"omitted":	false,
					"sender":	true
				}],
			"sum":	{
				"start":	28.000122,
				"end":	29.000405,
				"seconds":	1.0002830028533936,
				"bytes":	912240,
				"bits_per_second":	7295855.2521456964,
				"retransmits":	0,
				"omitted":	false,
				"sender":	true
			}
		}, {
			"streams":	[{
					"socket":	5,
					"start":	29.000405,
					"end":	30.000213,
					"seconds":	0.99980801343917847,
					"bytes":	1824480,
					"bits_per_second":	14598642.743212931,
					"retransmits":	0,
					"snd_cwnd":	47784,
					"rtt":	31845,
					"rttvar":	243,
					"pmtu":	1500,
					"omitted":	false,
					"sender":	true
				}],
			"sum":	{
				"start":	29.000405,
				"end":	30.000213,
				"seconds":	0.99980801343917847,
				"bytes":	1824480,
				"bits_per_second":	14598642.743212931,
				"retransmits":	0,
				"omitted":	false,
				"sender":	true
			}
		}, {
			"streams":	[{
					"socket":	5,
					"start":	30.000213,
					"end":	31.001016,
					"seconds":	1.0008029937744141,
					"bytes":	912240,
					"bits_per_second":	7292064.51758975,
					"retransmits":	0,
					"snd_cwnd":	52128,
					"rtt":	33619,
					"rttvar":	624,
					"pmtu":	1500,
					"omitted":	false,
					"sender":	true
				}],
			"sum":	{
				"start":	30.000213,
				"end":	31.001016,
				"seconds":	1.0008029937744141,
				"bytes":	912240,
				"bits_per_second":	7292064.51758975,
				"retransmits":	0,
				"omitted":	false,
				"sender":	true
			}
		}, {
			"streams":	[{
					"socket":	5,
					"start":	31.001016,
					"end":	32.000818,
					"seconds":	0.999801993370056,
					"bytes":	1824480,
					"bits_per_second":	14598730.645456566,
					"retransmits":	0,
					"snd_cwnd":	49232,
					"rtt":	34204,
					"rttvar":	552,
					"pmtu":	1500,
					"omitted":	false,
					"sender":	true
				}],
			"sum":	{
				"start":	31.001016,
				"end":	32.000818,
				"seconds":	0.999801993370056,
				"bytes":	1824480,
				"bits_per_second":	14598730.645456566,
				"retransmits":	0,
				"omitted":	false,
				"sender":	true
			}
		}, {
			"streams":	[{
					"socket":	5,
					"start":	32.000818,
					"end":	33.000497,
					"seconds":	0.99967902898788452,
					"bytes":	1824480,
					"bits_per_second":	14600526.345718604,
					"retransmits":	0,
					"snd_cwnd":	11584,
					"rtt":	13073,
					"rttvar":	470,
					"pmtu":	1500,
					"omitted":	false,
					"sender":	true
				}],
			"sum":	{
				"start":	32.000818,
				"end":	33.000497,
				"seconds":	0.99967902898788452,
				"bytes":	1824480,
				"bits_per_second":	14600526.345718604,
				"retransmits":	0,
				"omitted":	false,
				"sender":	true
			}
		}, {
			"streams":	[{
					"socket":	5,
					"start":	33.000497,
					"end":	34.000811,
					"seconds":	1.0003139972686768,
					"bytes":	912240,
					"bits_per_second":	7295629.19236032,
					"retransmits":	0,
					"snd_cwnd":	47784,
					"rtt":	32978,
					"rttvar":	329,
					"pmtu":	1500,
					"omitted":	false,
					"sender":	true
				}],
			"sum":	{
				"start":	33.000497,
				"end":	34.000811,
				"seconds":	1.0003139972686768,
				"bytes":	912240,
				"bits_per_second":	7295629.19236032,
				"retransmits":	0,
				"omitted":	false,
				"sender":	true
			}
		}, {
			"streams":	[{
					"socket":	5,
					"start":	34.000811,
					"end":	35.000589,
					"seconds":	0.99977797269821167,
					"bytes":	1824480,
					"bits_per_second":	14599081.394650642,
					"retransmits":	0,
					"snd_cwnd":	47784,
					"rtt":	32634,
					"rttvar":	342,
					"pmtu":	1500,
					"omitted":	false,
					"sender":	true
				}],
			"sum":	{
				"start":	34.000811,
				"end":	35.000589,
				"seconds":	0.99977797269821167,
				"bytes":	1824480,
				"bits_per_second":	14599081.394650642,
				"retransmits":	0,
				"omitted":	false,
				"sender":	true
			}
		}, {
			"streams":	[{
					"socket":	5,
					"start":	35.000589,
					"end":	36.000905,
					"seconds":	1.0003160238265991,
					"bytes":	912240,
					"bits_per_second":	7295614.4120161226,
					"retransmits":	0,
					"snd_cwnd":	59368,
					"rtt":	32673,
					"rttvar":	680,
					"pmtu":	1500,
					"omitted":	false,
					"sender":	true
				}],
			"sum":	{
				"start":	35.000589,
				"end":	36.000905,
				"seconds":	1.0003160238265991,
				"bytes":	912240,
				"bits_per_second":	7295614.4120161226,
				"retransmits":	0,
				"omitted":	false,
				"sender":	true
			}
		}, {
			"streams":	[{
					"socket":	5,
					"start":	36.000905,
					"end":	37.000696,
					"seconds":	0.99979102611541748,
					"bytes":	1824480,
					"bits_per_second":	14598890.786918338,
					"retransmits":	0,
					"snd_cwnd":	49232,
					"rtt":	32983,
					"rttvar":	162,
					"pmtu":	1500,
					"omitted":	false,
					"sender":	true
				}],
			"sum":	{
				"start":	36.000905,
				"end":	37.000696,
				"seconds":	0.99979102611541748,
				"bytes":	1824480,
				"bits_per_second":	14598890.786918338,
				"retransmits":	0,
				"omitted":	false,
				"sender":	true
			}
		}, {
			"streams":	[{
					"socket":	5,
					"start":	37.000696,
					"end":	38.000495,
					"seconds":	0.99979901313781738,
					"bytes":	1824480,
					"bits_per_second":	14598774.161810495,
					"retransmits":	0,
					"snd_cwnd":	57920,
					"rtt":	32993,
					"rttvar":	446,
					"pmtu":	1500,
					"omitted":	false,
					"sender":	true
				}],
			"sum":	{
				"start":	37.000696,
				"end":	38.000495,
				"seconds":	0.99979901313781738,
				"bytes":	1824480,
				"bits_per_second":	14598774.161810495,
				"retransmits":	0,
				"omitted":	false,
				"sender":	true
			}
		}, {
			"streams":	[{
					"socket":	5,
					"start":	38.000495,
					"end":	39.0008,
					"seconds":	1.0003050565719604,
					"bytes":	912240,
					"bits_per_second":	7295694.40047612,
					"retransmits":	0,
					"snd_cwnd":	49232,
					"rtt":	29990,
					"rttvar":	159,
					"pmtu":	1500,
					"omitted":	false,
					"sender":	true
				}],
			"sum":	{
				"start":	38.000495,
				"end":	39.0008,
				"seconds":	1.0003050565719604,
				"bytes":	912240,
				"bits_per_second":	7295694.40047612,
				"retransmits":	0,
				"omitted":	false,
				"sender":	true
			}
		}, {
			"streams":	[{
					"socket":	5,
					"start":	39.0008,
					"end":	40.000606,
					"seconds":	0.999805986881256,
					"bytes":	1824480,
					"bits_per_second":	14598672.333949029,
					"retransmits":	0,
					"snd_cwnd":	46336,
					"rtt":	36171,
					"rttvar":	691,
					"pmtu":	1500,
					"omitted":	false,
					"sender":	true
				}],
			"sum":	{
				"start":	39.0008,
				"end":	40.000606,
				"seconds":	0.999805986881256,
				"bytes":	1824480,
				"bits_per_second":	14598672.333949029,
				"retransmits":	0,
				"omitted":	false,
				"sender":	true
			}
		}, {
			"streams":	[{
					"socket":	5,
					"start":	40.000606,
					"end":	41.000899,
					"seconds":	1.0002930164337158,
					"bytes":	912240,
					"bits_per_second":	7295782.2159139253,
					"retransmits":	0,
					"snd_cwnd":	44888,
					"rtt":	30704,
					"rttvar":	240,
					"pmtu":	1500,
					"omitted":	false,
					"sender":	true
				}],
			"sum":	{
				"start":	40.000606,
				"end":	41.000899,
				"seconds":	1.0002930164337158,
				"bytes":	912240,
				"bits_per_second":	7295782.2159139253,
				"retransmits":	0,
				"omitted":	false,
				"sender":	true
			}
		}, {
			"streams":	[{
					"socket":	5,
					"start":	41.000899,
					"end":	42.000703,
					"seconds":	0.99980401992797852,
					"bytes":	1824480,
					"bits_per_second":	14598701.054484079,
					"retransmits":	0,
					"snd_cwnd":	43440,
					"rtt":	29631,
					"rttvar":	164,
					"pmtu":	1500,
					"omitted":	false,
					"sender":	true
				}],
			"sum":	{
				"start":	41.000899,
				"end":	42.000703,
				"seconds":	0.99980401992797852,
				"bytes":	1824480,
				"bits_per_second":	14598701.054484079,
				"retransmits":	0,
				"omitted":	false,
				"sender":	true
			}
		}, {
			"streams":	[{
					"socket":	5,
					"start":	42.000703,
					"end":	43.000998,
					"seconds":	1.0002950429916382,
					"bytes":	912240,
					"bits_per_second":	7295767.4349496961,
					"retransmits":	0,
					"snd_cwnd":	43440,
					"rtt":	32203,
					"rttvar":	271,
					"pmtu":	1500,
					"omitted":	false,
					"sender":	true
				}],
			"sum":	{
				"start":	42.000703,
				"end":	43.000998,
				"seconds":	1.0002950429916382,
				"bytes":	912240,
				"bits_per_second":	7295767.4349496961,
				"retransmits":	0,
				"omitted":	false,
				"sender":	true
			}
		}, {
			"streams":	[{
					"socket":	5,
					"start":	43.000998,
					"end":	44.000421,
					"seconds":	0.99942302703857422,
					"bytes":	1824480,
					"bits_per_second":	14604266.266757382,
					"retransmits":	0,
					"snd_cwnd":	52128,
					"rtt":	34629,
					"rttvar":	584,
					"pmtu":	1500,
					"omitted":	false,
					"sender":	true
				}],
			"sum":	{
				"start":	43.000998,
				"end":	44.000421,
				"seconds":	0.99942302703857422,
				"bytes":	1824480,
				"bits_per_second":	14604266.266757382,
				"retransmits":	0,
				"omitted":	false,
				"sender":	true
			}
		}, {
			"streams":	[{
					"socket":	5,
					"start":	44.000421,
					"end":	45.000733,
					"seconds":	1.0003119707107544,
					"bytes":	912240,
					"bits_per_second":	7295643.9727644054,
					"retransmits":	0,
					"snd_cwnd":	43440,
					"rtt":	34774,
					"rttvar":	389,
					"pmtu":	1500,
					"omitted":	false,
					"sender":	true
				}],
			"sum":	{
				"start":	44.000421,
				"end":	45.000733,
				"seconds":	1.0003119707107544,
				"bytes":	912240,
				"bits_per_second":	7295643.9727644054,
				"retransmits":	0,
				"omitted":	false,
				"sender":	true
			}
		}, {
			"streams":	[{
					"socket":	5,
					"start":	45.000733,
					"end":	46.001035,
					"seconds":	1.0003019571304321,
					"bytes":	912240,
					"bits_per_second":	7295717.0062283548,
					"retransmits":	0,
					"snd_cwnd":	47784,
					"rtt":	30711,
					"rttvar":	165,
					"pmtu":	1500,
					"omitted":	false,
					"sender":	true
				}],
			"sum":	{
				"start":	45.000733,
				"end":	46.001035,
				"seconds":	1.0003019571304321,
				"bytes":	912240,
				"bits_per_second":	7295717.0062283548,
				"retransmits":	0,
				"omitted":	false,
				"sender":	true
			}
		}, {
			"streams":	[{
					"socket":	5,
					"start":	46.001035,
					"end":	47.000832,
					"seconds":	0.999796986579895,
					"bytes":	1824480,
					"bits_per_second":	14598803.753079355,
					"retransmits":	0,
					"snd_cwnd":	47784,
					"rtt":	30022,
					"rttvar":	751,
					"pmtu":	1500,
					"omitted":	false,
					"sender":	true
				}],
			"sum":	{
				"start":	46.001035,
				"end":	47.000832,
				"seconds":	0.999796986579895,
				"bytes":	1824480,
				"bits_per_second":	14598803.753079355,
				"retransmits":	0,
				"omitted":	false,
				"sender":	true
			}
		}, {
			"streams":	[{
					"socket":	5,
					"start":	47.000832,
					"end":	48.000105,
					"seconds":	0.99927300214767456,
					"bytes":	1824480,
					"bits_per_second":	14606458.864224371,
					"retransmits":	0,
					"snd_cwnd":	57920,
					"rtt":	35266,
					"rttvar":	1270,
					"pmtu":	1500,
					"omitted":	false,
					"sender":	true
				}],
			"sum":	{
				"start":	47.000832,
				"end":	48.000105,
				"seconds":	0.99927300214767456,
				"bytes":	1824480,
				"bits_per_second":	14606458.864224371,
				"retransmits":	0,
				"omitted":	false,
				"sender":	true
			}
		}, {
			"streams":	[{
					"socket":	5,
					"start":	48.000105,
					"end":	49.000578,
					"seconds":	1.0004730224609375,
					"bytes":	912240,
					"bits_per_second":	7294469.55206125,
					"retransmits":	0,
					"snd_cwnd":	46336,
					"rtt":	30156,
					"rttvar":	1412,
					"pmtu":	1500,
					"omitted":	false,
					"sender":	true
				}],
			"sum":	{
				"start":	48.000105,
				"end":	49.000578,
				"seconds":	1.0004730224609375,
				"bytes":	912240,
				"bits_per_second":	7294469.55206125,
				"retransmits":	0,
				"omitted":	false,
				"sender":	true
			}
		}, {
			"streams":	[{
					"socket":	5,
					"start":	49.000578,
					"end":	50.000344,
					"seconds":	0.99976599216461182,
					"bytes":	1824480,
					"bits_per_second":	14599256.340374488,
					"retransmits":	0,
					"snd_cwnd":	47784,
					"rtt":	36535,
					"rttvar":	1087,
					"pmtu":	1500,
					"omitted":	false,
					"sender":	true
				}],
			"sum":	{
				"start":	49.000578,
				"end":	50.000344,
				"seconds":	0.99976599216461182,
				"bytes":	1824480,
				"bits_per_second":	14599256.340374488,
				"retransmits":	0,
				"omitted":	false,
				"sender":	true
			}
		}, {
			"streams":	[{
					"socket":	5,
					"start":	50.000344,
					"end":	51.000656,
					"seconds":	1.0003119707107544,
					"bytes":	912240,
					"bits_per_second":	7295643.9727644054,
					"retransmits":	0,
					"snd_cwnd":	56472,
					"rtt":	33309,
					"rttvar":	819,
					"pmtu":	1500,
					"omitted":	false,
					"sender":	true
				}],
			"sum":	{
				"start":	50.000344,
				"end":	51.000656,
				"seconds":	1.0003119707107544,
				"bytes":	912240,
				"bits_per_second":	7295643.9727644054,
				"retransmits":	0,
				"omitted":	false,
				"sender":	true
			}
		}, {
			"streams":	[{
					"socket":	5,
					"start":	51.000656,
					"end":	52.000441,
					"seconds":	0.999785006046295,
					"bytes":	1824480,
					"bits_per_second":	14598978.692149078,
					"retransmits":	0,
					"snd_cwnd":	47784,
					"rtt":	30797,
					"rttvar":	190,
					"pmtu":	1500,
					"omitted":	false,
					"sender":	true
				}],
			"sum":	{
				"start":	51.000656,
				"end":	52.000441,
				"seconds":	0.999785006046295,
				"bytes":	1824480,
				"bits_per_second":	14598978.692149078,
				"retransmits":	0,
				"omitted":	false,
				"sender":	true
			}
		}, {
			"streams":	[{
					"socket":	5,
					"start":	52.000441,
					"end":	53.000232,
					"seconds":	0.99979102611541748,
					"bytes":	1824480,
					"bits_per_second":	14598890.786918338,
					"retransmits":	0,
					"snd_cwnd":	52128,
					"rtt":	31652,
					"rttvar":	480,
					"pmtu":	1500,
					"omitted":	false,
					"sender":	true
				}],
			"sum":	{
				"start":	52.000441,
				"end":	53.000232,
				"seconds":	0.99979102611541748,
				"bytes":	1824480,
				"bits_per_second":	14598890.786918338,
				"retransmits":	0,
				"omitted":	false,
				"sender":	true
			}
		}, {
			"streams":	[{
					"socket":	5,
					"start":	53.000232,
					"end":	54.000823,
					"seconds":	1.0005910396575928,
					"bytes":	912240,
					"bits_per_second":	7293609.1877230722,
					"retransmits":	0,
					"snd_cwnd":	13032,
					"rtt":	13324,
					"rttvar":	525,
					"pmtu":	1500,
					"omitted":	false,
					"sender":	true
				}],
			"sum":	{
				"start":	53.000232,
				"end":	54.000823,
				"seconds":	1.0005910396575928,
				"bytes":	912240,
				"bits_per_second":	7293609.1877230722,
				"retransmits":	0,
				"omitted":	false,
				"sender":	true
			}
		}, {
			"streams":	[{
					"socket":	5,
					"start":	54.000823,
					"end":	55.000612,
					"seconds":	0.999788999557495,
					"bytes":	1824480,
					"bits_per_second":	14598920.378659992,
					"retransmits":	0,
					"snd_cwnd":	55024,
					"rtt":	31276,
					"rttvar":	203,
					"pmtu":	1500,
					"omitted":	false,
					"sender":	true
				}],
			"sum":	{
				"start":	54.000823,
				"end":	55.000612,
				"seconds":	0.999788999557495,
				"bytes":	1824480,
				"bits_per_second":	14598920.378659992,
				"retransmits":	0,
				"omitted":	false,
				"sender":	true
			}
		}, {
			"streams":	[{
					"socket":	5,
					"start":	55.000612,
					"end":	56.000421,
					"seconds":	0.99980902671813965,
					"bytes":	1824480,
					"bits_per_second":	14598627.947889866,
					"retransmits":	0,
					"snd_cwnd":	62264,
					"rtt":	33319,
					"rttvar":	512,
					"pmtu":	1500,
					"omitted":	false,
					"sender":	true
				}],
			"sum":	{
				"start":	55.000612,
				"end":	56.000421,
				"seconds":	0.99980902671813965,
				"bytes":	1824480,
				"bits_per_second":	14598627.947889866,
				"retransmits":	0,
				"omitted":	false,
				"sender":	true
			}
		}, {
			"streams":	[{
					"socket":	5,
					"start":	56.000421,
					"end":	57.000206,
					"seconds":	0.999785006046295,
					"bytes":	1824480,
					"bits_per_second":	14598978.692149078,
					"retransmits":	0,
					"snd_cwnd":	52128,
					"rtt":	34131,
					"rttvar":	367,
					"pmtu":	1500,
					"omitted":	false,
					"sender":	true
				}],
			"sum":	{
				"start":	56.000421,
				"end":	57.000206,
				"seconds":	0.999785006046295,
				"bytes":	1824480,
				"bits_per_second":	14598978.692149078,
				"retransmits":	0,
				"omitted":	false,
				"sender":	true
			}
		}, {
			"streams":	[{
					"socket":	5,
					"start":	57.000206,
					"end":	58.001023,
					"seconds":	1.0008169412612915,
					"bytes":	912240,
					"bits_per_second":	7291962.8946355656,
					"retransmits":	0,
					"snd_cwnd":	50680,
					"rtt":	35396,
					"rttvar":	347,
					"pmtu":	1500,
					"omitted":	false,
					"sender":	true
				}],
			"sum":	{
				"start":	57.000206,
				"end":	58.001023,
				"seconds":	1.0008169412612915,
				"bytes":	912240,
				"bits_per_second":	7291962.8946355656,
				"retransmits":	0,
				"omitted":	false,
				"sender":	true
			}
		}, {
			"streams":	[{
					"socket":	5,
					"start":	58.001023,
					"end":	59.000299,
					"seconds":	0.99927598237991333,
					"bytes":	2736720,
					"bits_per_second":	21909622.953067478,
					"retransmits":	0,
					"snd_cwnd":	83984,
					"rtt":	33235,
					"rttvar":	509,
					"pmtu":	1500,
					"omitted":	false,
					"sender":	true
				}],
			"sum":	{
				"start":	58.001023,
				"end":	59.000299,
				"seconds":	0.99927598237991333,
				"bytes":	2736720,
				"bits_per_second":	21909622.953067478,
				"retransmits":	0,
				"omitted":	false,
				"sender":	true
			}
		}, {
			"streams":	[{
					"socket":	5,
					"start":	59.000299,
					"end":	60.000085,
					"seconds":	0.99978601932525635,
					"bytes":	2736720,
					"bits_per_second":	21898445.844217584,
					"retransmits":	0,
					"snd_cwnd":	81088,
					"rtt":	30810,
					"rttvar":	210,
					"pmtu":	1500,
					"omitted":	false,
					"sender":	true
				}],
			"sum":	{
				"start":	59.000299,
				"end":	60.000085,
				"seconds":	0.99978601932525635,
				"bytes":	2736720,
				"bits_per_second":	21898445.844217584,
				"retransmits":	0,
				"omitted":	false,
				"sender":	true
			}
		}],
	"end":	{
		"streams":	[{
				"sender":	{
					"socket":	5,
					"start":	0,
					"end":	60.000085,
					"seconds":	60.000085,
					"bytes":	91638128,
					"bits_per_second":	12218399.757267011,
					"retransmits":	0,
					"max_snd_cwnd":	272224,
					"max_rtt":	172209,
					"min_rtt":	13073,
					"mean_rtt":	49182,
					"sender":	true
				},
				"receiver":	{
					"socket":	5,
					"start":	0,
					"end":	60.032237,
					"seconds":	60.000085,
					"bytes":	88997888,
					"bits_per_second":	11860012.879413439,
					"sender":	true
				}
			}],
		"sum_sent":	{
			"start":	0,
			"end":	60.000085,
			"seconds":	60.000085,
			"bytes":	91638128,
			"bits_per_second":	12218399.757267011,
			"retransmits":	0,
			"sender":	true
		},
		"sum_received":	{
			"start":	0,
			"end":	60.032237,
			"seconds":	60.032237,
			"bytes":	88997888,
			"bits_per_second":	11860012.879413439,
			"sender":	true
		},
		"cpu_utilization_percent":	{
			"host_total":	0.068556540469503838,
			"host_user":	0.00788281358129985,
			"host_system":	0.0606704022093422,
			"remote_total":	1.7183310533925906,
			"remote_user":	0,
			"remote_system":	1.7183310533925906
		},
		"sender_tcp_congestion":	"bbr",
		"receiver_tcp_congestion":	"cubic"
	}
}
