{
	"start":	{
		"connected":	[{
				"socket":	4,
				"local_host":	"192.168.179.150",
				"local_port":	37830,
				"remote_host":	"192.168.120.130",
				"remote_port":	5201
			}],
		"version":	"iperf 3.1.3",
		"system_info":	"Linux a 4.15.0-213-generic #224-Ubuntu SMP Mon Jun 19 13:30:12 UTC 2023 x86_64",
		"timestamp":	{
			"time":	"Mon, 05 May 2025 10:44:57 GMT",
			"timesecs":	1746441897
		},
		"connecting_to":	{
			"host":	"192.168.120.130",
			"port":	5201
		},
		"cookie":	"a.1746441897.435347.4c14392012808e7c",
		"tcp_mss_default":	1448,
		"test_start":	{
			"protocol":	"TCP",
			"num_streams":	1,
			"blksize":	131072,
			"omit":	0,
			"duration":	60,
			"bytes":	0,
			"blocks":	0,
			"reverse":	0
		}
	},
	"intervals":	[{
			"streams":	[{
					"socket":	4,
					"start":	0,
					"end":	1.000643,
					"seconds":	1.000643,
					"bytes":	1049800,
					"bits_per_second":	8393003.173838,
					"retransmits":	0,
					"snd_cwnd":	111496,
					"rtt":	182822,
					"omitted":	false
				}],
			"sum":	{
				"start":	0,
				"end":	1.000643,
				"seconds":	1.000643,
				"bytes":	1049800,
				"bits_per_second":	8393003.173838,
				"retransmits":	0,
				"omitted":	false
			}
		}, {
			"streams":	[{
					"socket":	4,
					"start":	1.000643,
					"end":	2.000598,
					"seconds":	0.999955,
					"bytes":	651600,
					"bits_per_second":	5213034.905147,
					"retransmits":	0,
					"snd_cwnd":	137560,
					"rtt":	233771,
					"omitted":	false
				}],
			"sum":	{
				"start":	1.000643,
				"end":	2.000598,
				"seconds":	0.999955,
				"bytes":	651600,
				"bits_per_second":	5213034.905147,
				"retransmits":	0,
				"omitted":	false
			}
		}, {
			"streams":	[{
					"socket":	4,
					"start":	2.000598,
					"end":	3.000323,
					"seconds":	0.999725,
					"bytes":	716760,
					"bits_per_second":	5735656.712654,
					"retransmits":	0,
					"snd_cwnd":	163624,
					"rtt":	278399,
					"omitted":	false
				}],
			"sum":	{
				"start":	2.000598,
				"end":	3.000323,
				"seconds":	0.999725,
				"bytes":	716760,
				"bits_per_second":	5735656.712654,
				"retransmits":	0,
				"omitted":	false
			}
		}, {
			"streams":	[{
					"socket":	4,
					"start":	3.000323,
					"end":	4.001053,
					"seconds":	1.000730,
					"bytes":	651600,
					"bits_per_second":	5208997.235695,
					"retransmits":	0,
					"snd_cwnd":	189688,
					"rtt":	338232,
					"omitted":	false
				}],
			"sum":	{
				"start":	3.000323,
				"end":	4.001053,
				"seconds":	1.000730,
				"bytes":	651600,
				"bits_per_second":	5208997.235695,
				"retransmits":	0,
				"omitted":	false
			}
		}, {
			"streams":	[{
					"socket":	4,
					"start":	4.001053,
					"end":	5.000712,
					"seconds":	0.999659,
					"bytes":	716760,
					"bits_per_second":	5736035.635776,
					"retransmits":	0,
					"snd_cwnd":	220096,
					"rtt":	390210,
					"omitted":	false
				}],
			"sum":	{
				"start":	4.001053,
				"end":	5.000712,
				"seconds":	0.999659,
				"bytes":	716760,
				"bits_per_second":	5736035.635776,
				"retransmits":	0,
				"omitted":	false
			}
		}, {
			"streams":	[{
					"socket":	4,
					"start":	5.000712,
					"end":	6.000530,
					"seconds":	0.999818,
					"bytes":	586440,
					"bits_per_second":	4692374.724476,
					"retransmits":	0,
					"snd_cwnd":	243264,
					"rtt":	436090,
					"omitted":	false
				}],
			"sum":	{
				"start":	5.000712,
				"end":	6.000530,
				"seconds":	0.999818,
				"bytes":	586440,
				"bits_per_second":	4692374.724476,
				"retransmits":	0,
				"omitted":	false
			}
		}, {
			"streams":	[{
					"socket":	4,
					"start":	6.000530,
					"end":	7.000473,
					"seconds":	0.999943,
					"bytes":	651600,
					"bits_per_second":	5213097.052907,
					"retransmits":	0,
					"snd_cwnd":	267880,
					"rtt":	477711,
					"omitted":	false
				}],
			"sum":	{
				"start":	6.000530,
				"end":	7.000473,
				"seconds":	0.999943,
				"bytes":	651600,
				"bits_per_second":	5213097.052907,
				"retransmits":	0,
				"omitted":	false
			}
		}, {
			"streams":	[{
					"socket":	4,
					"start":	7.000473,
					"end":	8.000601,
					"seconds":	1.000128,
					"bytes":	781920,
					"bits_per_second":	6254559.223923,
					"retransmits":	0,
					"snd_cwnd":	311320,
					"rtt":	527668,
					"omitted":	false
				}],
			"sum":	{
				"start":	7.000473,
				"end":	8.000601,
				"seconds":	1.000128,
				"bytes":	781920,
				"bits_per_second":	6254559.223923,
				"retransmits":	0,
				"omitted":	false
			}
		}, {
			"streams":	[{
					"socket":	4,
					"start":	8.000601,
					"end":	9.000312,
					"seconds":	0.999711,
					"bytes":	1238040,
					"bits_per_second":	9907182.812416,
					"retransmits":	0,
					"snd_cwnd":	418472,
					"rtt":	590583,
					"omitted":	false
				}],
			"sum":	{
				"start":	8.000601,
				"end":	9.000312,
				"seconds":	0.999711,
				"bytes":	1238040,
				"bits_per_second":	9907182.812416,
				"retransmits":	0,
				"omitted":	false
			}
		}, {
			"streams":	[{
					"socket":	4,
					"start":	9.000312,
					"end":	10.001487,
					"seconds":	1.001175,
					"bytes":	847080,
					"bits_per_second":	6768687.288190,
					"retransmits":	0,
					"snd_cwnd":	493768,
					"rtt":	634619,
					"omitted":	false
				}],
			"sum":	{
				"start":	9.000312,
				"end":	10.001487,
				"seconds":	1.001175,
				"bytes":	847080,
				"bits_per_second":	6768687.288190,
				"retransmits":	0,
				"omitted":	false
			}
		}, {
			"streams":	[{
					"socket":	4,
					"start":	10.001487,
					"end":	11.000698,
					"seconds":	0.999211,
					"bytes":	2215440,
					"bits_per_second":	17737513.604784,
					"retransmits":	0,
					"snd_cwnd":	702280,
					"rtt":	736024,
					"omitted":	false
				}],
			"sum":	{
				"start":	10.001487,
				"end":	11.000698,
				"seconds":	0.999211,
				"bytes":	2215440,
				"bits_per_second":	17737513.604784,
				"retransmits":	0,
				"omitted":	false
			}
		}, {
			"streams":	[{
					"socket":	4,
					"start":	11.000698,
					"end":	12.001521,
					"seconds":	1.000823,
					"bytes":	651600,
					"bits_per_second":	5208513.284526,
					"retransmits":	0,
					"snd_cwnd":	851424,
					"rtt":	799962,
					"omitted":	false
				}],
			"sum":	{
				"start":	11.000698,
				"end":	12.001521,
				"seconds":	1.000823,
				"bytes":	651600,
				"bits_per_second":	5208513.284526,
				"retransmits":	0,
				"omitted":	false
			}
		}, {
			"streams":	[{
					"socket":	4,
					"start":	12.001521,
					"end":	13.001396,
					"seconds":	0.999875,
					"bytes":	781920,
					"bits_per_second":	6256143.079890,
					"retransmits":	0,
					"snd_cwnd":	1025184,
					"rtt":	840655,
					"omitted":	false
				}],
			"sum":	{
				"start":	12.001521,
				"end":	13.001396,
				"seconds":	0.999875,
				"bytes":	781920,
				"bits_per_second":	6256143.079890,
				"retransmits":	0,
				"omitted":	false
			}
		}, {
			"streams":	[{
					"socket":	4,
					"start":	13.001396,
					"end":	14.001209,
					"seconds":	0.999813,
					"bytes":	912240,
					"bits_per_second":	7299284.383449,
					"retransmits":	0,
					"snd_cwnd":	1251072,
					"rtt":	950429,
					"omitted":	false
				}],
			"sum":	{
				"start":	13.001396,
				"end":	14.001209,
				"seconds":	0.999813,
				"bytes":	912240,
				"bits_per_second":	7299284.383449,
				"retransmits":	0,
				"omitted":	false
			}
		}, {
			"streams":	[{
					"socket":	4,
					"start":	14.001209,
					"end":	15.001163,
					"seconds":	0.999954,
					"bytes":	1107720,
					"bits_per_second":	8862167.790752,
					"retransmits":	0,
					"snd_cwnd":	1507368,
					"rtt":	930390,
					"omitted":	false
				}],
			"sum":	{
				"start":	14.001209,
				"end":	15.001163,
				"seconds":	0.999954,
				"bytes":	1107720,
				"bits_per_second":	8862167.790752,
				"retransmits":	0,
				"omitted":	false
			}
		}, {
			"streams":	[{
					"socket":	4,
					"start":	15.001163,
					"end":	16.001474,
					"seconds":	1.000311,
					"bytes":	1310720,
					"bits_per_second":	10482498.514766,
					"retransmits":	0,
					"snd_cwnd":	1865024,
					"rtt":	1139801,
					"omitted":	false
				}],
			"sum":	{
				"start":	15.001163,
				"end":	16.001474,
				"seconds":	1.000311,
				"bytes":	1310720,
				"bits_per_second":	10482498.514766,
				"retransmits":	0,
				"omitted":	false
			}
		}, {
			"streams":	[{
					"socket":	4,
					"start":	16.001474,
					"end":	17.000723,
					"seconds":	0.999249,
					"bytes":	1768008,
					"bits_per_second":	14154694.437727,
					"retransmits":	0,
					"snd_cwnd":	2296528,
					"rtt":	1099521,
					"omitted":	false
				}],
			"sum":	{
				"start":	16.001474,
				"end":	17.000723,
				"seconds":	0.999249,
				"bytes":	1768008,
				"bits_per_second":	14154694.437727,
				"retransmits":	0,
				"omitted":	false
			}
		}, {
			"streams":	[{
					"socket":	4,
					"start":	17.000723,
					"end":	18.001142,
					"seconds":	1.000419,
					"bytes":	2296808,
					"bits_per_second":	18366770.133479,
					"retransmits":	0,
					"snd_cwnd":	2765680,
					"rtt":	890787,
					"omitted":	false
				}],
			"sum":	{
				"start":	17.000723,
				"end":	18.001142,
				"seconds":	1.000419,
				"bytes":	2296808,
				"bits_per_second":	18366770.133479,
				"retransmits":	0,
				"omitted":	false
			}
		}, {
			"streams":	[{
					"socket":	4,
					"start":	18.001142,
					"end":	19.001633,
					"seconds":	1.000491,
					"bytes":	660288,
					"bits_per_second":	5279710.910783,
					"retransmits":	212,
					"snd_cwnd":	1164192,
					"rtt":	1015404,
					"omitted":	false
				}],
			"sum":	{
				"start":	18.001142,
				"end":	19.001633,
				"seconds":	1.000491,
				"bytes":	660288,
				"bits_per_second":	5279710.910783,
				"retransmits":	212,
				"omitted":	false
			}
		}, {
			"streams":	[{
					"socket":	4,
					"start":	19.001633,
					"end":	20.001369,
					"seconds":	0.999736,
					"bytes":	399648,
					"bits_per_second":	3198028.816191,
					"retransmits":	88,
					"snd_cwnd":	357656,
					"rtt":	854058,
					"omitted":	false
				}],
			"sum":	{
				"start":	19.001633,
				"end":	20.001369,
				"seconds":	0.999736,
				"bytes":	399648,
				"bits_per_second":	3198028.816191,
				"retransmits":	88,
				"omitted":	false
			}
		}, {
			"streams":	[{
					"socket":	4,
					"start":	20.001369,
					"end":	21.000875,
					"seconds":	0.999506,
					"bytes":	3844440,
					"bits_per_second":	30770720.837511,
					"retransmits":	0,
					"snd_cwnd":	728344,
					"rtt":	608467,
					"omitted":	false
				}],
			"sum":	{
				"start":	20.001369,
				"end":	21.000875,
				"seconds":	0.999506,
				"bytes":	3844440,
				"bits_per_second":	30770720.837511,
				"retransmits":	0,
				"omitted":	false
			}
		}, {
			"streams":	[{
					"socket":	4,
					"start":	21.000875,
					"end":	22.001391,
					"seconds":	1.000516,
					"bytes":	1310720,
					"bits_per_second":	10480350.292362,
					"retransmits":	0,
					"snd_cwnd":	1450896,
					"rtt":	948319,
					"omitted":	false
				}],
			"sum":	{
				"start":	21.000875,
				"end":	22.001391,
				"seconds":	1.000516,
				"bytes":	1310720,
				"bits_per_second":	10480350.292362,
				"retransmits":	0,
				"omitted":	false
			}
		}, {
			"streams":	[{
					"socket":	4,
					"start":	22.001391,
					"end":	23.000111,
					"seconds":	0.998720,
					"bytes":	1426000,
					"bits_per_second":	11422621.748010,
					"retransmits":	0,
					"snd_cwnd":	1520400,
					"rtt":	1003690,
					"omitted":	false
				}],
			"sum":	{
				"start":	22.001391,
				"end":	23.000111,
				"seconds":	0.998720,
				"bytes":	1426000,
				"bits_per_second":	11422621.748010,
				"retransmits":	0,
				"omitted":	false
			}
		}, {
			"streams":	[{
					"socket":	4,
					"start":	23.000111,
					"end":	24.001416,
					"seconds":	1.001305,
					"bytes":	1303200,
					"bits_per_second":	10412013.728919,
					"retransmits":	0,
					"snd_cwnd":	1575424,
					"rtt":	1044156,
					"omitted":	false
				}],
			"sum":	{
				"start":	23.000111,
				"end":	24.001416,
				"seconds":	1.001305,
				"bytes":	1303200,
				"bits_per_second":	10412013.728919,
				"retransmits":	0,
				"omitted":	false
			}
		}, {
			"streams":	[{
					"socket":	4,
					"start":	24.001416,
					"end":	25.001343,
					"seconds":	0.999927,
					"bytes":	651600,
					"bits_per_second":	5213180.333229,
					"retransmits":	40,
					"snd_cwnd":	1365464,
					"rtt":	1073726,
					"omitted":	false
				}],
			"sum":	{
				"start":	24.001416,
				"end":	25.001343,
				"seconds":	0.999927,
				"bytes":	651600,
				"bits_per_second":	5213180.333229,
				"retransmits":	40,
				"omitted":	false
			}
		}, {
			"streams":	[{
					"socket":	4,
					"start":	25.001343,
					"end":	26.000424,
					"seconds":	0.999081,
					"bytes":	2476080,
					"bits_per_second":	19826858.210111,
					"retransmits":	10,
					"snd_cwnd":	1117856,
					"rtt":	843806,
					"omitted":	false
				}],
			"sum":	{
				"start":	25.001343,
				"end":	26.000424,
				"seconds":	0.999081,
				"bytes":	2476080,
				"bits_per_second":	19826858.210111,
				"retransmits":	10,
				"omitted":	false
			}
		}, {
			"streams":	[{
					"socket":	4,
					"start":	26.000424,
					"end":	27.001305,
					"seconds":	1.000881,
					"bytes":	1107720,
					"bits_per_second":	8853960.045021,
					"retransmits":	0,
					"snd_cwnd":	1161296,
					"rtt":	733646,
					"omitted":	false
				}],
			"sum":	{
				"start":	26.000424,
				"end":	27.001305,
				"seconds":	1.000881,
				"bytes":	1107720,
				"bits_per_second":	8853960.045021,
				"retransmits":	0,
				"omitted":	false
			}
		}, {
			"streams":	[{
					"socket":	4,
					"start":	27.001305,
					"end":	28.000145,
					"seconds":	0.998840,
					"bytes":	1563840,
					"bits_per_second":	12525251.105012,
					"retransmits":	0,
					"snd_cwnd":	1226456,
					"rtt":	705530,
					"omitted":	false
				}],
			"sum":	{
				"start":	27.001305,
				"end":	28.000145,
				"seconds":	0.998840,
				"bytes":	1563840,
				"bits_per_second":	12525251.105012,
				"retransmits":	0,
				"omitted":	false
			}
		}, {
			"streams":	[{
					"socket":	4,
					"start":	28.000145,
					"end":	29.000400,
					"seconds":	1.000255,
					"bytes":	2019960,
					"bits_per_second":	16155558.589704,
					"retransmits":	0,
					"snd_cwnd":	1285824,
					"rtt":	738711,
					"omitted":	false
				}],
			"sum":	{
				"start":	28.000145,
				"end":	29.000400,
				"seconds":	1.000255,
				"bytes":	2019960,
				"bits_per_second":	16155558.589704,
				"retransmits":	0,
				"omitted":	false
			}
		}, {
			"streams":	[{
					"socket":	4,
					"start":	29.000400,
					"end":	30.001248,
					"seconds":	1.000848,
					"bytes":	1303200,
					"bits_per_second":	10416766.010690,
					"retransmits":	0,
					"snd_cwnd":	1311888,
					"rtt":	762816,
					"omitted":	false
				}],
			"sum":	{
				"start":	29.000400,
				"end":	30.001248,
				"seconds":	1.000848,
				"bytes":	1303200,
				"bits_per_second":	10416766.010690,
				"retransmits":	0,
				"omitted":	false
			}
		}, {
			"streams":	[{
					"socket":	4,
					"start":	30.001248,
					"end":	31.001390,
					"seconds":	1.000142,
					"bytes":	1310720,
					"bits_per_second":	10484272.710985,
					"retransmits":	0,
					"snd_cwnd":	1332160,
					"rtt":	797616,
					"omitted":	false
				}],
			"sum":	{
				"start":	30.001248,
				"end":	31.001390,
				"seconds":	1.000142,
				"bytes":	1310720,
				"bits_per_second":	10484272.710985,
				"retransmits":	0,
				"omitted":	false
			}
		}, {
			"streams":	[{
					"socket":	4,
					"start":	31.001390,
					"end":	32.000762,
					"seconds":	0.999372,
					"bytes":	2273080,
					"bits_per_second":	18196067.030697,
					"retransmits":	0,
					"snd_cwnd":	1349536,
					"rtt":	814396,
					"omitted":	false
				}],
			"sum":	{
				"start":	31.001390,
				"end":	32.000762,
				"seconds":	0.999372,
				"bytes":	2273080,
				"bits_per_second":	18196067.030697,
				"retransmits":	0,
				"omitted":	false
			}
		}, {
			"streams":	[{
					"socket":	4,
					"start":	32.000762,
					"end":	33.000334,
					"seconds":	0.999572,
					"bytes":	1694160,
					"bits_per_second":	13559082.763357,
					"retransmits":	0,
					"snd_cwnd":	1353880,
					"rtt":	821789,
					"omitted":	false
				}],
			"sum":	{
				"start":	32.000762,
				"end":	33.000334,
				"seconds":	0.999572,
				"bytes":	1694160,
				"bits_per_second":	13559082.763357,
				"retransmits":	0,
				"omitted":	false
			}
		}, {
			"streams":	[{
					"socket":	4,
					"start":	33.000334,
					"end":	34.001665,
					"seconds":	1.001331,
					"bytes":	1310720,
					"bits_per_second":	10471821.054005,
					"retransmits":	0,
					"snd_cwnd":	1355328,
					"rtt":	827409,
					"omitted":	false
				}],
			"sum":	{
				"start":	33.000334,
				"end":	34.001665,
				"seconds":	1.001331,
				"bytes":	1310720,
				"bits_per_second":	10471821.054005,
				"retransmits":	0,
				"omitted":	false
			}
		}, {
			"streams":	[{
					"socket":	4,
					"start":	34.001665,
					"end":	35.000972,
					"seconds":	0.999307,
					"bytes":	1426000,
					"bits_per_second":	11415912.172481,
					"retransmits":	0,
					"snd_cwnd":	1356776,
					"rtt":	833309,
					"omitted":	false
				}],
			"sum":	{
				"start":	34.001665,
				"end":	35.000972,
				"seconds":	0.999307,
				"bytes":	1426000,
				"bits_per_second":	11415912.172481,
				"retransmits":	0,
				"omitted":	false
			}
		}, {
			"streams":	[{
					"socket":	4,
					"start":	35.000972,
					"end":	36.000504,
					"seconds":	0.999532,
					"bytes":	1694160,
					"bits_per_second":	13559626.117513,
					"retransmits":	0,
					"snd_cwnd":	1361120,
					"rtt":	832199,
					"omitted":	false
				}],
			"sum":	{
				"start":	35.000972,
				"end":	36.000504,
				"seconds":	0.999532,
				"bytes":	1694160,
				"bits_per_second":	13559626.117513,
				"retransmits":	0,
				"omitted":	false
			}
		}, {
			"streams":	[{
					"socket":	4,
					"start":	36.000504,
					"end":	37.000330,
					"seconds":	0.999826,
					"bytes":	2085120,
					"bits_per_second":	16683863.752456,
					"retransmits":	0,
					"snd_cwnd":	1375600,
					"rtt":	835359,
					"omitted":	false
				}],
			"sum":	{
				"start":	36.000504,
				"end":	37.000330,
				"seconds":	0.999826,
				"bytes":	2085120,
				"bits_per_second":	16683863.752456,
				"retransmits":	0,
				"omitted":	false
			}
		}, {
			"streams":	[{
					"socket":	4,
					"start":	37.000330,
					"end":	38.000495,
					"seconds":	1.000165,
					"bytes":	1629000,
					"bits_per_second":	13029850.261597,
					"retransmits":	0,
					"snd_cwnd":	1397320,
					"rtt":	837199,
					"omitted":	false
				}],
			"sum":	{
				"start":	37.000330,
				"end":	38.000495,
				"seconds":	1.000165,
				"bytes":	1629000,
				"bits_per_second":	13029850.261597,
				"retransmits":	0,
				"omitted":	false
			}
		}, {
			"streams":	[{
					"socket":	4,
					"start":	38.000495,
					"end":	39.000383,
					"seconds":	0.999888,
					"bytes":	1433520,
					"bits_per_second":	11469442.493718,
					"retransmits":	0,
					"snd_cwnd":	1427728,
					"rtt":	854012,
					"omitted":	false
				}],
			"sum":	{
				"start":	38.000495,
				"end":	39.000383,
				"seconds":	0.999888,
				"bytes":	1433520,
				"bits_per_second":	11469442.493718,
				"retransmits":	0,
				"omitted":	false
			}
		}, {
			"streams":	[{
					"socket":	4,
					"start":	39.000383,
					"end":	40.001539,
					"seconds":	1.001156,
					"bytes":	1310720,
					"bits_per_second":	10473653.992768,
					"retransmits":	0,
					"snd_cwnd":	1471168,
					"rtt":	873288,
					"omitted":	false
				}],
			"sum":	{
				"start":	39.000383,
				"end":	40.001539,
				"seconds":	1.001156,
				"bytes":	1310720,
				"bits_per_second":	10473653.992768,
				"retransmits":	0,
				"omitted":	false
			}
		}, {
			"streams":	[{
					"socket":	4,
					"start":	40.001539,
					"end":	41.001024,
					"seconds":	0.999485,
					"bytes":	1556320,
					"bits_per_second":	12456975.144518,
					"retransmits":	0,
					"snd_cwnd":	1530536,
					"rtt":	893711,
					"omitted":	false
				}],
			"sum":	{
				"start":	40.001539,
				"end":	41.001024,
				"seconds":	0.999485,
				"bytes":	1556320,
				"bits_per_second":	12456975.144518,
				"retransmits":	0,
				"omitted":	false
			}
		}, {
			"streams":	[{
					"socket":	4,
					"start":	41.001024,
					"end":	42.000890,
					"seconds":	0.999866,
					"bytes":	1498680,
					"bits_per_second":	11991046.695233,
					"retransmits":	0,
					"snd_cwnd":	1610176,
					"rtt":	928836,
					"omitted":	false
				}],
			"sum":	{
				"start":	41.001024,
				"end":	42.000890,
				"seconds":	0.999866,
				"bytes":	1498680,
				"bits_per_second":	11991046.695233,
				"retransmits":	0,
				"omitted":	false
			}
		}, {
			"streams":	[{
					"socket":	4,
					"start":	42.000890,
					"end":	43.001027,
					"seconds":	1.000137,
					"bytes":	1563840,
					"bits_per_second":	12509005.131943,
					"retransmits":	0,
					"snd_cwnd":	1714432,
					"rtt":	971412,
					"omitted":	false
				}],
			"sum":	{
				"start":	42.000890,
				"end":	43.001027,
				"seconds":	1.000137,
				"bytes":	1563840,
				"bits_per_second":	12509005.131943,
				"retransmits":	0,
				"omitted":	false
			}
		}, {
			"streams":	[{
					"socket":	4,
					"start":	43.001027,
					"end":	44.001075,
					"seconds":	1.000048,
					"bytes":	1629000,
					"bits_per_second":	13031375.508671,
					"retransmits":	0,
					"snd_cwnd":	1853440,
					"rtt":	1030087,
					"omitted":	false
				}],
			"sum":	{
				"start":	43.001027,
				"end":	44.001075,
				"seconds":	1.000048,
				"bytes":	1629000,
				"bits_per_second":	13031375.508671,
				"retransmits":	0,
				"omitted":	false
			}
		}, {
			"streams":	[{
					"socket":	4,
					"start":	44.001075,
					"end":	45.001169,
					"seconds":	1.000094,
					"bytes":	260640,
					"bits_per_second":	2084924.148647,
					"retransmits":	68,
					"snd_cwnd":	1287272,
					"rtt":	1063997,
					"omitted":	false
				}],
			"sum":	{
				"start":	44.001075,
				"end":	45.001169,
				"seconds":	1.000094,
				"bytes":	260640,
				"bits_per_second":	2084924.148647,
				"retransmits":	68,
				"omitted":	false
			}
		}, {
			"streams":	[{
					"socket":	4,
					"start":	45.001169,
					"end":	46.001154,
					"seconds":	0.999985,
					"bytes":	3592488,
					"bits_per_second":	28740335.690490,
					"retransmits":	0,
					"snd_cwnd":	1346640,
					"rtt":	764466,
					"omitted":	false
				}],
			"sum":	{
				"start":	45.001169,
				"end":	46.001154,
				"seconds":	0.999985,
				"bytes":	3592488,
				"bits_per_second":	28740335.690490,
				"retransmits":	0,
				"omitted":	false
			}
		}, {
			"streams":	[{
					"socket":	4,
					"start":	46.001154,
					"end":	47.000544,
					"seconds":	0.999390,
					"bytes":	2019960,
					"bits_per_second":	16169541.394617,
					"retransmits":	0,
					"snd_cwnd":	1472616,
					"rtt":	767920,
					"omitted":	false
				}],
			"sum":	{
				"start":	46.001154,
				"end":	47.000544,
				"seconds":	0.999390,
				"bytes":	2019960,
				"bits_per_second":	16169541.394617,
				"retransmits":	0,
				"omitted":	false
			}
		}, {
			"streams":	[{
					"socket":	4,
					"start":	47.000544,
					"end":	48.000421,
					"seconds":	0.999877,
					"bytes":	1433520,
					"bits_per_second":	11469571.032355,
					"retransmits":	0,
					"snd_cwnd":	1560944,
					"rtt":	787906,
					"omitted":	false
				}],
			"sum":	{
				"start":	47.000544,
				"end":	48.000421,
				"seconds":	0.999877,
				"bytes":	1433520,
				"bits_per_second":	11469571.032355,
				"retransmits":	0,
				"omitted":	false
			}
		}, {
			"streams":	[{
					"socket":	4,
					"start":	48.000421,
					"end":	49.000682,
					"seconds":	1.000261,
					"bytes":	1563840,
					"bits_per_second":	12507454.699512,
					"retransmits":	0,
					"snd_cwnd":	1642032,
					"rtt":	845120,
					"omitted":	false
				}],
			"sum":	{
				"start":	48.000421,
				"end":	49.000682,
				"seconds":	1.000261,
				"bytes":	1563840,
				"bits_per_second":	12507454.699512,
				"retransmits":	0,
				"omitted":	false
			}
		}, {
			"streams":	[{
					"socket":	4,
					"start":	49.000682,
					"end":	50.001006,
					"seconds":	1.000324,
					"bytes":	1889640,
					"bits_per_second":	15112223.475641,
					"retransmits":	0,
					"snd_cwnd":	1718776,
					"rtt":	899261,
					"omitted":	false
				}],
			"sum":	{
				"start":	49.000682,
				"end":	50.001006,
				"seconds":	1.000324,
				"bytes":	1889640,
				"bits_per_second":	15112223.475641,
				"retransmits":	0,
				"omitted":	false
			}
		}, {
			"streams":	[{
					"socket":	4,
					"start":	50.001006,
					"end":	51.000609,
					"seconds":	0.999603,
					"bytes":	1954800,
					"bits_per_second":	15644610.393025,
					"retransmits":	0,
					"snd_cwnd":	1778144,
					"rtt":	936463,
					"omitted":	false
				}],
			"sum":	{
				"start":	50.001006,
				"end":	51.000609,
				"seconds":	0.999603,
				"bytes":	1954800,
				"bits_per_second":	15644610.393025,
				"retransmits":	0,
				"omitted":	false
			}
		}, {
			"streams":	[{
					"socket":	4,
					"start":	51.000609,
					"end":	52.000684,
					"seconds":	1.000075,
					"bytes":	1954800,
					"bits_per_second":	15637229.343316,
					"retransmits":	0,
					"snd_cwnd":	1815792,
					"rtt":	960817,
					"omitted":	false
				}],
			"sum":	{
				"start":	51.000609,
				"end":	52.000684,
				"seconds":	1.000075,
				"bytes":	1954800,
				"bits_per_second":	15637229.343316,
				"retransmits":	0,
				"omitted":	false
			}
		}, {
			"streams":	[{
					"socket":	4,
					"start":	52.000684,
					"end":	53.000351,
					"seconds":	0.999667,
					"bytes":	1889640,
					"bits_per_second":	15122156.748165,
					"retransmits":	0,
					"snd_cwnd":	1838960,
					"rtt":	980797,
					"omitted":	false
				}],
			"sum":	{
				"start":	52.000684,
				"end":	53.000351,
				"seconds":	0.999667,
				"bytes":	1889640,
				"bits_per_second":	15122156.748165,
				"retransmits":	0,
				"omitted":	false
			}
		}, {
			"streams":	[{
					"socket":	4,
					"start":	53.000351,
					"end":	54.000637,
					"seconds":	1.000286,
					"bytes":	1889640,
					"bits_per_second":	15112796.194326,
					"retransmits":	0,
					"snd_cwnd":	1851992,
					"rtt":	993194,
					"omitted":	false
				}],
			"sum":	{
				"start":	53.000351,
				"end":	54.000637,
				"seconds":	1.000286,
				"bytes":	1889640,
				"bits_per_second":	15112796.194326,
				"retransmits":	0,
				"omitted":	false
			}
		}, {
			"streams":	[{
					"socket":	4,
					"start":	54.000637,
					"end":	55.001563,
					"seconds":	1.000926,
					"bytes":	967264,
					"bits_per_second":	7730953.000211,
					"retransmits":	28,
					"snd_cwnd":	1526192,
					"rtt":	991429,
					"omitted":	false
				}],
			"sum":	{
				"start":	54.000637,
				"end":	55.001563,
				"seconds":	1.000926,
				"bytes":	967264,
				"bits_per_second":	7730953.000211,
				"retransmits":	28,
				"omitted":	false
			}
		}, {
			"streams":	[{
					"socket":	4,
					"start":	55.001563,
					"end":	56.000711,
					"seconds":	0.999148,
					"bytes":	3201528,
					"bits_per_second":	25634066.993602,
					"retransmits":	2,
					"snd_cwnd":	1303200,
					"rtt":	813783,
					"omitted":	false
				}],
			"sum":	{
				"start":	55.001563,
				"end":	56.000711,
				"seconds":	0.999148,
				"bytes":	3201528,
				"bits_per_second":	25634066.993602,
				"retransmits":	2,
				"omitted":	false
			}
		}, {
			"streams":	[{
					"socket":	4,
					"start":	56.000711,
					"end":	57.001235,
					"seconds":	1.000524,
					"bytes":	1303200,
					"bits_per_second":	10420139.388090,
					"retransmits":	0,
					"snd_cwnd":	1352432,
					"rtt":	720226,
					"omitted":	false
				}],
			"sum":	{
				"start":	56.000711,
				"end":	57.001235,
				"seconds":	1.000524,
				"bytes":	1303200,
				"bits_per_second":	10420139.388090,
				"retransmits":	0,
				"omitted":	false
			}
		}, {
			"streams":	[{
					"socket":	4,
					"start":	57.001235,
					"end":	58.000507,
					"seconds":	0.999272,
					"bytes":	1824480,
					"bits_per_second":	14606471.932929,
					"retransmits":	0,
					"snd_cwnd":	1424832,
					"rtt":	743803,
					"omitted":	false
				}],
			"sum":	{
				"start":	57.001235,
				"end":	58.000507,
				"seconds":	0.999272,
				"bytes":	1824480,
				"bits_per_second":	14606471.932929,
				"retransmits":	0,
				"omitted":	false
			}
		}, {
			"streams":	[{
					"socket":	4,
					"start":	58.000507,
					"end":	59.000794,
					"seconds":	1.000287,
					"bytes":	2345760,
					"bits_per_second":	18760694.630619,
					"retransmits":	0,
					"snd_cwnd":	1491440,
					"rtt":	790001,
					"omitted":	false
				}],
			"sum":	{
				"start":	58.000507,
				"end":	59.000794,
				"seconds":	1.000287,
				"bytes":	2345760,
				"bits_per_second":	18760694.630619,
				"retransmits":	0,
				"omitted":	false
			}
		}, {
			"streams":	[{
					"socket":	4,
					"start":	59.000794,
					"end":	60.000684,
					"seconds":	0.999890,
					"bytes":	1433520,
					"bits_per_second":	11469423.349912,
					"retransmits":	0,
					"snd_cwnd":	1523296,
					"rtt":	821068,
					"omitted":	false
				}],
			"sum":	{
				"start":	59.000794,
				"end":	60.000684,
				"seconds":	0.999890,
				"bytes":	1433520,
				"bits_per_second":	11469423.349912,
				"retransmits":	0,
				"omitted":	false
			}
		}],
	"end":	{
		"streams":	[{
				"sender":	{
					"socket":	4,
					"start":	0,
					"end":	60.000684,
					"seconds":	60.000684,
					"bytes":	88942512,
					"bits_per_second":	11858866.404396,
					"retransmits":	448,
					"max_snd_cwnd":	2765680,
					"max_rtt":	1139801,
					"min_rtt":	182822,
					"mean_rtt":	797347
				},
				"receiver":	{
					"socket":	4,
					"start":	0,
					"end":	60.000684,
					"seconds":	60.000684,
					"bytes":	86900736,
					"bits_per_second":	11586632.707964
				}
			}],
		"sum_sent":	{
			"start":	0,
			"end":	60.000684,
			"seconds":	60.000684,
			"bytes":	88942512,
			"bits_per_second":	11858866.404396,
			"retransmits":	448
		},
		"sum_received":	{
			"start":	0,
			"end":	60.000684,
			"seconds":	60.000684,
			"bytes":	86900736,
			"bits_per_second":	11586632.707964
		},
		"cpu_utilization_percent":	{
			"host_total":	0.224811,
			"host_user":	0.034332,
			"host_system":	0.190479,
			"remote_total":	0.914635,
			"remote_user":	0,
			"remote_system":	0.914635
		}
	}
}
