{
	"start":	{
		"connected":	[{
				"socket":	4,
				"local_host":	"192.168.179.150",
				"local_port":	58590,
				"remote_host":	"192.168.120.130",
				"remote_port":	5201
			}],
		"version":	"iperf 3.1.3",
		"system_info":	"Linux a 4.15.0-213-generic #224-Ubuntu SMP Mon Jun 19 13:30:12 UTC 2023 x86_64",
		"timestamp":	{
			"time":	"Mon, 05 May 2025 10:41:35 GMT",
			"timesecs":	1746441695
		},
		"connecting_to":	{
			"host":	"192.168.120.130",
			"port":	5201
		},
		"cookie":	"a.1746441695.078359.0347a2b742f88032",
		"tcp_mss_default":	1448,
		"test_start":	{
			"protocol":	"TCP",
			"num_streams":	1,
			"blksize":	131072,
			"omit":	0,
			"duration":	60,
			"bytes":	0,
			"blocks":	0,
			"reverse":	0
		}
	},
	"intervals":	[{
			"streams":	[{
					"socket":	4,
					"start":	0,
					"end":	1.000328,
					"seconds":	1.000328,
					"bytes":	7811960,
					"bits_per_second":	62475184.143386,
					"retransmits":	0,
					"snd_cwnd":	571960,
					"rtt":	116554,
					"omitted":	false
				}],
			"sum":	{
				"start":	0,
				"end":	1.000328,
				"seconds":	1.000328,
				"bytes":	7811960,
				"bits_per_second":	62475184.143386,
				"retransmits":	0,
				"omitted":	false
			}
		}, {
			"streams":	[{
					"socket":	4,
					"start":	1.000328,
					"end":	2.000115,
					"seconds":	0.999787,
					"bytes":	5277960,
					"bits_per_second":	42232671.664838,
					"retransmits":	0,
					"snd_cwnd":	800744,
					"rtt":	164113,
					"omitted":	false
				}],
			"sum":	{
				"start":	1.000328,
				"end":	2.000115,
				"seconds":	0.999787,
				"bytes":	5277960,
				"bits_per_second":	42232671.664838,
				"retransmits":	0,
				"omitted":	false
			}
		}, {
			"streams":	[{
					"socket":	4,
					"start":	2.000115,
					"end":	3.000655,
					"seconds":	1.000540,
					"bytes":	4496040,
					"bits_per_second":	35948906.940236,
					"retransmits":	0,
					"snd_cwnd":	1029528,
					"rtt":	217575,
					"omitted":	false
				}],
			"sum":	{
				"start":	2.000115,
				"end":	3.000655,
				"seconds":	1.000540,
				"bytes":	4496040,
				"bits_per_second":	35948906.940236,
				"retransmits":	0,
				"omitted":	false
			}
		}, {
			"streams":	[{
					"socket":	4,
					"start":	3.000655,
					"end":	4.000158,
					"seconds":	0.999503,
					"bytes":	4235400,
					"bits_per_second":	33900051.808553,
					"retransmits":	0,
					"snd_cwnd":	1243832,
					"rtt":	279539,
					"omitted":	false
				}],
			"sum":	{
				"start":	3.000655,
				"end":	4.000158,
				"seconds":	0.999503,
				"bytes":	4235400,
				"bits_per_second":	33900051.808553,
				"retransmits":	0,
				"omitted":	false
			}
		}, {
			"streams":	[{
					"socket":	4,
					"start":	4.000158,
					"end":	5.000542,
					"seconds":	1.000384,
					"bytes":	4235400,
					"bits_per_second":	33870190.719497,
					"retransmits":	0,
					"snd_cwnd":	1459584,
					"rtt":	326947,
					"omitted":	false
				}],
			"sum":	{
				"start":	4.000158,
				"end":	5.000542,
				"seconds":	1.000384,
				"bytes":	4235400,
				"bits_per_second":	33870190.719497,
				"retransmits":	0,
				"omitted":	false
			}
		}, {
			"streams":	[{
					"socket":	4,
					"start":	5.000542,
					"end":	6.000418,
					"seconds":	0.999876,
					"bytes":	4105080,
					"bits_per_second":	32844712.010576,
					"retransmits":	0,
					"snd_cwnd":	1668096,
					"rtt":	379350,
					"omitted":	false
				}],
			"sum":	{
				"start":	5.000542,
				"end":	6.000418,
				"seconds":	0.999876,
				"bytes":	4105080,
				"bits_per_second":	32844712.010576,
				"retransmits":	0,
				"omitted":	false
			}
		}, {
			"streams":	[{
					"socket":	4,
					"start":	6.000418,
					"end":	7.000605,
					"seconds":	1.000187,
					"bytes":	3932160,
					"bits_per_second":	31451401.098885,
					"retransmits":	0,
					"snd_cwnd":	1870816,
					"rtt":	440279,
					"omitted":	false
				}],
			"sum":	{
				"start":	6.000418,
				"end":	7.000605,
				"seconds":	1.000187,
				"bytes":	3932160,
				"bits_per_second":	31451401.098885,
				"retransmits":	0,
				"omitted":	false
			}
		}, {
			"streams":	[{
					"socket":	4,
					"start":	7.000605,
					"end":	8.000358,
					"seconds":	0.999753,
					"bytes":	4082520,
					"bits_per_second":	32668229.106425,
					"retransmits":	0,
					"snd_cwnd":	2073536,
					"rtt":	488271,
					"omitted":	false
				}],
			"sum":	{
				"start":	7.000605,
				"end":	8.000358,
				"seconds":	0.999753,
				"bytes":	4082520,
				"bits_per_second":	32668229.106425,
				"retransmits":	0,
				"omitted":	false
			}
		}, {
			"streams":	[{
					"socket":	4,
					"start":	8.000358,
					"end":	9.001198,
					"seconds":	1.000840,
					"bytes":	3932160,
					"bits_per_second":	31430879.674918,
					"retransmits":	0,
					"snd_cwnd":	2274808,
					"rtt":	533521,
					"omitted":	false
				}],
			"sum":	{
				"start":	8.000358,
				"end":	9.001198,
				"seconds":	1.000840,
				"bytes":	3932160,
				"bits_per_second":	31430879.674918,
				"retransmits":	0,
				"omitted":	false
			}
		}, {
			"streams":	[{
					"socket":	4,
					"start":	9.001198,
					"end":	10.000568,
					"seconds":	0.999370,
					"bytes":	4067992,
					"bits_per_second":	32564448.407468,
					"retransmits":	0,
					"snd_cwnd":	2478976,
					"rtt":	583030,
					"omitted":	false
				}],
			"sum":	{
				"start":	9.001198,
				"end":	10.000568,
				"seconds":	0.999370,
				"bytes":	4067992,
				"bits_per_second":	32564448.407468,
				"retransmits":	0,
				"omitted":	false
			}
		}, {
			"streams":	[{
					"socket":	4,
					"start":	10.000568,
					"end":	11.001550,
					"seconds":	1.000982,
					"bytes":	3807072,
					"bits_per_second":	30426695.581437,
					"retransmits":	0,
					"snd_cwnd":	2671560,
					"rtt":	622125,
					"omitted":	false
				}],
			"sum":	{
				"start":	10.000568,
				"end":	11.001550,
				"seconds":	1.000982,
				"bytes":	3807072,
				"bits_per_second":	30426695.581437,
				"retransmits":	0,
				"omitted":	false
			}
		}, {
			"streams":	[{
					"socket":	4,
					"start":	11.001550,
					"end":	12.000531,
					"seconds":	0.998981,
					"bytes":	4067712,
					"bits_per_second":	32574889.845558,
					"retransmits":	0,
					"snd_cwnd":	2877176,
					"rtt":	698232,
					"omitted":	false
				}],
			"sum":	{
				"start":	11.001550,
				"end":	12.000531,
				"seconds":	0.998981,
				"bytes":	4067712,
				"bits_per_second":	32574889.845558,
				"retransmits":	0,
				"omitted":	false
			}
		}, {
			"streams":	[{
					"socket":	4,
					"start":	12.000531,
					"end":	13.001025,
					"seconds":	1.000494,
					"bytes":	3416112,
					"bits_per_second":	27315402.101333,
					"retransmits":	0,
					"snd_cwnd":	3046592,
					"rtt":	762319,
					"omitted":	false
				}],
			"sum":	{
				"start":	12.000531,
				"end":	13.001025,
				"seconds":	1.000494,
				"bytes":	3416112,
				"bits_per_second":	27315402.101333,
				"retransmits":	0,
				"omitted":	false
			}
		}, {
			"streams":	[{
					"socket":	4,
					"start":	13.001025,
					"end":	14.001367,
					"seconds":	1.000342,
					"bytes":	3741912,
					"bits_per_second":	29925064.852473,
					"retransmits":	0,
					"snd_cwnd":	3231936,
					"rtt":	701494,
					"omitted":	false
				}],
			"sum":	{
				"start":	13.001025,
				"end":	14.001367,
				"seconds":	1.000342,
				"bytes":	3741912,
				"bits_per_second":	29925064.852473,
				"retransmits":	0,
				"omitted":	false
			}
		}, {
			"streams":	[{
					"socket":	4,
					"start":	14.001367,
					"end":	15.000618,
					"seconds":	0.999251,
					"bytes":	3546432,
					"bits_per_second":	28392718.533406,
					"retransmits":	0,
					"snd_cwnd":	3410040,
					"rtt":	738820,
					"omitted":	false
				}],
			"sum":	{
				"start":	14.001367,
				"end":	15.000618,
				"seconds":	0.999251,
				"bytes":	3546432,
				"bits_per_second":	28392718.533406,
				"retransmits":	0,
				"omitted":	false
			}
		}, {
			"streams":	[{
					"socket":	4,
					"start":	15.000618,
					"end":	16.000722,
					"seconds":	1.000104,
					"bytes":	3346608,
					"bits_per_second":	26770081.236657,
					"retransmits":	0,
					"snd_cwnd":	3540360,
					"rtt":	982127,
					"omitted":	false
				}],
			"sum":	{
				"start":	15.000618,
				"end":	16.000722,
				"seconds":	1.000104,
				"bytes":	3346608,
				"bits_per_second":	26770081.236657,
				"retransmits":	0,
				"omitted":	false
			}
		}, {
			"streams":	[{
					"socket":	4,
					"start":	16.000722,
					"end":	17.000239,
					"seconds":	0.999517,
					"bytes":	2695008,
					"bits_per_second":	21570483.320871,
					"retransmits":	0,
					"snd_cwnd":	3540360,
					"rtt":	986452,
					"omitted":	false
				}],
			"sum":	{
				"start":	16.000722,
				"end":	17.000239,
				"seconds":	0.999517,
				"bytes":	2695008,
				"bits_per_second":	21570483.320871,
				"retransmits":	0,
				"omitted":	false
			}
		}, {
			"streams":	[{
					"socket":	4,
					"start":	17.000239,
					"end":	18.000546,
					"seconds":	1.000307,
					"bytes":	2695008,
					"bits_per_second":	21553445.300557,
					"retransmits":	0,
					"snd_cwnd":	3540360,
					"rtt":	1029794,
					"omitted":	false
				}],
			"sum":	{
				"start":	17.000239,
				"end":	18.000546,
				"seconds":	1.000307,
				"bytes":	2695008,
				"bits_per_second":	21553445.300557,
				"retransmits":	0,
				"omitted":	false
			}
		}, {
			"streams":	[{
					"socket":	4,
					"start":	18.000546,
					"end":	19.000661,
					"seconds":	1.000115,
					"bytes":	2296808,
					"bits_per_second":	18372352.690472,
					"retransmits":	0,
					"snd_cwnd":	3540360,
					"rtt":	1050425,
					"omitted":	false
				}],
			"sum":	{
				"start":	18.000546,
				"end":	19.000661,
				"seconds":	1.000115,
				"bytes":	2296808,
				"bits_per_second":	18372352.690472,
				"retransmits":	0,
				"omitted":	false
			}
		}, {
			"streams":	[{
					"socket":	4,
					"start":	19.000661,
					"end":	20.000779,
					"seconds":	1.000118,
					"bytes":	1710088,
					"bits_per_second":	13679089.632189,
					"retransmits":	0,
					"snd_cwnd":	3540360,
					"rtt":	1200447,
					"omitted":	false
				}],
			"sum":	{
				"start":	19.000661,
				"end":	20.000779,
				"seconds":	1.000118,
				"bytes":	1710088,
				"bits_per_second":	13679089.632189,
				"retransmits":	0,
				"omitted":	false
			}
		}, {
			"streams":	[{
					"socket":	4,
					"start":	20.000779,
					"end":	21.001509,
					"seconds":	1.000730,
					"bytes":	535760,
					"bits_per_second":	4282953.282683,
					"retransmits":	180,
					"snd_cwnd":	1443656,
					"rtt":	1110795,
					"omitted":	false
				}],
			"sum":	{
				"start":	20.000779,
				"end":	21.001509,
				"seconds":	1.000730,
				"bytes":	535760,
				"bits_per_second":	4282953.282683,
				"retransmits":	180,
				"omitted":	false
			}
		}, {
			"streams":	[{
					"socket":	4,
					"start":	21.001509,
					"end":	22.000995,
					"seconds":	0.999486,
					"bytes":	2680248,
					"bits_per_second":	21453011.501296,
					"retransmits":	121,
					"snd_cwnd":	1768008,
					"rtt":	985878,
					"omitted":	false
				}],
			"sum":	{
				"start":	21.001509,
				"end":	22.000995,
				"seconds":	0.999486,
				"bytes":	2680248,
				"bits_per_second":	21453011.501296,
				"retransmits":	121,
				"omitted":	false
			}
		}, {
			"streams":	[{
					"socket":	4,
					"start":	22.000995,
					"end":	23.001145,
					"seconds":	1.000150,
					"bytes":	1453792,
					"bits_per_second":	11628592.114855,
					"retransmits":	0,
					"snd_cwnd":	2489112,
					"rtt":	1072208,
					"omitted":	false
				}],
			"sum":	{
				"start":	22.000995,
				"end":	23.001145,
				"seconds":	1.000150,
				"bytes":	1453792,
				"bits_per_second":	11628592.114855,
				"retransmits":	0,
				"omitted":	false
			}
		}, {
			"streams":	[{
					"socket":	4,
					"start":	23.001145,
					"end":	24.001545,
					"seconds":	1.000400,
					"bytes":	718208,
					"bits_per_second":	5743366.272271,
					"retransmits":	538,
					"snd_cwnd":	1369808,
					"rtt":	1141589,
					"omitted":	false
				}],
			"sum":	{
				"start":	23.001145,
				"end":	24.001545,
				"seconds":	1.000400,
				"bytes":	718208,
				"bits_per_second":	5743366.272271,
				"retransmits":	538,
				"omitted":	false
			}
		}, {
			"streams":	[{
					"socket":	4,
					"start":	24.001545,
					"end":	25.000693,
					"seconds":	0.999148,
					"bytes":	3331848,
					"bits_per_second":	26677516.124956,
					"retransmits":	0,
					"snd_cwnd":	1782488,
					"rtt":	745618,
					"omitted":	false
				}],
			"sum":	{
				"start":	24.001545,
				"end":	25.000693,
				"seconds":	0.999148,
				"bytes":	3331848,
				"bits_per_second":	26677516.124956,
				"retransmits":	0,
				"omitted":	false
			}
		}, {
			"streams":	[{
					"socket":	4,
					"start":	25.000693,
					"end":	26.000549,
					"seconds":	0.999856,
					"bytes":	1694160,
					"bits_per_second":	13555232.018771,
					"retransmits":	0,
					"snd_cwnd":	1844752,
					"rtt":	1014355,
					"omitted":	false
				}],
			"sum":	{
				"start":	25.000693,
				"end":	26.000549,
				"seconds":	0.999856,
				"bytes":	1694160,
				"bits_per_second":	13555232.018771,
				"retransmits":	0,
				"omitted":	false
			}
		}, {
			"streams":	[{
					"socket":	4,
					"start":	26.000549,
					"end":	27.000457,
					"seconds":	0.999908,
					"bytes":	1476960,
					"bits_per_second":	11816767.492049,
					"retransmits":	0,
					"snd_cwnd":	1909912,
					"rtt":	1069819,
					"omitted":	false
				}],
			"sum":	{
				"start":	26.000549,
				"end":	27.000457,
				"seconds":	0.999908,
				"bytes":	1476960,
				"bits_per_second":	11816767.492049,
				"retransmits":	0,
				"omitted":	false
			}
		}, {
			"streams":	[{
					"socket":	4,
					"start":	27.000457,
					"end":	28.001155,
					"seconds":	1.000698,
					"bytes":	1572528,
					"bits_per_second":	12571448.002897,
					"retransmits":	0,
					"snd_cwnd":	1973624,
					"rtt":	1088095,
					"omitted":	false
				}],
			"sum":	{
				"start":	27.000457,
				"end":	28.001155,
				"seconds":	1.000698,
				"bytes":	1572528,
				"bits_per_second":	12571448.002897,
				"retransmits":	0,
				"omitted":	false
			}
		}, {
			"streams":	[{
					"socket":	4,
					"start":	28.001155,
					"end":	29.001193,
					"seconds":	1.000038,
					"bytes":	1048352,
					"bits_per_second":	8386498.079984,
					"retransmits":	78,
					"snd_cwnd":	1064280,
					"rtt":	848743,
					"omitted":	false
				}],
			"sum":	{
				"start":	28.001155,
				"end":	29.001193,
				"seconds":	1.000038,
				"bytes":	1048352,
				"bits_per_second":	8386498.079984,
				"retransmits":	78,
				"omitted":	false
			}
		}, {
			"streams":	[{
					"socket":	4,
					"start":	29.001193,
					"end":	30.000784,
					"seconds":	0.999591,
					"bytes":	3787968,
					"bits_per_second":	30316139.901664,
					"retransmits":	0,
					"snd_cwnd":	1426280,
					"rtt":	758724,
					"omitted":	false
				}],
			"sum":	{
				"start":	29.001193,
				"end":	30.000784,
				"seconds":	0.999591,
				"bytes":	3787968,
				"bits_per_second":	30316139.901664,
				"retransmits":	0,
				"omitted":	false
			}
		}, {
			"streams":	[{
					"socket":	4,
					"start":	30.000784,
					"end":	31.001603,
					"seconds":	1.000819,
					"bytes":	1310720,
					"bits_per_second":	10477179.527131,
					"retransmits":	0,
					"snd_cwnd":	1482752,
					"rtt":	777736,
					"omitted":	false
				}],
			"sum":	{
				"start":	30.000784,
				"end":	31.001603,
				"seconds":	1.000819,
				"bytes":	1310720,
				"bits_per_second":	10477179.527131,
				"retransmits":	0,
				"omitted":	false
			}
		}, {
			"streams":	[{
					"socket":	4,
					"start":	31.001603,
					"end":	32.001018,
					"seconds":	0.999415,
					"bytes":	1686640,
					"bits_per_second":	13501019.165400,
					"retransmits":	0,
					"snd_cwnd":	1542120,
					"rtt":	780725,
					"omitted":	false
				}],
			"sum":	{
				"start":	31.001603,
				"end":	32.001018,
				"seconds":	0.999415,
				"bytes":	1686640,
				"bits_per_second":	13501019.165400,
				"retransmits":	0,
				"omitted":	false
			}
		}, {
			"streams":	[{
					"socket":	4,
					"start":	32.001018,
					"end":	33.000379,
					"seconds":	0.999361,
					"bytes":	2345760,
					"bits_per_second":	18778078.474672,
					"retransmits":	0,
					"snd_cwnd":	1605832,
					"rtt":	815977,
					"omitted":	false
				}],
			"sum":	{
				"start":	32.001018,
				"end":	33.000379,
				"seconds":	0.999361,
				"bytes":	2345760,
				"bits_per_second":	18778078.474672,
				"retransmits":	0,
				"omitted":	false
			}
		}, {
			"streams":	[{
					"socket":	4,
					"start":	33.000379,
					"end":	34.000623,
					"seconds":	1.000244,
					"bytes":	2215440,
					"bits_per_second":	17719198.248451,
					"retransmits":	0,
					"snd_cwnd":	1642032,
					"rtt":	835645,
					"omitted":	false
				}],
			"sum":	{
				"start":	33.000379,
				"end":	34.000623,
				"seconds":	1.000244,
				"bytes":	2215440,
				"bits_per_second":	17719198.248451,
				"retransmits":	0,
				"omitted":	false
			}
		}, {
			"streams":	[{
					"socket":	4,
					"start":	34.000623,
					"end":	35.000774,
					"seconds":	1.000151,
					"bytes":	1629000,
					"bits_per_second":	13030030.414752,
					"retransmits":	0,
					"snd_cwnd":	1660856,
					"rtt":	856270,
					"omitted":	false
				}],
			"sum":	{
				"start":	34.000623,
				"end":	35.000774,
				"seconds":	1.000151,
				"bytes":	1629000,
				"bits_per_second":	13030030.414752,
				"retransmits":	0,
				"omitted":	false
			}
		}, {
			"streams":	[{
					"socket":	4,
					"start":	35.000774,
					"end":	36.000466,
					"seconds":	0.999692,
					"bytes":	1629000,
					"bits_per_second":	13036015.572576,
					"retransmits":	0,
					"snd_cwnd":	1670992,
					"rtt":	863019,
					"omitted":	false
				}],
			"sum":	{
				"start":	35.000774,
				"end":	36.000466,
				"seconds":	0.999692,
				"bytes":	1629000,
				"bits_per_second":	13036015.572576,
				"retransmits":	0,
				"omitted":	false
			}
		}, {
			"streams":	[{
					"socket":	4,
					"start":	36.000466,
					"end":	37.000955,
					"seconds":	1.000489,
					"bytes":	1694160,
					"bits_per_second":	13546655.732682,
					"retransmits":	0,
					"snd_cwnd":	1676784,
					"rtt":	868074,
					"omitted":	false
				}],
			"sum":	{
				"start":	36.000466,
				"end":	37.000955,
				"seconds":	1.000489,
				"bytes":	1694160,
				"bits_per_second":	13546655.732682,
				"retransmits":	0,
				"omitted":	false
			}
		}, {
			"streams":	[{
					"socket":	4,
					"start":	37.000955,
					"end":	38.001076,
					"seconds":	1.000121,
					"bytes":	2085120,
					"bits_per_second":	16678943.878959,
					"retransmits":	0,
					"snd_cwnd":	1678232,
					"rtt":	870844,
					"omitted":	false
				}],
			"sum":	{
				"start":	37.000955,
				"end":	38.001076,
				"seconds":	1.000121,
				"bytes":	2085120,
				"bits_per_second":	16678943.878959,
				"retransmits":	0,
				"omitted":	false
			}
		}, {
			"streams":	[{
					"socket":	4,
					"start":	38.001076,
					"end":	39.000692,
					"seconds":	0.999616,
					"bytes":	2215440,
					"bits_per_second":	17730325.854947,
					"retransmits":	0,
					"snd_cwnd":	1681128,
					"rtt":	873546,
					"omitted":	false
				}],
			"sum":	{
				"start":	38.001076,
				"end":	39.000692,
				"seconds":	0.999616,
				"bytes":	2215440,
				"bits_per_second":	17730325.854947,
				"retransmits":	0,
				"omitted":	false
			}
		}, {
			"streams":	[{
					"socket":	4,
					"start":	39.000692,
					"end":	40.000476,
					"seconds":	0.999784,
					"bytes":	2215440,
					"bits_per_second":	17727349.235651,
					"retransmits":	0,
					"snd_cwnd":	1686920,
					"rtt":	875882,
					"omitted":	false
				}],
			"sum":	{
				"start":	39.000692,
				"end":	40.000476,
				"seconds":	0.999784,
				"bytes":	2215440,
				"bits_per_second":	17727349.235651,
				"retransmits":	0,
				"omitted":	false
			}
		}, {
			"streams":	[{
					"socket":	4,
					"start":	40.000476,
					"end":	41.000401,
					"seconds":	0.999925,
					"bytes":	1889640,
					"bits_per_second":	15118255.408987,
					"retransmits":	0,
					"snd_cwnd":	1698504,
					"rtt":	882017,
					"omitted":	false
				}],
			"sum":	{
				"start":	40.000476,
				"end":	41.000401,
				"seconds":	0.999925,
				"bytes":	1889640,
				"bits_per_second":	15118255.408987,
				"retransmits":	0,
				"omitted":	false
			}
		}, {
			"streams":	[{
					"socket":	4,
					"start":	41.000401,
					"end":	42.000772,
					"seconds":	1.000371,
					"bytes":	1694160,
					"bits_per_second":	13548253.878137,
					"retransmits":	0,
					"snd_cwnd":	1718776,
					"rtt":	900387,
					"omitted":	false
				}],
			"sum":	{
				"start":	41.000401,
				"end":	42.000772,
				"seconds":	1.000371,
				"bytes":	1694160,
				"bits_per_second":	13548253.878137,
				"retransmits":	0,
				"omitted":	false
			}
		}, {
			"streams":	[{
					"socket":	4,
					"start":	42.000772,
					"end":	43.000412,
					"seconds":	0.999640,
					"bytes":	1694160,
					"bits_per_second":	13558161.101433,
					"retransmits":	0,
					"snd_cwnd":	1750632,
					"rtt":	909871,
					"omitted":	false
				}],
			"sum":	{
				"start":	42.000772,
				"end":	43.000412,
				"seconds":	0.999640,
				"bytes":	1694160,
				"bits_per_second":	13558161.101433,
				"retransmits":	0,
				"omitted":	false
			}
		}, {
			"streams":	[{
					"socket":	4,
					"start":	43.000412,
					"end":	44.000742,
					"seconds":	1.000330,
					"bytes":	1694160,
					"bits_per_second":	13548806.052384,
					"retransmits":	0,
					"snd_cwnd":	1796968,
					"rtt":	932651,
					"omitted":	false
				}],
			"sum":	{
				"start":	43.000412,
				"end":	44.000742,
				"seconds":	1.000330,
				"bytes":	1694160,
				"bits_per_second":	13548806.052384,
				"retransmits":	0,
				"omitted":	false
			}
		}, {
			"streams":	[{
					"socket":	4,
					"start":	44.000742,
					"end":	45.000811,
					"seconds":	1.000069,
					"bytes":	1759320,
					"bits_per_second":	14073590.287840,
					"retransmits":	0,
					"snd_cwnd":	1862128,
					"rtt":	967972,
					"omitted":	false
				}],
			"sum":	{
				"start":	44.000742,
				"end":	45.000811,
				"seconds":	1.000069,
				"bytes":	1759320,
				"bits_per_second":	14073590.287840,
				"retransmits":	0,
				"omitted":	false
			}
		}, {
			"streams":	[{
					"socket":	4,
					"start":	45.000811,
					"end":	46.000599,
					"seconds":	0.999788,
					"bytes":	1833168,
					"bits_per_second":	14668453.039009,
					"retransmits":	0,
					"snd_cwnd":	1953352,
					"rtt":	1012550,
					"omitted":	false
				}],
			"sum":	{
				"start":	45.000811,
				"end":	46.000599,
				"seconds":	0.999788,
				"bytes":	1833168,
				"bits_per_second":	14668453.039009,
				"retransmits":	0,
				"omitted":	false
			}
		}, {
			"streams":	[{
					"socket":	4,
					"start":	46.000599,
					"end":	47.001338,
					"seconds":	1.000739,
					"bytes":	457568,
					"bits_per_second":	3657841.370337,
					"retransmits":	18,
					"snd_cwnd":	1369808,
					"rtt":	1016257,
					"omitted":	false
				}],
			"sum":	{
				"start":	46.000599,
				"end":	47.001338,
				"seconds":	1.000739,
				"bytes":	457568,
				"bits_per_second":	3657841.370337,
				"retransmits":	18,
				"omitted":	false
			}
		}, {
			"streams":	[{
					"socket":	4,
					"start":	47.001338,
					"end":	48.001090,
					"seconds":	0.999752,
					"bytes":	3589592,
					"bits_per_second":	28723858.233525,
					"retransmits":	0,
					"snd_cwnd":	1410352,
					"rtt":	680144,
					"omitted":	false
				}],
			"sum":	{
				"start":	47.001338,
				"end":	48.001090,
				"seconds":	0.999752,
				"bytes":	3589592,
				"bits_per_second":	28723858.233525,
				"retransmits":	0,
				"omitted":	false
			}
		}, {
			"streams":	[{
					"socket":	4,
					"start":	48.001090,
					"end":	49.000708,
					"seconds":	0.999618,
					"bytes":	2280600,
					"bits_per_second":	18251771.201292,
					"retransmits":	0,
					"snd_cwnd":	1539224,
					"rtt":	723902,
					"omitted":	false
				}],
			"sum":	{
				"start":	48.001090,
				"end":	49.000708,
				"seconds":	0.999618,
				"bytes":	2280600,
				"bits_per_second":	18251771.201292,
				"retransmits":	0,
				"omitted":	false
			}
		}, {
			"streams":	[{
					"socket":	4,
					"start":	49.000708,
					"end":	50.000642,
					"seconds":	0.999934,
					"bytes":	1498680,
					"bits_per_second":	11990231.858250,
					"retransmits":	0,
					"snd_cwnd":	1630448,
					"rtt":	766728,
					"omitted":	false
				}],
			"sum":	{
				"start":	49.000708,
				"end":	50.000642,
				"seconds":	0.999934,
				"bytes":	1498680,
				"bits_per_second":	11990231.858250,
				"retransmits":	0,
				"omitted":	false
			}
		}, {
			"streams":	[{
					"socket":	4,
					"start":	50.000642,
					"end":	51.001039,
					"seconds":	1.000397,
					"bytes":	1889640,
					"bits_per_second":	15111121.384472,
					"retransmits":	0,
					"snd_cwnd":	1731808,
					"rtt":	825243,
					"omitted":	false
				}],
			"sum":	{
				"start":	50.000642,
				"end":	51.001039,
				"seconds":	1.000397,
				"bytes":	1889640,
				"bits_per_second":	15111121.384472,
				"retransmits":	0,
				"omitted":	false
			}
		}, {
			"streams":	[{
					"socket":	4,
					"start":	51.001039,
					"end":	52.000786,
					"seconds":	0.999747,
					"bytes":	2280600,
					"bits_per_second":	18249416.410926,
					"retransmits":	0,
					"snd_cwnd":	1821584,
					"rtt":	866024,
					"omitted":	false
				}],
			"sum":	{
				"start":	51.001039,
				"end":	52.000786,
				"seconds":	0.999747,
				"bytes":	2280600,
				"bits_per_second":	18249416.410926,
				"retransmits":	0,
				"omitted":	false
			}
		}, {
			"streams":	[{
					"socket":	4,
					"start":	52.000786,
					"end":	53.000324,
					"seconds":	0.999538,
					"bytes":	2345760,
					"bits_per_second":	18774754.973282,
					"retransmits":	0,
					"snd_cwnd":	1885296,
					"rtt":	894061,
					"omitted":	false
				}],
			"sum":	{
				"start":	52.000786,
				"end":	53.000324,
				"seconds":	0.999538,
				"bytes":	2345760,
				"bits_per_second":	18774754.973282,
				"retransmits":	0,
				"omitted":	false
			}
		}, {
			"streams":	[{
					"socket":	4,
					"start":	53.000324,
					"end":	54.000541,
					"seconds":	1.000217,
					"bytes":	2200960,
					"bits_per_second":	17603856.454251,
					"retransmits":	0,
					"snd_cwnd":	1927288,
					"rtt":	917929,
					"omitted":	false
				}],
			"sum":	{
				"start":	53.000324,
				"end":	54.000541,
				"seconds":	1.000217,
				"bytes":	2200960,
				"bits_per_second":	17603856.454251,
				"retransmits":	0,
				"omitted":	false
			}
		}, {
			"streams":	[{
					"socket":	4,
					"start":	54.000541,
					"end":	55.000387,
					"seconds":	0.999846,
					"bytes":	1963488,
					"bits_per_second":	15710323.678949,
					"retransmits":	0,
					"snd_cwnd":	1950456,
					"rtt":	935533,
					"omitted":	false
				}],
			"sum":	{
				"start":	54.000541,
				"end":	55.000387,
				"seconds":	0.999846,
				"bytes":	1963488,
				"bits_per_second":	15710323.678949,
				"retransmits":	0,
				"omitted":	false
			}
		}, {
			"streams":	[{
					"socket":	4,
					"start":	55.000387,
					"end":	56.000446,
					"seconds":	1.000059,
					"bytes":	1898328,
					"bits_per_second":	15185729.721655,
					"retransmits":	0,
					"snd_cwnd":	1964936,
					"rtt":	939151,
					"omitted":	false
				}],
			"sum":	{
				"start":	55.000387,
				"end":	56.000446,
				"seconds":	1.000059,
				"bytes":	1898328,
				"bits_per_second":	15185729.721655,
				"retransmits":	0,
				"omitted":	false
			}
		}, {
			"streams":	[{
					"socket":	4,
					"start":	56.000446,
					"end":	57.000532,
					"seconds":	1.000086,
					"bytes":	1963488,
					"bits_per_second":	15706552.151081,
					"retransmits":	0,
					"snd_cwnd":	1970728,
					"rtt":	952708,
					"omitted":	false
				}],
			"sum":	{
				"start":	56.000446,
				"end":	57.000532,
				"seconds":	1.000086,
				"bytes":	1963488,
				"bits_per_second":	15706552.151081,
				"retransmits":	0,
				"omitted":	false
			}
		}, {
			"streams":	[{
					"socket":	4,
					"start":	57.000532,
					"end":	58.000996,
					"seconds":	1.000464,
					"bytes":	1963488,
					"bits_per_second":	15700619.500463,
					"retransmits":	0,
					"snd_cwnd":	1973624,
					"rtt":	949786,
					"omitted":	false
				}],
			"sum":	{
				"start":	57.000532,
				"end":	58.000996,
				"seconds":	1.000464,
				"bytes":	1963488,
				"bits_per_second":	15700619.500463,
				"retransmits":	0,
				"omitted":	false
			}
		}, {
			"streams":	[{
					"socket":	4,
					"start":	58.000996,
					"end":	59.000755,
					"seconds":	0.999759,
					"bytes":	2028648,
					"bits_per_second":	16233096.844875,
					"retransmits":	0,
					"snd_cwnd":	1975072,
					"rtt":	958605,
					"omitted":	false
				}],
			"sum":	{
				"start":	58.000996,
				"end":	59.000755,
				"seconds":	0.999759,
				"bytes":	2028648,
				"bits_per_second":	16233096.844875,
				"retransmits":	0,
				"omitted":	false
			}
		}, {
			"streams":	[{
					"socket":	4,
					"start":	59.000755,
					"end":	60.000917,
					"seconds":	1.000162,
					"bytes":	1963488,
					"bits_per_second":	15705357.774622,
					"retransmits":	0,
					"snd_cwnd":	1979416,
					"rtt":	961304,
					"omitted":	false
				}],
			"sum":	{
				"start":	59.000755,
				"end":	60.000917,
				"seconds":	1.000162,
				"bytes":	1963488,
				"bits_per_second":	15705357.774622,
				"retransmits":	0,
				"omitted":	false
			}
		}],
	"end":	{
		"streams":	[{
				"sender":	{
					"socket":	4,
					"start":	0,
					"end":	60.000917,
					"seconds":	60.000917,
					"bytes":	153714912,
					"bits_per_second":	20495008.300913,
					"retransmits":	935,
					"max_snd_cwnd":	3540360,
					"max_rtt":	1200447,
					"min_rtt":	116554,
					"mean_rtt":	809129
				},
				"receiver":	{
					"socket":	4,
					"start":	0,
					"end":	60.000917,
					"seconds":	60.000917,
					"bytes":	152305664,
					"bits_per_second":	20307111.439884
				}
			}],
		"sum_sent":	{
			"start":	0,
			"end":	60.000917,
			"seconds":	60.000917,
			"bytes":	153714912,
			"bits_per_second":	20495008.300913,
			"retransmits":	935
		},
		"sum_received":	{
			"start":	0,
			"end":	60.000917,
			"seconds":	60.000917,
			"bytes":	152305664,
			"bits_per_second":	20307111.439884
		},
		"cpu_utilization_percent":	{
			"host_total":	0.075245,
			"host_user":	0.010000,
			"host_system":	0.065247,
			"remote_total":	1.499945,
			"remote_user":	0,
			"remote_system":	1.499945
		}
	}
}
