{
	"start":	{
		"connected":	[{
				"socket":	4,
				"local_host":	"192.168.179.150",
				"local_port":	49778,
				"remote_host":	"192.168.120.130",
				"remote_port":	5201
			}],
		"version":	"iperf 3.1.3",
		"system_info":	"Linux a 4.15.0-213-generic #224-Ubuntu SMP Mon Jun 19 13:30:12 UTC 2023 x86_64",
		"timestamp":	{
			"time":	"Mon, 05 May 2025 10:39:58 GMT",
			"timesecs":	1746441598
		},
		"connecting_to":	{
			"host":	"192.168.120.130",
			"port":	5201
		},
		"cookie":	"a.1746441597.415395.4e355354191a1eaf",
		"tcp_mss_default":	1448,
		"test_start":	{
			"protocol":	"TCP",
			"num_streams":	1,
			"blksize":	131072,
			"omit":	0,
			"duration":	60,
			"bytes":	0,
			"blocks":	0,
			"reverse":	0
		}
	},
	"intervals":	[{
			"streams":	[{
					"socket":	4,
					"start":	0,
					"end":	1.000399,
					"seconds":	1.000399,
					"bytes":	376480,
					"bits_per_second":	3010639.133475,
					"retransmits":	0,
					"snd_cwnd":	57920,
					"rtt":	463012,
					"omitted":	false
				}],
			"sum":	{
				"start":	0,
				"end":	1.000399,
				"seconds":	1.000399,
				"bytes":	376480,
				"bits_per_second":	3010639.133475,
				"retransmits":	0,
				"omitted":	false
			}
		}, {
			"streams":	[{
					"socket":	4,
					"start":	1.000399,
					"end":	2.000886,
					"seconds":	1.000487,
					"bytes":	280912,
					"bits_per_second":	2246201.899410,
					"retransmits":	0,
					"snd_cwnd":	98464,
					"rtt":	512570,
					"omitted":	false
				}],
			"sum":	{
				"start":	1.000399,
				"end":	2.000886,
				"seconds":	1.000487,
				"bytes":	280912,
				"bits_per_second":	2246201.899410,
				"retransmits":	0,
				"omitted":	false
			}
		}, {
			"streams":	[{
					"socket":	4,
					"start":	2.000886,
					"end":	3.000784,
					"seconds":	0.999898,
					"bytes":	260640,
					"bits_per_second":	2085332.793931,
					"retransmits":	0,
					"snd_cwnd":	108600,
					"rtt":	583843,
					"omitted":	false
				}],
			"sum":	{
				"start":	2.000886,
				"end":	3.000784,
				"seconds":	0.999898,
				"bytes":	260640,
				"bits_per_second":	2085332.793931,
				"retransmits":	0,
				"omitted":	false
			}
		}, {
			"streams":	[{
					"socket":	4,
					"start":	3.000784,
					"end":	4.000437,
					"seconds":	0.999653,
					"bytes":	325800,
					"bits_per_second":	2607304.471399,
					"retransmits":	0,
					"snd_cwnd":	120184,
					"rtt":	561687,
					"omitted":	false
				}],
			"sum":	{
				"start":	3.000784,
				"end":	4.000437,
				"seconds":	0.999653,
				"bytes":	325800,
				"bits_per_second":	2607304.471399,
				"retransmits":	0,
				"omitted":	false
			}
		}, {
			"streams":	[{
					"socket":	4,
					"start":	4.000437,
					"end":	5.001245,
					"seconds":	1.000808,
					"bytes":	130320,
					"bits_per_second":	1041718.291033,
					"retransmits":	0,
					"snd_cwnd":	125976,
					"rtt":	677192,
					"omitted":	false
				}],
			"sum":	{
				"start":	4.000437,
				"end":	5.001245,
				"seconds":	1.000808,
				"bytes":	130320,
				"bits_per_second":	1041718.291033,
				"retransmits":	0,
				"omitted":	false
			}
		}, {
			"streams":	[{
					"socket":	4,
					"start":	5.001245,
					"end":	6.000607,
					"seconds":	0.999362,
					"bytes":	390960,
					"bits_per_second":	3129676.759178,
					"retransmits":	0,
					"snd_cwnd":	150592,
					"rtt":	744525,
					"omitted":	false
				}],
			"sum":	{
				"start":	5.001245,
				"end":	6.000607,
				"seconds":	0.999362,
				"bytes":	390960,
				"bits_per_second":	3129676.759178,
				"retransmits":	0,
				"omitted":	false
			}
		}, {
			"streams":	[{
					"socket":	4,
					"start":	6.000607,
					"end":	7.001465,
					"seconds":	1.000858,
					"bytes":	325800,
					"bits_per_second":	2604166.068098,
					"retransmits":	0,
					"snd_cwnd":	178104,
					"rtt":	698887,
					"omitted":	false
				}],
			"sum":	{
				"start":	6.000607,
				"end":	7.001465,
				"seconds":	1.000858,
				"bytes":	325800,
				"bits_per_second":	2604166.068098,
				"retransmits":	0,
				"omitted":	false
			}
		}, {
			"streams":	[{
					"socket":	4,
					"start":	7.001465,
					"end":	8.000240,
					"seconds":	0.998775,
					"bytes":	781920,
					"bits_per_second":	6263032.180973,
					"retransmits":	0,
					"snd_cwnd":	260640,
					"rtt":	815231,
					"omitted":	false
				}],
			"sum":	{
				"start":	7.001465,
				"end":	8.000240,
				"seconds":	0.998775,
				"bytes":	781920,
				"bits_per_second":	6263032.180973,
				"retransmits":	0,
				"omitted":	false
			}
		}, {
			"streams":	[{
					"socket":	4,
					"start":	8.000240,
					"end":	9.001594,
					"seconds":	1.001354,
					"bytes":	651600,
					"bits_per_second":	5205751.521185,
					"retransmits":	0,
					"snd_cwnd":	321456,
					"rtt":	717628,
					"omitted":	false
				}],
			"sum":	{
				"start":	8.000240,
				"end":	9.001594,
				"seconds":	1.001354,
				"bytes":	651600,
				"bits_per_second":	5205751.521185,
				"retransmits":	0,
				"omitted":	false
			}
		}, {
			"streams":	[{
					"socket":	4,
					"start":	9.001594,
					"end":	10.001193,
					"seconds":	0.999599,
					"bytes":	781920,
					"bits_per_second":	6257868.038562,
					"retransmits":	0,
					"snd_cwnd":	406888,
					"rtt":	999131,
					"omitted":	false
				}],
			"sum":	{
				"start":	9.001594,
				"end":	10.001193,
				"seconds":	0.999599,
				"bytes":	781920,
				"bits_per_second":	6257868.038562,
				"retransmits":	0,
				"omitted":	false
			}
		}, {
			"streams":	[{
					"socket":	4,
					"start":	10.001193,
					"end":	11.001654,
					"seconds":	1.000461,
					"bytes":	977400,
					"bits_per_second":	7815598.079136,
					"retransmits":	0,
					"snd_cwnd":	515488,
					"rtt":	1075188,
					"omitted":	false
				}],
			"sum":	{
				"start":	10.001193,
				"end":	11.001654,
				"seconds":	1.000461,
				"bytes":	977400,
				"bits_per_second":	7815598.079136,
				"retransmits":	0,
				"omitted":	false
			}
		}, {
			"streams":	[{
					"socket":	4,
					"start":	11.001654,
					"end":	12.001373,
					"seconds":	0.999719,
					"bytes":	1303200,
					"bits_per_second":	10428528.926247,
					"retransmits":	0,
					"snd_cwnd":	654496,
					"rtt":	977494,
					"omitted":	false
				}],
			"sum":	{
				"start":	11.001654,
				"end":	12.001373,
				"seconds":	0.999719,
				"bytes":	1303200,
				"bits_per_second":	10428528.926247,
				"retransmits":	0,
				"omitted":	false
			}
		}, {
			"streams":	[{
					"socket":	4,
					"start":	12.001373,
					"end":	13.001197,
					"seconds":	0.999824,
					"bytes":	651600,
					"bits_per_second":	5213718.612016,
					"retransmits":	0,
					"snd_cwnd":	783368,
					"rtt":	1060063,
					"omitted":	false
				}],
			"sum":	{
				"start":	12.001373,
				"end":	13.001197,
				"seconds":	0.999824,
				"bytes":	651600,
				"bits_per_second":	5213718.612016,
				"retransmits":	0,
				"omitted":	false
			}
		}, {
			"streams":	[{
					"socket":	4,
					"start":	13.001197,
					"end":	14.001404,
					"seconds":	1.000207,
					"bytes":	651600,
					"bits_per_second":	5211720.205865,
					"retransmits":	0,
					"snd_cwnd":	1039664,
					"rtt":	1160766,
					"omitted":	false
				}],
			"sum":	{
				"start":	13.001197,
				"end":	14.001404,
				"seconds":	1.000207,
				"bytes":	651600,
				"bits_per_second":	5211720.205865,
				"retransmits":	0,
				"omitted":	false
			}
		}, {
			"streams":	[{
					"socket":	4,
					"start":	14.001404,
					"end":	15.001428,
					"seconds":	1.000024,
					"bytes":	912240,
					"bits_per_second":	7297746.008177,
					"retransmits":	0,
					"snd_cwnd":	1349536,
					"rtt":	1215522,
					"omitted":	false
				}],
			"sum":	{
				"start":	14.001404,
				"end":	15.001428,
				"seconds":	1.000024,
				"bytes":	912240,
				"bits_per_second":	7297746.008177,
				"retransmits":	0,
				"omitted":	false
			}
		}, {
			"streams":	[{
					"socket":	4,
					"start":	15.001428,
					"end":	16.001450,
					"seconds":	1.000022,
					"bytes":	1042560,
					"bits_per_second":	8340295.071239,
					"retransmits":	43,
					"snd_cwnd":	1497232,
					"rtt":	1020695,
					"omitted":	false
				}],
			"sum":	{
				"start":	15.001428,
				"end":	16.001450,
				"seconds":	1.000022,
				"bytes":	1042560,
				"bits_per_second":	8340295.071239,
				"retransmits":	43,
				"omitted":	false
			}
		}, {
			"streams":	[{
					"socket":	4,
					"start":	16.001450,
					"end":	17.000293,
					"seconds":	0.998843,
					"bytes":	1889640,
					"bits_per_second":	15134631.455167,
					"retransmits":	0,
					"snd_cwnd":	1154056,
					"rtt":	999172,
					"omitted":	false
				}],
			"sum":	{
				"start":	16.001450,
				"end":	17.000293,
				"seconds":	0.998843,
				"bytes":	1889640,
				"bits_per_second":	15134631.455167,
				"retransmits":	0,
				"omitted":	false
			}
		}, {
			"streams":	[{
					"socket":	4,
					"start":	17.000293,
					"end":	18.001217,
					"seconds":	1.000924,
					"bytes":	1107720,
					"bits_per_second":	8853580.424999,
					"retransmits":	0,
					"snd_cwnd":	1246728,
					"rtt":	1053800,
					"omitted":	false
				}],
			"sum":	{
				"start":	17.000293,
				"end":	18.001217,
				"seconds":	1.000924,
				"bytes":	1107720,
				"bits_per_second":	8853580.424999,
				"retransmits":	0,
				"omitted":	false
			}
		}, {
			"streams":	[{
					"socket":	4,
					"start":	18.001217,
					"end":	19.001197,
					"seconds":	0.999980,
					"bytes":	1042560,
					"bits_per_second":	8340647.039478,
					"retransmits":	0,
					"snd_cwnd":	1340848,
					"rtt":	1031576,
					"omitted":	false
				}],
			"sum":	{
				"start":	18.001217,
				"end":	19.001197,
				"seconds":	0.999980,
				"bytes":	1042560,
				"bits_per_second":	8340647.039478,
				"retransmits":	0,
				"omitted":	false
			}
		}, {
			"streams":	[{
					"socket":	4,
					"start":	19.001197,
					"end":	20.001532,
					"seconds":	1.000335,
					"bytes":	65160,
					"bits_per_second":	521105.441088,
					"retransmits":	17,
					"snd_cwnd":	1113512,
					"rtt":	1220724,
					"omitted":	false
				}],
			"sum":	{
				"start":	19.001197,
				"end":	20.001532,
				"seconds":	1.000335,
				"bytes":	65160,
				"bits_per_second":	521105.441088,
				"retransmits":	17,
				"omitted":	false
			}
		}, {
			"streams":	[{
					"socket":	4,
					"start":	20.001532,
					"end":	21.000543,
					"seconds":	0.999011,
					"bytes":	1759320,
					"bits_per_second":	14088492.959747,
					"retransmits":	0,
					"snd_cwnd":	954232,
					"rtt":	1184993,
					"omitted":	false
				}],
			"sum":	{
				"start":	20.001532,
				"end":	21.000543,
				"seconds":	0.999011,
				"bytes":	1759320,
				"bits_per_second":	14088492.959747,
				"retransmits":	0,
				"omitted":	false
			}
		}, {
			"streams":	[{
					"socket":	4,
					"start":	21.000543,
					"end":	22.001154,
					"seconds":	1.000611,
					"bytes":	1107720,
					"bits_per_second":	8856348.179497,
					"retransmits":	0,
					"snd_cwnd":	1007808,
					"rtt":	916254,
					"omitted":	false
				}],
			"sum":	{
				"start":	21.000543,
				"end":	22.001154,
				"seconds":	1.000611,
				"bytes":	1107720,
				"bits_per_second":	8856348.179497,
				"retransmits":	0,
				"omitted":	false
			}
		}, {
			"streams":	[{
					"socket":	4,
					"start":	22.001154,
					"end":	23.001179,
					"seconds":	1.000025,
					"bytes":	781920,
					"bits_per_second":	6255203.407546,
					"retransmits":	0,
					"snd_cwnd":	1048352,
					"rtt":	1028470,
					"omitted":	false
				}],
			"sum":	{
				"start":	22.001154,
				"end":	23.001179,
				"seconds":	1.000025,
				"bytes":	781920,
				"bits_per_second":	6255203.407546,
				"retransmits":	0,
				"omitted":	false
			}
		}, {
			"streams":	[{
					"socket":	4,
					"start":	23.001179,
					"end":	24.001146,
					"seconds":	0.999967,
					"bytes":	130320,
					"bits_per_second":	1042594.551774,
					"retransmits":	63,
					"snd_cwnd":	718208,
					"rtt":	1204462,
					"omitted":	false
				}],
			"sum":	{
				"start":	23.001179,
				"end":	24.001146,
				"seconds":	0.999967,
				"bytes":	130320,
				"bits_per_second":	1042594.551774,
				"retransmits":	63,
				"omitted":	false
			}
		}, {
			"streams":	[{
					"socket":	4,
					"start":	24.001146,
					"end":	25.000475,
					"seconds":	0.999329,
					"bytes":	1694160,
					"bits_per_second":	13562379.134179,
					"retransmits":	1,
					"snd_cwnd":	734136,
					"rtt":	780540,
					"omitted":	false
				}],
			"sum":	{
				"start":	24.001146,
				"end":	25.000475,
				"seconds":	0.999329,
				"bytes":	1694160,
				"bits_per_second":	13562379.134179,
				"retransmits":	1,
				"omitted":	false
			}
		}, {
			"streams":	[{
					"socket":	4,
					"start":	25.000475,
					"end":	26.001231,
					"seconds":	1.000756,
					"bytes":	1303200,
					"bits_per_second":	10417723.936986,
					"retransmits":	0,
					"snd_cwnd":	794952,
					"rtt":	764835,
					"omitted":	false
				}],
			"sum":	{
				"start":	25.000475,
				"end":	26.001231,
				"seconds":	1.000756,
				"bytes":	1303200,
				"bits_per_second":	10417723.936986,
				"retransmits":	0,
				"omitted":	false
			}
		}, {
			"streams":	[{
					"socket":	4,
					"start":	26.001231,
					"end":	27.001526,
					"seconds":	1.000295,
					"bytes":	912240,
					"bits_per_second":	7295768.304417,
					"retransmits":	0,
					"snd_cwnd":	831152,
					"rtt":	887140,
					"omitted":	false
				}],
			"sum":	{
				"start":	26.001231,
				"end":	27.001526,
				"seconds":	1.000295,
				"bytes":	912240,
				"bits_per_second":	7295768.304417,
				"retransmits":	0,
				"omitted":	false
			}
		}, {
			"streams":	[{
					"socket":	4,
					"start":	27.001526,
					"end":	28.001528,
					"seconds":	1.000002,
					"bytes":	847080,
					"bits_per_second":	6776625.458939,
					"retransmits":	0,
					"snd_cwnd":	858664,
					"rtt":	928946,
					"omitted":	false
				}],
			"sum":	{
				"start":	27.001526,
				"end":	28.001528,
				"seconds":	1.000002,
				"bytes":	847080,
				"bits_per_second":	6776625.458939,
				"retransmits":	0,
				"omitted":	false
			}
		}, {
			"streams":	[{
					"socket":	4,
					"start":	28.001528,
					"end":	29.001480,
					"seconds":	0.999952,
					"bytes":	847080,
					"bits_per_second":	6776966.382448,
					"retransmits":	0,
					"snd_cwnd":	874592,
					"rtt":	944163,
					"omitted":	false
				}],
			"sum":	{
				"start":	28.001528,
				"end":	29.001480,
				"seconds":	0.999952,
				"bytes":	847080,
				"bits_per_second":	6776966.382448,
				"retransmits":	0,
				"omitted":	false
			}
		}, {
			"streams":	[{
					"socket":	4,
					"start":	29.001480,
					"end":	30.001242,
					"seconds":	0.999762,
					"bytes":	847080,
					"bits_per_second":	6778252.829286,
					"retransmits":	0,
					"snd_cwnd":	884728,
					"rtt":	988333,
					"omitted":	false
				}],
			"sum":	{
				"start":	29.001480,
				"end":	30.001242,
				"seconds":	0.999762,
				"bytes":	847080,
				"bits_per_second":	6778252.829286,
				"retransmits":	0,
				"omitted":	false
			}
		}, {
			"streams":	[{
					"socket":	4,
					"start":	30.001242,
					"end":	31.001538,
					"seconds":	1.000296,
					"bytes":	912240,
					"bits_per_second":	7295759.609758,
					"retransmits":	0,
					"snd_cwnd":	889072,
					"rtt":	1005869,
					"omitted":	false
				}],
			"sum":	{
				"start":	30.001242,
				"end":	31.001538,
				"seconds":	1.000296,
				"bytes":	912240,
				"bits_per_second":	7295759.609758,
				"retransmits":	0,
				"omitted":	false
			}
		}, {
			"streams":	[{
					"socket":	4,
					"start":	31.001538,
					"end":	32.001550,
					"seconds":	1.000012,
					"bytes":	912240,
					"bits_per_second":	7297833.003051,
					"retransmits":	0,
					"snd_cwnd":	889072,
					"rtt":	1023481,
					"omitted":	false
				}],
			"sum":	{
				"start":	31.001538,
				"end":	32.001550,
				"seconds":	1.000012,
				"bytes":	912240,
				"bits_per_second":	7297833.003051,
				"retransmits":	0,
				"omitted":	false
			}
		}, {
			"streams":	[{
					"socket":	4,
					"start":	32.001550,
					"end":	33.001281,
					"seconds":	0.999731,
					"bytes":	260640,
					"bits_per_second":	2085680.915010,
					"retransmits":	20,
					"snd_cwnd":	663184,
					"rtt":	1016599,
					"omitted":	false
				}],
			"sum":	{
				"start":	32.001550,
				"end":	33.001281,
				"seconds":	0.999731,
				"bytes":	260640,
				"bits_per_second":	2085680.915010,
				"retransmits":	20,
				"omitted":	false
			}
		}, {
			"streams":	[{
					"socket":	4,
					"start":	33.001281,
					"end":	34.001590,
					"seconds":	1.000309,
					"bytes":	1303200,
					"bits_per_second":	10422379.583945,
					"retransmits":	0,
					"snd_cwnd":	640016,
					"rtt":	911005,
					"omitted":	false
				}],
			"sum":	{
				"start":	33.001281,
				"end":	34.001590,
				"seconds":	1.000309,
				"bytes":	1303200,
				"bits_per_second":	10422379.583945,
				"retransmits":	0,
				"omitted":	false
			}
		}, {
			"streams":	[{
					"socket":	4,
					"start":	34.001590,
					"end":	35.001155,
					"seconds":	0.999565,
					"bytes":	847080,
					"bits_per_second":	6779589.893846,
					"retransmits":	0,
					"snd_cwnd":	715312,
					"rtt":	735489,
					"omitted":	false
				}],
			"sum":	{
				"start":	34.001590,
				"end":	35.001155,
				"seconds":	0.999565,
				"bytes":	847080,
				"bits_per_second":	6779589.893846,
				"retransmits":	0,
				"omitted":	false
			}
		}, {
			"streams":	[{
					"socket":	4,
					"start":	35.001155,
					"end":	36.001548,
					"seconds":	1.000393,
					"bytes":	1238040,
					"bits_per_second":	9900427.624733,
					"retransmits":	0,
					"snd_cwnd":	790608,
					"rtt":	784369,
					"omitted":	false
				}],
			"sum":	{
				"start":	35.001155,
				"end":	36.001548,
				"seconds":	1.000393,
				"bytes":	1238040,
				"bits_per_second":	9900427.624733,
				"retransmits":	0,
				"omitted":	false
			}
		}, {
			"streams":	[{
					"socket":	4,
					"start":	36.001548,
					"end":	37.001619,
					"seconds":	1.000071,
					"bytes":	716760,
					"bits_per_second":	5733673.996721,
					"retransmits":	0,
					"snd_cwnd":	826808,
					"rtt":	819071,
					"omitted":	false
				}],
			"sum":	{
				"start":	36.001548,
				"end":	37.001619,
				"seconds":	1.000071,
				"bytes":	716760,
				"bits_per_second":	5733673.996721,
				"retransmits":	0,
				"omitted":	false
			}
		}, {
			"streams":	[{
					"socket":	4,
					"start":	37.001619,
					"end":	38.001538,
					"seconds":	0.999919,
					"bytes":	847080,
					"bits_per_second":	6777187.758734,
					"retransmits":	0,
					"snd_cwnd":	852872,
					"rtt":	853764,
					"omitted":	false
				}],
			"sum":	{
				"start":	37.001619,
				"end":	38.001538,
				"seconds":	0.999919,
				"bytes":	847080,
				"bits_per_second":	6777187.758734,
				"retransmits":	0,
				"omitted":	false
			}
		}, {
			"streams":	[{
					"socket":	4,
					"start":	38.001538,
					"end":	39.001333,
					"seconds":	0.999795,
					"bytes":	977400,
					"bits_per_second":	7820803.577394,
					"retransmits":	0,
					"snd_cwnd":	874592,
					"rtt":	877103,
					"omitted":	false
				}],
			"sum":	{
				"start":	38.001538,
				"end":	39.001333,
				"seconds":	0.999795,
				"bytes":	977400,
				"bits_per_second":	7820803.577394,
				"retransmits":	0,
				"omitted":	false
			}
		}, {
			"streams":	[{
					"socket":	4,
					"start":	39.001333,
					"end":	40.001594,
					"seconds":	1.000261,
					"bytes":	912240,
					"bits_per_second":	7296016.980434,
					"retransmits":	0,
					"snd_cwnd":	884728,
					"rtt":	900622,
					"omitted":	false
				}],
			"sum":	{
				"start":	39.001333,
				"end":	40.001594,
				"seconds":	1.000261,
				"bytes":	912240,
				"bits_per_second":	7296016.980434,
				"retransmits":	0,
				"omitted":	false
			}
		}, {
			"streams":	[{
					"socket":	4,
					"start":	40.001594,
					"end":	41.001516,
					"seconds":	0.999922,
					"bytes":	1107720,
					"bits_per_second":	8862450.942158,
					"retransmits":	0,
					"snd_cwnd":	889072,
					"rtt":	904182,
					"omitted":	false
				}],
			"sum":	{
				"start":	40.001594,
				"end":	41.001516,
				"seconds":	0.999922,
				"bytes":	1107720,
				"bits_per_second":	8862450.942158,
				"retransmits":	0,
				"omitted":	false
			}
		}, {
			"streams":	[{
					"socket":	4,
					"start":	41.001516,
					"end":	42.001616,
					"seconds":	1.000100,
					"bytes":	1172880,
					"bits_per_second":	9382100.515829,
					"retransmits":	0,
					"snd_cwnd":	890520,
					"rtt":	910355,
					"omitted":	false
				}],
			"sum":	{
				"start":	41.001516,
				"end":	42.001616,
				"seconds":	1.000100,
				"bytes":	1172880,
				"bits_per_second":	9382100.515829,
				"retransmits":	0,
				"omitted":	false
			}
		}, {
			"streams":	[{
					"socket":	4,
					"start":	42.001616,
					"end":	43.001412,
					"seconds":	0.999796,
					"bytes":	912240,
					"bits_per_second":	7299409.709547,
					"retransmits":	0,
					"snd_cwnd":	893416,
					"rtt":	913820,
					"omitted":	false
				}],
			"sum":	{
				"start":	42.001616,
				"end":	43.001412,
				"seconds":	0.999796,
				"bytes":	912240,
				"bits_per_second":	7299409.709547,
				"retransmits":	0,
				"omitted":	false
			}
		}, {
			"streams":	[{
					"socket":	4,
					"start":	43.001412,
					"end":	44.001282,
					"seconds":	0.999870,
					"bytes":	1042560,
					"bits_per_second":	8341563.887176,
					"retransmits":	0,
					"snd_cwnd":	900656,
					"rtt":	913438,
					"omitted":	false
				}],
			"sum":	{
				"start":	43.001412,
				"end":	44.001282,
				"seconds":	0.999870,
				"bytes":	1042560,
				"bits_per_second":	8341563.887176,
				"retransmits":	0,
				"omitted":	false
			}
		}, {
			"streams":	[{
					"socket":	4,
					"start":	44.001282,
					"end":	45.001491,
					"seconds":	1.000209,
					"bytes":	912240,
					"bits_per_second":	7296396.113559,
					"retransmits":	0,
					"snd_cwnd":	915136,
					"rtt":	916304,
					"omitted":	false
				}],
			"sum":	{
				"start":	44.001282,
				"end":	45.001491,
				"seconds":	1.000209,
				"bytes":	912240,
				"bits_per_second":	7296396.113559,
				"retransmits":	0,
				"omitted":	false
			}
		}, {
			"streams":	[{
					"socket":	4,
					"start":	45.001491,
					"end":	46.001576,
					"seconds":	1.000085,
					"bytes":	912240,
					"bits_per_second":	7297298.887247,
					"retransmits":	0,
					"snd_cwnd":	938304,
					"rtt":	923036,
					"omitted":	false
				}],
			"sum":	{
				"start":	45.001491,
				"end":	46.001576,
				"seconds":	1.000085,
				"bytes":	912240,
				"bits_per_second":	7297298.887247,
				"retransmits":	0,
				"omitted":	false
			}
		}, {
			"streams":	[{
					"socket":	4,
					"start":	46.001576,
					"end":	47.001201,
					"seconds":	0.999625,
					"bytes":	912240,
					"bits_per_second":	7300657.983467,
					"retransmits":	0,
					"snd_cwnd":	974504,
					"rtt":	935288,
					"omitted":	false
				}],
			"sum":	{
				"start":	46.001576,
				"end":	47.001201,
				"seconds":	0.999625,
				"bytes":	912240,
				"bits_per_second":	7300657.983467,
				"retransmits":	0,
				"omitted":	false
			}
		}, {
			"streams":	[{
					"socket":	4,
					"start":	47.001201,
					"end":	48.001293,
					"seconds":	1.000092,
					"bytes":	977400,
					"bits_per_second":	7818480.468592,
					"retransmits":	0,
					"snd_cwnd":	1026632,
					"rtt":	952921,
					"omitted":	false
				}],
			"sum":	{
				"start":	47.001201,
				"end":	48.001293,
				"seconds":	1.000092,
				"bytes":	977400,
				"bits_per_second":	7818480.468592,
				"retransmits":	0,
				"omitted":	false
			}
		}, {
			"streams":	[{
					"socket":	4,
					"start":	48.001293,
					"end":	49.001379,
					"seconds":	1.000086,
					"bytes":	977400,
					"bits_per_second":	7818527.066357,
					"retransmits":	0,
					"snd_cwnd":	1100480,
					"rtt":	976349,
					"omitted":	false
				}],
			"sum":	{
				"start":	48.001293,
				"end":	49.001379,
				"seconds":	1.000086,
				"bytes":	977400,
				"bits_per_second":	7818527.066357,
				"retransmits":	0,
				"omitted":	false
			}
		}, {
			"streams":	[{
					"socket":	4,
					"start":	49.001379,
					"end":	50.001227,
					"seconds":	0.999848,
					"bytes":	1042560,
					"bits_per_second":	8341748.872209,
					"retransmits":	2,
					"snd_cwnd":	1191704,
					"rtt":	1013088,
					"omitted":	false
				}],
			"sum":	{
				"start":	49.001379,
				"end":	50.001227,
				"seconds":	0.999848,
				"bytes":	1042560,
				"bits_per_second":	8341748.872209,
				"retransmits":	2,
				"omitted":	false
			}
		}, {
			"streams":	[{
					"socket":	4,
					"start":	50.001227,
					"end":	51.001237,
					"seconds":	1.000010,
					"bytes":	1172880,
					"bits_per_second":	9382946.043116,
					"retransmits":	4,
					"snd_cwnd":	838392,
					"rtt":	841903,
					"omitted":	false
				}],
			"sum":	{
				"start":	50.001227,
				"end":	51.001237,
				"seconds":	1.000010,
				"bytes":	1172880,
				"bits_per_second":	9382946.043116,
				"retransmits":	4,
				"omitted":	false
			}
		}, {
			"streams":	[{
					"socket":	4,
					"start":	51.001237,
					"end":	52.001618,
					"seconds":	1.000381,
					"bytes":	1238040,
					"bits_per_second":	9900547.961625,
					"retransmits":	0,
					"snd_cwnd":	870248,
					"rtt":	781195,
					"omitted":	false
				}],
			"sum":	{
				"start":	51.001237,
				"end":	52.001618,
				"seconds":	1.000381,
				"bytes":	1238040,
				"bits_per_second":	9900547.961625,
				"retransmits":	0,
				"omitted":	false
			}
		}, {
			"streams":	[{
					"socket":	4,
					"start":	52.001618,
					"end":	53.001282,
					"seconds":	0.999664,
					"bytes":	1303200,
					"bits_per_second":	10429103.467270,
					"retransmits":	0,
					"snd_cwnd":	977400,
					"rtt":	811031,
					"omitted":	false
				}],
			"sum":	{
				"start":	52.001618,
				"end":	53.001282,
				"seconds":	0.999664,
				"bytes":	1303200,
				"bits_per_second":	10429103.467270,
				"retransmits":	0,
				"omitted":	false
			}
		}, {
			"streams":	[{
					"socket":	4,
					"start":	53.001282,
					"end":	54.001274,
					"seconds":	0.999992,
					"bytes":	1107720,
					"bits_per_second":	8861831.836062,
					"retransmits":	0,
					"snd_cwnd":	1048352,
					"rtt":	871391,
					"omitted":	false
				}],
			"sum":	{
				"start":	53.001282,
				"end":	54.001274,
				"seconds":	0.999992,
				"bytes":	1107720,
				"bits_per_second":	8861831.836062,
				"retransmits":	0,
				"omitted":	false
			}
		}, {
			"streams":	[{
					"socket":	4,
					"start":	54.001274,
					"end":	55.001393,
					"seconds":	1.000119,
					"bytes":	1042560,
					"bits_per_second":	8339487.843868,
					"retransmits":	0,
					"snd_cwnd":	1097584,
					"rtt":	691431,
					"omitted":	false
				}],
			"sum":	{
				"start":	54.001274,
				"end":	55.001393,
				"seconds":	1.000119,
				"bytes":	1042560,
				"bits_per_second":	8339487.843868,
				"retransmits":	0,
				"omitted":	false
			}
		}, {
			"streams":	[{
					"socket":	4,
					"start":	55.001393,
					"end":	56.000480,
					"seconds":	0.999087,
					"bytes":	2215440,
					"bits_per_second":	17739714.669597,
					"retransmits":	0,
					"snd_cwnd":	1155504,
					"rtt":	677548,
					"omitted":	false
				}],
			"sum":	{
				"start":	55.001393,
				"end":	56.000480,
				"seconds":	0.999087,
				"bytes":	2215440,
				"bits_per_second":	17739714.669597,
				"retransmits":	0,
				"omitted":	false
			}
		}, {
			"streams":	[{
					"socket":	4,
					"start":	56.000480,
					"end":	57.001410,
					"seconds":	1.000930,
					"bytes":	1107720,
					"bits_per_second":	8853525.593686,
					"retransmits":	0,
					"snd_cwnd":	1172880,
					"rtt":	693356,
					"omitted":	false
				}],
			"sum":	{
				"start":	56.000480,
				"end":	57.001410,
				"seconds":	1.000930,
				"bytes":	1107720,
				"bits_per_second":	8853525.593686,
				"retransmits":	0,
				"omitted":	false
			}
		}, {
			"streams":	[{
					"socket":	4,
					"start":	57.001410,
					"end":	58.000323,
					"seconds":	0.998913,
					"bytes":	2085120,
					"bits_per_second":	16699111.103860,
					"retransmits":	0,
					"snd_cwnd":	1190256,
					"rtt":	715976,
					"omitted":	false
				}],
			"sum":	{
				"start":	57.001410,
				"end":	58.000323,
				"seconds":	0.998913,
				"bytes":	2085120,
				"bits_per_second":	16699111.103860,
				"retransmits":	0,
				"omitted":	false
			}
		}, {
			"streams":	[{
					"socket":	4,
					"start":	58.000323,
					"end":	59.000504,
					"seconds":	1.000181,
					"bytes":	3648960,
					"bits_per_second":	29186398.438050,
					"retransmits":	0,
					"snd_cwnd":	1197496,
					"rtt":	260430,
					"omitted":	false
				}],
			"sum":	{
				"start":	58.000323,
				"end":	59.000504,
				"seconds":	1.000181,
				"bytes":	3648960,
				"bits_per_second":	29186398.438050,
				"retransmits":	0,
				"omitted":	false
			}
		}, {
			"streams":	[{
					"socket":	4,
					"start":	59.000504,
					"end":	60.000468,
					"seconds":	0.999964,
					"bytes":	4496040,
					"bits_per_second":	35969614.949498,
					"retransmits":	0,
					"snd_cwnd":	1197496,
					"rtt":	264994,
					"omitted":	false
				}],
			"sum":	{
				"start":	59.000504,
				"end":	60.000468,
				"seconds":	0.999964,
				"bytes":	4496040,
				"bits_per_second":	35969614.949498,
				"retransmits":	0,
				"omitted":	false
			}
		}],
	"end":	{
		"streams":	[{
				"sender":	{
					"socket":	4,
					"start":	0,
					"end":	60.000468,
					"seconds":	60.000468,
					"bytes":	62494232,
					"bits_per_second":	8332499.270996,
					"retransmits":	150,
					"max_snd_cwnd":	1497232,
					"max_rtt":	1220724,
					"min_rtt":	260430,
					"mean_rtt":	868537
				},
				"receiver":	{
					"socket":	4,
					"start":	0,
					"end":	60.000468,
					"seconds":	60.000468,
					"bytes":	59768832,
					"bits_per_second":	7969115.438818
				}
			}],
		"sum_sent":	{
			"start":	0,
			"end":	60.000468,
			"seconds":	60.000468,
			"bytes":	62494232,
			"bits_per_second":	8332499.270996,
			"retransmits":	150
		},
		"sum_received":	{
			"start":	0,
			"end":	60.000468,
			"seconds":	60.000468,
			"bytes":	59768832,
			"bits_per_second":	7969115.438818
		},
		"cpu_utilization_percent":	{
			"host_total":	0.729469,
			"host_user":	0.078128,
			"host_system":	0.651343,
			"remote_total":	0.636975,
			"remote_user":	0,
			"remote_system":	0.636973
		}
	}
}
