{
	"start":	{
		"connected":	[{
				"socket":	4,
				"local_host":	"192.168.179.150",
				"local_port":	57848,
				"remote_host":	"192.168.120.130",
				"remote_port":	5201
			}],
		"version":	"iperf 3.1.3",
		"system_info":	"Linux a 4.15.0-213-generic #224-Ubuntu SMP Mon Jun 19 13:30:12 UTC 2023 x86_64",
		"timestamp":	{
			"time":	"Mon, 05 May 2025 10:37:59 GMT",
			"timesecs":	1746441479
		},
		"connecting_to":	{
			"host":	"192.168.120.130",
			"port":	5201
		},
		"cookie":	"a.1746441479.284746.02f0d7b065bb4944",
		"tcp_mss_default":	1448,
		"test_start":	{
			"protocol":	"TCP",
			"num_streams":	1,
			"blksize":	131072,
			"omit":	0,
			"duration":	60,
			"bytes":	0,
			"blocks":	0,
			"reverse":	0
		}
	},
	"intervals":	[{
			"streams":	[{
					"socket":	4,
					"start":	0,
					"end":	1.000444,
					"seconds":	1.000444,
					"bytes":	794952,
					"bits_per_second":	6356793.994152,
					"retransmits":	0,
					"snd_cwnd":	107152,
					"rtt":	251860,
					"omitted":	false
				}],
			"sum":	{
				"start":	0,
				"end":	1.000444,
				"seconds":	1.000444,
				"bytes":	794952,
				"bits_per_second":	6356793.994152,
				"retransmits":	0,
				"omitted":	false
			}
		}, {
			"streams":	[{
					"socket":	4,
					"start":	1.000444,
					"end":	2.000810,
					"seconds":	1.000366,
					"bytes":	456120,
					"bits_per_second":	3647625.069465,
					"retransmits":	0,
					"snd_cwnd":	123080,
					"rtt":	297672,
					"omitted":	false
				}],
			"sum":	{
				"start":	1.000444,
				"end":	2.000810,
				"seconds":	1.000366,
				"bytes":	456120,
				"bits_per_second":	3647625.069465,
				"retransmits":	0,
				"omitted":	false
			}
		}, {
			"streams":	[{
					"socket":	4,
					"start":	2.000810,
					"end":	3.000775,
					"seconds":	0.999965,
					"bytes":	521280,
					"bits_per_second":	4170385.167407,
					"retransmits":	0,
					"snd_cwnd":	143352,
					"rtt":	351385,
					"omitted":	false
				}],
			"sum":	{
				"start":	2.000810,
				"end":	3.000775,
				"seconds":	0.999965,
				"bytes":	521280,
				"bits_per_second":	4170385.167407,
				"retransmits":	0,
				"omitted":	false
			}
		}, {
			"streams":	[{
					"socket":	4,
					"start":	3.000775,
					"end":	4.000232,
					"seconds":	0.999457,
					"bytes":	521280,
					"bits_per_second":	4172506.161212,
					"retransmits":	0,
					"snd_cwnd":	165072,
					"rtt":	419622,
					"omitted":	false
				}],
			"sum":	{
				"start":	3.000775,
				"end":	4.000232,
				"seconds":	0.999457,
				"bytes":	521280,
				"bits_per_second":	4172506.161212,
				"retransmits":	0,
				"omitted":	false
			}
		}, {
			"streams":	[{
					"socket":	4,
					"start":	4.000232,
					"end":	5.000583,
					"seconds":	1.000351,
					"bytes":	456120,
					"bits_per_second":	3647679.838924,
					"retransmits":	0,
					"snd_cwnd":	182448,
					"rtt":	460740,
					"omitted":	false
				}],
			"sum":	{
				"start":	4.000232,
				"end":	5.000583,
				"seconds":	1.000351,
				"bytes":	456120,
				"bits_per_second":	3647679.838924,
				"retransmits":	0,
				"omitted":	false
			}
		}, {
			"streams":	[{
					"socket":	4,
					"start":	5.000583,
					"end":	6.000371,
					"seconds":	0.999788,
					"bytes":	456120,
					"bits_per_second":	3649733.576057,
					"retransmits":	0,
					"snd_cwnd":	201272,
					"rtt":	508153,
					"omitted":	false
				}],
			"sum":	{
				"start":	5.000583,
				"end":	6.000371,
				"seconds":	0.999788,
				"bytes":	456120,
				"bits_per_second":	3649733.576057,
				"retransmits":	0,
				"omitted":	false
			}
		}, {
			"streams":	[{
					"socket":	4,
					"start":	6.000371,
					"end":	7.000267,
					"seconds":	0.999896,
					"bytes":	651600,
					"bits_per_second":	5213341.929503,
					"retransmits":	0,
					"snd_cwnd":	241816,
					"rtt":	563972,
					"omitted":	false
				}],
			"sum":	{
				"start":	6.000371,
				"end":	7.000267,
				"seconds":	0.999896,
				"bytes":	651600,
				"bits_per_second":	5213341.929503,
				"retransmits":	0,
				"omitted":	false
			}
		}, {
			"streams":	[{
					"socket":	4,
					"start":	7.000267,
					"end":	8.001128,
					"seconds":	1.000861,
					"bytes":	456120,
					"bits_per_second":	3645821.205012,
					"retransmits":	0,
					"snd_cwnd":	282360,
					"rtt":	593633,
					"omitted":	false
				}],
			"sum":	{
				"start":	7.000267,
				"end":	8.001128,
				"seconds":	1.000861,
				"bytes":	456120,
				"bits_per_second":	3645821.205012,
				"retransmits":	0,
				"omitted":	false
			}
		}, {
			"streams":	[{
					"socket":	4,
					"start":	8.001128,
					"end":	9.000373,
					"seconds":	0.999245,
					"bytes":	1303200,
					"bits_per_second":	10433478.023362,
					"retransmits":	0,
					"snd_cwnd":	401096,
					"rtt":	671461,
					"omitted":	false
				}],
			"sum":	{
				"start":	8.001128,
				"end":	9.000373,
				"seconds":	0.999245,
				"bytes":	1303200,
				"bits_per_second":	10433478.023362,
				"retransmits":	0,
				"omitted":	false
			}
		}, {
			"streams":	[{
					"socket":	4,
					"start":	9.000373,
					"end":	10.001558,
					"seconds":	1.001185,
					"bytes":	847080,
					"bits_per_second":	6768617.977760,
					"retransmits":	0,
					"snd_cwnd":	486528,
					"rtt":	725348,
					"omitted":	false
				}],
			"sum":	{
				"start":	9.000373,
				"end":	10.001558,
				"seconds":	1.001185,
				"bytes":	847080,
				"bits_per_second":	6768617.977760,
				"retransmits":	0,
				"omitted":	false
			}
		}, {
			"streams":	[{
					"socket":	4,
					"start":	10.001558,
					"end":	11.001535,
					"seconds":	0.999977,
					"bytes":	1042560,
					"bits_per_second":	8340672.891424,
					"retransmits":	0,
					"snd_cwnd":	592232,
					"rtt":	781162,
					"omitted":	false
				}],
			"sum":	{
				"start":	10.001558,
				"end":	11.001535,
				"seconds":	0.999977,
				"bytes":	1042560,
				"bits_per_second":	8340672.891424,
				"retransmits":	0,
				"omitted":	false
			}
		}, {
			"streams":	[{
					"socket":	4,
					"start":	11.001535,
					"end":	12.000536,
					"seconds":	0.999001,
					"bytes":	1433520,
					"bits_per_second":	11479627.847987,
					"retransmits":	0,
					"snd_cwnd":	815224,
					"rtt":	900956,
					"omitted":	false
				}],
			"sum":	{
				"start":	11.001535,
				"end":	12.000536,
				"seconds":	0.999001,
				"bytes":	1433520,
				"bits_per_second":	11479627.847987,
				"retransmits":	0,
				"omitted":	false
			}
		}, {
			"streams":	[{
					"socket":	4,
					"start":	12.000536,
					"end":	13.001362,
					"seconds":	1.000826,
					"bytes":	1107720,
					"bits_per_second":	8854445.162428,
					"retransmits":	0,
					"snd_cwnd":	1080208,
					"rtt":	839901,
					"omitted":	false
				}],
			"sum":	{
				"start":	12.000536,
				"end":	13.001362,
				"seconds":	1.000826,
				"bytes":	1107720,
				"bits_per_second":	8854445.162428,
				"retransmits":	0,
				"omitted":	false
			}
		}, {
			"streams":	[{
					"socket":	4,
					"start":	13.001362,
					"end":	14.001532,
					"seconds":	1.000170,
					"bytes":	1107720,
					"bits_per_second":	8860253.823772,
					"retransmits":	0,
					"snd_cwnd":	1310440,
					"rtt":	833650,
					"omitted":	false
				}],
			"sum":	{
				"start":	13.001362,
				"end":	14.001532,
				"seconds":	1.000170,
				"bytes":	1107720,
				"bits_per_second":	8860253.823772,
				"retransmits":	0,
				"omitted":	false
			}
		}, {
			"streams":	[{
					"socket":	4,
					"start":	14.001532,
					"end":	15.001348,
					"seconds":	0.999816,
					"bytes":	1107720,
					"bits_per_second":	8863391.388224,
					"retransmits":	0,
					"snd_cwnd":	1592800,
					"rtt":	1106187,
					"omitted":	false
				}],
			"sum":	{
				"start":	14.001532,
				"end":	15.001348,
				"seconds":	0.999816,
				"bytes":	1107720,
				"bits_per_second":	8863391.388224,
				"retransmits":	0,
				"omitted":	false
			}
		}, {
			"streams":	[{
					"socket":	4,
					"start":	15.001348,
					"end":	16.000352,
					"seconds":	0.999004,
					"bytes":	1377048,
					"bits_per_second":	11027368.503175,
					"retransmits":	0,
					"snd_cwnd":	1957696,
					"rtt":	1103455,
					"omitted":	false
				}],
			"sum":	{
				"start":	15.001348,
				"end":	16.000352,
				"seconds":	0.999004,
				"bytes":	1377048,
				"bits_per_second":	11027368.503175,
				"retransmits":	0,
				"omitted":	false
			}
		}, {
			"streams":	[{
					"socket":	4,
					"start":	16.000352,
					"end":	17.000485,
					"seconds":	1.000133,
					"bytes":	1442208,
					"bits_per_second":	11536129.261429,
					"retransmits":	18,
					"snd_cwnd":	2266120,
					"rtt":	1124490,
					"omitted":	false
				}],
			"sum":	{
				"start":	16.000352,
				"end":	17.000485,
				"seconds":	1.000133,
				"bytes":	1442208,
				"bits_per_second":	11536129.261429,
				"retransmits":	18,
				"omitted":	false
			}
		}, {
			"streams":	[{
					"socket":	4,
					"start":	17.000485,
					"end":	18.001791,
					"seconds":	1.001306,
					"bytes":	1051248,
					"bits_per_second":	8399014.408637,
					"retransmits":	39,
					"snd_cwnd":	1629000,
					"rtt":	941521,
					"omitted":	false
				}],
			"sum":	{
				"start":	17.000485,
				"end":	18.001791,
				"seconds":	1.001306,
				"bytes":	1051248,
				"bits_per_second":	8399014.408637,
				"retransmits":	39,
				"omitted":	false
			}
		}, {
			"streams":	[{
					"socket":	4,
					"start":	18.001791,
					"end":	19.000480,
					"seconds":	0.998689,
					"bytes":	3304336,
					"bits_per_second":	26469391.059539,
					"retransmits":	0,
					"snd_cwnd":	1676784,
					"rtt":	858449,
					"omitted":	false
				}],
			"sum":	{
				"start":	18.001791,
				"end":	19.000480,
				"seconds":	0.998689,
				"bytes":	3304336,
				"bits_per_second":	26469391.059539,
				"retransmits":	0,
				"omitted":	false
			}
		}, {
			"streams":	[{
					"socket":	4,
					"start":	19.000480,
					"end":	20.000198,
					"seconds":	0.999718,
					"bytes":	1629000,
					"bits_per_second":	13035676.701912,
					"retransmits":	0,
					"snd_cwnd":	1807104,
					"rtt":	1115729,
					"omitted":	false
				}],
			"sum":	{
				"start":	19.000480,
				"end":	20.000198,
				"seconds":	0.999718,
				"bytes":	1629000,
				"bits_per_second":	13035676.701912,
				"retransmits":	0,
				"omitted":	false
			}
		}, {
			"streams":	[{
					"socket":	4,
					"start":	20.000198,
					"end":	21.001555,
					"seconds":	1.001357,
					"bytes":	1238040,
					"bits_per_second":	9890897.275445,
					"retransmits":	0,
					"snd_cwnd":	1914256,
					"rtt":	1122759,
					"omitted":	false
				}],
			"sum":	{
				"start":	20.000198,
				"end":	21.001555,
				"seconds":	1.001357,
				"bytes":	1238040,
				"bits_per_second":	9890897.275445,
				"retransmits":	0,
				"omitted":	false
			}
		}, {
			"streams":	[{
					"socket":	4,
					"start":	21.001555,
					"end":	22.000694,
					"seconds":	0.999139,
					"bytes":	1963488,
					"bits_per_second":	15721439.050490,
					"retransmits":	0,
					"snd_cwnd":	2038784,
					"rtt":	975196,
					"omitted":	false
				}],
			"sum":	{
				"start":	21.001555,
				"end":	22.000694,
				"seconds":	0.999139,
				"bytes":	1963488,
				"bits_per_second":	15721439.050490,
				"retransmits":	0,
				"omitted":	false
			}
		}, {
			"streams":	[{
					"socket":	4,
					"start":	22.000694,
					"end":	23.000586,
					"seconds":	0.999892,
					"bytes":	1702848,
					"bits_per_second":	13624255.468860,
					"retransmits":	0,
					"snd_cwnd":	2121320,
					"rtt":	1067585,
					"omitted":	false
				}],
			"sum":	{
				"start":	22.000694,
				"end":	23.000586,
				"seconds":	0.999892,
				"bytes":	1702848,
				"bits_per_second":	13624255.468860,
				"retransmits":	0,
				"omitted":	false
			}
		}, {
			"streams":	[{
					"socket":	4,
					"start":	23.000586,
					"end":	24.001486,
					"seconds":	1.000900,
					"bytes":	1116408,
					"bits_per_second":	8923232.821549,
					"retransmits":	23,
					"snd_cwnd":	1904120,
					"rtt":	1071827,
					"omitted":	false
				}],
			"sum":	{
				"start":	23.000586,
				"end":	24.001486,
				"seconds":	1.000900,
				"bytes":	1116408,
				"bits_per_second":	8923232.821549,
				"retransmits":	23,
				"omitted":	false
			}
		}, {
			"streams":	[{
					"socket":	4,
					"start":	24.001486,
					"end":	25.001698,
					"seconds":	1.000212,
					"bytes":	1310720,
					"bits_per_second":	10483537.970968,
					"retransmits":	65,
					"snd_cwnd":	819568,
					"rtt":	967802,
					"omitted":	false
				}],
			"sum":	{
				"start":	24.001486,
				"end":	25.001698,
				"seconds":	1.000212,
				"bytes":	1310720,
				"bits_per_second":	10483537.970968,
				"retransmits":	65,
				"omitted":	false
			}
		}, {
			"streams":	[{
					"socket":	4,
					"start":	25.001698,
					"end":	26.000576,
					"seconds":	0.998878,
					"bytes":	3462168,
					"bits_per_second":	27728455.266729,
					"retransmits":	0,
					"snd_cwnd":	1550808,
					"rtt":	820879,
					"omitted":	false
				}],
			"sum":	{
				"start":	25.001698,
				"end":	26.000576,
				"seconds":	0.998878,
				"bytes":	3462168,
				"bits_per_second":	27728455.266729,
				"retransmits":	0,
				"omitted":	false
			}
		}, {
			"streams":	[{
					"socket":	4,
					"start":	26.000576,
					"end":	27.000778,
					"seconds":	1.000202,
					"bytes":	1694160,
					"bits_per_second":	13550543.595956,
					"retransmits":	0,
					"snd_cwnd":	1621760,
					"rtt":	858239,
					"omitted":	false
				}],
			"sum":	{
				"start":	26.000576,
				"end":	27.000778,
				"seconds":	1.000202,
				"bytes":	1694160,
				"bits_per_second":	13550543.595956,
				"retransmits":	0,
				"omitted":	false
			}
		}, {
			"streams":	[{
					"socket":	4,
					"start":	27.000778,
					"end":	28.000870,
					"seconds":	1.000092,
					"bytes":	1629000,
					"bits_per_second":	13030800.780987,
					"retransmits":	0,
					"snd_cwnd":	1685472,
					"rtt":	893080,
					"omitted":	false
				}],
			"sum":	{
				"start":	27.000778,
				"end":	28.000870,
				"seconds":	1.000092,
				"bytes":	1629000,
				"bits_per_second":	13030800.780987,
				"retransmits":	0,
				"omitted":	false
			}
		}, {
			"streams":	[{
					"socket":	4,
					"start":	28.000870,
					"end":	29.000743,
					"seconds":	0.999873,
					"bytes":	1694160,
					"bits_per_second":	13555002.530448,
					"retransmits":	0,
					"snd_cwnd":	1736152,
					"rtt":	930312,
					"omitted":	false
				}],
			"sum":	{
				"start":	28.000870,
				"end":	29.000743,
				"seconds":	0.999873,
				"bytes":	1694160,
				"bits_per_second":	13555002.530448,
				"retransmits":	0,
				"omitted":	false
			}
		}, {
			"streams":	[{
					"socket":	4,
					"start":	29.000743,
					"end":	30.000760,
					"seconds":	1.000017,
					"bytes":	1694160,
					"bits_per_second":	13553047.346523,
					"retransmits":	0,
					"snd_cwnd":	1775248,
					"rtt":	964703,
					"omitted":	false
				}],
			"sum":	{
				"start":	29.000743,
				"end":	30.000760,
				"seconds":	1.000017,
				"bytes":	1694160,
				"bits_per_second":	13553047.346523,
				"retransmits":	0,
				"omitted":	false
			}
		}, {
			"streams":	[{
					"socket":	4,
					"start":	30.000760,
					"end":	31.000709,
					"seconds":	0.999949,
					"bytes":	1759320,
					"bits_per_second":	14075278.142872,
					"retransmits":	0,
					"snd_cwnd":	1801312,
					"rtt":	985267,
					"omitted":	false
				}],
			"sum":	{
				"start":	30.000760,
				"end":	31.000709,
				"seconds":	0.999949,
				"bytes":	1759320,
				"bits_per_second":	14075278.142872,
				"retransmits":	0,
				"omitted":	false
			}
		}, {
			"streams":	[{
					"socket":	4,
					"start":	31.000709,
					"end":	32.000753,
					"seconds":	1.000044,
					"bytes":	1824480,
					"bits_per_second":	14595199.722913,
					"retransmits":	0,
					"snd_cwnd":	1817240,
					"rtt":	997060,
					"omitted":	false
				}],
			"sum":	{
				"start":	31.000709,
				"end":	32.000753,
				"seconds":	1.000044,
				"bytes":	1824480,
				"bits_per_second":	14595199.722913,
				"retransmits":	0,
				"omitted":	false
			}
		}, {
			"streams":	[{
					"socket":	4,
					"start":	32.000753,
					"end":	33.000645,
					"seconds":	0.999892,
					"bytes":	1377048,
					"bits_per_second":	11017573.937829,
					"retransmits":	6,
					"snd_cwnd":	1673888,
					"rtt":	1002703,
					"omitted":	false
				}],
			"sum":	{
				"start":	32.000753,
				"end":	33.000645,
				"seconds":	0.999892,
				"bytes":	1377048,
				"bits_per_second":	11017573.937829,
				"retransmits":	6,
				"omitted":	false
			}
		}, {
			"streams":	[{
					"socket":	4,
					"start":	33.000645,
					"end":	34.001241,
					"seconds":	1.000596,
					"bytes":	1094688,
					"bits_per_second":	8752287.230287,
					"retransmits":	9,
					"snd_cwnd":	1277136,
					"rtt":	928641,
					"omitted":	false
				}],
			"sum":	{
				"start":	33.000645,
				"end":	34.001241,
				"seconds":	1.000596,
				"bytes":	1094688,
				"bits_per_second":	8752287.230287,
				"retransmits":	9,
				"omitted":	false
			}
		}, {
			"streams":	[{
					"socket":	4,
					"start":	34.001241,
					"end":	35.000505,
					"seconds":	0.999264,
					"bytes":	2867040,
					"bits_per_second":	22953213.522774,
					"retransmits":	0,
					"snd_cwnd":	922376,
					"rtt":	825497,
					"omitted":	false
				}],
			"sum":	{
				"start":	34.001241,
				"end":	35.000505,
				"seconds":	0.999264,
				"bytes":	2867040,
				"bits_per_second":	22953213.522774,
				"retransmits":	0,
				"omitted":	false
			}
		}, {
			"streams":	[{
					"socket":	4,
					"start":	35.000505,
					"end":	36.000538,
					"seconds":	1.000033,
					"bytes":	1563840,
					"bits_per_second":	12510305.406196,
					"retransmits":	0,
					"snd_cwnd":	939752,
					"rtt":	752194,
					"omitted":	false
				}],
			"sum":	{
				"start":	35.000505,
				"end":	36.000538,
				"seconds":	1.000033,
				"bytes":	1563840,
				"bits_per_second":	12510305.406196,
				"retransmits":	0,
				"omitted":	false
			}
		}, {
			"streams":	[{
					"socket":	4,
					"start":	36.000538,
					"end":	37.001343,
					"seconds":	1.000805,
					"bytes":	1042560,
					"bits_per_second":	8333772.137447,
					"retransmits":	0,
					"snd_cwnd":	984640,
					"rtt":	776863,
					"omitted":	false
				}],
			"sum":	{
				"start":	36.000538,
				"end":	37.001343,
				"seconds":	1.000805,
				"bytes":	1042560,
				"bits_per_second":	8333772.137447,
				"retransmits":	0,
				"omitted":	false
			}
		}, {
			"streams":	[{
					"socket":	4,
					"start":	37.001343,
					"end":	38.001346,
					"seconds":	1.000003,
					"bytes":	977400,
					"bits_per_second":	7819175.764922,
					"retransmits":	0,
					"snd_cwnd":	1019392,
					"rtt":	791483,
					"omitted":	false
				}],
			"sum":	{
				"start":	37.001343,
				"end":	38.001346,
				"seconds":	1.000003,
				"bytes":	977400,
				"bits_per_second":	7819175.764922,
				"retransmits":	0,
				"omitted":	false
			}
		}, {
			"streams":	[{
					"socket":	4,
					"start":	38.001346,
					"end":	39.000384,
					"seconds":	0.999038,
					"bytes":	1629000,
					"bits_per_second":	13044549.103649,
					"retransmits":	0,
					"snd_cwnd":	1057040,
					"rtt":	812165,
					"omitted":	false
				}],
			"sum":	{
				"start":	38.001346,
				"end":	39.000384,
				"seconds":	0.999038,
				"bytes":	1629000,
				"bits_per_second":	13044549.103649,
				"retransmits":	0,
				"omitted":	false
			}
		}, {
			"streams":	[{
					"socket":	4,
					"start":	39.000384,
					"end":	40.001455,
					"seconds":	1.001071,
					"bytes":	1303200,
					"bits_per_second":	10414446.375199,
					"retransmits":	0,
					"snd_cwnd":	1072968,
					"rtt":	825793,
					"omitted":	false
				}],
			"sum":	{
				"start":	39.000384,
				"end":	40.001455,
				"seconds":	1.001071,
				"bytes":	1303200,
				"bits_per_second":	10414446.375199,
				"retransmits":	0,
				"omitted":	false
			}
		}, {
			"streams":	[{
					"socket":	4,
					"start":	40.001455,
					"end":	41.001225,
					"seconds":	0.999770,
					"bytes":	1238040,
					"bits_per_second":	9906599.250211,
					"retransmits":	0,
					"snd_cwnd":	1081656,
					"rtt":	840119,
					"omitted":	false
				}],
			"sum":	{
				"start":	40.001455,
				"end":	41.001225,
				"seconds":	0.999770,
				"bytes":	1238040,
				"bits_per_second":	9906599.250211,
				"retransmits":	0,
				"omitted":	false
			}
		}, {
			"streams":	[{
					"socket":	4,
					"start":	41.001225,
					"end":	42.001619,
					"seconds":	1.000394,
					"bytes":	1107720,
					"bits_per_second":	8858268.903862,
					"retransmits":	0,
					"snd_cwnd":	1083104,
					"rtt":	853986,
					"omitted":	false
				}],
			"sum":	{
				"start":	41.001225,
				"end":	42.001619,
				"seconds":	1.000394,
				"bytes":	1107720,
				"bits_per_second":	8858268.903862,
				"retransmits":	0,
				"omitted":	false
			}
		}, {
			"streams":	[{
					"socket":	4,
					"start":	42.001619,
					"end":	43.001193,
					"seconds":	0.999574,
					"bytes":	1042560,
					"bits_per_second":	8344035.009499,
					"retransmits":	0,
					"snd_cwnd":	1084552,
					"rtt":	868419,
					"omitted":	false
				}],
			"sum":	{
				"start":	42.001619,
				"end":	43.001193,
				"seconds":	0.999574,
				"bytes":	1042560,
				"bits_per_second":	8344035.009499,
				"retransmits":	0,
				"omitted":	false
			}
		}, {
			"streams":	[{
					"socket":	4,
					"start":	43.001193,
					"end":	44.001200,
					"seconds":	1.000007,
					"bytes":	1107720,
					"bits_per_second":	8861698.728985,
					"retransmits":	0,
					"snd_cwnd":	1086000,
					"rtt":	884711,
					"omitted":	false
				}],
			"sum":	{
				"start":	43.001193,
				"end":	44.001200,
				"seconds":	1.000007,
				"bytes":	1107720,
				"bits_per_second":	8861698.728985,
				"retransmits":	0,
				"omitted":	false
			}
		}, {
			"streams":	[{
					"socket":	4,
					"start":	44.001200,
					"end":	45.001625,
					"seconds":	1.000425,
					"bytes":	1172880,
					"bits_per_second":	9379052.961523,
					"retransmits":	0,
					"snd_cwnd":	1091792,
					"rtt":	941199,
					"omitted":	false
				}],
			"sum":	{
				"start":	44.001200,
				"end":	45.001625,
				"seconds":	1.000425,
				"bytes":	1172880,
				"bits_per_second":	9379052.961523,
				"retransmits":	0,
				"omitted":	false
			}
		}, {
			"streams":	[{
					"socket":	4,
					"start":	45.001625,
					"end":	46.001460,
					"seconds":	0.999835,
					"bytes":	1310720,
					"bits_per_second":	10487490.285472,
					"retransmits":	0,
					"snd_cwnd":	1109168,
					"rtt":	941719,
					"omitted":	false
				}],
			"sum":	{
				"start":	45.001625,
				"end":	46.001460,
				"seconds":	0.999835,
				"bytes":	1310720,
				"bits_per_second":	10487490.285472,
				"retransmits":	0,
				"omitted":	false
			}
		}, {
			"streams":	[{
					"socket":	4,
					"start":	46.001460,
					"end":	47.001326,
					"seconds":	0.999866,
					"bytes":	969880,
					"bits_per_second":	7760079.782724,
					"retransmits":	0,
					"snd_cwnd":	1129440,
					"rtt":	1030874,
					"omitted":	false
				}],
			"sum":	{
				"start":	46.001460,
				"end":	47.001326,
				"seconds":	0.999866,
				"bytes":	969880,
				"bits_per_second":	7760079.782724,
				"retransmits":	0,
				"omitted":	false
			}
		}, {
			"streams":	[{
					"socket":	4,
					"start":	47.001326,
					"end":	48.001212,
					"seconds":	0.999886,
					"bytes":	1303200,
					"bits_per_second":	10426790.765566,
					"retransmits":	0,
					"snd_cwnd":	1177224,
					"rtt":	958204,
					"omitted":	false
				}],
			"sum":	{
				"start":	47.001326,
				"end":	48.001212,
				"seconds":	0.999886,
				"bytes":	1303200,
				"bits_per_second":	10426790.765566,
				"retransmits":	0,
				"omitted":	false
			}
		}, {
			"streams":	[{
					"socket":	4,
					"start":	48.001212,
					"end":	49.000740,
					"seconds":	0.999528,
					"bytes":	1759320,
					"bits_per_second":	14081203.939637,
					"retransmits":	0,
					"snd_cwnd":	1253968,
					"rtt":	790017,
					"omitted":	false
				}],
			"sum":	{
				"start":	48.001212,
				"end":	49.000740,
				"seconds":	0.999528,
				"bytes":	1759320,
				"bits_per_second":	14081203.939637,
				"retransmits":	0,
				"omitted":	false
			}
		}, {
			"streams":	[{
					"socket":	4,
					"start":	49.000740,
					"end":	50.001446,
					"seconds":	1.000706,
					"bytes":	1238040,
					"bits_per_second":	9897332.904470,
					"retransmits":	0,
					"snd_cwnd":	1335056,
					"rtt":	984382,
					"omitted":	false
				}],
			"sum":	{
				"start":	49.000740,
				"end":	50.001446,
				"seconds":	1.000706,
				"bytes":	1238040,
				"bits_per_second":	9897332.904470,
				"retransmits":	0,
				"omitted":	false
			}
		}, {
			"streams":	[{
					"socket":	4,
					"start":	50.001446,
					"end":	51.001573,
					"seconds":	1.000127,
					"bytes":	1238040,
					"bits_per_second":	9903061.547631,
					"retransmits":	0,
					"snd_cwnd":	1448000,
					"rtt":	1053153,
					"omitted":	false
				}],
			"sum":	{
				"start":	50.001446,
				"end":	51.001573,
				"seconds":	1.000127,
				"bytes":	1238040,
				"bits_per_second":	9903061.547631,
				"retransmits":	0,
				"omitted":	false
			}
		}, {
			"streams":	[{
					"socket":	4,
					"start":	51.001573,
					"end":	52.001162,
					"seconds":	0.999589,
					"bytes":	521280,
					"bits_per_second":	4171954.813733,
					"retransmits":	38,
					"snd_cwnd":	1206184,
					"rtt":	1074268,
					"omitted":	false
				}],
			"sum":	{
				"start":	51.001573,
				"end":	52.001162,
				"seconds":	0.999589,
				"bytes":	521280,
				"bits_per_second":	4171954.813733,
				"retransmits":	38,
				"omitted":	false
			}
		}, {
			"streams":	[{
					"socket":	4,
					"start":	52.001162,
					"end":	53.001207,
					"seconds":	1.000045,
					"bytes":	1238040,
					"bits_per_second":	9903876.081604,
					"retransmits":	10,
					"snd_cwnd":	1051248,
					"rtt":	936079,
					"omitted":	false
				}],
			"sum":	{
				"start":	52.001162,
				"end":	53.001207,
				"seconds":	1.000045,
				"bytes":	1238040,
				"bits_per_second":	9903876.081604,
				"retransmits":	10,
				"omitted":	false
			}
		}, {
			"streams":	[{
					"socket":	4,
					"start":	53.001207,
					"end":	54.000721,
					"seconds":	0.999514,
					"bytes":	2150280,
					"bits_per_second":	17210602.581268,
					"retransmits":	0,
					"snd_cwnd":	1117856,
					"rtt":	823911,
					"omitted":	false
				}],
			"sum":	{
				"start":	53.001207,
				"end":	54.000721,
				"seconds":	0.999514,
				"bytes":	2150280,
				"bits_per_second":	17210602.581268,
				"retransmits":	0,
				"omitted":	false
			}
		}, {
			"streams":	[{
					"socket":	4,
					"start":	54.000721,
					"end":	55.001548,
					"seconds":	1.000827,
					"bytes":	1042560,
					"bits_per_second":	8333587.506023,
					"retransmits":	0,
					"snd_cwnd":	1203288,
					"rtt":	874200,
					"omitted":	false
				}],
			"sum":	{
				"start":	54.000721,
				"end":	55.001548,
				"seconds":	1.000827,
				"bytes":	1042560,
				"bits_per_second":	8333587.506023,
				"retransmits":	0,
				"omitted":	false
			}
		}, {
			"streams":	[{
					"socket":	4,
					"start":	55.001548,
					"end":	56.001141,
					"seconds":	0.999593,
					"bytes":	1172880,
					"bits_per_second":	9386860.269222,
					"retransmits":	0,
					"snd_cwnd":	1284376,
					"rtt":	928772,
					"omitted":	false
				}],
			"sum":	{
				"start":	55.001548,
				"end":	56.001141,
				"seconds":	0.999593,
				"bytes":	1172880,
				"bits_per_second":	9386860.269222,
				"retransmits":	0,
				"omitted":	false
			}
		}, {
			"streams":	[{
					"socket":	4,
					"start":	56.001141,
					"end":	57.001254,
					"seconds":	1.000113,
					"bytes":	1303200,
					"bits_per_second":	10424421.931840,
					"retransmits":	0,
					"snd_cwnd":	1355328,
					"rtt":	977833,
					"omitted":	false
				}],
			"sum":	{
				"start":	56.001141,
				"end":	57.001254,
				"seconds":	1.000113,
				"bytes":	1303200,
				"bits_per_second":	10424421.931840,
				"retransmits":	0,
				"omitted":	false
			}
		}, {
			"streams":	[{
					"socket":	4,
					"start":	57.001254,
					"end":	58.001357,
					"seconds":	1.000103,
					"bytes":	1303200,
					"bits_per_second":	10424526.306876,
					"retransmits":	0,
					"snd_cwnd":	1410352,
					"rtt":	1022539,
					"omitted":	false
				}],
			"sum":	{
				"start":	57.001254,
				"end":	58.001357,
				"seconds":	1.000103,
				"bytes":	1303200,
				"bits_per_second":	10424526.306876,
				"retransmits":	0,
				"omitted":	false
			}
		}, {
			"streams":	[{
					"socket":	4,
					"start":	58.001357,
					"end":	59.001259,
					"seconds":	0.999902,
					"bytes":	847080,
					"bits_per_second":	6777304.108274,
					"retransmits":	21,
					"snd_cwnd":	1229352,
					"rtt":	1038460,
					"omitted":	false
				}],
			"sum":	{
				"start":	58.001357,
				"end":	59.001259,
				"seconds":	0.999902,
				"bytes":	847080,
				"bits_per_second":	6777304.108274,
				"retransmits":	21,
				"omitted":	false
			}
		}, {
			"streams":	[{
					"socket":	4,
					"start":	59.001259,
					"end":	60.000321,
					"seconds":	0.999062,
					"bytes":	2801880,
					"bits_per_second":	22436089.025134,
					"retransmits":	0,
					"snd_cwnd":	1022288,
					"rtt":	452933,
					"omitted":	false
				}],
			"sum":	{
				"start":	59.001259,
				"end":	60.000321,
				"seconds":	0.999062,
				"bytes":	2801880,
				"bits_per_second":	22436089.025134,
				"retransmits":	0,
				"omitted":	false
			}
		}],
	"end":	{
		"streams":	[{
				"sender":	{
					"socket":	4,
					"start":	0,
					"end":	60.000321,
					"seconds":	60.000321,
					"bytes":	79879200,
					"bits_per_second":	10650503.035535,
					"retransmits":	229,
					"max_snd_cwnd":	2266120,
					"max_rtt":	1124490,
					"min_rtt":	251860,
					"mean_rtt":	851586
				},
				"receiver":	{
					"socket":	4,
					"start":	0,
					"end":	60.000321,
					"seconds":	60.000321,
					"bytes":	77070336,
					"bits_per_second":	10275989.838627
				}
			}],
		"sum_sent":	{
			"start":	0,
			"end":	60.000321,
			"seconds":	60.000321,
			"bytes":	79879200,
			"bits_per_second":	10650503.035535,
			"retransmits":	229
		},
		"sum_received":	{
			"start":	0,
			"end":	60.000321,
			"seconds":	60.000321,
			"bytes":	77070336,
			"bits_per_second":	10275989.838627
		},
		"cpu_utilization_percent":	{
			"host_total":	0.340526,
			"host_user":	0.018689,
			"host_system":	0.321836,
			"remote_total":	0.779752,
			"remote_user":	0,
			"remote_system":	0.779751
		}
	}
}
