{
	"start":	{
		"connected":	[{
				"socket":	4,
				"local_host":	"192.168.179.150",
				"local_port":	47142,
				"remote_host":	"192.168.120.130",
				"remote_port":	5201
			}],
		"version":	"iperf 3.1.3",
		"system_info":	"Linux a 4.15.0-213-generic #224-Ubuntu SMP Mon Jun 19 13:30:12 UTC 2023 x86_64",
		"timestamp":	{
			"time":	"Mon, 05 May 2025 10:43:17 GMT",
			"timesecs":	1746441797
		},
		"connecting_to":	{
			"host":	"192.168.120.130",
			"port":	5201
		},
		"cookie":	"a.1746441797.303311.2f4d28907cf3726f",
		"tcp_mss_default":	1448,
		"test_start":	{
			"protocol":	"TCP",
			"num_streams":	1,
			"blksize":	131072,
			"omit":	0,
			"duration":	60,
			"bytes":	0,
			"blocks":	0,
			"reverse":	0
		}
	},
	"intervals":	[{
			"streams":	[{
					"socket":	4,
					"start":	0,
					"end":	1.000560,
					"seconds":	1.000560,
					"bytes":	576304,
					"bits_per_second":	4607851.394749,
					"retransmits":	0,
					"snd_cwnd":	85432,
					"rtt":	296707,
					"omitted":	false
				}],
			"sum":	{
				"start":	0,
				"end":	1.000560,
				"seconds":	1.000560,
				"bytes":	576304,
				"bits_per_second":	4607851.394749,
				"retransmits":	0,
				"omitted":	false
			}
		}, {
			"streams":	[{
					"socket":	4,
					"start":	1.000560,
					"end":	2.001007,
					"seconds":	1.000447,
					"bytes":	390960,
					"bits_per_second":	3126282.442841,
					"retransmits":	0,
					"snd_cwnd":	98464,
					"rtt":	357991,
					"omitted":	false
				}],
			"sum":	{
				"start":	1.000560,
				"end":	2.001007,
				"seconds":	1.000447,
				"bytes":	390960,
				"bits_per_second":	3126282.442841,
				"retransmits":	0,
				"omitted":	false
			}
		}, {
			"streams":	[{
					"socket":	4,
					"start":	2.001007,
					"end":	3.001398,
					"seconds":	1.000391,
					"bytes":	260640,
					"bits_per_second":	2084305.023251,
					"retransmits":	0,
					"snd_cwnd":	108600,
					"rtt":	400342,
					"omitted":	false
				}],
			"sum":	{
				"start":	2.001007,
				"end":	3.001398,
				"seconds":	1.000391,
				"bytes":	260640,
				"bits_per_second":	2084305.023251,
				"retransmits":	0,
				"omitted":	false
			}
		}, {
			"streams":	[{
					"socket":	4,
					"start":	3.001398,
					"end":	4.001300,
					"seconds":	0.999902,
					"bytes":	260640,
					"bits_per_second":	2085324.341007,
					"retransmits":	0,
					"snd_cwnd":	120184,
					"rtt":	449972,
					"omitted":	false
				}],
			"sum":	{
				"start":	3.001398,
				"end":	4.001300,
				"seconds":	0.999902,
				"bytes":	260640,
				"bits_per_second":	2085324.341007,
				"retransmits":	0,
				"omitted":	false
			}
		}, {
			"streams":	[{
					"socket":	4,
					"start":	4.001300,
					"end":	5.000682,
					"seconds":	0.999382,
					"bytes":	325800,
					"bits_per_second":	2608011.701567,
					"retransmits":	0,
					"snd_cwnd":	131768,
					"rtt":	506396,
					"omitted":	false
				}],
			"sum":	{
				"start":	4.001300,
				"end":	5.000682,
				"seconds":	0.999382,
				"bytes":	325800,
				"bits_per_second":	2608011.701567,
				"retransmits":	0,
				"omitted":	false
			}
		}, {
			"streams":	[{
					"socket":	4,
					"start":	5.000682,
					"end":	6.000667,
					"seconds":	0.999985,
					"bytes":	325800,
					"bits_per_second":	2606439.149682,
					"retransmits":	0,
					"snd_cwnd":	150592,
					"rtt":	564079,
					"omitted":	false
				}],
			"sum":	{
				"start":	5.000682,
				"end":	6.000667,
				"seconds":	0.999985,
				"bytes":	325800,
				"bits_per_second":	2606439.149682,
				"retransmits":	0,
				"omitted":	false
			}
		}, {
			"streams":	[{
					"socket":	4,
					"start":	6.000667,
					"end":	7.000750,
					"seconds":	1.000083,
					"bytes":	651600,
					"bits_per_second":	5212367.531609,
					"retransmits":	0,
					"snd_cwnd":	202720,
					"rtt":	611167,
					"omitted":	false
				}],
			"sum":	{
				"start":	6.000667,
				"end":	7.000750,
				"seconds":	1.000083,
				"bytes":	651600,
				"bits_per_second":	5212367.531609,
				"retransmits":	0,
				"omitted":	false
			}
		}, {
			"streams":	[{
					"socket":	4,
					"start":	7.000750,
					"end":	8.001138,
					"seconds":	1.000388,
					"bytes":	390960,
					"bits_per_second":	3126467.221391,
					"retransmits":	0,
					"snd_cwnd":	244712,
					"rtt":	649639,
					"omitted":	false
				}],
			"sum":	{
				"start":	7.000750,
				"end":	8.001138,
				"seconds":	1.000388,
				"bytes":	390960,
				"bits_per_second":	3126467.221391,
				"retransmits":	0,
				"omitted":	false
			}
		}, {
			"streams":	[{
					"socket":	4,
					"start":	8.001138,
					"end":	9.000518,
					"seconds":	0.999380,
					"bytes":	1238040,
					"bits_per_second":	9910463.380353,
					"retransmits":	0,
					"snd_cwnd":	367792,
					"rtt":	723538,
					"omitted":	false
				}],
			"sum":	{
				"start":	8.001138,
				"end":	9.000518,
				"seconds":	0.999380,
				"bytes":	1238040,
				"bits_per_second":	9910463.380353,
				"retransmits":	0,
				"omitted":	false
			}
		}, {
			"streams":	[{
					"socket":	4,
					"start":	9.000518,
					"end":	10.001340,
					"seconds":	1.000822,
					"bytes":	781920,
					"bits_per_second":	6250223.386151,
					"retransmits":	0,
					"snd_cwnd":	448880,
					"rtt":	687190,
					"omitted":	false
				}],
			"sum":	{
				"start":	9.000518,
				"end":	10.001340,
				"seconds":	1.000822,
				"bytes":	781920,
				"bits_per_second":	6250223.386151,
				"retransmits":	0,
				"omitted":	false
			}
		}, {
			"streams":	[{
					"socket":	4,
					"start":	10.001340,
					"end":	11.000622,
					"seconds":	0.999282,
					"bytes":	2019960,
					"bits_per_second":	16171289.018143,
					"retransmits":	0,
					"snd_cwnd":	647256,
					"rtt":	754117,
					"omitted":	false
				}],
			"sum":	{
				"start":	10.001340,
				"end":	11.000622,
				"seconds":	0.999282,
				"bytes":	2019960,
				"bits_per_second":	16171289.018143,
				"retransmits":	0,
				"omitted":	false
			}
		}, {
			"streams":	[{
					"socket":	4,
					"start":	11.000622,
					"end":	12.001235,
					"seconds":	1.000613,
					"bytes":	977400,
					"bits_per_second":	7814409.968560,
					"retransmits":	0,
					"snd_cwnd":	816672,
					"rtt":	953733,
					"omitted":	false
				}],
			"sum":	{
				"start":	11.000622,
				"end":	12.001235,
				"seconds":	1.000613,
				"bytes":	977400,
				"bits_per_second":	7814409.968560,
				"retransmits":	0,
				"omitted":	false
			}
		}, {
			"streams":	[{
					"socket":	4,
					"start":	12.001235,
					"end":	13.001263,
					"seconds":	1.000028,
					"bytes":	716760,
					"bits_per_second":	5733920.052451,
					"retransmits":	0,
					"snd_cwnd":	1003464,
					"rtt":	938575,
					"omitted":	false
				}],
			"sum":	{
				"start":	12.001235,
				"end":	13.001263,
				"seconds":	1.000028,
				"bytes":	716760,
				"bits_per_second":	5733920.052451,
				"retransmits":	0,
				"omitted":	false
			}
		}, {
			"streams":	[{
					"socket":	4,
					"start":	13.001263,
					"end":	14.001109,
					"seconds":	0.999846,
					"bytes":	912240,
					"bits_per_second":	7299044.187123,
					"retransmits":	0,
					"snd_cwnd":	1235144,
					"rtt":	962328,
					"omitted":	false
				}],
			"sum":	{
				"start":	13.001263,
				"end":	14.001109,
				"seconds":	0.999846,
				"bytes":	912240,
				"bits_per_second":	7299044.187123,
				"retransmits":	0,
				"omitted":	false
			}
		}, {
			"streams":	[{
					"socket":	4,
					"start":	14.001109,
					"end":	15.001525,
					"seconds":	1.000416,
					"bytes":	1107720,
					"bits_per_second":	8858074.682884,
					"retransmits":	0,
					"snd_cwnd":	1510264,
					"rtt":	854797,
					"omitted":	false
				}],
			"sum":	{
				"start":	14.001109,
				"end":	15.001525,
				"seconds":	1.000416,
				"bytes":	1107720,
				"bits_per_second":	8858074.682884,
				"retransmits":	0,
				"omitted":	false
			}
		}, {
			"streams":	[{
					"socket":	4,
					"start":	15.001525,
					"end":	16.001229,
					"seconds":	0.999704,
					"bytes":	1310720,
					"bits_per_second":	10488863.418231,
					"retransmits":	0,
					"snd_cwnd":	1866472,
					"rtt":	1116313,
					"omitted":	false
				}],
			"sum":	{
				"start":	15.001525,
				"end":	16.001229,
				"seconds":	0.999704,
				"bytes":	1310720,
				"bits_per_second":	10488863.418231,
				"retransmits":	0,
				"omitted":	false
			}
		}, {
			"streams":	[{
					"socket":	4,
					"start":	16.001229,
					"end":	17.001578,
					"seconds":	1.000349,
					"bytes":	1310720,
					"bits_per_second":	10482101.277058,
					"retransmits":	0,
					"snd_cwnd":	2241504,
					"rtt":	1248415,
					"omitted":	false
				}],
			"sum":	{
				"start":	16.001229,
				"end":	17.001578,
				"seconds":	1.000349,
				"bytes":	1310720,
				"bits_per_second":	10482101.277058,
				"retransmits":	0,
				"omitted":	false
			}
		}, {
			"streams":	[{
					"socket":	4,
					"start":	17.001578,
					"end":	18.000197,
					"seconds":	0.998619,
					"bytes":	1507088,
					"bits_per_second":	12073379.254350,
					"retransmits":	0,
					"snd_cwnd":	2648392,
					"rtt":	1087402,
					"omitted":	false
				}],
			"sum":	{
				"start":	17.001578,
				"end":	18.000197,
				"seconds":	0.998619,
				"bytes":	1507088,
				"bits_per_second":	12073379.254350,
				"retransmits":	0,
				"omitted":	false
			}
		}, {
			"streams":	[{
					"socket":	4,
					"start":	18.000197,
					"end":	19.001264,
					"seconds":	1.001067,
					"bytes":	1116408,
					"bits_per_second":	8921743.058759,
					"retransmits":	185,
					"snd_cwnd":	836944,
					"rtt":	1036164,
					"omitted":	false
				}],
			"sum":	{
				"start":	18.000197,
				"end":	19.001264,
				"seconds":	1.001067,
				"bytes":	1116408,
				"bits_per_second":	8921743.058759,
				"retransmits":	185,
				"omitted":	false
			}
		}, {
			"streams":	[{
					"socket":	4,
					"start":	19.001264,
					"end":	20.000433,
					"seconds":	0.999169,
					"bytes":	2752928,
					"bits_per_second":	22041743.491819,
					"retransmits":	0,
					"snd_cwnd":	1950456,
					"rtt":	846452,
					"omitted":	false
				}],
			"sum":	{
				"start":	19.001264,
				"end":	20.000433,
				"seconds":	0.999169,
				"bytes":	2752928,
				"bits_per_second":	22041743.491819,
				"retransmits":	0,
				"omitted":	false
			}
		}, {
			"streams":	[{
					"socket":	4,
					"start":	20.000433,
					"end":	21.000297,
					"seconds":	0.999864,
					"bytes":	1768008,
					"bits_per_second":	14145986.419610,
					"retransmits":	0,
					"snd_cwnd":	2090912,
					"rtt":	1031751,
					"omitted":	false
				}],
			"sum":	{
				"start":	20.000433,
				"end":	21.000297,
				"seconds":	0.999864,
				"bytes":	1768008,
				"bits_per_second":	14145986.419610,
				"retransmits":	0,
				"omitted":	false
			}
		}, {
			"streams":	[{
					"socket":	4,
					"start":	21.000297,
					"end":	22.001026,
					"seconds":	1.000729,
					"bytes":	1768008,
					"bits_per_second":	14133762.669319,
					"retransmits":	0,
					"snd_cwnd":	2227024,
					"rtt":	1087100,
					"omitted":	false
				}],
			"sum":	{
				"start":	21.000297,
				"end":	22.001026,
				"seconds":	1.000729,
				"bytes":	1768008,
				"bits_per_second":	14133762.669319,
				"retransmits":	0,
				"omitted":	false
			}
		}, {
			"streams":	[{
					"socket":	4,
					"start":	22.001026,
					"end":	23.000919,
					"seconds":	0.999893,
					"bytes":	1833168,
					"bits_per_second":	14666910.595065,
					"retransmits":	0,
					"snd_cwnd":	2344312,
					"rtt":	1117625,
					"omitted":	false
				}],
			"sum":	{
				"start":	22.001026,
				"end":	23.000919,
				"seconds":	0.999893,
				"bytes":	1833168,
				"bits_per_second":	14666910.595065,
				"retransmits":	0,
				"omitted":	false
			}
		}, {
			"streams":	[{
					"socket":	4,
					"start":	23.000919,
					"end":	24.001179,
					"seconds":	1.000260,
					"bytes":	524176,
					"bits_per_second":	4192318.515980,
					"retransmits":	126,
					"snd_cwnd":	1023736,
					"rtt":	1120239,
					"omitted":	false
				}],
			"sum":	{
				"start":	23.000919,
				"end":	24.001179,
				"seconds":	1.000260,
				"bytes":	524176,
				"bits_per_second":	4192318.515980,
				"retransmits":	126,
				"omitted":	false
			}
		}, {
			"streams":	[{
					"socket":	4,
					"start":	24.001179,
					"end":	25.000703,
					"seconds":	0.999524,
					"bytes":	3589592,
					"bits_per_second":	28730408.326808,
					"retransmits":	4,
					"snd_cwnd":	1656512,
					"rtt":	716852,
					"omitted":	false
				}],
			"sum":	{
				"start":	24.001179,
				"end":	25.000703,
				"seconds":	0.999524,
				"bytes":	3589592,
				"bits_per_second":	28730408.326808,
				"retransmits":	4,
				"omitted":	false
			}
		}, {
			"streams":	[{
					"socket":	4,
					"start":	25.000703,
					"end":	26.000659,
					"seconds":	0.999956,
					"bytes":	1694160,
					"bits_per_second":	13553877.826814,
					"retransmits":	0,
					"snd_cwnd":	1718776,
					"rtt":	896404,
					"omitted":	false
				}],
			"sum":	{
				"start":	25.000703,
				"end":	26.000659,
				"seconds":	0.999956,
				"bytes":	1694160,
				"bits_per_second":	13553877.826814,
				"retransmits":	0,
				"omitted":	false
			}
		}, {
			"streams":	[{
					"socket":	4,
					"start":	26.000659,
					"end":	27.000512,
					"seconds":	0.999853,
					"bytes":	2019960,
					"bits_per_second":	16162057.507563,
					"retransmits":	0,
					"snd_cwnd":	1802760,
					"rtt":	936003,
					"omitted":	false
				}],
			"sum":	{
				"start":	26.000659,
				"end":	27.000512,
				"seconds":	0.999853,
				"bytes":	2019960,
				"bits_per_second":	16162057.507563,
				"retransmits":	0,
				"omitted":	false
			}
		}, {
			"streams":	[{
					"socket":	4,
					"start":	27.000512,
					"end":	28.000671,
					"seconds":	1.000159,
					"bytes":	1824480,
					"bits_per_second":	14593519.262793,
					"retransmits":	0,
					"snd_cwnd":	1867920,
					"rtt":	977903,
					"omitted":	false
				}],
			"sum":	{
				"start":	27.000512,
				"end":	28.000671,
				"seconds":	1.000159,
				"bytes":	1824480,
				"bits_per_second":	14593519.262793,
				"retransmits":	0,
				"omitted":	false
			}
		}, {
			"streams":	[{
					"socket":	4,
					"start":	28.000671,
					"end":	29.000550,
					"seconds":	0.999879,
					"bytes":	1802760,
					"bits_per_second":	14423823.526108,
					"retransmits":	0,
					"snd_cwnd":	1915704,
					"rtt":	1012683,
					"omitted":	false
				}],
			"sum":	{
				"start":	28.000671,
				"end":	29.000550,
				"seconds":	0.999879,
				"bytes":	1802760,
				"bits_per_second":	14423823.526108,
				"retransmits":	0,
				"omitted":	false
			}
		}, {
			"streams":	[{
					"socket":	4,
					"start":	29.000550,
					"end":	30.000548,
					"seconds":	0.999998,
					"bytes":	1702848,
					"bits_per_second":	13622813.231386,
					"retransmits":	0,
					"snd_cwnd":	1949008,
					"rtt":	1038258,
					"omitted":	false
				}],
			"sum":	{
				"start":	29.000550,
				"end":	30.000548,
				"seconds":	0.999998,
				"bytes":	1702848,
				"bits_per_second":	13622813.231386,
				"retransmits":	0,
				"omitted":	false
			}
		}, {
			"streams":	[{
					"socket":	4,
					"start":	30.000548,
					"end":	31.000420,
					"seconds":	0.999872,
					"bytes":	1507368,
					"bits_per_second":	12060485.237852,
					"retransmits":	14,
					"snd_cwnd":	1862128,
					"rtt":	1047642,
					"omitted":	false
				}],
			"sum":	{
				"start":	30.000548,
				"end":	31.000420,
				"seconds":	0.999872,
				"bytes":	1507368,
				"bits_per_second":	12060485.237852,
				"retransmits":	14,
				"omitted":	false
			}
		}, {
			"streams":	[{
					"socket":	4,
					"start":	31.000420,
					"end":	32.001251,
					"seconds":	1.000831,
					"bytes":	1116408,
					"bits_per_second":	8923849.274048,
					"retransmits":	30,
					"snd_cwnd":	1162744,
					"rtt":	972888,
					"omitted":	false
				}],
			"sum":	{
				"start":	31.000420,
				"end":	32.001251,
				"seconds":	1.000831,
				"bytes":	1116408,
				"bits_per_second":	8923849.274048,
				"retransmits":	30,
				"omitted":	false
			}
		}, {
			"streams":	[{
					"socket":	4,
					"start":	32.001251,
					"end":	33.000324,
					"seconds":	0.999073,
					"bytes":	3282616,
					"bits_per_second":	26285293.716450,
					"retransmits":	0,
					"snd_cwnd":	1404560,
					"rtt":	748713,
					"omitted":	false
				}],
			"sum":	{
				"start":	32.001251,
				"end":	33.000324,
				"seconds":	0.999073,
				"bytes":	3282616,
				"bits_per_second":	26285293.716450,
				"retransmits":	0,
				"omitted":	false
			}
		}, {
			"streams":	[{
					"socket":	4,
					"start":	33.000324,
					"end":	34.001557,
					"seconds":	1.001233,
					"bytes":	1310720,
					"bits_per_second":	10472845.924358,
					"retransmits":	0,
					"snd_cwnd":	1459584,
					"rtt":	755190,
					"omitted":	false
				}],
			"sum":	{
				"start":	33.000324,
				"end":	34.001557,
				"seconds":	1.001233,
				"bytes":	1310720,
				"bits_per_second":	10472845.924358,
				"retransmits":	0,
				"omitted":	false
			}
		}, {
			"streams":	[{
					"socket":	4,
					"start":	34.001557,
					"end":	35.001003,
					"seconds":	0.999446,
					"bytes":	2077600,
					"bits_per_second":	16630014.437855,
					"retransmits":	0,
					"snd_cwnd":	1536328,
					"rtt":	803553,
					"omitted":	false
				}],
			"sum":	{
				"start":	34.001557,
				"end":	35.001003,
				"seconds":	0.999446,
				"bytes":	2077600,
				"bits_per_second":	16630014.437855,
				"retransmits":	0,
				"omitted":	false
			}
		}, {
			"streams":	[{
					"socket":	4,
					"start":	35.001003,
					"end":	36.000745,
					"seconds":	0.999742,
					"bytes":	2085120,
					"bits_per_second":	16685264.279316,
					"retransmits":	0,
					"snd_cwnd":	1595696,
					"rtt":	840702,
					"omitted":	false
				}],
			"sum":	{
				"start":	35.001003,
				"end":	36.000745,
				"seconds":	0.999742,
				"bytes":	2085120,
				"bits_per_second":	16685264.279316,
				"retransmits":	0,
				"omitted":	false
			}
		}, {
			"streams":	[{
					"socket":	4,
					"start":	36.000745,
					"end":	37.000717,
					"seconds":	0.999972,
					"bytes":	1954800,
					"bits_per_second":	15638839.973621,
					"retransmits":	0,
					"snd_cwnd":	1630448,
					"rtt":	867996,
					"omitted":	false
				}],
			"sum":	{
				"start":	36.000745,
				"end":	37.000717,
				"seconds":	0.999972,
				"bytes":	1954800,
				"bits_per_second":	15638839.973621,
				"retransmits":	0,
				"omitted":	false
			}
		}, {
			"streams":	[{
					"socket":	4,
					"start":	37.000717,
					"end":	38.000468,
					"seconds":	0.999751,
					"bytes":	1629000,
					"bits_per_second":	13035244.589651,
					"retransmits":	0,
					"snd_cwnd":	1650720,
					"rtt":	889061,
					"omitted":	false
				}],
			"sum":	{
				"start":	37.000717,
				"end":	38.000468,
				"seconds":	0.999751,
				"bytes":	1629000,
				"bits_per_second":	13035244.589651,
				"retransmits":	0,
				"omitted":	false
			}
		}, {
			"streams":	[{
					"socket":	4,
					"start":	38.000468,
					"end":	39.000493,
					"seconds":	1.000025,
					"bytes":	1629000,
					"bits_per_second":	13031673.765720,
					"retransmits":	0,
					"snd_cwnd":	1663752,
					"rtt":	898888,
					"omitted":	false
				}],
			"sum":	{
				"start":	38.000468,
				"end":	39.000493,
				"seconds":	1.000025,
				"bytes":	1629000,
				"bits_per_second":	13031673.765720,
				"retransmits":	0,
				"omitted":	false
			}
		}, {
			"streams":	[{
					"socket":	4,
					"start":	39.000493,
					"end":	40.000924,
					"seconds":	1.000431,
					"bytes":	1694160,
					"bits_per_second":	13547440.229698,
					"retransmits":	0,
					"snd_cwnd":	1669544,
					"rtt":	908566,
					"omitted":	false
				}],
			"sum":	{
				"start":	39.000493,
				"end":	40.000924,
				"seconds":	1.000431,
				"bytes":	1694160,
				"bits_per_second":	13547440.229698,
				"retransmits":	0,
				"omitted":	false
			}
		}, {
			"streams":	[{
					"socket":	4,
					"start":	40.000924,
					"end":	41.000759,
					"seconds":	0.999835,
					"bytes":	1824480,
					"bits_per_second":	14598251.982685,
					"retransmits":	0,
					"snd_cwnd":	1670992,
					"rtt":	905386,
					"omitted":	false
				}],
			"sum":	{
				"start":	40.000924,
				"end":	41.000759,
				"seconds":	0.999835,
				"bytes":	1824480,
				"bits_per_second":	14598251.982685,
				"retransmits":	0,
				"omitted":	false
			}
		}, {
			"streams":	[{
					"socket":	4,
					"start":	41.000759,
					"end":	42.001181,
					"seconds":	1.000422,
					"bytes":	2085120,
					"bits_per_second":	16673923.589489,
					"retransmits":	0,
					"snd_cwnd":	1673888,
					"rtt":	904054,
					"omitted":	false
				}],
			"sum":	{
				"start":	41.000759,
				"end":	42.001181,
				"seconds":	1.000422,
				"bytes":	2085120,
				"bits_per_second":	16673923.589489,
				"retransmits":	0,
				"omitted":	false
			}
		}, {
			"streams":	[{
					"socket":	4,
					"start":	42.001181,
					"end":	43.000278,
					"seconds":	0.999097,
					"bytes":	1759320,
					"bits_per_second":	14087279.279917,
					"retransmits":	0,
					"snd_cwnd":	1678232,
					"rtt":	913112,
					"omitted":	false
				}],
			"sum":	{
				"start":	42.001181,
				"end":	43.000278,
				"seconds":	0.999097,
				"bytes":	1759320,
				"bits_per_second":	14087279.279917,
				"retransmits":	0,
				"omitted":	false
			}
		}, {
			"streams":	[{
					"socket":	4,
					"start":	43.000278,
					"end":	44.000393,
					"seconds":	1.000115,
					"bytes":	1889640,
					"bits_per_second":	15115382.974121,
					"retransmits":	0,
					"snd_cwnd":	1688368,
					"rtt":	914810,
					"omitted":	false
				}],
			"sum":	{
				"start":	43.000278,
				"end":	44.000393,
				"seconds":	1.000115,
				"bytes":	1889640,
				"bits_per_second":	15115382.974121,
				"retransmits":	0,
				"omitted":	false
			}
		}, {
			"streams":	[{
					"socket":	4,
					"start":	44.000393,
					"end":	45.000515,
					"seconds":	1.000122,
					"bytes":	2019960,
					"bits_per_second":	16157707.623581,
					"retransmits":	0,
					"snd_cwnd":	1711536,
					"rtt":	923952,
					"omitted":	false
				}],
			"sum":	{
				"start":	44.000393,
				"end":	45.000515,
				"seconds":	1.000122,
				"bytes":	2019960,
				"bits_per_second":	16157707.623581,
				"retransmits":	0,
				"omitted":	false
			}
		}, {
			"streams":	[{
					"socket":	4,
					"start":	45.000515,
					"end":	46.000714,
					"seconds":	1.000199,
					"bytes":	1954800,
					"bits_per_second":	15635287.334603,
					"retransmits":	0,
					"snd_cwnd":	1747736,
					"rtt":	942903,
					"omitted":	false
				}],
			"sum":	{
				"start":	45.000515,
				"end":	46.000714,
				"seconds":	1.000199,
				"bytes":	1954800,
				"bits_per_second":	15635287.334603,
				"retransmits":	0,
				"omitted":	false
			}
		}, {
			"streams":	[{
					"socket":	4,
					"start":	46.000714,
					"end":	47.000432,
					"seconds":	0.999718,
					"bytes":	1889640,
					"bits_per_second":	15121384.974218,
					"retransmits":	0,
					"snd_cwnd":	1802760,
					"rtt":	968797,
					"omitted":	false
				}],
			"sum":	{
				"start":	46.000714,
				"end":	47.000432,
				"seconds":	0.999718,
				"bytes":	1889640,
				"bits_per_second":	15121384.974218,
				"retransmits":	0,
				"omitted":	false
			}
		}, {
			"streams":	[{
					"socket":	4,
					"start":	47.000432,
					"end":	48.001396,
					"seconds":	1.000964,
					"bytes":	781920,
					"bits_per_second":	6249336.100480,
					"retransmits":	33,
					"snd_cwnd":	1443656,
					"rtt":	993354,
					"omitted":	false
				}],
			"sum":	{
				"start":	47.000432,
				"end":	48.001396,
				"seconds":	1.000964,
				"bytes":	781920,
				"bits_per_second":	6249336.100480,
				"retransmits":	33,
				"omitted":	false
			}
		}, {
			"streams":	[{
					"socket":	4,
					"start":	48.001396,
					"end":	49.001434,
					"seconds":	1.000038,
					"bytes":	1310720,
					"bits_per_second":	10485360.015258,
					"retransmits":	19,
					"snd_cwnd":	981744,
					"rtt":	920649,
					"omitted":	false
				}],
			"sum":	{
				"start":	48.001396,
				"end":	49.001434,
				"seconds":	1.000038,
				"bytes":	1310720,
				"bits_per_second":	10485360.015258,
				"retransmits":	19,
				"omitted":	false
			}
		}, {
			"streams":	[{
					"socket":	4,
					"start":	49.001434,
					"end":	50.000320,
					"seconds":	0.998886,
					"bytes":	2730648,
					"bits_per_second":	21869549.521649,
					"retransmits":	0,
					"snd_cwnd":	957128,
					"rtt":	724663,
					"omitted":	false
				}],
			"sum":	{
				"start":	49.001434,
				"end":	50.000320,
				"seconds":	0.998886,
				"bytes":	2730648,
				"bits_per_second":	21869549.521649,
				"retransmits":	0,
				"omitted":	false
			}
		}, {
			"streams":	[{
					"socket":	4,
					"start":	50.000320,
					"end":	51.000345,
					"seconds":	1.000025,
					"bytes":	1694160,
					"bits_per_second":	13552940.716349,
					"retransmits":	0,
					"snd_cwnd":	946992,
					"rtt":	670862,
					"omitted":	false
				}],
			"sum":	{
				"start":	50.000320,
				"end":	51.000345,
				"seconds":	1.000025,
				"bytes":	1694160,
				"bits_per_second":	13552940.716349,
				"retransmits":	0,
				"omitted":	false
			}
		}, {
			"streams":	[{
					"socket":	4,
					"start":	51.000345,
					"end":	52.001389,
					"seconds":	1.001044,
					"bytes":	912240,
					"bits_per_second":	7290308.662902,
					"retransmits":	0,
					"snd_cwnd":	984640,
					"rtt":	716182,
					"omitted":	false
				}],
			"sum":	{
				"start":	51.000345,
				"end":	52.001389,
				"seconds":	1.001044,
				"bytes":	912240,
				"bits_per_second":	7290308.662902,
				"retransmits":	0,
				"omitted":	false
			}
		}, {
			"streams":	[{
					"socket":	4,
					"start":	52.001389,
					"end":	53.000311,
					"seconds":	0.998922,
					"bytes":	1629000,
					"bits_per_second":	13046065.338960,
					"retransmits":	0,
					"snd_cwnd":	1036768,
					"rtt":	774619,
					"omitted":	false
				}],
			"sum":	{
				"start":	52.001389,
				"end":	53.000311,
				"seconds":	0.998922,
				"bytes":	1629000,
				"bits_per_second":	13046065.338960,
				"retransmits":	0,
				"omitted":	false
			}
		}, {
			"streams":	[{
					"socket":	4,
					"start":	53.000311,
					"end":	54.001629,
					"seconds":	1.001318,
					"bytes":	1310720,
					"bits_per_second":	10471955.697057,
					"retransmits":	0,
					"snd_cwnd":	1064280,
					"rtt":	812470,
					"omitted":	false
				}],
			"sum":	{
				"start":	53.000311,
				"end":	54.001629,
				"seconds":	1.001318,
				"bytes":	1310720,
				"bits_per_second":	10471955.697057,
				"retransmits":	0,
				"omitted":	false
			}
		}, {
			"streams":	[{
					"socket":	4,
					"start":	54.001629,
					"end":	55.001329,
					"seconds":	0.999700,
					"bytes":	1100200,
					"bits_per_second":	8804242.760667,
					"retransmits":	0,
					"snd_cwnd":	1077312,
					"rtt":	841531,
					"omitted":	false
				}],
			"sum":	{
				"start":	54.001629,
				"end":	55.001329,
				"seconds":	0.999700,
				"bytes":	1100200,
				"bits_per_second":	8804242.760667,
				"retransmits":	0,
				"omitted":	false
			}
		}, {
			"streams":	[{
					"socket":	4,
					"start":	55.001329,
					"end":	56.001499,
					"seconds":	1.000170,
					"bytes":	1107720,
					"bits_per_second":	8860253.823772,
					"retransmits":	0,
					"snd_cwnd":	1084552,
					"rtt":	856197,
					"omitted":	false
				}],
			"sum":	{
				"start":	55.001329,
				"end":	56.001499,
				"seconds":	1.000170,
				"bytes":	1107720,
				"bits_per_second":	8860253.823772,
				"retransmits":	0,
				"omitted":	false
			}
		}, {
			"streams":	[{
					"socket":	4,
					"start":	56.001499,
					"end":	57.001340,
					"seconds":	0.999841,
					"bytes":	1107720,
					"bits_per_second":	8863169.467229,
					"retransmits":	0,
					"snd_cwnd":	1087448,
					"rtt":	869261,
					"omitted":	false
				}],
			"sum":	{
				"start":	56.001499,
				"end":	57.001340,
				"seconds":	0.999841,
				"bytes":	1107720,
				"bits_per_second":	8863169.467229,
				"retransmits":	0,
				"omitted":	false
			}
		}, {
			"streams":	[{
					"socket":	4,
					"start":	57.001340,
					"end":	58.000355,
					"seconds":	0.999015,
					"bytes":	1498680,
					"bits_per_second":	12001260.126911,
					"retransmits":	0,
					"snd_cwnd":	1088896,
					"rtt":	877946,
					"omitted":	false
				}],
			"sum":	{
				"start":	57.001340,
				"end":	58.000355,
				"seconds":	0.999015,
				"bytes":	1498680,
				"bits_per_second":	12001260.126911,
				"retransmits":	0,
				"omitted":	false
			}
		}, {
			"streams":	[{
					"socket":	4,
					"start":	58.000355,
					"end":	59.000561,
					"seconds":	1.000206,
					"bytes":	1563840,
					"bits_per_second":	12508143.401857,
					"retransmits":	0,
					"snd_cwnd":	1093240,
					"rtt":	743429,
					"omitted":	false
				}],
			"sum":	{
				"start":	58.000355,
				"end":	59.000561,
				"seconds":	1.000206,
				"bytes":	1563840,
				"bits_per_second":	12508143.401857,
				"retransmits":	0,
				"omitted":	false
			}
		}, {
			"streams":	[{
					"socket":	4,
					"start":	59.000561,
					"end":	60.000302,
					"seconds":	0.999741,
					"bytes":	1694160,
					"bits_per_second":	13556790.159043,
					"retransmits":	0,
					"snd_cwnd":	1101928,
					"rtt":	557607,
					"omitted":	false
				}],
			"sum":	{
				"start":	59.000561,
				"end":	60.000302,
				"seconds":	0.999741,
				"bytes":	1694160,
				"bits_per_second":	13556790.159043,
				"retransmits":	0,
				"omitted":	false
			}
		}],
	"end":	{
		"streams":	[{
				"sender":	{
					"socket":	4,
					"start":	0,
					"end":	60.000302,
					"seconds":	60.000302,
					"bytes":	87613248,
					"bits_per_second":	11681707.587209,
					"retransmits":	411,
					"max_snd_cwnd":	2648392,
					"max_rtt":	1248415,
					"min_rtt":	296707,
					"mean_rtt":	842418
				},
				"receiver":	{
					"socket":	4,
					"start":	0,
					"end":	60.000302,
					"seconds":	60.000302,
					"bytes":	84934656,
					"bits_per_second":	11324563.785287
				}
			}],
		"sum_sent":	{
			"start":	0,
			"end":	60.000302,
			"seconds":	60.000302,
			"bytes":	87613248,
			"bits_per_second":	11681707.587209,
			"retransmits":	411
		},
		"sum_received":	{
			"start":	0,
			"end":	60.000302,
			"seconds":	60.000302,
			"bytes":	84934656,
			"bits_per_second":	11324563.785287
		},
		"cpu_utilization_percent":	{
			"host_total":	0.439469,
			"host_user":	0.056547,
			"host_system":	0.382921,
			"remote_total":	0.900199,
			"remote_user":	0,
			"remote_system":	0.900199
		}
	}
}
