{
	"start":	{
		"connected":	[{
				"socket":	5,
				"local_host":	"192.168.179.150",
				"local_port":	37520,
				"remote_host":	"192.168.120.130",
				"remote_port":	5201
			}],
		"version":	"iperf 3.9",
		"system_info":	"Linux a 6.14.5-x64v3-xanmod1 #0~20250503.gdace042 SMP PREEMPT_DYNAMIC Sat May  3 00:40:10 UTC x86_64",
		"timestamp":	{
			"time":	"Mon, 05 May 2025 10:15:34 GMT",
			"timesecs":	1746440134
		},
		"connecting_to":	{
			"host":	"192.168.120.130",
			"port":	5201
		},
		"cookie":	"5rgurraqon7oaw6p3ouyhcps4jct74kcwjge",
		"tcp_mss_default":	1448,
		"sock_bufsize":	0,
		"sndbuf_actual":	65536,
		"rcvbuf_actual":	87380,
		"test_start":	{
			"protocol":	"TCP",
			"num_streams":	1,
			"blksize":	131072,
			"omit":	0,
			"duration":	60,
			"bytes":	0,
			"blocks":	0,
			"reverse":	0,
			"tos":	0
		}
	},
	"intervals":	[{
			"streams":	[{
					"socket":	5,
					"start":	0,
					"end":	1.000224,
					"seconds":	1.0002239942550659,
					"bytes":	3541808,
					"bits_per_second":	28328118.6641624,
					"retransmits":	0,
					"snd_cwnd":	172312,
					"rtt":	60635,
					"rttvar":	216,
					"pmtu":	1500,
					"omitted":	false,
					"sender":	true
				}],
			"sum":	{
				"start":	0,
				"end":	1.000224,
				"seconds":	1.0002239942550659,
				"bytes":	3541808,
				"bits_per_second":	28328118.6641624,
				"retransmits":	0,
				"omitted":	false,
				"sender":	true
			}
		}, {
			"streams":	[{
					"socket":	5,
					"start":	1.000224,
					"end":	2.000532,
					"seconds":	1.0003080368041992,
					"bytes":	2345760,
					"bits_per_second":	18760301.136792008,
					"retransmits":	0,
					"snd_cwnd":	165072,
					"rtt":	79213,
					"rttvar":	751,
					"pmtu":	1500,
					"omitted":	false,
					"sender":	true
				}],
			"sum":	{
				"start":	1.000224,
				"end":	2.000532,
				"seconds":	1.0003080368041992,
				"bytes":	2345760,
				"bits_per_second":	18760301.136792008,
				"retransmits":	0,
				"omitted":	false,
				"sender":	true
			}
		}, {
			"streams":	[{
					"socket":	5,
					"start":	2.000532,
					"end":	3.000324,
					"seconds":	0.999791979789734,
					"bytes":	1759320,
					"bits_per_second":	14077488.402097423,
					"retransmits":	0,
					"snd_cwnd":	166520,
					"rtt":	113916,
					"rttvar":	775,
					"pmtu":	1500,
					"omitted":	false,
					"sender":	true
				}],
			"sum":	{
				"start":	2.000532,
				"end":	3.000324,
				"seconds":	0.999791979789734,
				"bytes":	1759320,
				"bits_per_second":	14077488.402097423,
				"retransmits":	0,
				"omitted":	false,
				"sender":	true
			}
		}, {
			"streams":	[{
					"socket":	5,
					"start":	3.000324,
					"end":	4.000639,
					"seconds":	1.0003149509429932,
					"bytes":	1172880,
					"bits_per_second":	9380085.73315299,
					"retransmits":	0,
					"snd_cwnd":	150592,
					"rtt":	122374,
					"rttvar":	185,
					"pmtu":	1500,
					"omitted":	false,
					"sender":	true
				}],
			"sum":	{
				"start":	3.000324,
				"end":	4.000639,
				"seconds":	1.0003149509429932,
				"bytes":	1172880,
				"bits_per_second":	9380085.73315299,
				"retransmits":	0,
				"omitted":	false,
				"sender":	true
			}
		}, {
			"streams":	[{
					"socket":	5,
					"start":	4.000639,
					"end":	5.000412,
					"seconds":	0.99977302551269531,
					"bytes":	1759320,
					"bits_per_second":	14077755.291289641,
					"retransmits":	0,
					"snd_cwnd":	36200,
					"rtt":	112915,
					"rttvar":	202,
					"pmtu":	1500,
					"omitted":	false,
					"sender":	true
				}],
			"sum":	{
				"start":	4.000639,
				"end":	5.000412,
				"seconds":	0.99977302551269531,
				"bytes":	1759320,
				"bits_per_second":	14077755.291289641,
				"retransmits":	0,
				"omitted":	false,
				"sender":	true
			}
		}, {
			"streams":	[{
					"socket":	5,
					"start":	5.000412,
					"end":	6.000722,
					"seconds":	1.000309944152832,
					"bytes":	586440,
					"bits_per_second":	4690066.3413611,
					"retransmits":	0,
					"snd_cwnd":	149144,
					"rtt":	142314,
					"rttvar":	129,
					"pmtu":	1500,
					"omitted":	false,
					"sender":	true
				}],
			"sum":	{
				"start":	5.000412,
				"end":	6.000722,
				"seconds":	1.000309944152832,
				"bytes":	586440,
				"bits_per_second":	4690066.3413611,
				"retransmits":	0,
				"omitted":	false,
				"sender":	true
			}
		}, {
			"streams":	[{
					"socket":	5,
					"start":	6.000722,
					"end":	7.000515,
					"seconds":	0.999792993068695,
					"bytes":	1172880,
					"bits_per_second":	9384982.75648077,
					"retransmits":	0,
					"snd_cwnd":	179552,
					"rtt":	61691,
					"rttvar":	2155,
					"pmtu":	1500,
					"omitted":	false,
					"sender":	true
				}],
			"sum":	{
				"start":	6.000722,
				"end":	7.000515,
				"seconds":	0.999792993068695,
				"bytes":	1172880,
				"bits_per_second":	9384982.75648077,
				"retransmits":	0,
				"omitted":	false,
				"sender":	true
			}
		}, {
			"streams":	[{
					"socket":	5,
					"start":	7.000515,
					"end":	8.000302,
					"seconds":	0.99978697299957275,
					"bytes":	1759320,
					"bits_per_second":	14077558.900145836,
					"retransmits":	0,
					"snd_cwnd":	170864,
					"rtt":	128720,
					"rttvar":	182,
					"pmtu":	1500,
					"omitted":	false,
					"sender":	true
				}],
			"sum":	{
				"start":	7.000515,
				"end":	8.000302,
				"seconds":	0.99978697299957275,
				"bytes":	1759320,
				"bits_per_second":	14077558.900145836,
				"retransmits":	0,
				"omitted":	false,
				"sender":	true
			}
		}, {
			"streams":	[{
					"socket":	5,
					"start":	8.000302,
					"end":	9.000088,
					"seconds":	0.99978601932525635,
					"bytes":	1172880,
					"bits_per_second":	9385048.21895039,
					"retransmits":	0,
					"snd_cwnd":	147696,
					"rtt":	166254,
					"rttvar":	214,
					"pmtu":	1500,
					"omitted":	false,
					"sender":	true
				}],
			"sum":	{
				"start":	8.000302,
				"end":	9.000088,
				"seconds":	0.99978601932525635,
				"bytes":	1172880,
				"bits_per_second":	9385048.21895039,
				"retransmits":	0,
				"omitted":	false,
				"sender":	true
			}
		}, {
			"streams":	[{
					"socket":	5,
					"start":	9.000088,
					"end":	10.000386,
					"seconds":	1.000298023223877,
					"bytes":	586440,
					"bits_per_second":	4690122.2346512526,
					"retransmits":	0,
					"snd_cwnd":	182448,
					"rtt":	166411,
					"rttvar":	1173,
					"pmtu":	1500,
					"omitted":	false,
					"sender":	true
				}],
			"sum":	{
				"start":	9.000088,
				"end":	10.000386,
				"seconds":	1.000298023223877,
				"bytes":	586440,
				"bits_per_second":	4690122.2346512526,
				"retransmits":	0,
				"omitted":	false,
				"sender":	true
			}
		}, {
			"streams":	[{
					"socket":	5,
					"start":	10.000386,
					"end":	11.000691,
					"seconds":	1.0003050565719604,
					"bytes":	2606400,
					"bits_per_second":	20844841.144217484,
					"retransmits":	0,
					"snd_cwnd":	325800,
					"rtt":	183528,
					"rttvar":	224,
					"pmtu":	1500,
					"omitted":	false,
					"sender":	true
				}],
			"sum":	{
				"start":	10.000386,
				"end":	11.000691,
				"seconds":	1.0003050565719604,
				"bytes":	2606400,
				"bits_per_second":	20844841.144217484,
				"retransmits":	0,
				"omitted":	false,
				"sender":	true
			}
		}, {
			"streams":	[{
					"socket":	5,
					"start":	11.000691,
					"end":	12.000464,
					"seconds":	0.99977302551269531,
					"bytes":	2085120,
					"bits_per_second":	16684747.011898834,
					"retransmits":	0,
					"snd_cwnd":	52128,
					"rtt":	167652,
					"rttvar":	321,
					"pmtu":	1500,
					"omitted":	false,
					"sender":	true
				}],
			"sum":	{
				"start":	11.000691,
				"end":	12.000464,
				"seconds":	0.99977302551269531,
				"bytes":	2085120,
				"bits_per_second":	16684747.011898834,
				"retransmits":	0,
				"omitted":	false,
				"sender":	true
			}
		}, {
			"streams":	[{
					"socket":	5,
					"start":	12.000464,
					"end":	13.00078,
					"seconds":	1.0003160238265991,
					"bytes":	1042560,
					"bits_per_second":	8337845.04230414,
					"retransmits":	0,
					"snd_cwnd":	53576,
					"rtt":	38760,
					"rttvar":	276,
					"pmtu":	1500,
					"omitted":	false,
					"sender":	true
				}],
			"sum":	{
				"start":	12.000464,
				"end":	13.00078,
				"seconds":	1.0003160238265991,
				"bytes":	1042560,
				"bits_per_second":	8337845.04230414,
				"retransmits":	0,
				"omitted":	false,
				"sender":	true
			}
		}, {
			"streams":	[{
					"socket":	5,
					"start":	13.00078,
					"end":	14.000566,
					"seconds":	0.99978601932525635,
					"bytes":	1042560,
					"bits_per_second":	8342265.08351146,
					"retransmits":	0,
					"snd_cwnd":	46336,
					"rtt":	32914,
					"rttvar":	291,
					"pmtu":	1500,
					"omitted":	false,
					"sender":	true
				}],
			"sum":	{
				"start":	13.00078,
				"end":	14.000566,
				"seconds":	0.99978601932525635,
				"bytes":	1042560,
				"bits_per_second":	8342265.08351146,
				"retransmits":	0,
				"omitted":	false,
				"sender":	true
			}
		}, {
			"streams":	[{
					"socket":	5,
					"start":	14.000566,
					"end":	15.000862,
					"seconds":	1.0002959966659546,
					"bytes":	1042560,
					"bits_per_second":	8338011.97625434,
					"retransmits":	0,
					"snd_cwnd":	43440,
					"rtt":	33158,
					"rttvar":	685,
					"pmtu":	1500,
					"omitted":	false,
					"sender":	true
				}],
			"sum":	{
				"start":	14.000566,
				"end":	15.000862,
				"seconds":	1.0002959966659546,
				"bytes":	1042560,
				"bits_per_second":	8338011.97625434,
				"retransmits":	0,
				"omitted":	false,
				"sender":	true
			}
		}, {
			"streams":	[{
					"socket":	5,
					"start":	15.000862,
					"end":	16.000668,
					"seconds":	0.999805986881256,
					"bytes":	2085120,
					"bits_per_second":	16684196.953084605,
					"retransmits":	0,
					"snd_cwnd":	47784,
					"rtt":	36352,
					"rttvar":	1667,
					"pmtu":	1500,
					"omitted":	false,
					"sender":	true
				}],
			"sum":	{
				"start":	15.000862,
				"end":	16.000668,
				"seconds":	0.999805986881256,
				"bytes":	2085120,
				"bits_per_second":	16684196.953084605,
				"retransmits":	0,
				"omitted":	false,
				"sender":	true
			}
		}, {
			"streams":	[{
					"socket":	5,
					"start":	16.000668,
					"end":	17.000969,
					"seconds":	1.0003010034561157,
					"bytes":	1042560,
					"bits_per_second":	8337970.2421401255,
					"retransmits":	0,
					"snd_cwnd":	46336,
					"rtt":	33005,
					"rttvar":	541,
					"pmtu":	1500,
					"omitted":	false,
					"sender":	true
				}],
			"sum":	{
				"start":	16.000668,
				"end":	17.000969,
				"seconds":	1.0003010034561157,
				"bytes":	1042560,
				"bits_per_second":	8337970.2421401255,
				"retransmits":	0,
				"omitted":	false,
				"sender":	true
			}
		}, {
			"streams":	[{
					"socket":	5,
					"start":	17.000969,
					"end":	18.000749,
					"seconds":	0.999779999256134,
					"bytes":	1042560,
					"bits_per_second":	8342315.31557499,
					"retransmits":	0,
					"snd_cwnd":	49232,
					"rtt":	33100,
					"rttvar":	645,
					"pmtu":	1500,
					"omitted":	false,
					"sender":	true
				}],
			"sum":	{
				"start":	17.000969,
				"end":	18.000749,
				"seconds":	0.999779999256134,
				"bytes":	1042560,
				"bits_per_second":	8342315.31557499,
				"retransmits":	0,
				"omitted":	false,
				"sender":	true
			}
		}, {
			"streams":	[{
					"socket":	5,
					"start":	18.000749,
					"end":	19.000547,
					"seconds":	0.9997979998588562,
					"bytes":	2085120,
					"bits_per_second":	16684330.237062776,
					"retransmits":	0,
					"snd_cwnd":	46336,
					"rtt":	32212,
					"rttvar":	247,
					"pmtu":	1500,
					"omitted":	false,
					"sender":	true
				}],
			"sum":	{
				"start":	18.000749,
				"end":	19.000547,
				"seconds":	0.9997979998588562,
				"bytes":	2085120,
				"bits_per_second":	16684330.237062776,
				"retransmits":	0,
				"omitted":	false,
				"sender":	true
			}
		}, {
			"streams":	[{
					"socket":	5,
					"start":	19.000547,
					"end":	20.000842,
					"seconds":	1.0002950429916382,
					"bytes":	1042560,
					"bits_per_second":	8338019.9256567955,
					"retransmits":	0,
					"snd_cwnd":	43440,
					"rtt":	35461,
					"rttvar":	852,
					"pmtu":	1500,
					"omitted":	false,
					"sender":	true
				}],
			"sum":	{
				"start":	19.000547,
				"end":	20.000842,
				"seconds":	1.0002950429916382,
				"bytes":	1042560,
				"bits_per_second":	8338019.9256567955,
				"retransmits":	0,
				"omitted":	false,
				"sender":	true
			}
		}, {
			"streams":	[{
					"socket":	5,
					"start":	20.000842,
					"end":	21.001145,
					"seconds":	1.0003030300140381,
					"bytes":	1042560,
					"bits_per_second":	8337953.3498793375,
					"retransmits":	0,
					"snd_cwnd":	50680,
					"rtt":	33059,
					"rttvar":	550,
					"pmtu":	1500,
					"omitted":	false,
					"sender":	true
				}],
			"sum":	{
				"start":	20.000842,
				"end":	21.001145,
				"seconds":	1.0003030300140381,
				"bytes":	1042560,
				"bits_per_second":	8337953.3498793375,
				"retransmits":	0,
				"omitted":	false,
				"sender":	true
			}
		}, {
			"streams":	[{
					"socket":	5,
					"start":	21.001145,
					"end":	22.000422,
					"seconds":	0.99927699565887451,
					"bytes":	2085120,
					"bits_per_second":	16693029.132529354,
					"retransmits":	0,
					"snd_cwnd":	47784,
					"rtt":	33895,
					"rttvar":	377,
					"pmtu":	1500,
					"omitted":	false,
					"sender":	true
				}],
			"sum":	{
				"start":	21.001145,
				"end":	22.000422,
				"seconds":	0.99927699565887451,
				"bytes":	2085120,
				"bits_per_second":	16693029.132529354,
				"retransmits":	0,
				"omitted":	false,
				"sender":	true
			}
		}, {
			"streams":	[{
					"socket":	5,
					"start":	22.000422,
					"end":	23.000887,
					"seconds":	1.0004650354385376,
					"bytes":	1042560,
					"bits_per_second":	8336603.1840823768,
					"retransmits":	0,
					"snd_cwnd":	49232,
					"rtt":	32090,
					"rttvar":	602,
					"pmtu":	1500,
					"omitted":	false,
					"sender":	true
				}],
			"sum":	{
				"start":	22.000422,
				"end":	23.000887,
				"seconds":	1.0004650354385376,
				"bytes":	1042560,
				"bits_per_second":	8336603.1840823768,
				"retransmits":	0,
				"omitted":	false,
				"sender":	true
			}
		}, {
			"streams":	[{
					"socket":	5,
					"start":	23.000887,
					"end":	24.000155,
					"seconds":	0.99926799535751343,
					"bytes":	2085120,
					"bits_per_second":	16693179.484880794,
					"retransmits":	0,
					"snd_cwnd":	46336,
					"rtt":	30456,
					"rttvar":	306,
					"pmtu":	1500,
					"omitted":	false,
					"sender":	true
				}],
			"sum":	{
				"start":	23.000887,
				"end":	24.000155,
				"seconds":	0.99926799535751343,
				"bytes":	2085120,
				"bits_per_second":	16693179.484880794,
				"retransmits":	0,
				"omitted":	false,
				"sender":	true
			}
		}, {
			"streams":	[{
					"socket":	5,
					"start":	24.000155,
					"end":	25.000476,
					"seconds":	1.00032103061676,
					"bytes":	1042560,
					"bits_per_second":	8337803.30986101,
					"retransmits":	0,
					"snd_cwnd":	53576,
					"rtt":	34570,
					"rttvar":	1550,
					"pmtu":	1500,
					"omitted":	false,
					"sender":	true
				}],
			"sum":	{
				"start":	24.000155,
				"end":	25.000476,
				"seconds":	1.00032103061676,
				"bytes":	1042560,
				"bits_per_second":	8337803.30986101,
				"retransmits":	0,
				"omitted":	false,
				"sender":	true
			}
		}, {
			"streams":	[{
					"socket":	5,
					"start":	25.000476,
					"end":	26.000774,
					"seconds":	1.000298023223877,
					"bytes":	1042560,
					"bits_per_second":	8337995.0838244483,
					"retransmits":	0,
					"snd_cwnd":	41992,
					"rtt":	33215,
					"rttvar":	225,
					"pmtu":	1500,
					"omitted":	false,
					"sender":	true
				}],
			"sum":	{
				"start":	25.000476,
				"end":	26.000774,
				"seconds":	1.000298023223877,
				"bytes":	1042560,
				"bits_per_second":	8337995.0838244483,
				"retransmits":	0,
				"omitted":	false,
				"sender":	true
			}
		}, {
			"streams":	[{
					"socket":	5,
					"start":	26.000774,
					"end":	27.000557,
					"seconds":	0.9997829794883728,
					"bytes":	2085120,
					"bits_per_second":	16684580.8962824,
					"retransmits":	0,
					"snd_cwnd":	46336,
					"rtt":	30641,
					"rttvar":	216,
					"pmtu":	1500,
					"omitted":	false,
					"sender":	true
				}],
			"sum":	{
				"start":	26.000774,
				"end":	27.000557,
				"seconds":	0.9997829794883728,
				"bytes":	2085120,
				"bits_per_second":	16684580.8962824,
				"retransmits":	0,
				"omitted":	false,
				"sender":	true
			}
		}, {
			"streams":	[{
					"socket":	5,
					"start":	27.000557,
					"end":	28.000857,
					"seconds":	1.0003000497817993,
					"bytes":	1042560,
					"bits_per_second":	8337978.1914630039,
					"retransmits":	0,
					"snd_cwnd":	11584,
					"rtt":	13056,
					"rttvar":	19,
					"pmtu":	1500,
					"omitted":	false,
					"sender":	true
				}],
			"sum":	{
				"start":	27.000557,
				"end":	28.000857,
				"seconds":	1.0003000497817993,
				"bytes":	1042560,
				"bits_per_second":	8337978.1914630039,
				"retransmits":	0,
				"omitted":	false,
				"sender":	true
			}
		}, {
			"streams":	[{
					"socket":	5,
					"start":	28.000857,
					"end":	29.000647,
					"seconds":	0.9997900128364563,
					"bytes":	1042560,
					"bits_per_second":	8342231.76158524,
					"retransmits":	0,
					"snd_cwnd":	49232,
					"rtt":	32059,
					"rttvar":	189,
					"pmtu":	1500,
					"omitted":	false,
					"sender":	true
				}],
			"sum":	{
				"start":	28.000857,
				"end":	29.000647,
				"seconds":	0.9997900128364563,
				"bytes":	1042560,
				"bits_per_second":	8342231.76158524,
				"retransmits":	0,
				"omitted":	false,
				"sender":	true
			}
		}, {
			"streams":	[{
					"socket":	5,
					"start":	29.000647,
					"end":	30.000446,
					"seconds":	0.99979901313781738,
					"bytes":	2085120,
					"bits_per_second":	16684313.327783423,
					"retransmits":	0,
					"snd_cwnd":	52128,
					"rtt":	30863,
					"rttvar":	182,
					"pmtu":	1500,
					"omitted":	false,
					"sender":	true
				}],
			"sum":	{
				"start":	29.000647,
				"end":	30.000446,
				"seconds":	0.99979901313781738,
				"bytes":	2085120,
				"bits_per_second":	16684313.327783423,
				"retransmits":	0,
				"omitted":	false,
				"sender":	true
			}
		}, {
			"streams":	[{
					"socket":	5,
					"start":	30.000446,
					"end":	31.000737,
					"seconds":	1.0002909898757935,
					"bytes":	1042560,
					"bits_per_second":	8338053.71078634,
					"retransmits":	0,
					"snd_cwnd":	47784,
					"rtt":	31213,
					"rttvar":	399,
					"pmtu":	1500,
					"omitted":	false,
					"sender":	true
				}],
			"sum":	{
				"start":	30.000446,
				"end":	31.000737,
				"seconds":	1.0002909898757935,
				"bytes":	1042560,
				"bits_per_second":	8338053.71078634,
				"retransmits":	0,
				"omitted":	false,
				"sender":	true
			}
		}, {
			"streams":	[{
					"socket":	5,
					"start":	31.000737,
					"end":	32.000524,
					"seconds":	0.99978697299957275,
					"bytes":	2085120,
					"bits_per_second":	16684514.252024695,
					"retransmits":	0,
					"snd_cwnd":	44888,
					"rtt":	31197,
					"rttvar":	489,
					"pmtu":	1500,
					"omitted":	false,
					"sender":	true
				}],
			"sum":	{
				"start":	31.000737,
				"end":	32.000524,
				"seconds":	0.99978697299957275,
				"bytes":	2085120,
				"bits_per_second":	16684514.252024695,
				"retransmits":	0,
				"omitted":	false,
				"sender":	true
			}
		}, {
			"streams":	[{
					"socket":	5,
					"start":	32.000524,
					"end":	33.000846,
					"seconds":	1.0003219842910767,
					"bytes":	1042560,
					"bits_per_second":	8337795.3608715879,
					"retransmits":	0,
					"snd_cwnd":	43440,
					"rtt":	31084,
					"rttvar":	290,
					"pmtu":	1500,
					"omitted":	false,
					"sender":	true
				}],
			"sum":	{
				"start":	32.000524,
				"end":	33.000846,
				"seconds":	1.0003219842910767,
				"bytes":	1042560,
				"bits_per_second":	8337795.3608715879,
				"retransmits":	0,
				"omitted":	false,
				"sender":	true
			}
		}, {
			"streams":	[{
					"socket":	5,
					"start":	33.000846,
					"end":	34.00095,
					"seconds":	1.0001039505004883,
					"bytes":	1042560,
					"bits_per_second":	8339613.0930451,
					"retransmits":	0,
					"snd_cwnd":	44888,
					"rtt":	30368,
					"rttvar":	184,
					"pmtu":	1500,
					"omitted":	false,
					"sender":	true
				}],
			"sum":	{
				"start":	33.000846,
				"end":	34.00095,
				"seconds":	1.0001039505004883,
				"bytes":	1042560,
				"bits_per_second":	8339613.0930451,
				"retransmits":	0,
				"omitted":	false,
				"sender":	true
			}
		}, {
			"streams":	[{
					"socket":	5,
					"start":	34.00095,
					"end":	35.001233,
					"seconds":	1.0002830028533936,
					"bytes":	1042560,
					"bits_per_second":	8338120.28816651,
					"retransmits":	0,
					"snd_cwnd":	44888,
					"rtt":	27629,
					"rttvar":	276,
					"pmtu":	1500,
					"omitted":	false,
					"sender":	true
				}],
			"sum":	{
				"start":	34.00095,
				"end":	35.001233,
				"seconds":	1.0002830028533936,
				"bytes":	1042560,
				"bits_per_second":	8338120.28816651,
				"retransmits":	0,
				"omitted":	false,
				"sender":	true
			}
		}, {
			"streams":	[{
					"socket":	5,
					"start":	35.001233,
					"end":	36.000538,
					"seconds":	0.999305009841919,
					"bytes":	2085120,
					"bits_per_second":	16692561.165723344,
					"retransmits":	0,
					"snd_cwnd":	43440,
					"rtt":	33819,
					"rttvar":	416,
					"pmtu":	1500,
					"omitted":	false,
					"sender":	true
				}],
			"sum":	{
				"start":	35.001233,
				"end":	36.000538,
				"seconds":	0.999305009841919,
				"bytes":	2085120,
				"bits_per_second":	16692561.165723344,
				"retransmits":	0,
				"omitted":	false,
				"sender":	true
			}
		}, {
			"streams":	[{
					"socket":	5,
					"start":	36.000538,
					"end":	37.000848,
					"seconds":	1.000309944152832,
					"bytes":	1042560,
					"bits_per_second":	8337895.71797529,
					"retransmits":	0,
					"snd_cwnd":	47784,
					"rtt":	34907,
					"rttvar":	539,
					"pmtu":	1500,
					"omitted":	false,
					"sender":	true
				}],
			"sum":	{
				"start":	36.000538,
				"end":	37.000848,
				"seconds":	1.000309944152832,
				"bytes":	1042560,
				"bits_per_second":	8337895.71797529,
				"retransmits":	0,
				"omitted":	false,
				"sender":	true
			}
		}, {
			"streams":	[{
					"socket":	5,
					"start":	37.000848,
					"end":	38.001123,
					"seconds":	1.0002750158309937,
					"bytes":	1042560,
					"bits_per_second":	8338186.8666099,
					"retransmits":	0,
					"snd_cwnd":	57920,
					"rtt":	20354,
					"rttvar":	692,
					"pmtu":	1500,
					"omitted":	false,
					"sender":	true
				}],
			"sum":	{
				"start":	37.000848,
				"end":	38.001123,
				"seconds":	1.0002750158309937,
				"bytes":	1042560,
				"bits_per_second":	8338186.8666099,
				"retransmits":	0,
				"omitted":	false,
				"sender":	true
			}
		}, {
			"streams":	[{
					"socket":	5,
					"start":	38.001123,
					"end":	39.000394,
					"seconds":	0.9992709755897522,
					"bytes":	2085120,
					"bits_per_second":	16693129.699034028,
					"retransmits":	0,
					"snd_cwnd":	59368,
					"rtt":	35778,
					"rttvar":	1226,
					"pmtu":	1500,
					"omitted":	false,
					"sender":	true
				}],
			"sum":	{
				"start":	38.001123,
				"end":	39.000394,
				"seconds":	0.9992709755897522,
				"bytes":	2085120,
				"bits_per_second":	16693129.699034028,
				"retransmits":	0,
				"omitted":	false,
				"sender":	true
			}
		}, {
			"streams":	[{
					"socket":	5,
					"start":	39.000394,
					"end":	40.000694,
					"seconds":	1.0003000497817993,
					"bytes":	1042560,
					"bits_per_second":	8337978.1914630039,
					"retransmits":	0,
					"snd_cwnd":	49232,
					"rtt":	31652,
					"rttvar":	266,
					"pmtu":	1500,
					"omitted":	false,
					"sender":	true
				}],
			"sum":	{
				"start":	39.000394,
				"end":	40.000694,
				"seconds":	1.0003000497817993,
				"bytes":	1042560,
				"bits_per_second":	8337978.1914630039,
				"retransmits":	0,
				"omitted":	false,
				"sender":	true
			}
		}, {
			"streams":	[{
					"socket":	5,
					"start":	40.000694,
					"end":	41.000484,
					"seconds":	0.9997900128364563,
					"bytes":	2085120,
					"bits_per_second":	16684463.523170479,
					"retransmits":	0,
					"snd_cwnd":	49232,
					"rtt":	31192,
					"rttvar":	160,
					"pmtu":	1500,
					"omitted":	false,
					"sender":	true
				}],
			"sum":	{
				"start":	40.000694,
				"end":	41.000484,
				"seconds":	0.9997900128364563,
				"bytes":	2085120,
				"bits_per_second":	16684463.523170479,
				"retransmits":	0,
				"omitted":	false,
				"sender":	true
			}
		}, {
			"streams":	[{
					"socket":	5,
					"start":	41.000484,
					"end":	42.000794,
					"seconds":	1.000309944152832,
					"bytes":	1042560,
					"bits_per_second":	8337895.71797529,
					"retransmits":	0,
					"snd_cwnd":	53576,
					"rtt":	36383,
					"rttvar":	331,
					"pmtu":	1500,
					"omitted":	false,
					"sender":	true
				}],
			"sum":	{
				"start":	41.000484,
				"end":	42.000794,
				"seconds":	1.000309944152832,
				"bytes":	1042560,
				"bits_per_second":	8337895.71797529,
				"retransmits":	0,
				"omitted":	false,
				"sender":	true
			}
		}, {
			"streams":	[{
					"socket":	5,
					"start":	42.000794,
					"end":	43.00108,
					"seconds":	1.0002859830856323,
					"bytes":	1042560,
					"bits_per_second":	8338095.4457361316,
					"retransmits":	0,
					"snd_cwnd":	46336,
					"rtt":	28672,
					"rttvar":	214,
					"pmtu":	1500,
					"omitted":	false,
					"sender":	true
				}],
			"sum":	{
				"start":	42.000794,
				"end":	43.00108,
				"seconds":	1.0002859830856323,
				"bytes":	1042560,
				"bits_per_second":	8338095.4457361316,
				"retransmits":	0,
				"omitted":	false,
				"sender":	true
			}
		}, {
			"streams":	[{
					"socket":	5,
					"start":	43.00108,
					"end":	44.000287,
					"seconds":	0.9992070198059082,
					"bytes":	2085120,
					"bits_per_second":	16694198.168503867,
					"retransmits":	0,
					"snd_cwnd":	44888,
					"rtt":	27276,
					"rttvar":	1257,
					"pmtu":	1500,
					"omitted":	false,
					"sender":	true
				}],
			"sum":	{
				"start":	43.00108,
				"end":	44.000287,
				"seconds":	0.9992070198059082,
				"bytes":	2085120,
				"bits_per_second":	16694198.168503867,
				"retransmits":	0,
				"omitted":	false,
				"sender":	true
			}
		}, {
			"streams":	[{
					"socket":	5,
					"start":	44.000287,
					"end":	45.000589,
					"seconds":	1.0003019571304321,
					"bytes":	1042560,
					"bits_per_second":	8337962.2928324053,
					"retransmits":	0,
					"snd_cwnd":	49232,
					"rtt":	30390,
					"rttvar":	331,
					"pmtu":	1500,
					"omitted":	false,
					"sender":	true
				}],
			"sum":	{
				"start":	44.000287,
				"end":	45.000589,
				"seconds":	1.0003019571304321,
				"bytes":	1042560,
				"bits_per_second":	8337962.2928324053,
				"retransmits":	0,
				"omitted":	false,
				"sender":	true
			}
		}, {
			"streams":	[{
					"socket":	5,
					"start":	45.000589,
					"end":	46.000382,
					"seconds":	0.999792993068695,
					"bytes":	2085120,
					"bits_per_second":	16684413.789299145,
					"retransmits":	0,
					"snd_cwnd":	49232,
					"rtt":	26705,
					"rttvar":	407,
					"pmtu":	1500,
					"omitted":	false,
					"sender":	true
				}],
			"sum":	{
				"start":	45.000589,
				"end":	46.000382,
				"seconds":	0.999792993068695,
				"bytes":	2085120,
				"bits_per_second":	16684413.789299145,
				"retransmits":	0,
				"omitted":	false,
				"sender":	true
			}
		}, {
			"streams":	[{
					"socket":	5,
					"start":	46.000382,
					"end":	47.000676,
					"seconds":	1.0002939701080322,
					"bytes":	1042560,
					"bits_per_second":	8338028.868752677,
					"retransmits":	0,
					"snd_cwnd":	46336,
					"rtt":	34246,
					"rttvar":	485,
					"pmtu":	1500,
					"omitted":	false,
					"sender":	true
				}],
			"sum":	{
				"start":	46.000382,
				"end":	47.000676,
				"seconds":	1.0002939701080322,
				"bytes":	1042560,
				"bits_per_second":	8338028.868752677,
				"retransmits":	0,
				"omitted":	false,
				"sender":	true
			}
		}, {
			"streams":	[{
					"socket":	5,
					"start":	47.000676,
					"end":	48.000984,
					"seconds":	1.0003080368041992,
					"bytes":	1042560,
					"bits_per_second":	8337911.6163520031,
					"retransmits":	0,
					"snd_cwnd":	55024,
					"rtt":	33885,
					"rttvar":	310,
					"pmtu":	1500,
					"omitted":	false,
					"sender":	true
				}],
			"sum":	{
				"start":	47.000676,
				"end":	48.000984,
				"seconds":	1.0003080368041992,
				"bytes":	1042560,
				"bits_per_second":	8337911.6163520031,
				"retransmits":	0,
				"omitted":	false,
				"sender":	true
			}
		}, {
			"streams":	[{
					"socket":	5,
					"start":	48.000984,
					"end":	49.000196,
					"seconds":	0.99921202659606934,
					"bytes":	2085120,
					"bits_per_second":	16694114.518242547,
					"retransmits":	0,
					"snd_cwnd":	44888,
					"rtt":	14169,
					"rttvar":	1923,
					"pmtu":	1500,
					"omitted":	false,
					"sender":	true
				}],
			"sum":	{
				"start":	48.000984,
				"end":	49.000196,
				"seconds":	0.99921202659606934,
				"bytes":	2085120,
				"bits_per_second":	16694114.518242547,
				"retransmits":	0,
				"omitted":	false,
				"sender":	true
			}
		}, {
			"streams":	[{
					"socket":	5,
					"start":	49.000196,
					"end":	50.000511,
					"seconds":	1.0003149509429932,
					"bytes":	1042560,
					"bits_per_second":	8337853.9850248769,
					"retransmits":	0,
					"snd_cwnd":	52128,
					"rtt":	32177,
					"rttvar":	288,
					"pmtu":	1500,
					"omitted":	false,
					"sender":	true
				}],
			"sum":	{
				"start":	49.000196,
				"end":	50.000511,
				"seconds":	1.0003149509429932,
				"bytes":	1042560,
				"bits_per_second":	8337853.9850248769,
				"retransmits":	0,
				"omitted":	false,
				"sender":	true
			}
		}, {
			"streams":	[{
					"socket":	5,
					"start":	50.000511,
					"end":	51.000785,
					"seconds":	1.0002739429473877,
					"bytes":	1042560,
					"bits_per_second":	8338195.8100638958,
					"retransmits":	0,
					"snd_cwnd":	47784,
					"rtt":	31931,
					"rttvar":	419,
					"pmtu":	1500,
					"omitted":	false,
					"sender":	true
				}],
			"sum":	{
				"start":	50.000511,
				"end":	51.000785,
				"seconds":	1.0002739429473877,
				"bytes":	1042560,
				"bits_per_second":	8338195.8100638958,
				"retransmits":	0,
				"omitted":	false,
				"sender":	true
			}
		}, {
			"streams":	[{
					"socket":	5,
					"start":	51.000785,
					"end":	52.000582,
					"seconds":	0.999796986579895,
					"bytes":	2085120,
					"bits_per_second":	16684347.146376405,
					"retransmits":	0,
					"snd_cwnd":	50680,
					"rtt":	34461,
					"rttvar":	302,
					"pmtu":	1500,
					"omitted":	false,
					"sender":	true
				}],
			"sum":	{
				"start":	51.000785,
				"end":	52.000582,
				"seconds":	0.999796986579895,
				"bytes":	2085120,
				"bits_per_second":	16684347.146376405,
				"retransmits":	0,
				"omitted":	false,
				"sender":	true
			}
		}, {
			"streams":	[{
					"socket":	5,
					"start":	52.000582,
					"end":	53.00089,
					"seconds":	1.0003080368041992,
					"bytes":	1042560,
					"bits_per_second":	8337911.6163520031,
					"retransmits":	0,
					"snd_cwnd":	59368,
					"rtt":	32773,
					"rttvar":	282,
					"pmtu":	1500,
					"omitted":	false,
					"sender":	true
				}],
			"sum":	{
				"start":	52.000582,
				"end":	53.00089,
				"seconds":	1.0003080368041992,
				"bytes":	1042560,
				"bits_per_second":	8337911.6163520031,
				"retransmits":	0,
				"omitted":	false,
				"sender":	true
			}
		}, {
			"streams":	[{
					"socket":	5,
					"start":	53.00089,
					"end":	54.000158,
					"seconds":	0.99926799535751343,
					"bytes":	2085120,
					"bits_per_second":	16693179.484880794,
					"retransmits":	0,
					"snd_cwnd":	11584,
					"rtt":	35187,
					"rttvar":	322,
					"pmtu":	1500,
					"omitted":	false,
					"sender":	true
				}],
			"sum":	{
				"start":	53.00089,
				"end":	54.000158,
				"seconds":	0.99926799535751343,
				"bytes":	2085120,
				"bits_per_second":	16693179.484880794,
				"retransmits":	0,
				"omitted":	false,
				"sender":	true
			}
		}, {
			"streams":	[{
					"socket":	5,
					"start":	54.000158,
					"end":	55.000378,
					"seconds":	1.0002199411392212,
					"bytes":	1042560,
					"bits_per_second":	8338645.9887016825,
					"retransmits":	0,
					"snd_cwnd":	50680,
					"rtt":	30513,
					"rttvar":	212,
					"pmtu":	1500,
					"omitted":	false,
					"sender":	true
				}],
			"sum":	{
				"start":	54.000158,
				"end":	55.000378,
				"seconds":	1.0002199411392212,
				"bytes":	1042560,
				"bits_per_second":	8338645.9887016825,
				"retransmits":	0,
				"omitted":	false,
				"sender":	true
			}
		}, {
			"streams":	[{
					"socket":	5,
					"start":	55.000378,
					"end":	56.000673,
					"seconds":	1.0002950429916382,
					"bytes":	1042560,
					"bits_per_second":	8338019.9256567955,
					"retransmits":	0,
					"snd_cwnd":	49232,
					"rtt":	33337,
					"rttvar":	496,
					"pmtu":	1500,
					"omitted":	false,
					"sender":	true
				}],
			"sum":	{
				"start":	55.000378,
				"end":	56.000673,
				"seconds":	1.0002950429916382,
				"bytes":	1042560,
				"bits_per_second":	8338019.9256567955,
				"retransmits":	0,
				"omitted":	false,
				"sender":	true
			}
		}, {
			"streams":	[{
					"socket":	5,
					"start":	56.000673,
					"end":	57.000484,
					"seconds":	0.99981099367141724,
					"bytes":	2085120,
					"bits_per_second":	16684113.403019963,
					"retransmits":	0,
					"snd_cwnd":	55024,
					"rtt":	33560,
					"rttvar":	888,
					"pmtu":	1500,
					"omitted":	false,
					"sender":	true
				}],
			"sum":	{
				"start":	56.000673,
				"end":	57.000484,
				"seconds":	0.99981099367141724,
				"bytes":	2085120,
				"bits_per_second":	16684113.403019963,
				"retransmits":	0,
				"omitted":	false,
				"sender":	true
			}
		}, {
			"streams":	[{
					"socket":	5,
					"start":	57.000484,
					"end":	58.00078,
					"seconds":	1.0002959966659546,
					"bytes":	1042560,
					"bits_per_second":	8338011.97625434,
					"retransmits":	0,
					"snd_cwnd":	47784,
					"rtt":	32492,
					"rttvar":	159,
					"pmtu":	1500,
					"omitted":	false,
					"sender":	true
				}],
			"sum":	{
				"start":	57.000484,
				"end":	58.00078,
				"seconds":	1.0002959966659546,
				"bytes":	1042560,
				"bits_per_second":	8338011.97625434,
				"retransmits":	0,
				"omitted":	false,
				"sender":	true
			}
		}, {
			"streams":	[{
					"socket":	5,
					"start":	58.00078,
					"end":	59.000603,
					"seconds":	0.999822974205017,
					"bytes":	3127680,
					"bits_per_second":	25025870.224571645,
					"retransmits":	0,
					"snd_cwnd":	85432,
					"rtt":	33666,
					"rttvar":	246,
					"pmtu":	1500,
					"omitted":	false,
					"sender":	true
				}],
			"sum":	{
				"start":	58.00078,
				"end":	59.000603,
				"seconds":	0.999822974205017,
				"bytes":	3127680,
				"bits_per_second":	25025870.224571645,
				"retransmits":	0,
				"omitted":	false,
				"sender":	true
			}
		}, {
			"streams":	[{
					"socket":	5,
					"start":	59.000603,
					"end":	60.000378,
					"seconds":	0.999774992465973,
					"bytes":	2085120,
					"bits_per_second":	16684714.186395029,
					"retransmits":	0,
					"snd_cwnd":	83984,
					"rtt":	31355,
					"rttvar":	227,
					"pmtu":	1500,
					"omitted":	false,
					"sender":	true
				}],
			"sum":	{
				"start":	59.000603,
				"end":	60.000378,
				"seconds":	0.999774992465973,
				"bytes":	2085120,
				"bits_per_second":	16684714.186395029,
				"retransmits":	0,
				"omitted":	false,
				"sender":	true
			}
		}],
	"end":	{
		"streams":	[{
				"sender":	{
					"socket":	5,
					"start":	0,
					"end":	60.000378,
					"seconds":	60.000378,
					"bytes":	90400088,
					"bits_per_second":	12053269.131071141,
					"retransmits":	0,
					"max_snd_cwnd":	325800,
					"max_rtt":	183528,
					"min_rtt":	13056,
					"mean_rtt":	50281,
					"sender":	true
				},
				"receiver":	{
					"socket":	5,
					"start":	0,
					"end":	60.032513,
					"seconds":	60.000378,
					"bytes":	88211456,
					"bits_per_second":	11755157.542713562,
					"sender":	true
				}
			}],
		"sum_sent":	{
			"start":	0,
			"end":	60.000378,
			"seconds":	60.000378,
			"bytes":	90400088,
			"bits_per_second":	12053269.131071141,
			"retransmits":	0,
			"sender":	true
		},
		"sum_received":	{
			"start":	0,
			"end":	60.032513,
			"seconds":	60.032513,
			"bytes":	88211456,
			"bits_per_second":	11755157.542713562,
			"sender":	true
		},
		"cpu_utilization_percent":	{
			"host_total":	0.072255727854835639,
			"host_user":	0,
			"host_system":	0.072255727854835639,
			"remote_total":	1.7030203167353566,
			"remote_user":	0.00635988013041852,
			"remote_system":	1.696660436604938
		},
		"sender_tcp_congestion":	"bbr",
		"receiver_tcp_congestion":	"cubic"
	}
}
