{
	"start":	{
		"connected":	[{
				"socket":	5,
				"local_host":	"192.168.179.150",
				"local_port":	38744,
				"remote_host":	"192.168.120.130",
				"remote_port":	5201
			}],
		"version":	"iperf 3.9",
		"system_info":	"Linux a 6.14.5-x64v3-xanmod1 #0~20250503.gdace042 SMP PREEMPT_DYNAMIC Sat May  3 00:40:10 UTC x86_64",
		"timestamp":	{
			"time":	"Mon, 05 May 2025 10:18:40 GMT",
			"timesecs":	1746440320
		},
		"connecting_to":	{
			"host":	"192.168.120.130",
			"port":	5201
		},
		"cookie":	"crrsilpr2j3jedn6dc5pb4hcbmztwf4ovgrk",
		"tcp_mss_default":	1448,
		"sock_bufsize":	0,
		"sndbuf_actual":	65536,
		"rcvbuf_actual":	87380,
		"test_start":	{
			"protocol":	"TCP",
			"num_streams":	1,
			"blksize":	131072,
			"omit":	0,
			"duration":	60,
			"bytes":	0,
			"blocks":	0,
			"reverse":	0,
			"tos":	0
		}
	},
	"intervals":	[{
			"streams":	[{
					"socket":	5,
					"start":	0,
					"end":	1.000239,
					"seconds":	1.0002390146255493,
					"bytes":	3541808,
					"bits_per_second":	28327693.267001111,
					"retransmits":	0,
					"snd_cwnd":	157832,
					"rtt":	56519,
					"rttvar":	372,
					"pmtu":	1500,
					"omitted":	false,
					"sender":	true
				}],
			"sum":	{
				"start":	0,
				"end":	1.000239,
				"seconds":	1.0002390146255493,
				"bytes":	3541808,
				"bits_per_second":	28327693.267001111,
				"retransmits":	0,
				"omitted":	false,
				"sender":	true
			}
		}, {
			"streams":	[{
					"socket":	5,
					"start":	1.000239,
					"end":	2.000567,
					"seconds":	1.0003279447555542,
					"bytes":	2345760,
					"bits_per_second":	18759927.780069951,
					"retransmits":	0,
					"snd_cwnd":	157832,
					"rtt":	69024,
					"rttvar":	1314,
					"pmtu":	1500,
					"omitted":	false,
					"sender":	true
				}],
			"sum":	{
				"start":	1.000239,
				"end":	2.000567,
				"seconds":	1.0003279447555542,
				"bytes":	2345760,
				"bits_per_second":	18759927.780069951,
				"retransmits":	0,
				"omitted":	false,
				"sender":	true
			}
		}, {
			"streams":	[{
					"socket":	5,
					"start":	2.000567,
					"end":	3.000839,
					"seconds":	1.0002720355987549,
					"bytes":	1172880,
					"bits_per_second":	9380488.1732831672,
					"retransmits":	0,
					"snd_cwnd":	178104,
					"rtt":	133749,
					"rttvar":	921,
					"pmtu":	1500,
					"omitted":	false,
					"sender":	true
				}],
			"sum":	{
				"start":	2.000567,
				"end":	3.000839,
				"seconds":	1.0002720355987549,
				"bytes":	1172880,
				"bits_per_second":	9380488.1732831672,
				"retransmits":	0,
				"omitted":	false,
				"sender":	true
			}
		}, {
			"streams":	[{
					"socket":	5,
					"start":	3.000839,
					"end":	4.000644,
					"seconds":	0.999804973602295,
					"bytes":	1759320,
					"bits_per_second":	14077305.446170561,
					"retransmits":	0,
					"snd_cwnd":	141904,
					"rtt":	122099,
					"rttvar":	645,
					"pmtu":	1500,
					"omitted":	false,
					"sender":	true
				}],
			"sum":	{
				"start":	3.000839,
				"end":	4.000644,
				"seconds":	0.999804973602295,
				"bytes":	1759320,
				"bits_per_second":	14077305.446170561,
				"retransmits":	0,
				"omitted":	false,
				"sender":	true
			}
		}, {
			"streams":	[{
					"socket":	5,
					"start":	4.000644,
					"end":	5.00042,
					"seconds":	0.999776005744934,
					"bytes":	1172880,
					"bits_per_second":	9385142.2179397959,
					"retransmits":	0,
					"snd_cwnd":	34752,
					"rtt":	119079,
					"rttvar":	661,
					"pmtu":	1500,
					"omitted":	false,
					"sender":	true
				}],
			"sum":	{
				"start":	4.000644,
				"end":	5.00042,
				"seconds":	0.999776005744934,
				"bytes":	1172880,
				"bits_per_second":	9385142.2179397959,
				"retransmits":	0,
				"omitted":	false,
				"sender":	true
			}
		}, {
			"streams":	[{
					"socket":	5,
					"start":	5.00042,
					"end":	6.000724,
					"seconds":	1.0003039836883545,
					"bytes":	586440,
					"bits_per_second":	4690094.287839652,
					"retransmits":	0,
					"snd_cwnd":	141904,
					"rtt":	135606,
					"rttvar":	512,
					"pmtu":	1500,
					"omitted":	false,
					"sender":	true
				}],
			"sum":	{
				"start":	5.00042,
				"end":	6.000724,
				"seconds":	1.0003039836883545,
				"bytes":	586440,
				"bits_per_second":	4690094.287839652,
				"retransmits":	0,
				"omitted":	false,
				"sender":	true
			}
		}, {
			"streams":	[{
					"socket":	5,
					"start":	6.000724,
					"end":	7.000521,
					"seconds":	0.999796986579895,
					"bytes":	1172880,
					"bits_per_second":	9384945.26983673,
					"retransmits":	0,
					"snd_cwnd":	176656,
					"rtt":	61113,
					"rttvar":	2355,
					"pmtu":	1500,
					"omitted":	false,
					"sender":	true
				}],
			"sum":	{
				"start":	6.000724,
				"end":	7.000521,
				"seconds":	0.999796986579895,
				"bytes":	1172880,
				"bits_per_second":	9384945.26983673,
				"retransmits":	0,
				"omitted":	false,
				"sender":	true
			}
		}, {
			"streams":	[{
					"socket":	5,
					"start":	7.000521,
					"end":	8.000347,
					"seconds":	0.99982601404190063,
					"bytes":	1759320,
					"bits_per_second":	14077009.201933172,
					"retransmits":	0,
					"snd_cwnd":	162176,
					"rtt":	131366,
					"rttvar":	232,
					"pmtu":	1500,
					"omitted":	false,
					"sender":	true
				}],
			"sum":	{
				"start":	7.000521,
				"end":	8.000347,
				"seconds":	0.99982601404190063,
				"bytes":	1759320,
				"bits_per_second":	14077009.201933172,
				"retransmits":	0,
				"omitted":	false,
				"sender":	true
			}
		}, {
			"streams":	[{
					"socket":	5,
					"start":	8.000347,
					"end":	9.000613,
					"seconds":	1.0002659559249878,
					"bytes":	1172880,
					"bits_per_second":	9380545.18842752,
					"retransmits":	0,
					"snd_cwnd":	139008,
					"rtt":	169124,
					"rttvar":	772,
					"pmtu":	1500,
					"omitted":	false,
					"sender":	true
				}],
			"sum":	{
				"start":	8.000347,
				"end":	9.000613,
				"seconds":	1.0002659559249878,
				"bytes":	1172880,
				"bits_per_second":	9380545.18842752,
				"retransmits":	0,
				"omitted":	false,
				"sender":	true
			}
		}, {
			"streams":	[{
					"socket":	5,
					"start":	9.000613,
					"end":	10.000914,
					"seconds":	1.0003010034561157,
					"bytes":	586440,
					"bits_per_second":	4690108.26120382,
					"retransmits":	0,
					"snd_cwnd":	167968,
					"rtt":	157633,
					"rttvar":	215,
					"pmtu":	1500,
					"omitted":	false,
					"sender":	true
				}],
			"sum":	{
				"start":	9.000613,
				"end":	10.000914,
				"seconds":	1.0003010034561157,
				"bytes":	586440,
				"bits_per_second":	4690108.26120382,
				"retransmits":	0,
				"omitted":	false,
				"sender":	true
			}
		}, {
			"streams":	[{
					"socket":	5,
					"start":	10.000914,
					"end":	11.0007,
					"seconds":	0.99978601932525635,
					"bytes":	2410920,
					"bits_per_second":	19291488.005620252,
					"retransmits":	0,
					"snd_cwnd":	314216,
					"rtt":	181530,
					"rttvar":	438,
					"pmtu":	1500,
					"omitted":	false,
					"sender":	true
				}],
			"sum":	{
				"start":	10.000914,
				"end":	11.0007,
				"seconds":	0.99978601932525635,
				"bytes":	2410920,
				"bits_per_second":	19291488.005620252,
				"retransmits":	0,
				"omitted":	false,
				"sender":	true
			}
		}, {
			"streams":	[{
					"socket":	5,
					"start":	11.0007,
					"end":	12.000491,
					"seconds":	0.99979102611541748,
					"bytes":	1954800,
					"bits_per_second":	15641668.700269649,
					"retransmits":	0,
					"snd_cwnd":	49232,
					"rtt":	170389,
					"rttvar":	366,
					"pmtu":	1500,
					"omitted":	false,
					"sender":	true
				}],
			"sum":	{
				"start":	11.0007,
				"end":	12.000491,
				"seconds":	0.99979102611541748,
				"bytes":	1954800,
				"bits_per_second":	15641668.700269649,
				"retransmits":	0,
				"omitted":	false,
				"sender":	true
			}
		}, {
			"streams":	[{
					"socket":	5,
					"start":	12.000491,
					"end":	13.000794,
					"seconds":	1.0003030300140381,
					"bytes":	977400,
					"bits_per_second":	7816831.26551188,
					"retransmits":	0,
					"snd_cwnd":	50680,
					"rtt":	39802,
					"rttvar":	275,
					"pmtu":	1500,
					"omitted":	false,
					"sender":	true
				}],
			"sum":	{
				"start":	12.000491,
				"end":	13.000794,
				"seconds":	1.0003030300140381,
				"bytes":	977400,
				"bits_per_second":	7816831.26551188,
				"retransmits":	0,
				"omitted":	false,
				"sender":	true
			}
		}, {
			"streams":	[{
					"socket":	5,
					"start":	13.000794,
					"end":	14.001089,
					"seconds":	1.0002950429916382,
					"bytes":	977400,
					"bits_per_second":	7816893.6803032458,
					"retransmits":	0,
					"snd_cwnd":	43440,
					"rtt":	33034,
					"rttvar":	331,
					"pmtu":	1500,
					"omitted":	false,
					"sender":	true
				}],
			"sum":	{
				"start":	13.000794,
				"end":	14.001089,
				"seconds":	1.0002950429916382,
				"bytes":	977400,
				"bits_per_second":	7816893.6803032458,
				"retransmits":	0,
				"omitted":	false,
				"sender":	true
			}
		}, {
			"streams":	[{
					"socket":	5,
					"start":	14.001089,
					"end":	15.000377,
					"seconds":	0.999288022518158,
					"bytes":	1954800,
					"bits_per_second":	15649542.121591711,
					"retransmits":	0,
					"snd_cwnd":	49232,
					"rtt":	32123,
					"rttvar":	192,
					"pmtu":	1500,
					"omitted":	false,
					"sender":	true
				}],
			"sum":	{
				"start":	14.001089,
				"end":	15.000377,
				"seconds":	0.999288022518158,
				"bytes":	1954800,
				"bits_per_second":	15649542.121591711,
				"retransmits":	0,
				"omitted":	false,
				"sender":	true
			}
		}, {
			"streams":	[{
					"socket":	5,
					"start":	15.000377,
					"end":	16.000666,
					"seconds":	1.0002889633178711,
					"bytes":	977400,
					"bits_per_second":	7816941.19073792,
					"retransmits":	0,
					"snd_cwnd":	49232,
					"rtt":	33229,
					"rttvar":	478,
					"pmtu":	1500,
					"omitted":	false,
					"sender":	true
				}],
			"sum":	{
				"start":	15.000377,
				"end":	16.000666,
				"seconds":	1.0002889633178711,
				"bytes":	977400,
				"bits_per_second":	7816941.19073792,
				"retransmits":	0,
				"omitted":	false,
				"sender":	true
			}
		}, {
			"streams":	[{
					"socket":	5,
					"start":	16.000666,
					"end":	17.000453,
					"seconds":	0.99978697299957275,
					"bytes":	1954800,
					"bits_per_second":	15641732.111273151,
					"retransmits":	0,
					"snd_cwnd":	44888,
					"rtt":	34247,
					"rttvar":	467,
					"pmtu":	1500,
					"omitted":	false,
					"sender":	true
				}],
			"sum":	{
				"start":	16.000666,
				"end":	17.000453,
				"seconds":	0.99978697299957275,
				"bytes":	1954800,
				"bits_per_second":	15641732.111273151,
				"retransmits":	0,
				"omitted":	false,
				"sender":	true
			}
		}, {
			"streams":	[{
					"socket":	5,
					"start":	17.000453,
					"end":	18.000763,
					"seconds":	1.000309944152832,
					"bytes":	977400,
					"bits_per_second":	7816777.235601835,
					"retransmits":	0,
					"snd_cwnd":	44888,
					"rtt":	34768,
					"rttvar":	348,
					"pmtu":	1500,
					"omitted":	false,
					"sender":	true
				}],
			"sum":	{
				"start":	17.000453,
				"end":	18.000763,
				"seconds":	1.000309944152832,
				"bytes":	977400,
				"bits_per_second":	7816777.235601835,
				"retransmits":	0,
				"omitted":	false,
				"sender":	true
			}
		}, {
			"streams":	[{
					"socket":	5,
					"start":	18.000763,
					"end":	19.001059,
					"seconds":	1.0002959966659546,
					"bytes":	977400,
					"bits_per_second":	7816886.2277384428,
					"retransmits":	0,
					"snd_cwnd":	46336,
					"rtt":	34042,
					"rttvar":	353,
					"pmtu":	1500,
					"omitted":	false,
					"sender":	true
				}],
			"sum":	{
				"start":	18.000763,
				"end":	19.001059,
				"seconds":	1.0002959966659546,
				"bytes":	977400,
				"bits_per_second":	7816886.2277384428,
				"retransmits":	0,
				"omitted":	false,
				"sender":	true
			}
		}, {
			"streams":	[{
					"socket":	5,
					"start":	19.001059,
					"end":	20.000336,
					"seconds":	0.99927699565887451,
					"bytes":	1954800,
					"bits_per_second":	15649714.811746268,
					"retransmits":	0,
					"snd_cwnd":	52128,
					"rtt":	33193,
					"rttvar":	285,
					"pmtu":	1500,
					"omitted":	false,
					"sender":	true
				}],
			"sum":	{
				"start":	19.001059,
				"end":	20.000336,
				"seconds":	0.99927699565887451,
				"bytes":	1954800,
				"bits_per_second":	15649714.811746268,
				"retransmits":	0,
				"omitted":	false,
				"sender":	true
			}
		}, {
			"streams":	[{
					"socket":	5,
					"start":	20.000336,
					"end":	21.001161,
					"seconds":	1.000825047492981,
					"bytes":	977400,
					"bits_per_second":	7812754.1068109,
					"retransmits":	0,
					"snd_cwnd":	47784,
					"rtt":	34312,
					"rttvar":	352,
					"pmtu":	1500,
					"omitted":	false,
					"sender":	true
				}],
			"sum":	{
				"start":	20.000336,
				"end":	21.001161,
				"seconds":	1.000825047492981,
				"bytes":	977400,
				"bits_per_second":	7812754.1068109,
				"retransmits":	0,
				"omitted":	false,
				"sender":	true
			}
		}, {
			"streams":	[{
					"socket":	5,
					"start":	21.001161,
					"end":	22.000429,
					"seconds":	0.99926799535751343,
					"bytes":	1954800,
					"bits_per_second":	15649855.767075745,
					"retransmits":	0,
					"snd_cwnd":	55024,
					"rtt":	28494,
					"rttvar":	307,
					"pmtu":	1500,
					"omitted":	false,
					"sender":	true
				}],
			"sum":	{
				"start":	21.001161,
				"end":	22.000429,
				"seconds":	0.99926799535751343,
				"bytes":	1954800,
				"bits_per_second":	15649855.767075745,
				"retransmits":	0,
				"omitted":	false,
				"sender":	true
			}
		}, {
			"streams":	[{
					"socket":	5,
					"start":	22.000429,
					"end":	23.000734,
					"seconds":	1.0003050565719604,
					"bytes":	977400,
					"bits_per_second":	7816815.4290815564,
					"retransmits":	0,
					"snd_cwnd":	52128,
					"rtt":	31946,
					"rttvar":	663,
					"pmtu":	1500,
					"omitted":	false,
					"sender":	true
				}],
			"sum":	{
				"start":	22.000429,
				"end":	23.000734,
				"seconds":	1.0003050565719604,
				"bytes":	977400,
				"bits_per_second":	7816815.4290815564,
				"retransmits":	0,
				"omitted":	false,
				"sender":	true
			}
		}, {
			"streams":	[{
					"socket":	5,
					"start":	23.000734,
					"end":	24.000537,
					"seconds":	0.99980300664901733,
					"bytes":	1954800,
					"bits_per_second":	15641481.267809279,
					"retransmits":	0,
					"snd_cwnd":	50680,
					"rtt":	29519,
					"rttvar":	867,
					"pmtu":	1500,
					"omitted":	false,
					"sender":	true
				}],
			"sum":	{
				"start":	23.000734,
				"end":	24.000537,
				"seconds":	0.99980300664901733,
				"bytes":	1954800,
				"bits_per_second":	15641481.267809279,
				"retransmits":	0,
				"omitted":	false,
				"sender":	true
			}
		}, {
			"streams":	[{
					"socket":	5,
					"start":	24.000537,
					"end":	25.000325,
					"seconds":	0.999787986278534,
					"bytes":	1954800,
					"bits_per_second":	15641716.258474076,
					"retransmits":	0,
					"snd_cwnd":	56472,
					"rtt":	34275,
					"rttvar":	574,
					"pmtu":	1500,
					"omitted":	false,
					"sender":	true
				}],
			"sum":	{
				"start":	24.000537,
				"end":	25.000325,
				"seconds":	0.999787986278534,
				"bytes":	1954800,
				"bits_per_second":	15641716.258474076,
				"retransmits":	0,
				"omitted":	false,
				"sender":	true
			}
		}, {
			"streams":	[{
					"socket":	5,
					"start":	25.000325,
					"end":	26.000617,
					"seconds":	1.00029194355011,
					"bytes":	977400,
					"bits_per_second":	7816917.9012369951,
					"retransmits":	0,
					"snd_cwnd":	52128,
					"rtt":	31250,
					"rttvar":	1778,
					"pmtu":	1500,
					"omitted":	false,
					"sender":	true
				}],
			"sum":	{
				"start":	25.000325,
				"end":	26.000617,
				"seconds":	1.00029194355011,
				"bytes":	977400,
				"bits_per_second":	7816917.9012369951,
				"retransmits":	0,
				"omitted":	false,
				"sender":	true
			}
		}, {
			"streams":	[{
					"socket":	5,
					"start":	26.000617,
					"end":	27.000401,
					"seconds":	0.999783992767334,
					"bytes":	1954800,
					"bits_per_second":	15641778.737339027,
					"retransmits":	0,
					"snd_cwnd":	59368,
					"rtt":	32444,
					"rttvar":	586,
					"pmtu":	1500,
					"omitted":	false,
					"sender":	true
				}],
			"sum":	{
				"start":	26.000617,
				"end":	27.000401,
				"seconds":	0.999783992767334,
				"bytes":	1954800,
				"bits_per_second":	15641778.737339027,
				"retransmits":	0,
				"omitted":	false,
				"sender":	true
			}
		}, {
			"streams":	[{
					"socket":	5,
					"start":	27.000401,
					"end":	28.000714,
					"seconds":	1.0003130435943604,
					"bytes":	1954800,
					"bits_per_second":	15633506.031079577,
					"retransmits":	0,
					"snd_cwnd":	14480,
					"rtt":	13013,
					"rttvar":	167,
					"pmtu":	1500,
					"omitted":	false,
					"sender":	true
				}],
			"sum":	{
				"start":	27.000401,
				"end":	28.000714,
				"seconds":	1.0003130435943604,
				"bytes":	1954800,
				"bits_per_second":	15633506.031079577,
				"retransmits":	0,
				"omitted":	false,
				"sender":	true
			}
		}, {
			"streams":	[{
					"socket":	5,
					"start":	28.000714,
					"end":	29.000503,
					"seconds":	0.999788999557495,
					"bytes":	1954800,
					"bits_per_second":	15641700.405707134,
					"retransmits":	0,
					"snd_cwnd":	60816,
					"rtt":	33766,
					"rttvar":	474,
					"pmtu":	1500,
					"omitted":	false,
					"sender":	true
				}],
			"sum":	{
				"start":	28.000714,
				"end":	29.000503,
				"seconds":	0.999788999557495,
				"bytes":	1954800,
				"bits_per_second":	15641700.405707134,
				"retransmits":	0,
				"omitted":	false,
				"sender":	true
			}
		}, {
			"streams":	[{
					"socket":	5,
					"start":	29.000503,
					"end":	30.000294,
					"seconds":	0.99979102611541748,
					"bytes":	1954800,
					"bits_per_second":	15641668.700269649,
					"retransmits":	0,
					"snd_cwnd":	59368,
					"rtt":	31816,
					"rttvar":	154,
					"pmtu":	1500,
					"omitted":	false,
					"sender":	true
				}],
			"sum":	{
				"start":	29.000503,
				"end":	30.000294,
				"seconds":	0.99979102611541748,
				"bytes":	1954800,
				"bits_per_second":	15641668.700269649,
				"retransmits":	0,
				"omitted":	false,
				"sender":	true
			}
		}, {
			"streams":	[{
					"socket":	5,
					"start":	30.000294,
					"end":	31.000583,
					"seconds":	1.0002889633178711,
					"bytes":	1954800,
					"bits_per_second":	15633882.381475842,
					"retransmits":	0,
					"snd_cwnd":	55024,
					"rtt":	31074,
					"rttvar":	261,
					"pmtu":	1500,
					"omitted":	false,
					"sender":	true
				}],
			"sum":	{
				"start":	30.000294,
				"end":	31.000583,
				"seconds":	1.0002889633178711,
				"bytes":	1954800,
				"bits_per_second":	15633882.381475842,
				"retransmits":	0,
				"omitted":	false,
				"sender":	true
			}
		}, {
			"streams":	[{
					"socket":	5,
					"start":	31.000583,
					"end":	32.000889,
					"seconds":	1.0003060102462769,
					"bytes":	977400,
					"bits_per_second":	7816807.9766659616,
					"retransmits":	0,
					"snd_cwnd":	63712,
					"rtt":	32543,
					"rttvar":	314,
					"pmtu":	1500,
					"omitted":	false,
					"sender":	true
				}],
			"sum":	{
				"start":	31.000583,
				"end":	32.000889,
				"seconds":	1.0003060102462769,
				"bytes":	977400,
				"bits_per_second":	7816807.9766659616,
				"retransmits":	0,
				"omitted":	false,
				"sender":	true
			}
		}, {
			"streams":	[{
					"socket":	5,
					"start":	32.000889,
					"end":	33.000681,
					"seconds":	0.999791979789734,
					"bytes":	1954800,
					"bits_per_second":	15641653.780108247,
					"retransmits":	0,
					"snd_cwnd":	57920,
					"rtt":	32998,
					"rttvar":	256,
					"pmtu":	1500,
					"omitted":	false,
					"sender":	true
				}],
			"sum":	{
				"start":	32.000889,
				"end":	33.000681,
				"seconds":	0.999791979789734,
				"bytes":	1954800,
				"bits_per_second":	15641653.780108247,
				"retransmits":	0,
				"omitted":	false,
				"sender":	true
			}
		}, {
			"streams":	[{
					"socket":	5,
					"start":	33.000681,
					"end":	34.000356,
					"seconds":	0.99967497587203979,
					"bytes":	1954800,
					"bits_per_second":	15643484.509911092,
					"retransmits":	0,
					"snd_cwnd":	63712,
					"rtt":	35633,
					"rttvar":	318,
					"pmtu":	1500,
					"omitted":	false,
					"sender":	true
				}],
			"sum":	{
				"start":	33.000681,
				"end":	34.000356,
				"seconds":	0.99967497587203979,
				"bytes":	1954800,
				"bits_per_second":	15643484.509911092,
				"retransmits":	0,
				"omitted":	false,
				"sender":	true
			}
		}, {
			"streams":	[{
					"socket":	5,
					"start":	34.000356,
					"end":	35.000164,
					"seconds":	0.99980801343917847,
					"bytes":	1954800,
					"bits_per_second":	15641402.939156713,
					"retransmits":	0,
					"snd_cwnd":	56472,
					"rtt":	35038,
					"rttvar":	313,
					"pmtu":	1500,
					"omitted":	false,
					"sender":	true
				}],
			"sum":	{
				"start":	34.000356,
				"end":	35.000164,
				"seconds":	0.99980801343917847,
				"bytes":	1954800,
				"bits_per_second":	15641402.939156713,
				"retransmits":	0,
				"omitted":	false,
				"sender":	true
			}
		}, {
			"streams":	[{
					"socket":	5,
					"start":	35.000164,
					"end":	36.000956,
					"seconds":	1.0007920265197754,
					"bytes":	977400,
					"bits_per_second":	7813011.88738587,
					"retransmits":	0,
					"snd_cwnd":	56472,
					"rtt":	32982,
					"rttvar":	866,
					"pmtu":	1500,
					"omitted":	false,
					"sender":	true
				}],
			"sum":	{
				"start":	35.000164,
				"end":	36.000956,
				"seconds":	1.0007920265197754,
				"bytes":	977400,
				"bits_per_second":	7813011.88738587,
				"retransmits":	0,
				"omitted":	false,
				"sender":	true
			}
		}, {
			"streams":	[{
					"socket":	5,
					"start":	36.000956,
					"end":	37.000745,
					"seconds":	0.999788999557495,
					"bytes":	1954800,
					"bits_per_second":	15641700.405707134,
					"retransmits":	0,
					"snd_cwnd":	50680,
					"rtt":	32919,
					"rttvar":	305,
					"pmtu":	1500,
					"omitted":	false,
					"sender":	true
				}],
			"sum":	{
				"start":	36.000956,
				"end":	37.000745,
				"seconds":	0.999788999557495,
				"bytes":	1954800,
				"bits_per_second":	15641700.405707134,
				"retransmits":	0,
				"omitted":	false,
				"sender":	true
			}
		}, {
			"streams":	[{
					"socket":	5,
					"start":	37.000745,
					"end":	38.000547,
					"seconds":	0.999801993370056,
					"bytes":	1954800,
					"bits_per_second":	15641497.120132035,
					"retransmits":	0,
					"snd_cwnd":	47784,
					"rtt":	36100,
					"rttvar":	623,
					"pmtu":	1500,
					"omitted":	false,
					"sender":	true
				}],
			"sum":	{
				"start":	37.000745,
				"end":	38.000547,
				"seconds":	0.999801993370056,
				"bytes":	1954800,
				"bits_per_second":	15641497.120132035,
				"retransmits":	0,
				"omitted":	false,
				"sender":	true
			}
		}, {
			"streams":	[{
					"socket":	5,
					"start":	38.000547,
					"end":	39.000412,
					"seconds":	0.99986499547958374,
					"bytes":	977400,
					"bits_per_second":	7820255.7698797453,
					"retransmits":	0,
					"snd_cwnd":	44888,
					"rtt":	34032,
					"rttvar":	288,
					"pmtu":	1500,
					"omitted":	false,
					"sender":	true
				}],
			"sum":	{
				"start":	38.000547,
				"end":	39.000412,
				"seconds":	0.99986499547958374,
				"bytes":	977400,
				"bits_per_second":	7820255.7698797453,
				"retransmits":	0,
				"omitted":	false,
				"sender":	true
			}
		}, {
			"streams":	[{
					"socket":	5,
					"start":	39.000412,
					"end":	40.000698,
					"seconds":	1.0002859830856323,
					"bytes":	977400,
					"bits_per_second":	7816964.4803776229,
					"retransmits":	0,
					"snd_cwnd":	49232,
					"rtt":	31567,
					"rttvar":	413,
					"pmtu":	1500,
					"omitted":	false,
					"sender":	true
				}],
			"sum":	{
				"start":	39.000412,
				"end":	40.000698,
				"seconds":	1.0002859830856323,
				"bytes":	977400,
				"bits_per_second":	7816964.4803776229,
				"retransmits":	0,
				"omitted":	false,
				"sender":	true
			}
		}, {
			"streams":	[{
					"socket":	5,
					"start":	40.000698,
					"end":	41.000492,
					"seconds":	0.99979400634765625,
					"bytes":	1954800,
					"bits_per_second":	15641622.074859781,
					"retransmits":	0,
					"snd_cwnd":	47784,
					"rtt":	35271,
					"rttvar":	226,
					"pmtu":	1500,
					"omitted":	false,
					"sender":	true
				}],
			"sum":	{
				"start":	40.000698,
				"end":	41.000492,
				"seconds":	0.99979400634765625,
				"bytes":	1954800,
				"bits_per_second":	15641622.074859781,
				"retransmits":	0,
				"omitted":	false,
				"sender":	true
			}
		}, {
			"streams":	[{
					"socket":	5,
					"start":	41.000492,
					"end":	42.000804,
					"seconds":	1.0003119707107544,
					"bytes":	977400,
					"bits_per_second":	7816761.3993904348,
					"retransmits":	0,
					"snd_cwnd":	57920,
					"rtt":	33722,
					"rttvar":	340,
					"pmtu":	1500,
					"omitted":	false,
					"sender":	true
				}],
			"sum":	{
				"start":	41.000492,
				"end":	42.000804,
				"seconds":	1.0003119707107544,
				"bytes":	977400,
				"bits_per_second":	7816761.3993904348,
				"retransmits":	0,
				"omitted":	false,
				"sender":	true
			}
		}, {
			"streams":	[{
					"socket":	5,
					"start":	42.000804,
					"end":	43.000602,
					"seconds":	0.9997979998588562,
					"bytes":	1954800,
					"bits_per_second":	15641559.597246353,
					"retransmits":	0,
					"snd_cwnd":	47784,
					"rtt":	31817,
					"rttvar":	320,
					"pmtu":	1500,
					"omitted":	false,
					"sender":	true
				}],
			"sum":	{
				"start":	42.000804,
				"end":	43.000602,
				"seconds":	0.9997979998588562,
				"bytes":	1954800,
				"bits_per_second":	15641559.597246353,
				"retransmits":	0,
				"omitted":	false,
				"sender":	true
			}
		}, {
			"streams":	[{
					"socket":	5,
					"start":	43.000602,
					"end":	44.000931,
					"seconds":	1.00032901763916,
					"bytes":	977400,
					"bits_per_second":	7816628.1914462578,
					"retransmits":	0,
					"snd_cwnd":	50680,
					"rtt":	33456,
					"rttvar":	161,
					"pmtu":	1500,
					"omitted":	false,
					"sender":	true
				}],
			"sum":	{
				"start":	43.000602,
				"end":	44.000931,
				"seconds":	1.00032901763916,
				"bytes":	977400,
				"bits_per_second":	7816628.1914462578,
				"retransmits":	0,
				"omitted":	false,
				"sender":	true
			}
		}, {
			"streams":	[{
					"socket":	5,
					"start":	44.000931,
					"end":	45.000725,
					"seconds":	0.99979400634765625,
					"bytes":	1954800,
					"bits_per_second":	15641622.074859781,
					"retransmits":	0,
					"snd_cwnd":	52128,
					"rtt":	34963,
					"rttvar":	351,
					"pmtu":	1500,
					"omitted":	false,
					"sender":	true
				}],
			"sum":	{
				"start":	44.000931,
				"end":	45.000725,
				"seconds":	0.99979400634765625,
				"bytes":	1954800,
				"bits_per_second":	15641622.074859781,
				"retransmits":	0,
				"omitted":	false,
				"sender":	true
			}
		}, {
			"streams":	[{
					"socket":	5,
					"start":	45.000725,
					"end":	46.000541,
					"seconds":	0.99981600046157837,
					"bytes":	1954800,
					"bits_per_second":	15641277.987930104,
					"retransmits":	0,
					"snd_cwnd":	49232,
					"rtt":	33241,
					"rttvar":	422,
					"pmtu":	1500,
					"omitted":	false,
					"sender":	true
				}],
			"sum":	{
				"start":	45.000725,
				"end":	46.000541,
				"seconds":	0.99981600046157837,
				"bytes":	1954800,
				"bits_per_second":	15641277.987930104,
				"retransmits":	0,
				"omitted":	false,
				"sender":	true
			}
		}, {
			"streams":	[{
					"socket":	5,
					"start":	46.000541,
					"end":	47.000839,
					"seconds":	1.000298023223877,
					"bytes":	977400,
					"bits_per_second":	7816870.39108542,
					"retransmits":	0,
					"snd_cwnd":	52128,
					"rtt":	33814,
					"rttvar":	312,
					"pmtu":	1500,
					"omitted":	false,
					"sender":	true
				}],
			"sum":	{
				"start":	46.000541,
				"end":	47.000839,
				"seconds":	1.000298023223877,
				"bytes":	977400,
				"bits_per_second":	7816870.39108542,
				"retransmits":	0,
				"omitted":	false,
				"sender":	true
			}
		}, {
			"streams":	[{
					"socket":	5,
					"start":	47.000839,
					"end":	48.000612,
					"seconds":	0.99977302551269531,
					"bytes":	1954800,
					"bits_per_second":	15641950.323655156,
					"retransmits":	0,
					"snd_cwnd":	50680,
					"rtt":	35263,
					"rttvar":	484,
					"pmtu":	1500,
					"omitted":	false,
					"sender":	true
				}],
			"sum":	{
				"start":	47.000839,
				"end":	48.000612,
				"seconds":	0.99977302551269531,
				"bytes":	1954800,
				"bits_per_second":	15641950.323655156,
				"retransmits":	0,
				"omitted":	false,
				"sender":	true
			}
		}, {
			"streams":	[{
					"socket":	5,
					"start":	48.000612,
					"end":	49.000908,
					"seconds":	1.0002959966659546,
					"bytes":	977400,
					"bits_per_second":	7816886.2277384428,
					"retransmits":	0,
					"snd_cwnd":	53576,
					"rtt":	13689,
					"rttvar":	673,
					"pmtu":	1500,
					"omitted":	false,
					"sender":	true
				}],
			"sum":	{
				"start":	48.000612,
				"end":	49.000908,
				"seconds":	1.0002959966659546,
				"bytes":	977400,
				"bits_per_second":	7816886.2277384428,
				"retransmits":	0,
				"omitted":	false,
				"sender":	true
			}
		}, {
			"streams":	[{
					"socket":	5,
					"start":	49.000908,
					"end":	50.000696,
					"seconds":	0.999787986278534,
					"bytes":	1954800,
					"bits_per_second":	15641716.258474076,
					"retransmits":	0,
					"snd_cwnd":	53576,
					"rtt":	32108,
					"rttvar":	773,
					"pmtu":	1500,
					"omitted":	false,
					"sender":	true
				}],
			"sum":	{
				"start":	49.000908,
				"end":	50.000696,
				"seconds":	0.999787986278534,
				"bytes":	1954800,
				"bits_per_second":	15641716.258474076,
				"retransmits":	0,
				"omitted":	false,
				"sender":	true
			}
		}, {
			"streams":	[{
					"socket":	5,
					"start":	50.000696,
					"end":	51.000494,
					"seconds":	0.9997979998588562,
					"bytes":	1954800,
					"bits_per_second":	15641559.597246353,
					"retransmits":	0,
					"snd_cwnd":	50680,
					"rtt":	31923,
					"rttvar":	160,
					"pmtu":	1500,
					"omitted":	false,
					"sender":	true
				}],
			"sum":	{
				"start":	50.000696,
				"end":	51.000494,
				"seconds":	0.9997979998588562,
				"bytes":	1954800,
				"bits_per_second":	15641559.597246353,
				"retransmits":	0,
				"omitted":	false,
				"sender":	true
			}
		}, {
			"streams":	[{
					"socket":	5,
					"start":	51.000494,
					"end":	52.000798,
					"seconds":	1.0003039836883545,
					"bytes":	977400,
					"bits_per_second":	7816823.8130660867,
					"retransmits":	0,
					"snd_cwnd":	49232,
					"rtt":	32489,
					"rttvar":	347,
					"pmtu":	1500,
					"omitted":	false,
					"sender":	true
				}],
			"sum":	{
				"start":	51.000494,
				"end":	52.000798,
				"seconds":	1.0003039836883545,
				"bytes":	977400,
				"bits_per_second":	7816823.8130660867,
				"retransmits":	0,
				"omitted":	false,
				"sender":	true
			}
		}, {
			"streams":	[{
					"socket":	5,
					"start":	52.000798,
					"end":	53.000582,
					"seconds":	0.999783992767334,
					"bytes":	1954800,
					"bits_per_second":	15641778.737339027,
					"retransmits":	0,
					"snd_cwnd":	55024,
					"rtt":	31513,
					"rttvar":	268,
					"pmtu":	1500,
					"omitted":	false,
					"sender":	true
				}],
			"sum":	{
				"start":	52.000798,
				"end":	53.000582,
				"seconds":	0.999783992767334,
				"bytes":	1954800,
				"bits_per_second":	15641778.737339027,
				"retransmits":	0,
				"omitted":	false,
				"sender":	true
			}
		}, {
			"streams":	[{
					"socket":	5,
					"start":	53.000582,
					"end":	54.00089,
					"seconds":	1.0003080368041992,
					"bytes":	977400,
					"bits_per_second":	7816792.1403300036,
					"retransmits":	0,
					"snd_cwnd":	13032,
					"rtt":	33165,
					"rttvar":	193,
					"pmtu":	1500,
					"omitted":	false,
					"sender":	true
				}],
			"sum":	{
				"start":	53.000582,
				"end":	54.00089,
				"seconds":	1.0003080368041992,
				"bytes":	977400,
				"bits_per_second":	7816792.1403300036,
				"retransmits":	0,
				"omitted":	false,
				"sender":	true
			}
		}, {
			"streams":	[{
					"socket":	5,
					"start":	54.00089,
					"end":	55.000528,
					"seconds":	0.999638020992279,
					"bytes":	1954800,
					"bits_per_second":	15644062.822337154,
					"retransmits":	0,
					"snd_cwnd":	53576,
					"rtt":	28284,
					"rttvar":	132,
					"pmtu":	1500,
					"omitted":	false,
					"sender":	true
				}],
			"sum":	{
				"start":	54.00089,
				"end":	55.000528,
				"seconds":	0.999638020992279,
				"bytes":	1954800,
				"bits_per_second":	15644062.822337154,
				"retransmits":	0,
				"omitted":	false,
				"sender":	true
			}
		}, {
			"streams":	[{
					"socket":	5,
					"start":	55.000528,
					"end":	56.000333,
					"seconds":	0.999804973602295,
					"bytes":	1954800,
					"bits_per_second":	15641450.495745067,
					"retransmits":	0,
					"snd_cwnd":	62264,
					"rtt":	31470,
					"rttvar":	430,
					"pmtu":	1500,
					"omitted":	false,
					"sender":	true
				}],
			"sum":	{
				"start":	55.000528,
				"end":	56.000333,
				"seconds":	0.999804973602295,
				"bytes":	1954800,
				"bits_per_second":	15641450.495745067,
				"retransmits":	0,
				"omitted":	false,
				"sender":	true
			}
		}, {
			"streams":	[{
					"socket":	5,
					"start":	56.000333,
					"end":	57.000605,
					"seconds":	1.0002720355987549,
					"bytes":	977400,
					"bits_per_second":	7817073.477735973,
					"retransmits":	0,
					"snd_cwnd":	52128,
					"rtt":	33314,
					"rttvar":	954,
					"pmtu":	1500,
					"omitted":	false,
					"sender":	true
				}],
			"sum":	{
				"start":	56.000333,
				"end":	57.000605,
				"seconds":	1.0002720355987549,
				"bytes":	977400,
				"bits_per_second":	7817073.477735973,
				"retransmits":	0,
				"omitted":	false,
				"sender":	true
			}
		}, {
			"streams":	[{
					"socket":	5,
					"start":	57.000605,
					"end":	58.000408,
					"seconds":	0.99980300664901733,
					"bytes":	1954800,
					"bits_per_second":	15641481.267809279,
					"retransmits":	0,
					"snd_cwnd":	65160,
					"rtt":	33737,
					"rttvar":	242,
					"pmtu":	1500,
					"omitted":	false,
					"sender":	true
				}],
			"sum":	{
				"start":	57.000605,
				"end":	58.000408,
				"seconds":	0.99980300664901733,
				"bytes":	1954800,
				"bits_per_second":	15641481.267809279,
				"retransmits":	0,
				"omitted":	false,
				"sender":	true
			}
		}, {
			"streams":	[{
					"socket":	5,
					"start":	58.000408,
					"end":	59.000697,
					"seconds":	1.0002889633178711,
					"bytes":	1954800,
					"bits_per_second":	15633882.381475842,
					"retransmits":	0,
					"snd_cwnd":	79640,
					"rtt":	30821,
					"rttvar":	299,
					"pmtu":	1500,
					"omitted":	false,
					"sender":	true
				}],
			"sum":	{
				"start":	58.000408,
				"end":	59.000697,
				"seconds":	1.0002889633178711,
				"bytes":	1954800,
				"bits_per_second":	15633882.381475842,
				"retransmits":	0,
				"omitted":	false,
				"sender":	true
			}
		}, {
			"streams":	[{
					"socket":	5,
					"start":	59.000697,
					"end":	60.000505,
					"seconds":	0.99980801343917847,
					"bytes":	2932200,
					"bits_per_second":	23462104.40873507,
					"retransmits":	0,
					"snd_cwnd":	79640,
					"rtt":	31798,
					"rttvar":	197,
					"pmtu":	1500,
					"omitted":	false,
					"sender":	true
				}],
			"sum":	{
				"start":	59.000697,
				"end":	60.000505,
				"seconds":	0.99980801343917847,
				"bytes":	2932200,
				"bits_per_second":	23462104.40873507,
				"retransmits":	0,
				"omitted":	false,
				"sender":	true
			}
		}],
	"end":	{
		"streams":	[{
				"sender":	{
					"socket":	5,
					"start":	0,
					"end":	60.000505,
					"seconds":	60.000505,
					"bytes":	95873528,
					"bits_per_second":	12783029.476168577,
					"retransmits":	0,
					"max_snd_cwnd":	314216,
					"max_rtt":	181530,
					"min_rtt":	13013,
					"mean_rtt":	50887,
					"sender":	true
				},
				"receiver":	{
					"socket":	5,
					"start":	0,
					"end":	60.032616,
					"seconds":	60.000505,
					"bytes":	93323264,
					"bits_per_second":	12436341.471442791,
					"sender":	true
				}
			}],
		"sum_sent":	{
			"start":	0,
			"end":	60.000505,
			"seconds":	60.000505,
			"bytes":	95873528,
			"bits_per_second":	12783029.476168577,
			"retransmits":	0,
			"sender":	true
		},
		"sum_received":	{
			"start":	0,
			"end":	60.032616,
			"seconds":	60.032616,
			"bytes":	93323264,
			"bits_per_second":	12436341.471442791,
			"sender":	true
		},
		"cpu_utilization_percent":	{
			"host_total":	0.074261880355153978,
			"host_user":	0.00900496559531399,
			"host_system":	0.06525691475984,
			"remote_total":	1.7706432596690806,
			"remote_user":	0.033048684877224968,
			"remote_system":	1.7375945747918558
		},
		"sender_tcp_congestion":	"bbr",
		"receiver_tcp_congestion":	"cubic"
	}
}
