{
	"start":	{
		"connected":	[{
				"socket":	5,
				"local_host":	"192.168.179.150",
				"local_port":	36176,
				"remote_host":	"192.168.120.130",
				"remote_port":	5201
			}],
		"version":	"iperf 3.9",
		"system_info":	"Linux a 6.14.5-x64v3-xanmod1 #0~20250503.gdace042 SMP PREEMPT_DYNAMIC Sat May  3 00:40:10 UTC x86_64",
		"timestamp":	{
			"time":	"Mon, 05 May 2025 10:20:44 GMT",
			"timesecs":	1746440444
		},
		"connecting_to":	{
			"host":	"192.168.120.130",
			"port":	5201
		},
		"cookie":	"nfxm6gfkttdengruzxmm7nxrcvr3d2iaqgvq",
		"tcp_mss_default":	1448,
		"sock_bufsize":	0,
		"sndbuf_actual":	65536,
		"rcvbuf_actual":	87380,
		"test_start":	{
			"protocol":	"TCP",
			"num_streams":	1,
			"blksize":	131072,
			"omit":	0,
			"duration":	60,
			"bytes":	0,
			"blocks":	0,
			"reverse":	0,
			"tos":	0
		}
	},
	"intervals":	[{
			"streams":	[{
					"socket":	5,
					"start":	0,
					"end":	1.000237,
					"seconds":	1.000236988067627,
					"bytes":	2520968,
					"bits_per_second":	20162965.617740624,
					"retransmits":	0,
					"snd_cwnd":	79640,
					"rtt":	42035,
					"rttvar":	141,
					"pmtu":	1500,
					"omitted":	false,
					"sender":	true
				}],
			"sum":	{
				"start":	0,
				"end":	1.000237,
				"seconds":	1.000236988067627,
				"bytes":	2520968,
				"bits_per_second":	20162965.617740624,
				"retransmits":	0,
				"omitted":	false,
				"sender":	true
			}
		}, {
			"streams":	[{
					"socket":	5,
					"start":	1.000237,
					"end":	2.000587,
					"seconds":	1.0003499984741211,
					"bytes":	1629000,
					"bits_per_second":	13027440.41573279,
					"retransmits":	0,
					"snd_cwnd":	83984,
					"rtt":	85914,
					"rttvar":	1924,
					"pmtu":	1500,
					"omitted":	false,
					"sender":	true
				}],
			"sum":	{
				"start":	1.000237,
				"end":	2.000587,
				"seconds":	1.0003499984741211,
				"bytes":	1629000,
				"bits_per_second":	13027440.41573279,
				"retransmits":	0,
				"omitted":	false,
				"sender":	true
			}
		}, {
			"streams":	[{
					"socket":	5,
					"start":	2.000587,
					"end":	3.000839,
					"seconds":	1.0002520084381104,
					"bytes":	651600,
					"bits_per_second":	5211486.66138623,
					"retransmits":	0,
					"snd_cwnd":	83984,
					"rtt":	94042,
					"rttvar":	321,
					"pmtu":	1500,
					"omitted":	false,
					"sender":	true
				}],
			"sum":	{
				"start":	2.000587,
				"end":	3.000839,
				"seconds":	1.0002520084381104,
				"bytes":	651600,
				"bits_per_second":	5211486.66138623,
				"retransmits":	0,
				"omitted":	false,
				"sender":	true
			}
		}, {
			"streams":	[{
					"socket":	5,
					"start":	3.000839,
					"end":	4.000131,
					"seconds":	0.999292016029358,
					"bytes":	1303200,
					"bits_per_second":	10432986.387128014,
					"retransmits":	0,
					"snd_cwnd":	102808,
					"rtt":	90136,
					"rttvar":	1953,
					"pmtu":	1500,
					"omitted":	false,
					"sender":	true
				}],
			"sum":	{
				"start":	3.000839,
				"end":	4.000131,
				"seconds":	0.999292016029358,
				"bytes":	1303200,
				"bits_per_second":	10432986.387128014,
				"retransmits":	0,
				"omitted":	false,
				"sender":	true
			}
		}, {
			"streams":	[{
					"socket":	5,
					"start":	4.000131,
					"end":	5.000423,
					"seconds":	1.00029194355011,
					"bytes":	651600,
					"bits_per_second":	5211278.6008246634,
					"retransmits":	0,
					"snd_cwnd":	75296,
					"rtt":	88832,
					"rttvar":	555,
					"pmtu":	1500,
					"omitted":	false,
					"sender":	true
				}],
			"sum":	{
				"start":	4.000131,
				"end":	5.000423,
				"seconds":	1.00029194355011,
				"bytes":	651600,
				"bits_per_second":	5211278.6008246634,
				"retransmits":	0,
				"omitted":	false,
				"sender":	true
			}
		}, {
			"streams":	[{
					"socket":	5,
					"start":	5.000423,
					"end":	6.000725,
					"seconds":	1.0003019571304321,
					"bytes":	651600,
					"bits_per_second":	5211226.4330202527,
					"retransmits":	0,
					"snd_cwnd":	79640,
					"rtt":	118410,
					"rttvar":	787,
					"pmtu":	1500,
					"omitted":	false,
					"sender":	true
				}],
			"sum":	{
				"start":	5.000423,
				"end":	6.000725,
				"seconds":	1.0003019571304321,
				"bytes":	651600,
				"bits_per_second":	5211226.4330202527,
				"retransmits":	0,
				"omitted":	false,
				"sender":	true
			}
		}, {
			"streams":	[{
					"socket":	5,
					"start":	6.000725,
					"end":	7.000505,
					"seconds":	0.999779999256134,
					"bytes":	977400,
					"bits_per_second":	7820920.6083515538,
					"retransmits":	0,
					"snd_cwnd":	95568,
					"rtt":	65098,
					"rttvar":	3870,
					"pmtu":	1500,
					"omitted":	false,
					"sender":	true
				}],
			"sum":	{
				"start":	6.000725,
				"end":	7.000505,
				"seconds":	0.999779999256134,
				"bytes":	977400,
				"bits_per_second":	7820920.6083515538,
				"retransmits":	0,
				"omitted":	false,
				"sender":	true
			}
		}, {
			"streams":	[{
					"socket":	5,
					"start":	7.000505,
					"end":	8.000814,
					"seconds":	1.0003089904785156,
					"bytes":	651600,
					"bits_per_second":	5211189.7919725431,
					"retransmits":	0,
					"snd_cwnd":	69504,
					"rtt":	102834,
					"rttvar":	327,
					"pmtu":	1500,
					"omitted":	false,
					"sender":	true
				}],
			"sum":	{
				"start":	7.000505,
				"end":	8.000814,
				"seconds":	1.0003089904785156,
				"bytes":	651600,
				"bits_per_second":	5211189.7919725431,
				"retransmits":	0,
				"omitted":	false,
				"sender":	true
			}
		}, {
			"streams":	[{
					"socket":	5,
					"start":	8.000814,
					"end":	9.00062,
					"seconds":	0.999805986881256,
					"bytes":	651600,
					"bits_per_second":	5213811.54783894,
					"retransmits":	0,
					"snd_cwnd":	68056,
					"rtt":	143652,
					"rttvar":	470,
					"pmtu":	1500,
					"omitted":	false,
					"sender":	true
				}],
			"sum":	{
				"start":	8.000814,
				"end":	9.00062,
				"seconds":	0.999805986881256,
				"bytes":	651600,
				"bits_per_second":	5213811.54783894,
				"retransmits":	0,
				"omitted":	false,
				"sender":	true
			}
		}, {
			"streams":	[{
					"socket":	5,
					"start":	9.00062,
					"end":	10.000412,
					"seconds":	0.999791979789734,
					"bytes":	651600,
					"bits_per_second":	5213884.593369416,
					"retransmits":	0,
					"snd_cwnd":	69504,
					"rtt":	133975,
					"rttvar":	376,
					"pmtu":	1500,
					"omitted":	false,
					"sender":	true
				}],
			"sum":	{
				"start":	9.00062,
				"end":	10.000412,
				"seconds":	0.999791979789734,
				"bytes":	651600,
				"bits_per_second":	5213884.593369416,
				"retransmits":	0,
				"omitted":	false,
				"sender":	true
			}
		}, {
			"streams":	[{
					"socket":	5,
					"start":	10.000412,
					"end":	11.000713,
					"seconds":	1.0003010034561157,
					"bytes":	1629000,
					"bits_per_second":	13028078.503343947,
					"retransmits":	0,
					"snd_cwnd":	136112,
					"rtt":	142493,
					"rttvar":	1443,
					"pmtu":	1500,
					"omitted":	false,
					"sender":	true
				}],
			"sum":	{
				"start":	10.000412,
				"end":	11.000713,
				"seconds":	1.0003010034561157,
				"bytes":	1629000,
				"bits_per_second":	13028078.503343947,
				"retransmits":	0,
				"omitted":	false,
				"sender":	true
			}
		}, {
			"streams":	[{
					"socket":	5,
					"start":	11.000713,
					"end":	12.001015,
					"seconds":	1.0003019571304321,
					"bytes":	586440,
					"bits_per_second":	4690103.7897182275,
					"retransmits":	0,
					"snd_cwnd":	26064,
					"rtt":	95400,
					"rttvar":	10542,
					"pmtu":	1500,
					"omitted":	false,
					"sender":	true
				}],
			"sum":	{
				"start":	11.000713,
				"end":	12.001015,
				"seconds":	1.0003019571304321,
				"bytes":	586440,
				"bits_per_second":	4690103.7897182275,
				"retransmits":	0,
				"omitted":	false,
				"sender":	true
			}
		}, {
			"streams":	[{
					"socket":	5,
					"start":	12.001015,
					"end":	13.00081,
					"seconds":	0.99979501962661743,
					"bytes":	1172880,
					"bits_per_second":	9384963.73337025,
					"retransmits":	0,
					"snd_cwnd":	41992,
					"rtt":	40205,
					"rttvar":	452,
					"pmtu":	1500,
					"omitted":	false,
					"sender":	true
				}],
			"sum":	{
				"start":	12.001015,
				"end":	13.00081,
				"seconds":	0.99979501962661743,
				"bytes":	1172880,
				"bits_per_second":	9384963.73337025,
				"retransmits":	0,
				"omitted":	false,
				"sender":	true
			}
		}, {
			"streams":	[{
					"socket":	5,
					"start":	13.00081,
					"end":	14.000573,
					"seconds":	0.999763011932373,
					"bytes":	1172880,
					"bits_per_second":	9385264.19562589,
					"retransmits":	0,
					"snd_cwnd":	41992,
					"rtt":	34229,
					"rttvar":	347,
					"pmtu":	1500,
					"omitted":	false,
					"sender":	true
				}],
			"sum":	{
				"start":	13.00081,
				"end":	14.000573,
				"seconds":	0.999763011932373,
				"bytes":	1172880,
				"bits_per_second":	9385264.19562589,
				"retransmits":	0,
				"omitted":	false,
				"sender":	true
			}
		}, {
			"streams":	[{
					"socket":	5,
					"start":	14.000573,
					"end":	15.00038,
					"seconds":	0.99980700016021729,
					"bytes":	1172880,
					"bits_per_second":	9384851.27479242,
					"retransmits":	0,
					"snd_cwnd":	43440,
					"rtt":	35692,
					"rttvar":	150,
					"pmtu":	1500,
					"omitted":	false,
					"sender":	true
				}],
			"sum":	{
				"start":	14.000573,
				"end":	15.00038,
				"seconds":	0.99980700016021729,
				"bytes":	1172880,
				"bits_per_second":	9384851.27479242,
				"retransmits":	0,
				"omitted":	false,
				"sender":	true
			}
		}, {
			"streams":	[{
					"socket":	5,
					"start":	15.00038,
					"end":	16.000674,
					"seconds":	1.0002939701080322,
					"bytes":	1172880,
					"bits_per_second":	9380282.47734676,
					"retransmits":	0,
					"snd_cwnd":	41992,
					"rtt":	30598,
					"rttvar":	1643,
					"pmtu":	1500,
					"omitted":	false,
					"sender":	true
				}],
			"sum":	{
				"start":	15.00038,
				"end":	16.000674,
				"seconds":	1.0002939701080322,
				"bytes":	1172880,
				"bits_per_second":	9380282.47734676,
				"retransmits":	0,
				"omitted":	false,
				"sender":	true
			}
		}, {
			"streams":	[{
					"socket":	5,
					"start":	16.000674,
					"end":	17.000473,
					"seconds":	0.99979901313781738,
					"bytes":	1172880,
					"bits_per_second":	9384926.2468781751,
					"retransmits":	0,
					"snd_cwnd":	44888,
					"rtt":	32834,
					"rttvar":	213,
					"pmtu":	1500,
					"omitted":	false,
					"sender":	true
				}],
			"sum":	{
				"start":	16.000674,
				"end":	17.000473,
				"seconds":	0.99979901313781738,
				"bytes":	1172880,
				"bits_per_second":	9384926.2468781751,
				"retransmits":	0,
				"omitted":	false,
				"sender":	true
			}
		}, {
			"streams":	[{
					"socket":	5,
					"start":	17.000473,
					"end":	18.000768,
					"seconds":	1.0002950429916382,
					"bytes":	1172880,
					"bits_per_second":	9380272.4163638949,
					"retransmits":	0,
					"snd_cwnd":	41992,
					"rtt":	31912,
					"rttvar":	175,
					"pmtu":	1500,
					"omitted":	false,
					"sender":	true
				}],
			"sum":	{
				"start":	17.000473,
				"end":	18.000768,
				"seconds":	1.0002950429916382,
				"bytes":	1172880,
				"bits_per_second":	9380272.4163638949,
				"retransmits":	0,
				"omitted":	false,
				"sender":	true
			}
		}, {
			"streams":	[{
					"socket":	5,
					"start":	18.000768,
					"end":	19.00055,
					"seconds":	0.9997820258140564,
					"bytes":	1172880,
					"bits_per_second":	9385085.70641687,
					"retransmits":	0,
					"snd_cwnd":	43440,
					"rtt":	34244,
					"rttvar":	259,
					"pmtu":	1500,
					"omitted":	false,
					"sender":	true
				}],
			"sum":	{
				"start":	18.000768,
				"end":	19.00055,
				"seconds":	0.9997820258140564,
				"bytes":	1172880,
				"bits_per_second":	9385085.70641687,
				"retransmits":	0,
				"omitted":	false,
				"sender":	true
			}
		}, {
			"streams":	[{
					"socket":	5,
					"start":	19.00055,
					"end":	20.000355,
					"seconds":	0.999804973602295,
					"bytes":	1759320,
					"bits_per_second":	14077305.446170561,
					"retransmits":	0,
					"snd_cwnd":	50680,
					"rtt":	32098,
					"rttvar":	295,
					"pmtu":	1500,
					"omitted":	false,
					"sender":	true
				}],
			"sum":	{
				"start":	19.00055,
				"end":	20.000355,
				"seconds":	0.999804973602295,
				"bytes":	1759320,
				"bits_per_second":	14077305.446170561,
				"retransmits":	0,
				"omitted":	false,
				"sender":	true
			}
		}, {
			"streams":	[{
					"socket":	5,
					"start":	20.000355,
					"end":	21.000643,
					"seconds":	1.0002880096435547,
					"bytes":	1172880,
					"bits_per_second":	9380338.37208903,
					"retransmits":	0,
					"snd_cwnd":	44888,
					"rtt":	31886,
					"rttvar":	190,
					"pmtu":	1500,
					"omitted":	false,
					"sender":	true
				}],
			"sum":	{
				"start":	20.000355,
				"end":	21.000643,
				"seconds":	1.0002880096435547,
				"bytes":	1172880,
				"bits_per_second":	9380338.37208903,
				"retransmits":	0,
				"omitted":	false,
				"sender":	true
			}
		}, {
			"streams":	[{
					"socket":	5,
					"start":	21.000643,
					"end":	22.000443,
					"seconds":	0.99980002641677856,
					"bytes":	1172880,
					"bits_per_second":	9384916.73542782,
					"retransmits":	0,
					"snd_cwnd":	47784,
					"rtt":	34251,
					"rttvar":	218,
					"pmtu":	1500,
					"omitted":	false,
					"sender":	true
				}],
			"sum":	{
				"start":	21.000643,
				"end":	22.000443,
				"seconds":	0.99980002641677856,
				"bytes":	1172880,
				"bits_per_second":	9384916.73542782,
				"retransmits":	0,
				"omitted":	false,
				"sender":	true
			}
		}, {
			"streams":	[{
					"socket":	5,
					"start":	22.000443,
					"end":	23.000229,
					"seconds":	0.99978601932525635,
					"bytes":	1759320,
					"bits_per_second":	14077572.32842559,
					"retransmits":	0,
					"snd_cwnd":	63712,
					"rtt":	37326,
					"rttvar":	197,
					"pmtu":	1500,
					"omitted":	false,
					"sender":	true
				}],
			"sum":	{
				"start":	22.000443,
				"end":	23.000229,
				"seconds":	0.99978601932525635,
				"bytes":	1759320,
				"bits_per_second":	14077572.32842559,
				"retransmits":	0,
				"omitted":	false,
				"sender":	true
			}
		}, {
			"streams":	[{
					"socket":	5,
					"start":	23.000229,
					"end":	24.000543,
					"seconds":	1.0003139972686768,
					"bytes":	1759320,
					"bits_per_second":	14070142.01383776,
					"retransmits":	0,
					"snd_cwnd":	65160,
					"rtt":	33762,
					"rttvar":	208,
					"pmtu":	1500,
					"omitted":	false,
					"sender":	true
				}],
			"sum":	{
				"start":	23.000229,
				"end":	24.000543,
				"seconds":	1.0003139972686768,
				"bytes":	1759320,
				"bits_per_second":	14070142.01383776,
				"retransmits":	0,
				"omitted":	false,
				"sender":	true
			}
		}, {
			"streams":	[{
					"socket":	5,
					"start":	24.000543,
					"end":	25.000317,
					"seconds":	0.99977397918701172,
					"bytes":	1759320,
					"bits_per_second":	14077741.862660838,
					"retransmits":	0,
					"snd_cwnd":	56472,
					"rtt":	35166,
					"rttvar":	628,
					"pmtu":	1500,
					"omitted":	false,
					"sender":	true
				}],
			"sum":	{
				"start":	24.000543,
				"end":	25.000317,
				"seconds":	0.99977397918701172,
				"bytes":	1759320,
				"bits_per_second":	14077741.862660838,
				"retransmits":	0,
				"omitted":	false,
				"sender":	true
			}
		}, {
			"streams":	[{
					"socket":	5,
					"start":	25.000317,
					"end":	26.000615,
					"seconds":	1.000298023223877,
					"bytes":	1759320,
					"bits_per_second":	14070366.703953756,
					"retransmits":	0,
					"snd_cwnd":	53576,
					"rtt":	29016,
					"rttvar":	269,
					"pmtu":	1500,
					"omitted":	false,
					"sender":	true
				}],
			"sum":	{
				"start":	25.000317,
				"end":	26.000615,
				"seconds":	1.000298023223877,
				"bytes":	1759320,
				"bits_per_second":	14070366.703953756,
				"retransmits":	0,
				"omitted":	false,
				"sender":	true
			}
		}, {
			"streams":	[{
					"socket":	5,
					"start":	26.000615,
					"end":	27.0004,
					"seconds":	0.999785006046295,
					"bytes":	1759320,
					"bits_per_second":	14077586.596000897,
					"retransmits":	0,
					"snd_cwnd":	55024,
					"rtt":	30349,
					"rttvar":	149,
					"pmtu":	1500,
					"omitted":	false,
					"sender":	true
				}],
			"sum":	{
				"start":	26.000615,
				"end":	27.0004,
				"seconds":	0.999785006046295,
				"bytes":	1759320,
				"bits_per_second":	14077586.596000897,
				"retransmits":	0,
				"omitted":	false,
				"sender":	true
			}
		}, {
			"streams":	[{
					"socket":	5,
					"start":	27.0004,
					"end":	28.000244,
					"seconds":	0.9998440146446228,
					"bytes":	1172880,
					"bits_per_second":	9384503.84516733,
					"retransmits":	0,
					"snd_cwnd":	46336,
					"rtt":	30851,
					"rttvar":	1551,
					"pmtu":	1500,
					"omitted":	false,
					"sender":	true
				}],
			"sum":	{
				"start":	27.0004,
				"end":	28.000244,
				"seconds":	0.9998440146446228,
				"bytes":	1172880,
				"bits_per_second":	9384503.84516733,
				"retransmits":	0,
				"omitted":	false,
				"sender":	true
			}
		}, {
			"streams":	[{
					"socket":	5,
					"start":	28.000244,
					"end":	29.000533,
					"seconds":	1.0002889633178711,
					"bytes":	1172880,
					"bits_per_second":	9380329.4288855046,
					"retransmits":	0,
					"snd_cwnd":	49232,
					"rtt":	33023,
					"rttvar":	214,
					"pmtu":	1500,
					"omitted":	false,
					"sender":	true
				}],
			"sum":	{
				"start":	28.000244,
				"end":	29.000533,
				"seconds":	1.0002889633178711,
				"bytes":	1172880,
				"bits_per_second":	9380329.4288855046,
				"retransmits":	0,
				"omitted":	false,
				"sender":	true
			}
		}, {
			"streams":	[{
					"socket":	5,
					"start":	29.000533,
					"end":	30.000332,
					"seconds":	0.99979901313781738,
					"bytes":	1759320,
					"bits_per_second":	14077389.370317264,
					"retransmits":	0,
					"snd_cwnd":	60816,
					"rtt":	33258,
					"rttvar":	687,
					"pmtu":	1500,
					"omitted":	false,
					"sender":	true
				}],
			"sum":	{
				"start":	29.000533,
				"end":	30.000332,
				"seconds":	0.99979901313781738,
				"bytes":	1759320,
				"bits_per_second":	14077389.370317264,
				"retransmits":	0,
				"omitted":	false,
				"sender":	true
			}
		}, {
			"streams":	[{
					"socket":	5,
					"start":	30.000332,
					"end":	31.000152,
					"seconds":	0.99981999397277832,
					"bytes":	1759320,
					"bits_per_second":	14077093.961758882,
					"retransmits":	0,
					"snd_cwnd":	46336,
					"rtt":	31624,
					"rttvar":	301,
					"pmtu":	1500,
					"omitted":	false,
					"sender":	true
				}],
			"sum":	{
				"start":	30.000332,
				"end":	31.000152,
				"seconds":	0.99981999397277832,
				"bytes":	1759320,
				"bits_per_second":	14077093.961758882,
				"retransmits":	0,
				"omitted":	false,
				"sender":	true
			}
		}, {
			"streams":	[{
					"socket":	5,
					"start":	31.000152,
					"end":	32.000441,
					"seconds":	1.0002889633178711,
					"bytes":	1172880,
					"bits_per_second":	9380329.4288855046,
					"retransmits":	0,
					"snd_cwnd":	47784,
					"rtt":	30640,
					"rttvar":	129,
					"pmtu":	1500,
					"omitted":	false,
					"sender":	true
				}],
			"sum":	{
				"start":	31.000152,
				"end":	32.000441,
				"seconds":	1.0002889633178711,
				"bytes":	1172880,
				"bits_per_second":	9380329.4288855046,
				"retransmits":	0,
				"omitted":	false,
				"sender":	true
			}
		}, {
			"streams":	[{
					"socket":	5,
					"start":	32.000441,
					"end":	33.000654,
					"seconds":	1.0002130270004272,
					"bytes":	1172880,
					"bits_per_second":	9381041.5848502964,
					"retransmits":	0,
					"snd_cwnd":	10136,
					"rtt":	13900,
					"rttvar":	2022,
					"pmtu":	1500,
					"omitted":	false,
					"sender":	true
				}],
			"sum":	{
				"start":	32.000441,
				"end":	33.000654,
				"seconds":	1.0002130270004272,
				"bytes":	1172880,
				"bits_per_second":	9381041.5848502964,
				"retransmits":	0,
				"omitted":	false,
				"sender":	true
			}
		}, {
			"streams":	[{
					"socket":	5,
					"start":	33.000654,
					"end":	34.000452,
					"seconds":	0.9997979998588562,
					"bytes":	1759320,
					"bits_per_second":	14077403.637521718,
					"retransmits":	0,
					"snd_cwnd":	53576,
					"rtt":	31030,
					"rttvar":	272,
					"pmtu":	1500,
					"omitted":	false,
					"sender":	true
				}],
			"sum":	{
				"start":	33.000654,
				"end":	34.000452,
				"seconds":	0.9997979998588562,
				"bytes":	1759320,
				"bits_per_second":	14077403.637521718,
				"retransmits":	0,
				"omitted":	false,
				"sender":	true
			}
		}, {
			"streams":	[{
					"socket":	5,
					"start":	34.000452,
					"end":	35.000225,
					"seconds":	0.99977302551269531,
					"bytes":	1172880,
					"bits_per_second":	9385170.194193095,
					"retransmits":	0,
					"snd_cwnd":	44888,
					"rtt":	31278,
					"rttvar":	683,
					"pmtu":	1500,
					"omitted":	false,
					"sender":	true
				}],
			"sum":	{
				"start":	34.000452,
				"end":	35.000225,
				"seconds":	0.99977302551269531,
				"bytes":	1172880,
				"bits_per_second":	9385170.194193095,
				"retransmits":	0,
				"omitted":	false,
				"sender":	true
			}
		}, {
			"streams":	[{
					"socket":	5,
					"start":	35.000225,
					"end":	36.000521,
					"seconds":	1.0002959966659546,
					"bytes":	1759320,
					"bits_per_second":	14070395.2099292,
					"retransmits":	0,
					"snd_cwnd":	44888,
					"rtt":	30340,
					"rttvar":	194,
					"pmtu":	1500,
					"omitted":	false,
					"sender":	true
				}],
			"sum":	{
				"start":	35.000225,
				"end":	36.000521,
				"seconds":	1.0002959966659546,
				"bytes":	1759320,
				"bits_per_second":	14070395.2099292,
				"retransmits":	0,
				"omitted":	false,
				"sender":	true
			}
		}, {
			"streams":	[{
					"socket":	5,
					"start":	36.000521,
					"end":	37.000318,
					"seconds":	0.999796986579895,
					"bytes":	1172880,
					"bits_per_second":	9384945.26983673,
					"retransmits":	0,
					"snd_cwnd":	46336,
					"rtt":	36308,
					"rttvar":	359,
					"pmtu":	1500,
					"omitted":	false,
					"sender":	true
				}],
			"sum":	{
				"start":	36.000521,
				"end":	37.000318,
				"seconds":	0.999796986579895,
				"bytes":	1172880,
				"bits_per_second":	9384945.26983673,
				"retransmits":	0,
				"omitted":	false,
				"sender":	true
			}
		}, {
			"streams":	[{
					"socket":	5,
					"start":	37.000318,
					"end":	38.000623,
					"seconds":	1.0003050565719604,
					"bytes":	1172880,
					"bits_per_second":	9380178.51489787,
					"retransmits":	0,
					"snd_cwnd":	50680,
					"rtt":	34357,
					"rttvar":	231,
					"pmtu":	1500,
					"omitted":	false,
					"sender":	true
				}],
			"sum":	{
				"start":	37.000318,
				"end":	38.000623,
				"seconds":	1.0003050565719604,
				"bytes":	1172880,
				"bits_per_second":	9380178.51489787,
				"retransmits":	0,
				"omitted":	false,
				"sender":	true
			}
		}, {
			"streams":	[{
					"socket":	5,
					"start":	38.000623,
					"end":	39.000089,
					"seconds":	0.99946600198745728,
					"bytes":	1759320,
					"bits_per_second":	14082079.802627072,
					"retransmits":	0,
					"snd_cwnd":	47784,
					"rtt":	31327,
					"rttvar":	266,
					"pmtu":	1500,
					"omitted":	false,
					"sender":	true
				}],
			"sum":	{
				"start":	38.000623,
				"end":	39.000089,
				"seconds":	0.99946600198745728,
				"bytes":	1759320,
				"bits_per_second":	14082079.802627072,
				"retransmits":	0,
				"omitted":	false,
				"sender":	true
			}
		}, {
			"streams":	[{
					"socket":	5,
					"start":	39.000089,
					"end":	40.000483,
					"seconds":	1.0003939867019653,
					"bytes":	1172880,
					"bits_per_second":	9379344.662929656,
					"retransmits":	0,
					"snd_cwnd":	46336,
					"rtt":	34295,
					"rttvar":	430,
					"pmtu":	1500,
					"omitted":	false,
					"sender":	true
				}],
			"sum":	{
				"start":	39.000089,
				"end":	40.000483,
				"seconds":	1.0003939867019653,
				"bytes":	1172880,
				"bits_per_second":	9379344.662929656,
				"retransmits":	0,
				"omitted":	false,
				"sender":	true
			}
		}, {
			"streams":	[{
					"socket":	5,
					"start":	40.000483,
					"end":	41.000325,
					"seconds":	0.99984198808670044,
					"bytes":	1759320,
					"bits_per_second":	14076784.299620287,
					"retransmits":	0,
					"snd_cwnd":	53576,
					"rtt":	30386,
					"rttvar":	649,
					"pmtu":	1500,
					"omitted":	false,
					"sender":	true
				}],
			"sum":	{
				"start":	40.000483,
				"end":	41.000325,
				"seconds":	0.99984198808670044,
				"bytes":	1759320,
				"bits_per_second":	14076784.299620287,
				"retransmits":	0,
				"omitted":	false,
				"sender":	true
			}
		}, {
			"streams":	[{
					"socket":	5,
					"start":	41.000325,
					"end":	42.000609,
					"seconds":	1.00028395652771,
					"bytes":	1172880,
					"bits_per_second":	9380376.38089427,
					"retransmits":	0,
					"snd_cwnd":	43440,
					"rtt":	30534,
					"rttvar":	243,
					"pmtu":	1500,
					"omitted":	false,
					"sender":	true
				}],
			"sum":	{
				"start":	41.000325,
				"end":	42.000609,
				"seconds":	1.00028395652771,
				"bytes":	1172880,
				"bits_per_second":	9380376.38089427,
				"retransmits":	0,
				"omitted":	false,
				"sender":	true
			}
		}, {
			"streams":	[{
					"socket":	5,
					"start":	42.000609,
					"end":	43.000853,
					"seconds":	1.0002440214157104,
					"bytes":	1172880,
					"bits_per_second":	9380750.89588596,
					"retransmits":	0,
					"snd_cwnd":	44888,
					"rtt":	34512,
					"rttvar":	370,
					"pmtu":	1500,
					"omitted":	false,
					"sender":	true
				}],
			"sum":	{
				"start":	42.000609,
				"end":	43.000853,
				"seconds":	1.0002440214157104,
				"bytes":	1172880,
				"bits_per_second":	9380750.89588596,
				"retransmits":	0,
				"omitted":	false,
				"sender":	true
			}
		}, {
			"streams":	[{
					"socket":	5,
					"start":	43.000853,
					"end":	44.000128,
					"seconds":	0.999275028705597,
					"bytes":	1759320,
					"bits_per_second":	14084771.0547029,
					"retransmits":	0,
					"snd_cwnd":	56472,
					"rtt":	34698,
					"rttvar":	786,
					"pmtu":	1500,
					"omitted":	false,
					"sender":	true
				}],
			"sum":	{
				"start":	43.000853,
				"end":	44.000128,
				"seconds":	0.999275028705597,
				"bytes":	1759320,
				"bits_per_second":	14084771.0547029,
				"retransmits":	0,
				"omitted":	false,
				"sender":	true
			}
		}, {
			"streams":	[{
					"socket":	5,
					"start":	44.000128,
					"end":	45.000449,
					"seconds":	1.00032103061676,
					"bytes":	1172880,
					"bits_per_second":	9380028.7235936355,
					"retransmits":	0,
					"snd_cwnd":	44888,
					"rtt":	34547,
					"rttvar":	327,
					"pmtu":	1500,
					"omitted":	false,
					"sender":	true
				}],
			"sum":	{
				"start":	44.000128,
				"end":	45.000449,
				"seconds":	1.00032103061676,
				"bytes":	1172880,
				"bits_per_second":	9380028.7235936355,
				"retransmits":	0,
				"omitted":	false,
				"sender":	true
			}
		}, {
			"streams":	[{
					"socket":	5,
					"start":	45.000449,
					"end":	46.000737,
					"seconds":	1.0002880096435547,
					"bytes":	1172880,
					"bits_per_second":	9380338.37208903,
					"retransmits":	0,
					"snd_cwnd":	43440,
					"rtt":	32852,
					"rttvar":	175,
					"pmtu":	1500,
					"omitted":	false,
					"sender":	true
				}],
			"sum":	{
				"start":	45.000449,
				"end":	46.000737,
				"seconds":	1.0002880096435547,
				"bytes":	1172880,
				"bits_per_second":	9380338.37208903,
				"retransmits":	0,
				"omitted":	false,
				"sender":	true
			}
		}, {
			"streams":	[{
					"socket":	5,
					"start":	46.000737,
					"end":	47.000533,
					"seconds":	0.999795973300934,
					"bytes":	1759320,
					"bits_per_second":	14077432.172017384,
					"retransmits":	0,
					"snd_cwnd":	47784,
					"rtt":	32643,
					"rttvar":	869,
					"pmtu":	1500,
					"omitted":	false,
					"sender":	true
				}],
			"sum":	{
				"start":	46.000737,
				"end":	47.000533,
				"seconds":	0.999795973300934,
				"bytes":	1759320,
				"bits_per_second":	14077432.172017384,
				"retransmits":	0,
				"omitted":	false,
				"sender":	true
			}
		}, {
			"streams":	[{
					"socket":	5,
					"start":	47.000533,
					"end":	48.000315,
					"seconds":	0.9997820258140564,
					"bytes":	1172880,
					"bits_per_second":	9385085.70641687,
					"retransmits":	0,
					"snd_cwnd":	56472,
					"rtt":	31230,
					"rttvar":	235,
					"pmtu":	1500,
					"omitted":	false,
					"sender":	true
				}],
			"sum":	{
				"start":	47.000533,
				"end":	48.000315,
				"seconds":	0.9997820258140564,
				"bytes":	1172880,
				"bits_per_second":	9385085.70641687,
				"retransmits":	0,
				"omitted":	false,
				"sender":	true
			}
		}, {
			"streams":	[{
					"socket":	5,
					"start":	48.000315,
					"end":	49.000704,
					"seconds":	1.0003889799118042,
					"bytes":	1172880,
					"bits_per_second":	9379391.60508068,
					"retransmits":	0,
					"snd_cwnd":	49232,
					"rtt":	32701,
					"rttvar":	298,
					"pmtu":	1500,
					"omitted":	false,
					"sender":	true
				}],
			"sum":	{
				"start":	48.000315,
				"end":	49.000704,
				"seconds":	1.0003889799118042,
				"bytes":	1172880,
				"bits_per_second":	9379391.60508068,
				"retransmits":	0,
				"omitted":	false,
				"sender":	true
			}
		}, {
			"streams":	[{
					"socket":	5,
					"start":	49.000704,
					"end":	50.000518,
					"seconds":	0.999813973903656,
					"bytes":	1759320,
					"bits_per_second":	14077178.722605303,
					"retransmits":	0,
					"snd_cwnd":	49232,
					"rtt":	28545,
					"rttvar":	402,
					"pmtu":	1500,
					"omitted":	false,
					"sender":	true
				}],
			"sum":	{
				"start":	49.000704,
				"end":	50.000518,
				"seconds":	0.999813973903656,
				"bytes":	1759320,
				"bits_per_second":	14077178.722605303,
				"retransmits":	0,
				"omitted":	false,
				"sender":	true
			}
		}, {
			"streams":	[{
					"socket":	5,
					"start":	50.000518,
					"end":	51.000311,
					"seconds":	0.999792993068695,
					"bytes":	1759320,
					"bits_per_second":	14077474.134721152,
					"retransmits":	0,
					"snd_cwnd":	56472,
					"rtt":	32013,
					"rttvar":	215,
					"pmtu":	1500,
					"omitted":	false,
					"sender":	true
				}],
			"sum":	{
				"start":	50.000518,
				"end":	51.000311,
				"seconds":	0.999792993068695,
				"bytes":	1759320,
				"bits_per_second":	14077474.134721152,
				"retransmits":	0,
				"omitted":	false,
				"sender":	true
			}
		}, {
			"streams":	[{
					"socket":	5,
					"start":	51.000311,
					"end":	52.00007,
					"seconds":	0.999759018421173,
					"bytes":	1759320,
					"bits_per_second":	14077952.52722666,
					"retransmits":	0,
					"snd_cwnd":	55024,
					"rtt":	33548,
					"rttvar":	1344,
					"pmtu":	1500,
					"omitted":	false,
					"sender":	true
				}],
			"sum":	{
				"start":	51.000311,
				"end":	52.00007,
				"seconds":	0.999759018421173,
				"bytes":	1759320,
				"bits_per_second":	14077952.52722666,
				"retransmits":	0,
				"omitted":	false,
				"sender":	true
			}
		}, {
			"streams":	[{
					"socket":	5,
					"start":	52.00007,
					"end":	53.00037,
					"seconds":	1.0003000497817993,
					"bytes":	1759320,
					"bits_per_second":	14070338.198093819,
					"retransmits":	0,
					"snd_cwnd":	69504,
					"rtt":	33048,
					"rttvar":	409,
					"pmtu":	1500,
					"omitted":	false,
					"sender":	true
				}],
			"sum":	{
				"start":	52.00007,
				"end":	53.00037,
				"seconds":	1.0003000497817993,
				"bytes":	1759320,
				"bits_per_second":	14070338.198093819,
				"retransmits":	0,
				"omitted":	false,
				"sender":	true
			}
		}, {
			"streams":	[{
					"socket":	5,
					"start":	53.00037,
					"end":	54.00077,
					"seconds":	1.0003999471664429,
					"bytes":	1172880,
					"bits_per_second":	9379288.78002918,
					"retransmits":	0,
					"snd_cwnd":	59368,
					"rtt":	13042,
					"rttvar":	380,
					"pmtu":	1500,
					"omitted":	false,
					"sender":	true
				}],
			"sum":	{
				"start":	53.00037,
				"end":	54.00077,
				"seconds":	1.0003999471664429,
				"bytes":	1172880,
				"bits_per_second":	9379288.78002918,
				"retransmits":	0,
				"omitted":	false,
				"sender":	true
			}
		}, {
			"streams":	[{
					"socket":	5,
					"start":	54.00077,
					"end":	55.000257,
					"seconds":	0.99948698282241821,
					"bytes":	2345760,
					"bits_per_second":	18775712.262912206,
					"retransmits":	0,
					"snd_cwnd":	59368,
					"rtt":	35253,
					"rttvar":	378,
					"pmtu":	1500,
					"omitted":	false,
					"sender":	true
				}],
			"sum":	{
				"start":	54.00077,
				"end":	55.000257,
				"seconds":	0.99948698282241821,
				"bytes":	2345760,
				"bits_per_second":	18775712.262912206,
				"retransmits":	0,
				"omitted":	false,
				"sender":	true
			}
		}, {
			"streams":	[{
					"socket":	5,
					"start":	55.000257,
					"end":	56.00039,
					"seconds":	1.0001330375671387,
					"bytes":	1759320,
					"bits_per_second":	14072687.803851474,
					"retransmits":	0,
					"snd_cwnd":	66608,
					"rtt":	33279,
					"rttvar":	985,
					"pmtu":	1500,
					"omitted":	false,
					"sender":	true
				}],
			"sum":	{
				"start":	55.000257,
				"end":	56.00039,
				"seconds":	1.0001330375671387,
				"bytes":	1759320,
				"bits_per_second":	14072687.803851474,
				"retransmits":	0,
				"omitted":	false,
				"sender":	true
			}
		}, {
			"streams":	[{
					"socket":	5,
					"start":	56.00039,
					"end":	57.000657,
					"seconds":	1.0002670288085938,
					"bytes":	1172880,
					"bits_per_second":	9380535.1268810965,
					"retransmits":	0,
					"snd_cwnd":	55024,
					"rtt":	32788,
					"rttvar":	315,
					"pmtu":	1500,
					"omitted":	false,
					"sender":	true
				}],
			"sum":	{
				"start":	56.00039,
				"end":	57.000657,
				"seconds":	1.0002670288085938,
				"bytes":	1172880,
				"bits_per_second":	9380535.1268810965,
				"retransmits":	0,
				"omitted":	false,
				"sender":	true
			}
		}, {
			"streams":	[{
					"socket":	5,
					"start":	57.000657,
					"end":	58.000433,
					"seconds":	0.999776005744934,
					"bytes":	1759320,
					"bits_per_second":	14077713.326909693,
					"retransmits":	0,
					"snd_cwnd":	56472,
					"rtt":	34799,
					"rttvar":	334,
					"pmtu":	1500,
					"omitted":	false,
					"sender":	true
				}],
			"sum":	{
				"start":	57.000657,
				"end":	58.000433,
				"seconds":	0.999776005744934,
				"bytes":	1759320,
				"bits_per_second":	14077713.326909693,
				"retransmits":	0,
				"omitted":	false,
				"sender":	true
			}
		}, {
			"streams":	[{
					"socket":	5,
					"start":	58.000433,
					"end":	59.00025,
					"seconds":	0.99981701374053955,
					"bytes":	2345760,
					"bits_per_second":	18769514.563261818,
					"retransmits":	0,
					"snd_cwnd":	20272,
					"rtt":	27922,
					"rttvar":	661,
					"pmtu":	1500,
					"omitted":	false,
					"sender":	true
				}],
			"sum":	{
				"start":	58.000433,
				"end":	59.00025,
				"seconds":	0.99981701374053955,
				"bytes":	2345760,
				"bits_per_second":	18769514.563261818,
				"retransmits":	0,
				"omitted":	false,
				"sender":	true
			}
		}, {
			"streams":	[{
					"socket":	5,
					"start":	59.00025,
					"end":	60.00065,
					"seconds":	1.0003999471664429,
					"bytes":	2345760,
					"bits_per_second":	18758577.560058355,
					"retransmits":	0,
					"snd_cwnd":	83984,
					"rtt":	36091,
					"rttvar":	327,
					"pmtu":	1500,
					"omitted":	false,
					"sender":	true
				}],
			"sum":	{
				"start":	59.00025,
				"end":	60.00065,
				"seconds":	1.0003999471664429,
				"bytes":	2345760,
				"bits_per_second":	18758577.560058355,
				"retransmits":	0,
				"omitted":	false,
				"sender":	true
			}
		}],
	"end":	{
		"streams":	[{
				"sender":	{
					"socket":	5,
					"start":	0,
					"end":	60.00065,
					"seconds":	60.00065,
					"bytes":	84101288,
					"bits_per_second":	11213383.58834446,
					"retransmits":	0,
					"max_snd_cwnd":	136112,
					"max_rtt":	143652,
					"min_rtt":	13042,
					"mean_rtt":	45717,
					"sender":	true
				},
				"receiver":	{
					"socket":	5,
					"start":	0,
					"end":	60.034799,
					"seconds":	60.00065,
					"bytes":	82706432,
					"bits_per_second":	11021132.193679869,
					"sender":	true
				}
			}],
		"sum_sent":	{
			"start":	0,
			"end":	60.00065,
			"seconds":	60.00065,
			"bytes":	84101288,
			"bits_per_second":	11213383.58834446,
			"retransmits":	0,
			"sender":	true
		},
		"sum_received":	{
			"start":	0,
			"end":	60.034799,
			"seconds":	60.034799,
			"bytes":	82706432,
			"bits_per_second":	11021132.193679869,
			"sender":	true
		},
		"cpu_utilization_percent":	{
			"host_total":	0.055782115366714652,
			"host_user":	0.00955285980341698,
			"host_system":	0.046230918665631129,
			"remote_total":	1.6575244184909188,
			"remote_user":	0.0048971570371013941,
			"remote_system":	1.6526272614538171
		},
		"sender_tcp_congestion":	"bbr",
		"receiver_tcp_congestion":	"cubic"
	}
}
