{
	"start":	{
		"connected":	[{
				"socket":	5,
				"local_host":	"192.168.179.150",
				"local_port":	33572,
				"remote_host":	"192.168.120.130",
				"remote_port":	5201
			}],
		"version":	"iperf 3.9",
		"system_info":	"Linux a 6.14.5-x64v3-xanmod1 #0~20250503.gdace042 SMP PREEMPT_DYNAMIC Sat May  3 00:40:10 UTC x86_64",
		"timestamp":	{
			"time":	"Mon, 05 May 2025 10:09:32 GMT",
			"timesecs":	1746439772
		},
		"connecting_to":	{
			"host":	"192.168.120.130",
			"port":	5201
		},
		"cookie":	"qk3eplp2b5xkqnfkgnsud4qbgtrog3fiqh23",
		"tcp_mss_default":	1448,
		"sock_bufsize":	0,
		"sndbuf_actual":	65536,
		"rcvbuf_actual":	87380,
		"test_start":	{
			"protocol":	"TCP",
			"num_streams":	1,
			"blksize":	131072,
			"omit":	0,
			"duration":	60,
			"bytes":	0,
			"blocks":	0,
			"reverse":	0,
			"tos":	0
		}
	},
	"intervals":	[{
			"streams":	[{
					"socket":	5,
					"start":	0,
					"end":	1.000275,
					"seconds":	1.0002750158309937,
					"bytes":	1783936,
					"bits_per_second":	14267564.193976939,
					"retransmits":	0,
					"snd_cwnd":	65160,
					"rtt":	39866,
					"rttvar":	174,
					"pmtu":	1500,
					"omitted":	false,
					"sender":	true
				}],
			"sum":	{
				"start":	0,
				"end":	1.000275,
				"seconds":	1.0002750158309937,
				"bytes":	1783936,
				"bits_per_second":	14267564.193976939,
				"retransmits":	0,
				"omitted":	false,
				"sender":	true
			}
		}, {
			"streams":	[{
					"socket":	5,
					"start":	1.000275,
					"end":	2.000549,
					"seconds":	1.0002739429473877,
					"bytes":	1498680,
					"bits_per_second":	11986156.47696685,
					"retransmits":	0,
					"snd_cwnd":	62264,
					"rtt":	43756,
					"rttvar":	1338,
					"pmtu":	1500,
					"omitted":	false,
					"sender":	true
				}],
			"sum":	{
				"start":	1.000275,
				"end":	2.000549,
				"seconds":	1.0002739429473877,
				"bytes":	1498680,
				"bits_per_second":	11986156.47696685,
				"retransmits":	0,
				"omitted":	false,
				"sender":	true
			}
		}, {
			"streams":	[{
					"socket":	5,
					"start":	2.000549,
					"end":	3.000868,
					"seconds":	1.0003190040588379,
					"bytes":	781920,
					"bits_per_second":	6253365.1511353925,
					"retransmits":	0,
					"snd_cwnd":	59368,
					"rtt":	88103,
					"rttvar":	329,
					"pmtu":	1500,
					"omitted":	false,
					"sender":	true
				}],
			"sum":	{
				"start":	2.000549,
				"end":	3.000868,
				"seconds":	1.0003190040588379,
				"bytes":	781920,
				"bits_per_second":	6253365.1511353925,
				"retransmits":	0,
				"omitted":	false,
				"sender":	true
			}
		}, {
			"streams":	[{
					"socket":	5,
					"start":	3.000868,
					"end":	4.000294,
					"seconds":	0.999426007270813,
					"bytes":	1042560,
					"bits_per_second":	8345270.1243744921,
					"retransmits":	0,
					"snd_cwnd":	52128,
					"rtt":	84875,
					"rttvar":	795,
					"pmtu":	1500,
					"omitted":	false,
					"sender":	true
				}],
			"sum":	{
				"start":	3.000868,
				"end":	4.000294,
				"seconds":	0.999426007270813,
				"bytes":	1042560,
				"bits_per_second":	8345270.1243744921,
				"retransmits":	0,
				"omitted":	false,
				"sender":	true
			}
		}, {
			"streams":	[{
					"socket":	5,
					"start":	4.000294,
					"end":	5.000442,
					"seconds":	1.0001480579376221,
					"bytes":	521280,
					"bits_per_second":	4169622.6542691467,
					"retransmits":	0,
					"snd_cwnd":	49232,
					"rtt":	84265,
					"rttvar":	714,
					"pmtu":	1500,
					"omitted":	false,
					"sender":	true
				}],
			"sum":	{
				"start":	4.000294,
				"end":	5.000442,
				"seconds":	1.0001480579376221,
				"bytes":	521280,
				"bits_per_second":	4169622.6542691467,
				"retransmits":	0,
				"omitted":	false,
				"sender":	true
			}
		}, {
			"streams":	[{
					"socket":	5,
					"start":	5.000442,
					"end":	6.000224,
					"seconds":	0.9997820258140564,
					"bytes":	521280,
					"bits_per_second":	4171149.2028519409,
					"retransmits":	0,
					"snd_cwnd":	52128,
					"rtt":	87613,
					"rttvar":	238,
					"pmtu":	1500,
					"omitted":	false,
					"sender":	true
				}],
			"sum":	{
				"start":	5.000442,
				"end":	6.000224,
				"seconds":	0.9997820258140564,
				"bytes":	521280,
				"bits_per_second":	4171149.2028519409,
				"retransmits":	0,
				"omitted":	false,
				"sender":	true
			}
		}, {
			"streams":	[{
					"socket":	5,
					"start":	6.000224,
					"end":	7.000543,
					"seconds":	1.0003190040588379,
					"bytes":	521280,
					"bits_per_second":	4168910.1007569283,
					"retransmits":	0,
					"snd_cwnd":	53576,
					"rtt":	45094,
					"rttvar":	6353,
					"pmtu":	1500,
					"omitted":	false,
					"sender":	true
				}],
			"sum":	{
				"start":	6.000224,
				"end":	7.000543,
				"seconds":	1.0003190040588379,
				"bytes":	521280,
				"bits_per_second":	4168910.1007569283,
				"retransmits":	0,
				"omitted":	false,
				"sender":	true
			}
		}, {
			"streams":	[{
					"socket":	5,
					"start":	7.000543,
					"end":	8.00082,
					"seconds":	1.000277042388916,
					"bytes":	521280,
					"bits_per_second":	4169084.9867356811,
					"retransmits":	0,
					"snd_cwnd":	33304,
					"rtt":	72615,
					"rttvar":	806,
					"pmtu":	1500,
					"omitted":	false,
					"sender":	true
				}],
			"sum":	{
				"start":	7.000543,
				"end":	8.00082,
				"seconds":	1.000277042388916,
				"bytes":	521280,
				"bits_per_second":	4169084.9867356811,
				"retransmits":	0,
				"omitted":	false,
				"sender":	true
			}
		}, {
			"streams":	[{
					"socket":	5,
					"start":	8.00082,
					"end":	9.000614,
					"seconds":	0.99979400634765625,
					"bytes":	521280,
					"bits_per_second":	4171099.2199626081,
					"retransmits":	0,
					"snd_cwnd":	21720,
					"rtt":	103341,
					"rttvar":	1752,
					"pmtu":	1500,
					"omitted":	false,
					"sender":	true
				}],
			"sum":	{
				"start":	8.00082,
				"end":	9.000614,
				"seconds":	0.99979400634765625,
				"bytes":	521280,
				"bits_per_second":	4171099.2199626081,
				"retransmits":	0,
				"omitted":	false,
				"sender":	true
			}
		}, {
			"streams":	[{
					"socket":	5,
					"start":	9.000614,
					"end":	10.000426,
					"seconds":	0.99981200695037842,
					"bytes":	260640,
					"bits_per_second":	2085512.0617725153,
					"retransmits":	0,
					"snd_cwnd":	18824,
					"rtt":	107834,
					"rttvar":	4557,
					"pmtu":	1500,
					"omitted":	false,
					"sender":	true
				}],
			"sum":	{
				"start":	9.000614,
				"end":	10.000426,
				"seconds":	0.99981200695037842,
				"bytes":	260640,
				"bits_per_second":	2085512.0617725153,
				"retransmits":	0,
				"omitted":	false,
				"sender":	true
			}
		}, {
			"streams":	[{
					"socket":	5,
					"start":	10.000426,
					"end":	11.000203,
					"seconds":	0.99977701902389526,
					"bytes":	260640,
					"bits_per_second":	2085585.0457892595,
					"retransmits":	0,
					"snd_cwnd":	37648,
					"rtt":	98817,
					"rttvar":	301,
					"pmtu":	1500,
					"omitted":	false,
					"sender":	true
				}],
			"sum":	{
				"start":	10.000426,
				"end":	11.000203,
				"seconds":	0.99977701902389526,
				"bytes":	260640,
				"bits_per_second":	2085585.0457892595,
				"retransmits":	0,
				"omitted":	false,
				"sender":	true
			}
		}, {
			"streams":	[{
					"socket":	5,
					"start":	11.000203,
					"end":	12.00049,
					"seconds":	1.0002870559692383,
					"bytes":	260640,
					"bits_per_second":	2084521.6256243582,
					"retransmits":	0,
					"snd_cwnd":	33304,
					"rtt":	94104,
					"rttvar":	240,
					"pmtu":	1500,
					"omitted":	false,
					"sender":	true
				}],
			"sum":	{
				"start":	11.000203,
				"end":	12.00049,
				"seconds":	1.0002870559692383,
				"bytes":	260640,
				"bits_per_second":	2084521.6256243582,
				"retransmits":	0,
				"omitted":	false,
				"sender":	true
			}
		}, {
			"streams":	[{
					"socket":	5,
					"start":	12.00049,
					"end":	13.000283,
					"seconds":	0.999792993068695,
					"bytes":	521280,
					"bits_per_second":	4171103.4473247863,
					"retransmits":	0,
					"snd_cwnd":	28960,
					"rtt":	38949,
					"rttvar":	719,
					"pmtu":	1500,
					"omitted":	false,
					"sender":	true
				}],
			"sum":	{
				"start":	12.00049,
				"end":	13.000283,
				"seconds":	0.999792993068695,
				"bytes":	521280,
				"bits_per_second":	4171103.4473247863,
				"retransmits":	0,
				"omitted":	false,
				"sender":	true
			}
		}, {
			"streams":	[{
					"socket":	5,
					"start":	13.000283,
					"end":	14.000603,
					"seconds":	1.0003199577331543,
					"bytes":	781920,
					"bits_per_second":	6253359.18936917,
					"retransmits":	0,
					"snd_cwnd":	34752,
					"rtt":	38368,
					"rttvar":	230,
					"pmtu":	1500,
					"omitted":	false,
					"sender":	true
				}],
			"sum":	{
				"start":	13.000283,
				"end":	14.000603,
				"seconds":	1.0003199577331543,
				"bytes":	781920,
				"bits_per_second":	6253359.18936917,
				"retransmits":	0,
				"omitted":	false,
				"sender":	true
			}
		}, {
			"streams":	[{
					"socket":	5,
					"start":	14.000603,
					"end":	15.000399,
					"seconds":	0.999795973300934,
					"bytes":	1042560,
					"bits_per_second":	8342182.0278621539,
					"retransmits":	0,
					"snd_cwnd":	40544,
					"rtt":	34148,
					"rttvar":	687,
					"pmtu":	1500,
					"omitted":	false,
					"sender":	true
				}],
			"sum":	{
				"start":	14.000603,
				"end":	15.000399,
				"seconds":	0.999795973300934,
				"bytes":	1042560,
				"bits_per_second":	8342182.0278621539,
				"retransmits":	0,
				"omitted":	false,
				"sender":	true
			}
		}, {
			"streams":	[{
					"socket":	5,
					"start":	15.000399,
					"end":	16.000168,
					"seconds":	0.99976897239685059,
					"bytes":	1303200,
					"bits_per_second":	10428009.157961383,
					"retransmits":	0,
					"snd_cwnd":	41992,
					"rtt":	33811,
					"rttvar":	562,
					"pmtu":	1500,
					"omitted":	false,
					"sender":	true
				}],
			"sum":	{
				"start":	15.000399,
				"end":	16.000168,
				"seconds":	0.99976897239685059,
				"bytes":	1303200,
				"bits_per_second":	10428009.157961383,
				"retransmits":	0,
				"omitted":	false,
				"sender":	true
			}
		}, {
			"streams":	[{
					"socket":	5,
					"start":	16.000168,
					"end":	17.000479,
					"seconds":	1.000311017036438,
					"bytes":	1303200,
					"bits_per_second":	10422358.468956292,
					"retransmits":	0,
					"snd_cwnd":	52128,
					"rtt":	33125,
					"rttvar":	321,
					"pmtu":	1500,
					"omitted":	false,
					"sender":	true
				}],
			"sum":	{
				"start":	16.000168,
				"end":	17.000479,
				"seconds":	1.000311017036438,
				"bytes":	1303200,
				"bits_per_second":	10422358.468956292,
				"retransmits":	0,
				"omitted":	false,
				"sender":	true
			}
		}, {
			"streams":	[{
					"socket":	5,
					"start":	17.000479,
					"end":	18.000255,
					"seconds":	0.999776005744934,
					"bytes":	1303200,
					"bits_per_second":	10427935.797710884,
					"retransmits":	0,
					"snd_cwnd":	47784,
					"rtt":	33890,
					"rttvar":	207,
					"pmtu":	1500,
					"omitted":	false,
					"sender":	true
				}],
			"sum":	{
				"start":	17.000479,
				"end":	18.000255,
				"seconds":	0.999776005744934,
				"bytes":	1303200,
				"bits_per_second":	10427935.797710884,
				"retransmits":	0,
				"omitted":	false,
				"sender":	true
			}
		}, {
			"streams":	[{
					"socket":	5,
					"start":	18.000255,
					"end":	19.000565,
					"seconds":	1.000309944152832,
					"bytes":	1303200,
					"bits_per_second":	10422369.647469113,
					"retransmits":	0,
					"snd_cwnd":	47784,
					"rtt":	29918,
					"rttvar":	171,
					"pmtu":	1500,
					"omitted":	false,
					"sender":	true
				}],
			"sum":	{
				"start":	18.000255,
				"end":	19.000565,
				"seconds":	1.000309944152832,
				"bytes":	1303200,
				"bits_per_second":	10422369.647469113,
				"retransmits":	0,
				"omitted":	false,
				"sender":	true
			}
		}, {
			"streams":	[{
					"socket":	5,
					"start":	19.000565,
					"end":	20.000384,
					"seconds":	0.999818980693817,
					"bytes":	1563840,
					"bits_per_second":	12512985.091879608,
					"retransmits":	0,
					"snd_cwnd":	53576,
					"rtt":	34791,
					"rttvar":	503,
					"pmtu":	1500,
					"omitted":	false,
					"sender":	true
				}],
			"sum":	{
				"start":	19.000565,
				"end":	20.000384,
				"seconds":	0.999818980693817,
				"bytes":	1563840,
				"bits_per_second":	12512985.091879608,
				"retransmits":	0,
				"omitted":	false,
				"sender":	true
			}
		}, {
			"streams":	[{
					"socket":	5,
					"start":	20.000384,
					"end":	21.000144,
					"seconds":	0.9997599720954895,
					"bytes":	1824480,
					"bits_per_second":	14599344.250007557,
					"retransmits":	0,
					"snd_cwnd":	55024,
					"rtt":	32214,
					"rttvar":	283,
					"pmtu":	1500,
					"omitted":	false,
					"sender":	true
				}],
			"sum":	{
				"start":	20.000384,
				"end":	21.000144,
				"seconds":	0.9997599720954895,
				"bytes":	1824480,
				"bits_per_second":	14599344.250007557,
				"retransmits":	0,
				"omitted":	false,
				"sender":	true
			}
		}, {
			"streams":	[{
					"socket":	5,
					"start":	21.000144,
					"end":	22.000447,
					"seconds":	1.0003030300140381,
					"bytes":	1563840,
					"bits_per_second":	12506930.024819005,
					"retransmits":	0,
					"snd_cwnd":	50680,
					"rtt":	31508,
					"rttvar":	241,
					"pmtu":	1500,
					"omitted":	false,
					"sender":	true
				}],
			"sum":	{
				"start":	21.000144,
				"end":	22.000447,
				"seconds":	1.0003030300140381,
				"bytes":	1563840,
				"bits_per_second":	12506930.024819005,
				"retransmits":	0,
				"omitted":	false,
				"sender":	true
			}
		}, {
			"streams":	[{
					"socket":	5,
					"start":	22.000447,
					"end":	23.000224,
					"seconds":	0.99977701902389526,
					"bytes":	1563840,
					"bits_per_second":	12513510.274735557,
					"retransmits":	0,
					"snd_cwnd":	50680,
					"rtt":	28439,
					"rttvar":	1498,
					"pmtu":	1500,
					"omitted":	false,
					"sender":	true
				}],
			"sum":	{
				"start":	22.000447,
				"end":	23.000224,
				"seconds":	0.99977701902389526,
				"bytes":	1563840,
				"bits_per_second":	12513510.274735557,
				"retransmits":	0,
				"omitted":	false,
				"sender":	true
			}
		}, {
			"streams":	[{
					"socket":	5,
					"start":	23.000224,
					"end":	24.000526,
					"seconds":	1.0003019571304321,
					"bytes":	1563840,
					"bits_per_second":	12506943.439248608,
					"retransmits":	0,
					"snd_cwnd":	47784,
					"rtt":	27418,
					"rttvar":	534,
					"pmtu":	1500,
					"omitted":	false,
					"sender":	true
				}],
			"sum":	{
				"start":	23.000224,
				"end":	24.000526,
				"seconds":	1.0003019571304321,
				"bytes":	1563840,
				"bits_per_second":	12506943.439248608,
				"retransmits":	0,
				"omitted":	false,
				"sender":	true
			}
		}, {
			"streams":	[{
					"socket":	5,
					"start":	24.000526,
					"end":	25.00035,
					"seconds":	0.99982398748397827,
					"bytes":	1563840,
					"bits_per_second":	12512922.430959858,
					"retransmits":	0,
					"snd_cwnd":	50680,
					"rtt":	31207,
					"rttvar":	361,
					"pmtu":	1500,
					"omitted":	false,
					"sender":	true
				}],
			"sum":	{
				"start":	24.000526,
				"end":	25.00035,
				"seconds":	0.99982398748397827,
				"bytes":	1563840,
				"bits_per_second":	12512922.430959858,
				"retransmits":	0,
				"omitted":	false,
				"sender":	true
			}
		}, {
			"streams":	[{
					"socket":	5,
					"start":	25.00035,
					"end":	26.000641,
					"seconds":	1.0002909898757935,
					"bytes":	1303200,
					"bits_per_second":	10422567.138482925,
					"retransmits":	0,
					"snd_cwnd":	52128,
					"rtt":	33033,
					"rttvar":	1721,
					"pmtu":	1500,
					"omitted":	false,
					"sender":	true
				}],
			"sum":	{
				"start":	25.00035,
				"end":	26.000641,
				"seconds":	1.0002909898757935,
				"bytes":	1303200,
				"bits_per_second":	10422567.138482925,
				"retransmits":	0,
				"omitted":	false,
				"sender":	true
			}
		}, {
			"streams":	[{
					"socket":	5,
					"start":	26.000641,
					"end":	27.000461,
					"seconds":	0.99981999397277832,
					"bytes":	1563840,
					"bits_per_second":	12512972.41045234,
					"retransmits":	0,
					"snd_cwnd":	44888,
					"rtt":	25605,
					"rttvar":	292,
					"pmtu":	1500,
					"omitted":	false,
					"sender":	true
				}],
			"sum":	{
				"start":	26.000641,
				"end":	27.000461,
				"seconds":	0.99981999397277832,
				"bytes":	1563840,
				"bits_per_second":	12512972.41045234,
				"retransmits":	0,
				"omitted":	false,
				"sender":	true
			}
		}, {
			"streams":	[{
					"socket":	5,
					"start":	27.000461,
					"end":	28.000178,
					"seconds":	0.99971699714660645,
					"bytes":	1303200,
					"bits_per_second":	10428551.309777427,
					"retransmits":	0,
					"snd_cwnd":	10136,
					"rtt":	14266,
					"rttvar":	2414,
					"pmtu":	1500,
					"omitted":	false,
					"sender":	true
				}],
			"sum":	{
				"start":	27.000461,
				"end":	28.000178,
				"seconds":	0.99971699714660645,
				"bytes":	1303200,
				"bits_per_second":	10428551.309777427,
				"retransmits":	0,
				"omitted":	false,
				"sender":	true
			}
		}, {
			"streams":	[{
					"socket":	5,
					"start":	28.000178,
					"end":	29.00048,
					"seconds":	1.0003019571304321,
					"bytes":	1303200,
					"bits_per_second":	10422452.866040505,
					"retransmits":	0,
					"snd_cwnd":	43440,
					"rtt":	28530,
					"rttvar":	197,
					"pmtu":	1500,
					"omitted":	false,
					"sender":	true
				}],
			"sum":	{
				"start":	28.000178,
				"end":	29.00048,
				"seconds":	1.0003019571304321,
				"bytes":	1303200,
				"bits_per_second":	10422452.866040505,
				"retransmits":	0,
				"omitted":	false,
				"sender":	true
			}
		}, {
			"streams":	[{
					"socket":	5,
					"start":	29.00048,
					"end":	30.000287,
					"seconds":	0.99980700016021729,
					"bytes":	1303200,
					"bits_per_second":	10427612.527547132,
					"retransmits":	0,
					"snd_cwnd":	43440,
					"rtt":	30410,
					"rttvar":	1151,
					"pmtu":	1500,
					"omitted":	false,
					"sender":	true
				}],
			"sum":	{
				"start":	29.00048,
				"end":	30.000287,
				"seconds":	0.99980700016021729,
				"bytes":	1303200,
				"bits_per_second":	10427612.527547132,
				"retransmits":	0,
				"omitted":	false,
				"sender":	true
			}
		}, {
			"streams":	[{
					"socket":	5,
					"start":	30.000287,
					"end":	31.000578,
					"seconds":	1.0002909898757935,
					"bytes":	1303200,
					"bits_per_second":	10422567.138482925,
					"retransmits":	0,
					"snd_cwnd":	43440,
					"rtt":	22652,
					"rttvar":	562,
					"pmtu":	1500,
					"omitted":	false,
					"sender":	true
				}],
			"sum":	{
				"start":	30.000287,
				"end":	31.000578,
				"seconds":	1.0002909898757935,
				"bytes":	1303200,
				"bits_per_second":	10422567.138482925,
				"retransmits":	0,
				"omitted":	false,
				"sender":	true
			}
		}, {
			"streams":	[{
					"socket":	5,
					"start":	31.000578,
					"end":	32.000356,
					"seconds":	0.99977797269821167,
					"bytes":	1563840,
					"bits_per_second":	12513498.338271979,
					"retransmits":	0,
					"snd_cwnd":	43440,
					"rtt":	34432,
					"rttvar":	208,
					"pmtu":	1500,
					"omitted":	false,
					"sender":	true
				}],
			"sum":	{
				"start":	31.000578,
				"end":	32.000356,
				"seconds":	0.99977797269821167,
				"bytes":	1563840,
				"bits_per_second":	12513498.338271979,
				"retransmits":	0,
				"omitted":	false,
				"sender":	true
			}
		}, {
			"streams":	[{
					"socket":	5,
					"start":	32.000356,
					"end":	33.000156,
					"seconds":	0.99980002641677856,
					"bytes":	1303200,
					"bits_per_second":	10427685.261586465,
					"retransmits":	0,
					"snd_cwnd":	49232,
					"rtt":	33310,
					"rttvar":	825,
					"pmtu":	1500,
					"omitted":	false,
					"sender":	true
				}],
			"sum":	{
				"start":	32.000356,
				"end":	33.000156,
				"seconds":	0.99980002641677856,
				"bytes":	1303200,
				"bits_per_second":	10427685.261586465,
				"retransmits":	0,
				"omitted":	false,
				"sender":	true
			}
		}, {
			"streams":	[{
					"socket":	5,
					"start":	33.000156,
					"end":	34.000554,
					"seconds":	1.00039803981781,
					"bytes":	1303200,
					"bits_per_second":	10421451.847205423,
					"retransmits":	0,
					"snd_cwnd":	50680,
					"rtt":	30606,
					"rttvar":	347,
					"pmtu":	1500,
					"omitted":	false,
					"sender":	true
				}],
			"sum":	{
				"start":	33.000156,
				"end":	34.000554,
				"seconds":	1.00039803981781,
				"bytes":	1303200,
				"bits_per_second":	10421451.847205423,
				"retransmits":	0,
				"omitted":	false,
				"sender":	true
			}
		}, {
			"streams":	[{
					"socket":	5,
					"start":	34.000554,
					"end":	35.00035,
					"seconds":	0.999795973300934,
					"bytes":	1563840,
					"bits_per_second":	12513273.041793231,
					"retransmits":	0,
					"snd_cwnd":	50680,
					"rtt":	30873,
					"rttvar":	887,
					"pmtu":	1500,
					"omitted":	false,
					"sender":	true
				}],
			"sum":	{
				"start":	34.000554,
				"end":	35.00035,
				"seconds":	0.999795973300934,
				"bytes":	1563840,
				"bits_per_second":	12513273.041793231,
				"retransmits":	0,
				"omitted":	false,
				"sender":	true
			}
		}, {
			"streams":	[{
					"socket":	5,
					"start":	35.00035,
					"end":	36.000128,
					"seconds":	0.99977797269821167,
					"bytes":	1563840,
					"bits_per_second":	12513498.338271979,
					"retransmits":	0,
					"snd_cwnd":	46336,
					"rtt":	32005,
					"rttvar":	590,
					"pmtu":	1500,
					"omitted":	false,
					"sender":	true
				}],
			"sum":	{
				"start":	35.00035,
				"end":	36.000128,
				"seconds":	0.99977797269821167,
				"bytes":	1563840,
				"bits_per_second":	12513498.338271979,
				"retransmits":	0,
				"omitted":	false,
				"sender":	true
			}
		}, {
			"streams":	[{
					"socket":	5,
					"start":	36.000128,
					"end":	37.000429,
					"seconds":	1.0003010034561157,
					"bytes":	1563840,
					"bits_per_second":	12506955.363210188,
					"retransmits":	0,
					"snd_cwnd":	47784,
					"rtt":	30875,
					"rttvar":	1199,
					"pmtu":	1500,
					"omitted":	false,
					"sender":	true
				}],
			"sum":	{
				"start":	36.000128,
				"end":	37.000429,
				"seconds":	1.0003010034561157,
				"bytes":	1563840,
				"bits_per_second":	12506955.363210188,
				"retransmits":	0,
				"omitted":	false,
				"sender":	true
			}
		}, {
			"streams":	[{
					"socket":	5,
					"start":	37.000429,
					"end":	38.000222,
					"seconds":	0.999792993068695,
					"bytes":	1303200,
					"bits_per_second":	10427758.618311966,
					"retransmits":	0,
					"snd_cwnd":	46336,
					"rtt":	36289,
					"rttvar":	743,
					"pmtu":	1500,
					"omitted":	false,
					"sender":	true
				}],
			"sum":	{
				"start":	37.000429,
				"end":	38.000222,
				"seconds":	0.999792993068695,
				"bytes":	1303200,
				"bits_per_second":	10427758.618311966,
				"retransmits":	0,
				"omitted":	false,
				"sender":	true
			}
		}, {
			"streams":	[{
					"socket":	5,
					"start":	38.000222,
					"end":	39.000543,
					"seconds":	1.00032103061676,
					"bytes":	1303200,
					"bits_per_second":	10422254.137326263,
					"retransmits":	0,
					"snd_cwnd":	49232,
					"rtt":	35882,
					"rttvar":	560,
					"pmtu":	1500,
					"omitted":	false,
					"sender":	true
				}],
			"sum":	{
				"start":	38.000222,
				"end":	39.000543,
				"seconds":	1.00032103061676,
				"bytes":	1303200,
				"bits_per_second":	10422254.137326263,
				"retransmits":	0,
				"omitted":	false,
				"sender":	true
			}
		}, {
			"streams":	[{
					"socket":	5,
					"start":	39.000543,
					"end":	40.00032,
					"seconds":	0.99977701902389526,
					"bytes":	1563840,
					"bits_per_second":	12513510.274735557,
					"retransmits":	0,
					"snd_cwnd":	49232,
					"rtt":	32331,
					"rttvar":	697,
					"pmtu":	1500,
					"omitted":	false,
					"sender":	true
				}],
			"sum":	{
				"start":	39.000543,
				"end":	40.00032,
				"seconds":	0.99977701902389526,
				"bytes":	1563840,
				"bits_per_second":	12513510.274735557,
				"retransmits":	0,
				"omitted":	false,
				"sender":	true
			}
		}, {
			"streams":	[{
					"socket":	5,
					"start":	40.00032,
					"end":	41.000103,
					"seconds":	0.9997829794883728,
					"bytes":	1563840,
					"bits_per_second":	12513435.6722118,
					"retransmits":	0,
					"snd_cwnd":	49232,
					"rtt":	32659,
					"rttvar":	149,
					"pmtu":	1500,
					"omitted":	false,
					"sender":	true
				}],
			"sum":	{
				"start":	40.00032,
				"end":	41.000103,
				"seconds":	0.9997829794883728,
				"bytes":	1563840,
				"bits_per_second":	12513435.6722118,
				"retransmits":	0,
				"omitted":	false,
				"sender":	true
			}
		}, {
			"streams":	[{
					"socket":	5,
					"start":	41.000103,
					"end":	42.000423,
					"seconds":	1.0003199577331543,
					"bytes":	1303200,
					"bits_per_second":	10422265.315615283,
					"retransmits":	0,
					"snd_cwnd":	50680,
					"rtt":	34713,
					"rttvar":	286,
					"pmtu":	1500,
					"omitted":	false,
					"sender":	true
				}],
			"sum":	{
				"start":	41.000103,
				"end":	42.000423,
				"seconds":	1.0003199577331543,
				"bytes":	1303200,
				"bits_per_second":	10422265.315615283,
				"retransmits":	0,
				"omitted":	false,
				"sender":	true
			}
		}, {
			"streams":	[{
					"socket":	5,
					"start":	42.000423,
					"end":	43.000192,
					"seconds":	0.99976897239685059,
					"bytes":	1563840,
					"bits_per_second":	12513610.98955366,
					"retransmits":	0,
					"snd_cwnd":	50680,
					"rtt":	31626,
					"rttvar":	403,
					"pmtu":	1500,
					"omitted":	false,
					"sender":	true
				}],
			"sum":	{
				"start":	42.000423,
				"end":	43.000192,
				"seconds":	0.99976897239685059,
				"bytes":	1563840,
				"bits_per_second":	12513610.98955366,
				"retransmits":	0,
				"omitted":	false,
				"sender":	true
			}
		}, {
			"streams":	[{
					"socket":	5,
					"start":	43.000192,
					"end":	44.000568,
					"seconds":	1.0003759860992432,
					"bytes":	1563840,
					"bits_per_second":	12506017.911108537,
					"retransmits":	0,
					"snd_cwnd":	52128,
					"rtt":	30324,
					"rttvar":	504,
					"pmtu":	1500,
					"omitted":	false,
					"sender":	true
				}],
			"sum":	{
				"start":	43.000192,
				"end":	44.000568,
				"seconds":	1.0003759860992432,
				"bytes":	1563840,
				"bits_per_second":	12506017.911108537,
				"retransmits":	0,
				"omitted":	false,
				"sender":	true
			}
		}, {
			"streams":	[{
					"socket":	5,
					"start":	44.000568,
					"end":	45.000357,
					"seconds":	0.999788999557495,
					"bytes":	1563840,
					"bits_per_second":	12513360.324565707,
					"retransmits":	0,
					"snd_cwnd":	50680,
					"rtt":	30514,
					"rttvar":	307,
					"pmtu":	1500,
					"omitted":	false,
					"sender":	true
				}],
			"sum":	{
				"start":	44.000568,
				"end":	45.000357,
				"seconds":	0.999788999557495,
				"bytes":	1563840,
				"bits_per_second":	12513360.324565707,
				"retransmits":	0,
				"omitted":	false,
				"sender":	true
			}
		}, {
			"streams":	[{
					"socket":	5,
					"start":	45.000357,
					"end":	46.000159,
					"seconds":	0.999801993370056,
					"bytes":	1563840,
					"bits_per_second":	12513197.696105627,
					"retransmits":	0,
					"snd_cwnd":	50680,
					"rtt":	35792,
					"rttvar":	573,
					"pmtu":	1500,
					"omitted":	false,
					"sender":	true
				}],
			"sum":	{
				"start":	45.000357,
				"end":	46.000159,
				"seconds":	0.999801993370056,
				"bytes":	1563840,
				"bits_per_second":	12513197.696105627,
				"retransmits":	0,
				"omitted":	false,
				"sender":	true
			}
		}, {
			"streams":	[{
					"socket":	5,
					"start":	46.000159,
					"end":	47.000459,
					"seconds":	1.0003000497817993,
					"bytes":	1563840,
					"bits_per_second":	12506967.287194505,
					"retransmits":	0,
					"snd_cwnd":	52128,
					"rtt":	30324,
					"rttvar":	133,
					"pmtu":	1500,
					"omitted":	false,
					"sender":	true
				}],
			"sum":	{
				"start":	46.000159,
				"end":	47.000459,
				"seconds":	1.0003000497817993,
				"bytes":	1563840,
				"bits_per_second":	12506967.287194505,
				"retransmits":	0,
				"omitted":	false,
				"sender":	true
			}
		}, {
			"streams":	[{
					"socket":	5,
					"start":	47.000459,
					"end":	48.000248,
					"seconds":	0.999788999557495,
					"bytes":	1563840,
					"bits_per_second":	12513360.324565707,
					"retransmits":	0,
					"snd_cwnd":	59368,
					"rtt":	33117,
					"rttvar":	873,
					"pmtu":	1500,
					"omitted":	false,
					"sender":	true
				}],
			"sum":	{
				"start":	47.000459,
				"end":	48.000248,
				"seconds":	0.999788999557495,
				"bytes":	1563840,
				"bits_per_second":	12513360.324565707,
				"retransmits":	0,
				"omitted":	false,
				"sender":	true
			}
		}, {
			"streams":	[{
					"socket":	5,
					"start":	48.000248,
					"end":	49.00027,
					"seconds":	1.0000220537185669,
					"bytes":	1563840,
					"bits_per_second":	12510444.098186711,
					"retransmits":	0,
					"snd_cwnd":	11584,
					"rtt":	12857,
					"rttvar":	170,
					"pmtu":	1500,
					"omitted":	false,
					"sender":	true
				}],
			"sum":	{
				"start":	48.000248,
				"end":	49.00027,
				"seconds":	1.0000220537185669,
				"bytes":	1563840,
				"bits_per_second":	12510444.098186711,
				"retransmits":	0,
				"omitted":	false,
				"sender":	true
			}
		}, {
			"streams":	[{
					"socket":	5,
					"start":	49.00027,
					"end":	50.000584,
					"seconds":	1.0003139972686768,
					"bytes":	1563840,
					"bits_per_second":	12506792.90118912,
					"retransmits":	0,
					"snd_cwnd":	47784,
					"rtt":	30842,
					"rttvar":	882,
					"pmtu":	1500,
					"omitted":	false,
					"sender":	true
				}],
			"sum":	{
				"start":	49.00027,
				"end":	50.000584,
				"seconds":	1.0003139972686768,
				"bytes":	1563840,
				"bits_per_second":	12506792.90118912,
				"retransmits":	0,
				"omitted":	false,
				"sender":	true
			}
		}, {
			"streams":	[{
					"socket":	5,
					"start":	50.000584,
					"end":	51.000369,
					"seconds":	0.999785006046295,
					"bytes":	1303200,
					"bits_per_second":	10427841.922963627,
					"retransmits":	0,
					"snd_cwnd":	46336,
					"rtt":	21868,
					"rttvar":	501,
					"pmtu":	1500,
					"omitted":	false,
					"sender":	true
				}],
			"sum":	{
				"start":	50.000584,
				"end":	51.000369,
				"seconds":	0.999785006046295,
				"bytes":	1303200,
				"bits_per_second":	10427841.922963627,
				"retransmits":	0,
				"omitted":	false,
				"sender":	true
			}
		}, {
			"streams":	[{
					"socket":	5,
					"start":	51.000369,
					"end":	52.0002,
					"seconds":	0.99983102083206177,
					"bytes":	1563840,
					"bits_per_second":	12512834.408346871,
					"retransmits":	0,
					"snd_cwnd":	50680,
					"rtt":	33905,
					"rttvar":	402,
					"pmtu":	1500,
					"omitted":	false,
					"sender":	true
				}],
			"sum":	{
				"start":	51.000369,
				"end":	52.0002,
				"seconds":	0.99983102083206177,
				"bytes":	1563840,
				"bits_per_second":	12512834.408346871,
				"retransmits":	0,
				"omitted":	false,
				"sender":	true
			}
		}, {
			"streams":	[{
					"socket":	5,
					"start":	52.0002,
					"end":	53.000537,
					"seconds":	1.00033700466156,
					"bytes":	1563840,
					"bits_per_second":	12506505.249431117,
					"retransmits":	0,
					"snd_cwnd":	55024,
					"rtt":	34766,
					"rttvar":	594,
					"pmtu":	1500,
					"omitted":	false,
					"sender":	true
				}],
			"sum":	{
				"start":	52.0002,
				"end":	53.000537,
				"seconds":	1.00033700466156,
				"bytes":	1563840,
				"bits_per_second":	12506505.249431117,
				"retransmits":	0,
				"omitted":	false,
				"sender":	true
			}
		}, {
			"streams":	[{
					"socket":	5,
					"start":	53.000537,
					"end":	54.000285,
					"seconds":	0.99974799156188965,
					"bytes":	1303200,
					"bits_per_second":	10428228.001450904,
					"retransmits":	0,
					"snd_cwnd":	47784,
					"rtt":	32762,
					"rttvar":	556,
					"pmtu":	1500,
					"omitted":	false,
					"sender":	true
				}],
			"sum":	{
				"start":	53.000537,
				"end":	54.000285,
				"seconds":	0.99974799156188965,
				"bytes":	1303200,
				"bits_per_second":	10428228.001450904,
				"retransmits":	0,
				"omitted":	false,
				"sender":	true
			}
		}, {
			"streams":	[{
					"socket":	5,
					"start":	54.000285,
					"end":	55.000287,
					"seconds":	1.0000020265579224,
					"bytes":	1303200,
					"bits_per_second":	10425578.871960541,
					"retransmits":	0,
					"snd_cwnd":	46336,
					"rtt":	28912,
					"rttvar":	197,
					"pmtu":	1500,
					"omitted":	false,
					"sender":	true
				}],
			"sum":	{
				"start":	54.000285,
				"end":	55.000287,
				"seconds":	1.0000020265579224,
				"bytes":	1303200,
				"bits_per_second":	10425578.871960541,
				"retransmits":	0,
				"omitted":	false,
				"sender":	true
			}
		}, {
			"streams":	[{
					"socket":	5,
					"start":	55.000287,
					"end":	56.000607,
					"seconds":	1.0003199577331543,
					"bytes":	1563840,
					"bits_per_second":	12506718.37873834,
					"retransmits":	0,
					"snd_cwnd":	52128,
					"rtt":	37137,
					"rttvar":	1371,
					"pmtu":	1500,
					"omitted":	false,
					"sender":	true
				}],
			"sum":	{
				"start":	55.000287,
				"end":	56.000607,
				"seconds":	1.0003199577331543,
				"bytes":	1563840,
				"bits_per_second":	12506718.37873834,
				"retransmits":	0,
				"omitted":	false,
				"sender":	true
			}
		}, {
			"streams":	[{
					"socket":	5,
					"start":	56.000607,
					"end":	57.000388,
					"seconds":	0.99978101253509521,
					"bytes":	1563840,
					"bits_per_second":	12513460.2909463,
					"retransmits":	0,
					"snd_cwnd":	47784,
					"rtt":	27410,
					"rttvar":	138,
					"pmtu":	1500,
					"omitted":	false,
					"sender":	true
				}],
			"sum":	{
				"start":	56.000607,
				"end":	57.000388,
				"seconds":	0.99978101253509521,
				"bytes":	1563840,
				"bits_per_second":	12513460.2909463,
				"retransmits":	0,
				"omitted":	false,
				"sender":	true
			}
		}, {
			"streams":	[{
					"socket":	5,
					"start":	57.000388,
					"end":	58.000171,
					"seconds":	0.9997829794883728,
					"bytes":	1563840,
					"bits_per_second":	12513435.6722118,
					"retransmits":	0,
					"snd_cwnd":	50680,
					"rtt":	28248,
					"rttvar":	188,
					"pmtu":	1500,
					"omitted":	false,
					"sender":	true
				}],
			"sum":	{
				"start":	57.000388,
				"end":	58.000171,
				"seconds":	0.9997829794883728,
				"bytes":	1563840,
				"bits_per_second":	12513435.6722118,
				"retransmits":	0,
				"omitted":	false,
				"sender":	true
			}
		}, {
			"streams":	[{
					"socket":	5,
					"start":	58.000171,
					"end":	59.000475,
					"seconds":	1.0003039836883545,
					"bytes":	1824480,
					"bits_per_second":	14591404.451056696,
					"retransmits":	0,
					"snd_cwnd":	60816,
					"rtt":	18911,
					"rttvar":	1742,
					"pmtu":	1500,
					"omitted":	false,
					"sender":	true
				}],
			"sum":	{
				"start":	58.000171,
				"end":	59.000475,
				"seconds":	1.0003039836883545,
				"bytes":	1824480,
				"bits_per_second":	14591404.451056696,
				"retransmits":	0,
				"omitted":	false,
				"sender":	true
			}
		}, {
			"streams":	[{
					"socket":	5,
					"start":	59.000475,
					"end":	60.000266,
					"seconds":	0.99979102611541748,
					"bytes":	2085120,
					"bits_per_second":	16684446.613620957,
					"retransmits":	0,
					"snd_cwnd":	60816,
					"rtt":	29616,
					"rttvar":	169,
					"pmtu":	1500,
					"omitted":	false,
					"sender":	true
				}],
			"sum":	{
				"start":	59.000475,
				"end":	60.000266,
				"seconds":	0.99979102611541748,
				"bytes":	2085120,
				"bits_per_second":	16684446.613620957,
				"retransmits":	0,
				"omitted":	false,
				"sender":	true
			}
		}],
	"end":	{
		"streams":	[{
				"sender":	{
					"socket":	5,
					"start":	0,
					"end":	60.000266,
					"seconds":	60.000266,
					"bytes":	77825656,
					"bits_per_second":	10376708.129927291,
					"retransmits":	0,
					"max_snd_cwnd":	65160,
					"max_rtt":	107834,
					"min_rtt":	12857,
					"mean_rtt":	40424,
					"sender":	true
				},
				"receiver":	{
					"socket":	5,
					"start":	0,
					"end":	60.029716,
					"seconds":	60.000266,
					"bytes":	77332480,
					"bits_per_second":	10305893.167977007,
					"sender":	true
				}
			}],
		"sum_sent":	{
			"start":	0,
			"end":	60.000266,
			"seconds":	60.000266,
			"bytes":	77825656,
			"bits_per_second":	10376708.129927291,
			"retransmits":	0,
			"sender":	true
		},
		"sum_received":	{
			"start":	0,
			"end":	60.029716,
			"seconds":	60.029716,
			"bytes":	77332480,
			"bits_per_second":	10305893.167977007,
			"sender":	true
		},
		"cpu_utilization_percent":	{
			"host_total":	0.061313444517351663,
			"host_user":	0,
			"host_system":	0.061315107209740136,
			"remote_total":	1.5382017699184627,
			"remote_user":	0,
			"remote_system":	1.5382017699184627
		},
		"sender_tcp_congestion":	"bbr",
		"receiver_tcp_congestion":	"cubic"
	}
}
