{
	"start":	{
		"connected":	[{
				"socket":	4,
				"local_host":	"192.168.179.150",
				"local_port":	45170,
				"remote_host":	"192.168.120.130",
				"remote_port":	5201
			}],
		"version":	"iperf 3.1.3",
		"system_info":	"Linux a 4.15.0-213-generic #224-Ubuntu SMP Mon Jun 19 13:30:12 UTC 2023 x86_64",
		"timestamp":	{
			"time":	"Mon, 05 May 2025 11:08:54 GMT",
			"timesecs":	1746443334
		},
		"connecting_to":	{
			"host":	"192.168.120.130",
			"port":	5201
		},
		"cookie":	"a.1746443334.468463.7a99fb1d2c6ca60a",
		"tcp_mss_default":	1448,
		"test_start":	{
			"protocol":	"TCP",
			"num_streams":	1,
			"blksize":	131072,
			"omit":	0,
			"duration":	60,
			"bytes":	0,
			"blocks":	0,
			"reverse":	0
		}
	},
	"intervals":	[{
			"streams":	[{
					"socket":	4,
					"start":	0,
					"end":	1.000191,
					"seconds":	1.000191,
					"bytes":	605264,
					"bits_per_second":	4841186.308534,
					"retransmits":	0,
					"snd_cwnd":	14480,
					"rtt":	12885,
					"omitted":	false
				}],
			"sum":	{
				"start":	0,
				"end":	1.000191,
				"seconds":	1.000191,
				"bytes":	605264,
				"bits_per_second":	4841186.308534,
				"retransmits":	0,
				"omitted":	false
			}
		}, {
			"streams":	[{
					"socket":	4,
					"start":	1.000191,
					"end":	2.000506,
					"seconds":	1.000315,
					"bytes":	2222680,
					"bits_per_second":	17775841.481963,
					"retransmits":	0,
					"snd_cwnd":	301184,
					"rtt":	177784,
					"omitted":	false
				}],
			"sum":	{
				"start":	1.000191,
				"end":	2.000506,
				"seconds":	1.000315,
				"bytes":	2222680,
				"bits_per_second":	17775841.481963,
				"retransmits":	0,
				"omitted":	false
			}
		}, {
			"streams":	[{
					"socket":	4,
					"start":	2.000506,
					"end":	3.000813,
					"seconds":	1.000307,
					"bytes":	2736720,
					"bits_per_second":	21887044.076279,
					"retransmits":	0,
					"snd_cwnd":	958576,
					"rtt":	508895,
					"omitted":	false
				}],
			"sum":	{
				"start":	2.000506,
				"end":	3.000813,
				"seconds":	1.000307,
				"bytes":	2736720,
				"bits_per_second":	21887044.076279,
				"retransmits":	0,
				"omitted":	false
			}
		}, {
			"streams":	[{
					"socket":	4,
					"start":	3.000813,
					"end":	4.001351,
					"seconds":	1.000538,
					"bytes":	521280,
					"bits_per_second":	4167997.155995,
					"retransmits":	0,
					"snd_cwnd":	1416144,
					"rtt":	752795,
					"omitted":	false
				}],
			"sum":	{
				"start":	3.000813,
				"end":	4.001351,
				"seconds":	1.000538,
				"bytes":	521280,
				"bits_per_second":	4167997.155995,
				"retransmits":	0,
				"omitted":	false
			}
		}, {
			"streams":	[{
					"socket":	4,
					"start":	4.001351,
					"end":	5.001184,
					"seconds":	0.999833,
					"bytes":	781920,
					"bits_per_second":	6256405.641984,
					"retransmits":	0,
					"snd_cwnd":	1543568,
					"rtt":	781226,
					"omitted":	false
				}],
			"sum":	{
				"start":	4.001351,
				"end":	5.001184,
				"seconds":	0.999833,
				"bytes":	781920,
				"bits_per_second":	6256405.641984,
				"retransmits":	0,
				"omitted":	false
			}
		}, {
			"streams":	[{
					"socket":	4,
					"start":	5.001184,
					"end":	6.000766,
					"seconds":	0.999582,
					"bytes":	781920,
					"bits_per_second":	6257975.506903,
					"retransmits":	0,
					"snd_cwnd":	1812896,
					"rtt":	873617,
					"omitted":	false
				}],
			"sum":	{
				"start":	5.001184,
				"end":	6.000766,
				"seconds":	0.999582,
				"bytes":	781920,
				"bits_per_second":	6257975.506903,
				"retransmits":	0,
				"omitted":	false
			}
		}, {
			"streams":	[{
					"socket":	4,
					"start":	6.000766,
					"end":	7.000565,
					"seconds":	0.999799,
					"bytes":	977400,
					"bits_per_second":	7820771.872398,
					"retransmits":	0,
					"snd_cwnd":	1801312,
					"rtt":	867023,
					"omitted":	false
				}],
			"sum":	{
				"start":	6.000766,
				"end":	7.000565,
				"seconds":	0.999799,
				"bytes":	977400,
				"bits_per_second":	7820771.872398,
				"retransmits":	0,
				"omitted":	false
			}
		}, {
			"streams":	[{
					"socket":	4,
					"start":	7.000565,
					"end":	8.001478,
					"seconds":	1.000913,
					"bytes":	977400,
					"bits_per_second":	7812066.464958,
					"retransmits":	0,
					"snd_cwnd":	1873712,
					"rtt":	858897,
					"omitted":	false
				}],
			"sum":	{
				"start":	7.000565,
				"end":	8.001478,
				"seconds":	1.000913,
				"bytes":	977400,
				"bits_per_second":	7812066.464958,
				"retransmits":	0,
				"omitted":	false
			}
		}, {
			"streams":	[{
					"socket":	4,
					"start":	8.001478,
					"end":	9.001279,
					"seconds":	0.999801,
					"bytes":	977400,
					"bits_per_second":	7820756.952490,
					"retransmits":	0,
					"snd_cwnd":	1859232,
					"rtt":	853294,
					"omitted":	false
				}],
			"sum":	{
				"start":	8.001478,
				"end":	9.001279,
				"seconds":	0.999801,
				"bytes":	977400,
				"bits_per_second":	7820756.952490,
				"retransmits":	0,
				"omitted":	false
			}
		}, {
			"streams":	[{
					"socket":	4,
					"start":	9.001279,
					"end":	10.001388,
					"seconds":	1.000109,
					"bytes":	977400,
					"bits_per_second":	7818348.133970,
					"retransmits":	0,
					"snd_cwnd":	1943216,
					"rtt":	848516,
					"omitted":	false
				}],
			"sum":	{
				"start":	9.001279,
				"end":	10.001388,
				"seconds":	1.000109,
				"bytes":	977400,
				"bits_per_second":	7818348.133970,
				"retransmits":	0,
				"omitted":	false
			}
		}, {
			"streams":	[{
					"socket":	4,
					"start":	10.001388,
					"end":	11.000221,
					"seconds":	0.998833,
					"bytes":	977400,
					"bits_per_second":	7828336.129702,
					"retransmits":	0,
					"snd_cwnd":	1946112,
					"rtt":	849568,
					"omitted":	false
				}],
			"sum":	{
				"start":	10.001388,
				"end":	11.000221,
				"seconds":	0.998833,
				"bytes":	977400,
				"bits_per_second":	7828336.129702,
				"retransmits":	0,
				"omitted":	false
			}
		}, {
			"streams":	[{
					"socket":	4,
					"start":	11.000221,
					"end":	12.001251,
					"seconds":	1.001030,
					"bytes":	912240,
					"bits_per_second":	7290411.107944,
					"retransmits":	0,
					"snd_cwnd":	2038784,
					"rtt":	847925,
					"omitted":	false
				}],
			"sum":	{
				"start":	11.000221,
				"end":	12.001251,
				"seconds":	1.001030,
				"bytes":	912240,
				"bits_per_second":	7290411.107944,
				"retransmits":	0,
				"omitted":	false
			}
		}, {
			"streams":	[{
					"socket":	4,
					"start":	12.001251,
					"end":	13.001037,
					"seconds":	0.999786,
					"bytes":	1042560,
					"bits_per_second":	8342264.088823,
					"retransmits":	0,
					"snd_cwnd":	2111184,
					"rtt":	878199,
					"omitted":	false
				}],
			"sum":	{
				"start":	12.001251,
				"end":	13.001037,
				"seconds":	0.999786,
				"bytes":	1042560,
				"bits_per_second":	8342264.088823,
				"retransmits":	0,
				"omitted":	false
			}
		}, {
			"streams":	[{
					"socket":	4,
					"start":	13.001037,
					"end":	14.000484,
					"seconds":	0.999447,
					"bytes":	195480,
					"bits_per_second":	1564705.487273,
					"retransmits":	10,
					"snd_cwnd":	2221232,
					"rtt":	879869,
					"omitted":	false
				}],
			"sum":	{
				"start":	13.001037,
				"end":	14.000484,
				"seconds":	0.999447,
				"bytes":	195480,
				"bits_per_second":	1564705.487273,
				"retransmits":	10,
				"omitted":	false
			}
		}, {
			"streams":	[{
					"socket":	4,
					"start":	14.000484,
					"end":	15.000357,
					"seconds":	0.999873,
					"bytes":	2476080,
					"bits_per_second":	19811152.820554,
					"retransmits":	19,
					"snd_cwnd":	1705744,
					"rtt":	643352,
					"omitted":	false
				}],
			"sum":	{
				"start":	14.000484,
				"end":	15.000357,
				"seconds":	0.999873,
				"bytes":	2476080,
				"bits_per_second":	19811152.820554,
				"retransmits":	19,
				"omitted":	false
			}
		}, {
			"streams":	[{
					"socket":	4,
					"start":	15.000357,
					"end":	16.001157,
					"seconds":	1.000800,
					"bytes":	781920,
					"bits_per_second":	6250360.372160,
					"retransmits":	0,
					"snd_cwnd":	2163312,
					"rtt":	816546,
					"omitted":	false
				}],
			"sum":	{
				"start":	15.000357,
				"end":	16.001157,
				"seconds":	1.000800,
				"bytes":	781920,
				"bits_per_second":	6250360.372160,
				"retransmits":	0,
				"omitted":	false
			}
		}, {
			"streams":	[{
					"socket":	4,
					"start":	16.001157,
					"end":	17.000572,
					"seconds":	0.999415,
					"bytes":	1042560,
					"bits_per_second":	8345360.707220,
					"retransmits":	0,
					"snd_cwnd":	2502144,
					"rtt":	899177,
					"omitted":	false
				}],
			"sum":	{
				"start":	16.001157,
				"end":	17.000572,
				"seconds":	0.999415,
				"bytes":	1042560,
				"bits_per_second":	8345360.707220,
				"retransmits":	0,
				"omitted":	false
			}
		}, {
			"streams":	[{
					"socket":	4,
					"start":	17.000572,
					"end":	18.001575,
					"seconds":	1.001003,
					"bytes":	195480,
					"bits_per_second":	1562273.370162,
					"retransmits":	33,
					"snd_cwnd":	2435536,
					"rtt":	875182,
					"omitted":	false
				}],
			"sum":	{
				"start":	17.000572,
				"end":	18.001575,
				"seconds":	1.001003,
				"bytes":	195480,
				"bits_per_second":	1562273.370162,
				"retransmits":	33,
				"omitted":	false
			}
		}, {
			"streams":	[{
					"socket":	4,
					"start":	18.001575,
					"end":	19.000360,
					"seconds":	0.998785,
					"bytes":	2867040,
					"bits_per_second":	22964221.094126,
					"retransmits":	36,
					"snd_cwnd":	1178672,
					"rtt":	449668,
					"omitted":	false
				}],
			"sum":	{
				"start":	18.001575,
				"end":	19.000360,
				"seconds":	0.998785,
				"bytes":	2867040,
				"bits_per_second":	22964221.094126,
				"retransmits":	36,
				"omitted":	false
			}
		}, {
			"streams":	[{
					"socket":	4,
					"start":	19.000360,
					"end":	20.000978,
					"seconds":	1.000618,
					"bytes":	716760,
					"bits_per_second":	5730538.636249,
					"retransmits":	0,
					"snd_cwnd":	1775248,
					"rtt":	677124,
					"omitted":	false
				}],
			"sum":	{
				"start":	19.000360,
				"end":	20.000978,
				"seconds":	1.000618,
				"bytes":	716760,
				"bits_per_second":	5730538.636249,
				"retransmits":	0,
				"omitted":	false
			}
		}, {
			"streams":	[{
					"socket":	4,
					"start":	20.000978,
					"end":	21.000339,
					"seconds":	0.999361,
					"bytes":	781920,
					"bits_per_second":	6259359.491557,
					"retransmits":	0,
					"snd_cwnd":	2458704,
					"rtt":	918052,
					"omitted":	false
				}],
			"sum":	{
				"start":	20.000978,
				"end":	21.000339,
				"seconds":	0.999361,
				"bytes":	781920,
				"bits_per_second":	6259359.491557,
				"retransmits":	0,
				"omitted":	false
			}
		}, {
			"streams":	[{
					"socket":	4,
					"start":	21.000339,
					"end":	22.001212,
					"seconds":	1.000873,
					"bytes":	1238040,
					"bits_per_second":	9895680.192093,
					"retransmits":	0,
					"snd_cwnd":	2400784,
					"rtt":	879011,
					"omitted":	false
				}],
			"sum":	{
				"start":	21.000339,
				"end":	22.001212,
				"seconds":	1.000873,
				"bytes":	1238040,
				"bits_per_second":	9895680.192093,
				"retransmits":	0,
				"omitted":	false
			}
		}, {
			"streams":	[{
					"socket":	4,
					"start":	22.001212,
					"end":	23.000218,
					"seconds":	0.999006,
					"bytes":	130320,
					"bits_per_second":	1043597.301338,
					"retransmits":	57,
					"snd_cwnd":	2261776,
					"rtt":	828849,
					"omitted":	false
				}],
			"sum":	{
				"start":	22.001212,
				"end":	23.000218,
				"seconds":	0.999006,
				"bytes":	130320,
				"bits_per_second":	1043597.301338,
				"retransmits":	57,
				"omitted":	false
			}
		}, {
			"streams":	[{
					"socket":	4,
					"start":	23.000218,
					"end":	24.000928,
					"seconds":	1.000710,
					"bytes":	2541240,
					"bits_per_second":	20315495.784100,
					"retransmits":	0,
					"snd_cwnd":	1737600,
					"rtt":	618028,
					"omitted":	false
				}],
			"sum":	{
				"start":	23.000218,
				"end":	24.000928,
				"seconds":	1.000710,
				"bytes":	2541240,
				"bits_per_second":	20315495.784100,
				"retransmits":	0,
				"omitted":	false
			}
		}, {
			"streams":	[{
					"socket":	4,
					"start":	24.000928,
					"end":	25.000651,
					"seconds":	0.999723,
					"bytes":	716760,
					"bits_per_second":	5735669.023448,
					"retransmits":	0,
					"snd_cwnd":	2470288,
					"rtt":	878020,
					"omitted":	false
				}],
			"sum":	{
				"start":	24.000928,
				"end":	25.000651,
				"seconds":	0.999723,
				"bytes":	716760,
				"bits_per_second":	5735669.023448,
				"retransmits":	0,
				"omitted":	false
			}
		}, {
			"streams":	[{
					"socket":	4,
					"start":	25.000651,
					"end":	26.001475,
					"seconds":	1.000824,
					"bytes":	1107720,
					"bits_per_second":	8854464.146364,
					"retransmits":	0,
					"snd_cwnd":	2678800,
					"rtt":	915362,
					"omitted":	false
				}],
			"sum":	{
				"start":	25.000651,
				"end":	26.001475,
				"seconds":	1.000824,
				"bytes":	1107720,
				"bits_per_second":	8854464.146364,
				"retransmits":	0,
				"omitted":	false
			}
		}, {
			"streams":	[{
					"socket":	4,
					"start":	26.001475,
					"end":	27.001506,
					"seconds":	1.000031,
					"bytes":	195480,
					"bits_per_second":	1563791.531196,
					"retransmits":	37,
					"snd_cwnd":	2528208,
					"rtt":	863915,
					"omitted":	false
				}],
			"sum":	{
				"start":	26.001475,
				"end":	27.001506,
				"seconds":	1.000031,
				"bytes":	195480,
				"bits_per_second":	1563791.531196,
				"retransmits":	37,
				"omitted":	false
			}
		}, {
			"streams":	[{
					"socket":	4,
					"start":	27.001506,
					"end":	28.000331,
					"seconds":	0.998825,
					"bytes":	1498680,
					"bits_per_second":	12003543.284193,
					"retransmits":	47,
					"snd_cwnd":	1815792,
					"rtt":	639264,
					"omitted":	false
				}],
			"sum":	{
				"start":	27.001506,
				"end":	28.000331,
				"seconds":	0.998825,
				"bytes":	1498680,
				"bits_per_second":	12003543.284193,
				"retransmits":	47,
				"omitted":	false
			}
		}, {
			"streams":	[{
					"socket":	4,
					"start":	28.000331,
					"end":	29.000678,
					"seconds":	1.000347,
					"bytes":	2280600,
					"bits_per_second":	18238473.091329,
					"retransmits":	0,
					"snd_cwnd":	1905568,
					"rtt":	670939,
					"omitted":	false
				}],
			"sum":	{
				"start":	28.000331,
				"end":	29.000678,
				"seconds":	1.000347,
				"bytes":	2280600,
				"bits_per_second":	18238473.091329,
				"retransmits":	0,
				"omitted":	false
			}
		}, {
			"streams":	[{
					"socket":	4,
					"start":	29.000678,
					"end":	30.001351,
					"seconds":	1.000673,
					"bytes":	781920,
					"bits_per_second":	6251152.626413,
					"retransmits":	0,
					"snd_cwnd":	2476080,
					"rtt":	888783,
					"omitted":	false
				}],
			"sum":	{
				"start":	29.000678,
				"end":	30.001351,
				"seconds":	1.000673,
				"bytes":	781920,
				"bits_per_second":	6251152.626413,
				"retransmits":	0,
				"omitted":	false
			}
		}, {
			"streams":	[{
					"socket":	4,
					"start":	30.001351,
					"end":	31.001599,
					"seconds":	1.000248,
					"bytes":	1172880,
					"bits_per_second":	9380714.002037,
					"retransmits":	0,
					"snd_cwnd":	2635360,
					"rtt":	909528,
					"omitted":	false
				}],
			"sum":	{
				"start":	30.001351,
				"end":	31.001599,
				"seconds":	1.000248,
				"bytes":	1172880,
				"bits_per_second":	9380714.002037,
				"retransmits":	0,
				"omitted":	false
			}
		}, {
			"streams":	[{
					"socket":	4,
					"start":	31.001599,
					"end":	32.001155,
					"seconds":	0.999556,
					"bytes":	130320,
					"bits_per_second":	1043023.034842,
					"retransmits":	45,
					"snd_cwnd":	2493456,
					"rtt":	860139,
					"omitted":	false
				}],
			"sum":	{
				"start":	31.001599,
				"end":	32.001155,
				"seconds":	0.999556,
				"bytes":	130320,
				"bits_per_second":	1043023.034842,
				"retransmits":	45,
				"omitted":	false
			}
		}, {
			"streams":	[{
					"socket":	4,
					"start":	32.001155,
					"end":	33.000334,
					"seconds":	0.999179,
					"bytes":	2736720,
					"bits_per_second":	21911752.037300,
					"retransmits":	40,
					"snd_cwnd":	1540672,
					"rtt":	548056,
					"omitted":	false
				}],
			"sum":	{
				"start":	32.001155,
				"end":	33.000334,
				"seconds":	0.999179,
				"bytes":	2736720,
				"bits_per_second":	21911752.037300,
				"retransmits":	40,
				"omitted":	false
			}
		}, {
			"streams":	[{
					"socket":	4,
					"start":	33.000334,
					"end":	34.000353,
					"seconds":	1.000019,
					"bytes":	977400,
					"bits_per_second":	7819050.863440,
					"retransmits":	0,
					"snd_cwnd":	1902672,
					"rtt":	676700,
					"omitted":	false
				}],
			"sum":	{
				"start":	33.000334,
				"end":	34.000353,
				"seconds":	1.000019,
				"bytes":	977400,
				"bits_per_second":	7819050.863440,
				"retransmits":	0,
				"omitted":	false
			}
		}, {
			"streams":	[{
					"socket":	4,
					"start":	34.000353,
					"end":	35.001366,
					"seconds":	1.001013,
					"bytes":	716760,
					"bits_per_second":	5728277.023136,
					"retransmits":	0,
					"snd_cwnd":	2609296,
					"rtt":	909209,
					"omitted":	false
				}],
			"sum":	{
				"start":	34.000353,
				"end":	35.001366,
				"seconds":	1.001013,
				"bytes":	716760,
				"bits_per_second":	5728277.023136,
				"retransmits":	0,
				"omitted":	false
			}
		}, {
			"streams":	[{
					"socket":	4,
					"start":	35.001366,
					"end":	36.001147,
					"seconds":	0.999781,
					"bytes":	1238040,
					"bits_per_second":	9906490.578204,
					"retransmits":	0,
					"snd_cwnd":	2615088,
					"rtt":	920999,
					"omitted":	false
				}],
			"sum":	{
				"start":	35.001366,
				"end":	36.001147,
				"seconds":	0.999781,
				"bytes":	1238040,
				"bits_per_second":	9906490.578204,
				"retransmits":	0,
				"omitted":	false
			}
		}, {
			"streams":	[{
					"socket":	4,
					"start":	36.001147,
					"end":	37.000212,
					"seconds":	0.999065,
					"bytes":	130320,
					"bits_per_second":	1043535.537978,
					"retransmits":	45,
					"snd_cwnd":	2455808,
					"rtt":	855919,
					"omitted":	false
				}],
			"sum":	{
				"start":	36.001147,
				"end":	37.000212,
				"seconds":	0.999065,
				"bytes":	130320,
				"bits_per_second":	1043535.537978,
				"retransmits":	45,
				"omitted":	false
			}
		}, {
			"streams":	[{
					"socket":	4,
					"start":	37.000212,
					"end":	38.000487,
					"seconds":	1.000275,
					"bytes":	2932200,
					"bits_per_second":	23451153.357167,
					"retransmits":	34,
					"snd_cwnd":	1323472,
					"rtt":	461583,
					"omitted":	false
				}],
			"sum":	{
				"start":	37.000212,
				"end":	38.000487,
				"seconds":	1.000275,
				"bytes":	2932200,
				"bits_per_second":	23451153.357167,
				"retransmits":	34,
				"omitted":	false
			}
		}, {
			"streams":	[{
					"socket":	4,
					"start":	38.000487,
					"end":	39.000305,
					"seconds":	0.999818,
					"bytes":	716760,
					"bits_per_second":	5735123.295640,
					"retransmits":	0,
					"snd_cwnd":	1977968,
					"rtt":	696356,
					"omitted":	false
				}],
			"sum":	{
				"start":	38.000487,
				"end":	39.000305,
				"seconds":	0.999818,
				"bytes":	716760,
				"bits_per_second":	5735123.295640,
				"retransmits":	0,
				"omitted":	false
			}
		}, {
			"streams":	[{
					"socket":	4,
					"start":	39.000305,
					"end":	40.001176,
					"seconds":	1.000871,
					"bytes":	781920,
					"bits_per_second":	6249916.678384,
					"retransmits":	0,
					"snd_cwnd":	2693280,
					"rtt":	929104,
					"omitted":	false
				}],
			"sum":	{
				"start":	39.000305,
				"end":	40.001176,
				"seconds":	1.000871,
				"bytes":	781920,
				"bits_per_second":	6249916.678384,
				"retransmits":	0,
				"omitted":	false
			}
		}, {
			"streams":	[{
					"socket":	4,
					"start":	40.001176,
					"end":	41.000348,
					"seconds":	0.999172,
					"bytes":	1303200,
					"bits_per_second":	10434239.839879,
					"retransmits":	0,
					"snd_cwnd":	2603504,
					"rtt":	898545,
					"omitted":	false
				}],
			"sum":	{
				"start":	40.001176,
				"end":	41.000348,
				"seconds":	0.999172,
				"bytes":	1303200,
				"bits_per_second":	10434239.839879,
				"retransmits":	0,
				"omitted":	false
			}
		}, {
			"streams":	[{
					"socket":	4,
					"start":	41.000348,
					"end":	42.001369,
					"seconds":	1.001021,
					"bytes":	130320,
					"bits_per_second":	1041496.727289,
					"retransmits":	39,
					"snd_cwnd":	2418160,
					"rtt":	851657,
					"omitted":	false
				}],
			"sum":	{
				"start":	41.000348,
				"end":	42.001369,
				"seconds":	1.001021,
				"bytes":	130320,
				"bits_per_second":	1041496.727289,
				"retransmits":	39,
				"omitted":	false
			}
		}, {
			"streams":	[{
					"socket":	4,
					"start":	42.001369,
					"end":	43.000386,
					"seconds":	0.999017,
					"bytes":	2621440,
					"bits_per_second":	20992155.284481,
					"retransmits":	23,
					"snd_cwnd":	1659408,
					"rtt":	572915,
					"omitted":	false
				}],
			"sum":	{
				"start":	42.001369,
				"end":	43.000386,
				"seconds":	0.999017,
				"bytes":	2621440,
				"bits_per_second":	20992155.284481,
				"retransmits":	23,
				"omitted":	false
			}
		}, {
			"streams":	[{
					"socket":	4,
					"start":	43.000386,
					"end":	44.001529,
					"seconds":	1.001143,
					"bytes":	1092680,
					"bits_per_second":	8731460.127332,
					"retransmits":	0,
					"snd_cwnd":	1888192,
					"rtt":	658033,
					"omitted":	false
				}],
			"sum":	{
				"start":	43.000386,
				"end":	44.001529,
				"seconds":	1.001143,
				"bytes":	1092680,
				"bits_per_second":	8731460.127332,
				"retransmits":	0,
				"omitted":	false
			}
		}, {
			"streams":	[{
					"socket":	4,
					"start":	44.001529,
					"end":	45.001582,
					"seconds":	1.000053,
					"bytes":	716760,
					"bits_per_second":	5733775.150409,
					"retransmits":	0,
					"snd_cwnd":	2675904,
					"rtt":	904903,
					"omitted":	false
				}],
			"sum":	{
				"start":	44.001529,
				"end":	45.001582,
				"seconds":	1.000053,
				"bytes":	716760,
				"bits_per_second":	5733775.150409,
				"retransmits":	0,
				"omitted":	false
			}
		}, {
			"streams":	[{
					"socket":	4,
					"start":	45.001582,
					"end":	46.000272,
					"seconds":	0.998690,
					"bytes":	1172880,
					"bits_per_second":	9395348.941468,
					"retransmits":	0,
					"snd_cwnd":	2771472,
					"rtt":	937397,
					"omitted":	false
				}],
			"sum":	{
				"start":	45.001582,
				"end":	46.000272,
				"seconds":	0.998690,
				"bytes":	1172880,
				"bits_per_second":	9395348.941468,
				"retransmits":	0,
				"omitted":	false
			}
		}, {
			"streams":	[{
					"socket":	4,
					"start":	46.000272,
					"end":	47.001196,
					"seconds":	1.000924,
					"bytes":	195480,
					"bits_per_second":	1562396.173428,
					"retransmits":	75,
					"snd_cwnd":	2473184,
					"rtt":	845008,
					"omitted":	false
				}],
			"sum":	{
				"start":	46.000272,
				"end":	47.001196,
				"seconds":	1.000924,
				"bytes":	195480,
				"bits_per_second":	1562396.173428,
				"retransmits":	75,
				"omitted":	false
			}
		}, {
			"streams":	[{
					"socket":	4,
					"start":	47.001196,
					"end":	48.000178,
					"seconds":	0.998982,
					"bytes":	2997360,
					"bits_per_second":	24003316.512353,
					"retransmits":	50,
					"snd_cwnd":	1902672,
					"rtt":	663586,
					"omitted":	false
				}],
			"sum":	{
				"start":	47.001196,
				"end":	48.000178,
				"seconds":	0.998982,
				"bytes":	2997360,
				"bits_per_second":	24003316.512353,
				"retransmits":	50,
				"omitted":	false
			}
		}, {
			"streams":	[{
					"socket":	4,
					"start":	48.000178,
					"end":	49.000952,
					"seconds":	1.000774,
					"bytes":	1042560,
					"bits_per_second":	8334030.238096,
					"retransmits":	0,
					"snd_cwnd":	2116976,
					"rtt":	738401,
					"omitted":	false
				}],
			"sum":	{
				"start":	48.000178,
				"end":	49.000952,
				"seconds":	1.000774,
				"bytes":	1042560,
				"bits_per_second":	8334030.238096,
				"retransmits":	0,
				"omitted":	false
			}
		}, {
			"streams":	[{
					"socket":	4,
					"start":	49.000952,
					"end":	50.001062,
					"seconds":	1.000110,
					"bytes":	847080,
					"bits_per_second":	6775893.639493,
					"retransmits":	0,
					"snd_cwnd":	2728032,
					"rtt":	941812,
					"omitted":	false
				}],
			"sum":	{
				"start":	49.000952,
				"end":	50.001062,
				"seconds":	1.000110,
				"bytes":	847080,
				"bits_per_second":	6775893.639493,
				"retransmits":	0,
				"omitted":	false
			}
		}, {
			"streams":	[{
					"socket":	4,
					"start":	50.001062,
					"end":	51.000164,
					"seconds":	0.999102,
					"bytes":	1172880,
					"bits_per_second":	9391474.697434,
					"retransmits":	0,
					"snd_cwnd":	2858352,
					"rtt":	957786,
					"omitted":	false
				}],
			"sum":	{
				"start":	50.001062,
				"end":	51.000164,
				"seconds":	0.999102,
				"bytes":	1172880,
				"bits_per_second":	9391474.697434,
				"retransmits":	0,
				"omitted":	false
			}
		}, {
			"streams":	[{
					"socket":	4,
					"start":	51.000164,
					"end":	52.001285,
					"seconds":	1.001121,
					"bytes":	130320,
					"bits_per_second":	1041392.552961,
					"retransmits":	60,
					"snd_cwnd":	2522416,
					"rtt":	845284,
					"omitted":	false
				}],
			"sum":	{
				"start":	51.000164,
				"end":	52.001285,
				"seconds":	1.001121,
				"bytes":	130320,
				"bits_per_second":	1041392.552961,
				"retransmits":	60,
				"omitted":	false
			}
		}, {
			"streams":	[{
					"socket":	4,
					"start":	52.001285,
					"end":	53.000577,
					"seconds":	0.999292,
					"bytes":	1697056,
					"bits_per_second":	13586065.096727,
					"retransmits":	49,
					"snd_cwnd":	2082224,
					"rtt":	704222,
					"omitted":	false
				}],
			"sum":	{
				"start":	52.001285,
				"end":	53.000577,
				"seconds":	0.999292,
				"bytes":	1697056,
				"bits_per_second":	13586065.096727,
				"retransmits":	49,
				"omitted":	false
			}
		}, {
			"streams":	[{
					"socket":	4,
					"start":	53.000577,
					"end":	54.000257,
					"seconds":	0.999680,
					"bytes":	2410920,
					"bits_per_second":	19293537.716530,
					"retransmits":	0,
					"snd_cwnd":	2032992,
					"rtt":	702036,
					"omitted":	false
				}],
			"sum":	{
				"start":	53.000577,
				"end":	54.000257,
				"seconds":	0.999680,
				"bytes":	2410920,
				"bits_per_second":	19293537.716530,
				"retransmits":	0,
				"omitted":	false
			}
		}, {
			"streams":	[{
					"socket":	4,
					"start":	54.000257,
					"end":	55.001246,
					"seconds":	1.000989,
					"bytes":	847080,
					"bits_per_second":	6769944.793595,
					"retransmits":	0,
					"snd_cwnd":	2606400,
					"rtt":	881931,
					"omitted":	false
				}],
			"sum":	{
				"start":	54.000257,
				"end":	55.001246,
				"seconds":	1.000989,
				"bytes":	847080,
				"bits_per_second":	6769944.793595,
				"retransmits":	0,
				"omitted":	false
			}
		}, {
			"streams":	[{
					"socket":	4,
					"start":	55.001246,
					"end":	56.000456,
					"seconds":	0.999210,
					"bytes":	847080,
					"bits_per_second":	6781996.968870,
					"retransmits":	7,
					"snd_cwnd":	2829392,
					"rtt":	966684,
					"omitted":	false
				}],
			"sum":	{
				"start":	55.001246,
				"end":	56.000456,
				"seconds":	0.999210,
				"bytes":	847080,
				"bits_per_second":	6781996.968870,
				"retransmits":	7,
				"omitted":	false
			}
		}, {
			"streams":	[{
					"socket":	4,
					"start":	56.000456,
					"end":	57.001443,
					"seconds":	1.000987,
					"bytes":	651600,
					"bits_per_second":	5207659.764236,
					"retransmits":	117,
					"snd_cwnd":	2394992,
					"rtt":	826534,
					"omitted":	false
				}],
			"sum":	{
				"start":	56.000456,
				"end":	57.001443,
				"seconds":	1.000987,
				"bytes":	651600,
				"bits_per_second":	5207659.764236,
				"retransmits":	117,
				"omitted":	false
			}
		}, {
			"streams":	[{
					"socket":	4,
					"start":	57.001443,
					"end":	58.000463,
					"seconds":	0.999020,
					"bytes":	2736720,
					"bits_per_second":	21915239.976545,
					"retransmits":	0,
					"snd_cwnd":	1726016,
					"rtt":	595468,
					"omitted":	false
				}],
			"sum":	{
				"start":	57.001443,
				"end":	58.000463,
				"seconds":	0.999020,
				"bytes":	2736720,
				"bits_per_second":	21915239.976545,
				"retransmits":	0,
				"omitted":	false
			}
		}, {
			"streams":	[{
					"socket":	4,
					"start":	58.000463,
					"end":	59.000624,
					"seconds":	1.000161,
					"bytes":	651600,
					"bits_per_second":	5211959.983409,
					"retransmits":	0,
					"snd_cwnd":	2942336,
					"rtt":	995301,
					"omitted":	false
				}],
			"sum":	{
				"start":	58.000463,
				"end":	59.000624,
				"seconds":	1.000161,
				"bytes":	651600,
				"bits_per_second":	5211959.983409,
				"retransmits":	0,
				"omitted":	false
			}
		}, {
			"streams":	[{
					"socket":	4,
					"start":	59.000624,
					"end":	60.000340,
					"seconds":	0.999716,
					"bytes":	2541240,
					"bits_per_second":	20335699.302971,
					"retransmits":	0,
					"snd_cwnd":	941200,
					"rtt":	315269,
					"omitted":	false
				}],
			"sum":	{
				"start":	59.000624,
				"end":	60.000340,
				"seconds":	0.999716,
				"bytes":	2541240,
				"bits_per_second":	20335699.302971,
				"retransmits":	0,
				"omitted":	false
			}
		}],
	"end":	{
		"streams":	[{
				"sender":	{
					"socket":	4,
					"start":	0,
					"end":	60.000340,
					"seconds":	60.000340,
					"bytes":	71379160,
					"bits_per_second":	9517167.405114,
					"retransmits":	823,
					"max_snd_cwnd":	2942336,
					"max_rtt":	995301,
					"min_rtt":	12885,
					"mean_rtt":	767035
				},
				"receiver":	{
					"socket":	4,
					"start":	0,
					"end":	60.000340,
					"seconds":	60.000340,
					"bytes":	67764224,
					"bits_per_second":	9035178.669596
				}
			}],
		"sum_sent":	{
			"start":	0,
			"end":	60.000340,
			"seconds":	60.000340,
			"bytes":	71379160,
			"bits_per_second":	9517167.405114,
			"retransmits":	823
		},
		"sum_received":	{
			"start":	0,
			"end":	60.000340,
			"seconds":	60.000340,
			"bytes":	67764224,
			"bits_per_second":	9035178.669596
		},
		"cpu_utilization_percent":	{
			"host_total":	0.037314,
			"host_user":	0.011867,
			"host_system":	0.025447,
			"remote_total":	0.909212,
			"remote_user":	0,
			"remote_system":	0.909212
		}
	}
}
