{
	"start":	{
		"connected":	[{
				"socket":	4,
				"local_host":	"192.168.179.150",
				"local_port":	58014,
				"remote_host":	"192.168.120.130",
				"remote_port":	5201
			}],
		"version":	"iperf 3.1.3",
		"system_info":	"Linux a 4.15.0-213-generic #224-Ubuntu SMP Mon Jun 19 13:30:12 UTC 2023 x86_64",
		"timestamp":	{
			"time":	"Mon, 05 May 2025 11:04:57 GMT",
			"timesecs":	1746443097
		},
		"connecting_to":	{
			"host":	"192.168.120.130",
			"port":	5201
		},
		"cookie":	"a.1746443097.372191.7b21dbe42236955a",
		"tcp_mss_default":	1448,
		"test_start":	{
			"protocol":	"TCP",
			"num_streams":	1,
			"blksize":	131072,
			"omit":	0,
			"duration":	60,
			"bytes":	0,
			"blocks":	0,
			"reverse":	0
		}
	},
	"intervals":	[{
			"streams":	[{
					"socket":	4,
					"start":	0,
					"end":	1.000501,
					"seconds":	1.000501,
					"bytes":	605264,
					"bits_per_second":	4839686.562751,
					"retransmits":	0,
					"snd_cwnd":	14480,
					"rtt":	12894,
					"omitted":	false
				}],
			"sum":	{
				"start":	0,
				"end":	1.000501,
				"seconds":	1.000501,
				"bytes":	605264,
				"bits_per_second":	4839686.562751,
				"retransmits":	0,
				"omitted":	false
			}
		}, {
			"streams":	[{
					"socket":	4,
					"start":	1.000501,
					"end":	2.000384,
					"seconds":	0.999883,
					"bytes":	2328384,
					"bits_per_second":	18629252.805952,
					"retransmits":	0,
					"snd_cwnd":	335936,
					"rtt":	217382,
					"omitted":	false
				}],
			"sum":	{
				"start":	1.000501,
				"end":	2.000384,
				"seconds":	0.999883,
				"bytes":	2328384,
				"bits_per_second":	18629252.805952,
				"retransmits":	0,
				"omitted":	false
			}
		}, {
			"streams":	[{
					"socket":	4,
					"start":	2.000384,
					"end":	3.000607,
					"seconds":	1.000223,
					"bytes":	2606400,
					"bits_per_second":	20846552.857847,
					"retransmits":	0,
					"snd_cwnd":	825360,
					"rtt":	483332,
					"omitted":	false
				}],
			"sum":	{
				"start":	2.000384,
				"end":	3.000607,
				"seconds":	1.000223,
				"bytes":	2606400,
				"bits_per_second":	20846552.857847,
				"retransmits":	0,
				"omitted":	false
			}
		}, {
			"streams":	[{
					"socket":	4,
					"start":	3.000607,
					"end":	4.001182,
					"seconds":	1.000575,
					"bytes":	586440,
					"bits_per_second":	4688823.618772,
					"retransmits":	0,
					"snd_cwnd":	1045456,
					"rtt":	613083,
					"omitted":	false
				}],
			"sum":	{
				"start":	3.000607,
				"end":	4.001182,
				"seconds":	1.000575,
				"bytes":	586440,
				"bits_per_second":	4688823.618772,
				"retransmits":	0,
				"omitted":	false
			}
		}, {
			"streams":	[{
					"socket":	4,
					"start":	4.001182,
					"end":	5.001542,
					"seconds":	1.000360,
					"bytes":	847080,
					"bits_per_second":	6774201.205907,
					"retransmits":	0,
					"snd_cwnd":	1161296,
					"rtt":	648187,
					"omitted":	false
				}],
			"sum":	{
				"start":	4.001182,
				"end":	5.001542,
				"seconds":	1.000360,
				"bytes":	847080,
				"bits_per_second":	6774201.205907,
				"retransmits":	0,
				"omitted":	false
			}
		}, {
			"streams":	[{
					"socket":	4,
					"start":	5.001542,
					"end":	6.000415,
					"seconds":	0.998873,
					"bytes":	781920,
					"bits_per_second":	6262417.773785,
					"retransmits":	0,
					"snd_cwnd":	1251072,
					"rtt":	664587,
					"omitted":	false
				}],
			"sum":	{
				"start":	5.001542,
				"end":	6.000415,
				"seconds":	0.998873,
				"bytes":	781920,
				"bits_per_second":	6262417.773785,
				"retransmits":	0,
				"omitted":	false
			}
		}, {
			"streams":	[{
					"socket":	4,
					"start":	6.000415,
					"end":	7.001172,
					"seconds":	1.000757,
					"bytes":	586440,
					"bits_per_second":	4687971.304223,
					"retransmits":	0,
					"snd_cwnd":	1543568,
					"rtt":	819968,
					"omitted":	false
				}],
			"sum":	{
				"start":	6.000415,
				"end":	7.001172,
				"seconds":	1.000757,
				"bytes":	586440,
				"bits_per_second":	4687971.304223,
				"retransmits":	0,
				"omitted":	false
			}
		}, {
			"streams":	[{
					"socket":	4,
					"start":	7.001172,
					"end":	8.001355,
					"seconds":	1.000183,
					"bytes":	716760,
					"bits_per_second":	5733030.250809,
					"retransmits":	0,
					"snd_cwnd":	1711536,
					"rtt":	866172,
					"omitted":	false
				}],
			"sum":	{
				"start":	7.001172,
				"end":	8.001355,
				"seconds":	1.000183,
				"bytes":	716760,
				"bits_per_second":	5733030.250809,
				"retransmits":	0,
				"omitted":	false
			}
		}, {
			"streams":	[{
					"socket":	4,
					"start":	8.001355,
					"end":	9.001173,
					"seconds":	0.999818,
					"bytes":	912240,
					"bits_per_second":	7299249.571407,
					"retransmits":	0,
					"snd_cwnd":	1922944,
					"rtt":	925667,
					"omitted":	false
				}],
			"sum":	{
				"start":	8.001355,
				"end":	9.001173,
				"seconds":	0.999818,
				"bytes":	912240,
				"bits_per_second":	7299249.571407,
				"retransmits":	0,
				"omitted":	false
			}
		}, {
			"streams":	[{
					"socket":	4,
					"start":	9.001173,
					"end":	10.001169,
					"seconds":	0.999996,
					"bytes":	912240,
					"bits_per_second":	7297949.579435,
					"retransmits":	0,
					"snd_cwnd":	1983760,
					"rtt":	955564,
					"omitted":	false
				}],
			"sum":	{
				"start":	9.001173,
				"end":	10.001169,
				"seconds":	0.999996,
				"bytes":	912240,
				"bits_per_second":	7297949.579435,
				"retransmits":	0,
				"omitted":	false
			}
		}, {
			"streams":	[{
					"socket":	4,
					"start":	10.001169,
					"end":	11.001111,
					"seconds":	0.999942,
					"bytes":	912240,
					"bits_per_second":	7298342.834708,
					"retransmits":	0,
					"snd_cwnd":	2125664,
					"rtt":	975324,
					"omitted":	false
				}],
			"sum":	{
				"start":	10.001169,
				"end":	11.001111,
				"seconds":	0.999942,
				"bytes":	912240,
				"bits_per_second":	7298342.834708,
				"retransmits":	0,
				"omitted":	false
			}
		}, {
			"streams":	[{
					"socket":	4,
					"start":	11.001111,
					"end":	12.001353,
					"seconds":	1.000242,
					"bytes":	977400,
					"bits_per_second":	7817308.251601,
					"retransmits":	0,
					"snd_cwnd":	2122768,
					"rtt":	973170,
					"omitted":	false
				}],
			"sum":	{
				"start":	11.001111,
				"end":	12.001353,
				"seconds":	1.000242,
				"bytes":	977400,
				"bits_per_second":	7817308.251601,
				"retransmits":	0,
				"omitted":	false
			}
		}, {
			"streams":	[{
					"socket":	4,
					"start":	12.001353,
					"end":	13.001438,
					"seconds":	1.000085,
					"bytes":	977400,
					"bits_per_second":	7818534.522051,
					"retransmits":	0,
					"snd_cwnd":	2212544,
					"rtt":	966019,
					"omitted":	false
				}],
			"sum":	{
				"start":	12.001353,
				"end":	13.001438,
				"seconds":	1.000085,
				"bytes":	977400,
				"bits_per_second":	7818534.522051,
				"retransmits":	0,
				"omitted":	false
			}
		}, {
			"streams":	[{
					"socket":	4,
					"start":	13.001438,
					"end":	14.001382,
					"seconds":	0.999944,
					"bytes":	977400,
					"bits_per_second":	7819638.121547,
					"retransmits":	0,
					"snd_cwnd":	2206752,
					"rtt":	964420,
					"omitted":	false
				}],
			"sum":	{
				"start":	13.001438,
				"end":	14.001382,
				"seconds":	0.999944,
				"bytes":	977400,
				"bits_per_second":	7819638.121547,
				"retransmits":	0,
				"omitted":	false
			}
		}, {
			"streams":	[{
					"socket":	4,
					"start":	14.001382,
					"end":	15.000433,
					"seconds":	0.999051,
					"bytes":	912240,
					"bits_per_second":	7304853.360393,
					"retransmits":	0,
					"snd_cwnd":	2290736,
					"rtt":	953295,
					"omitted":	false
				}],
			"sum":	{
				"start":	14.001382,
				"end":	15.000433,
				"seconds":	0.999051,
				"bytes":	912240,
				"bits_per_second":	7304853.360393,
				"retransmits":	0,
				"omitted":	false
			}
		}, {
			"streams":	[{
					"socket":	4,
					"start":	15.000433,
					"end":	16.000962,
					"seconds":	1.000529,
					"bytes":	1042560,
					"bits_per_second":	8336069.795381,
					"retransmits":	0,
					"snd_cwnd":	2371824,
					"rtt":	986776,
					"omitted":	false
				}],
			"sum":	{
				"start":	15.000433,
				"end":	16.000962,
				"seconds":	1.000529,
				"bytes":	1042560,
				"bits_per_second":	8336069.795381,
				"retransmits":	0,
				"omitted":	false
			}
		}, {
			"streams":	[{
					"socket":	4,
					"start":	16.000962,
					"end":	17.001335,
					"seconds":	1.000373,
					"bytes":	1172880,
					"bits_per_second":	9379540.258326,
					"retransmits":	0,
					"snd_cwnd":	2490560,
					"rtt":	987121,
					"omitted":	false
				}],
			"sum":	{
				"start":	16.000962,
				"end":	17.001335,
				"seconds":	1.000373,
				"bytes":	1172880,
				"bits_per_second":	9379540.258326,
				"retransmits":	0,
				"omitted":	false
			}
		}, {
			"streams":	[{
					"socket":	4,
					"start":	17.001335,
					"end":	18.000961,
					"seconds":	0.999626,
					"bytes":	1172880,
					"bits_per_second":	9386551.309386,
					"retransmits":	0,
					"snd_cwnd":	2464496,
					"rtt":	976702,
					"omitted":	false
				}],
			"sum":	{
				"start":	17.001335,
				"end":	18.000961,
				"seconds":	0.999626,
				"bytes":	1172880,
				"bits_per_second":	9386551.309386,
				"retransmits":	0,
				"omitted":	false
			}
		}, {
			"streams":	[{
					"socket":	4,
					"start":	18.000961,
					"end":	19.001376,
					"seconds":	1.000415,
					"bytes":	130320,
					"bits_per_second":	1042127.426717,
					"retransmits":	6,
					"snd_cwnd":	2557168,
					"rtt":	964604,
					"omitted":	false
				}],
			"sum":	{
				"start":	18.000961,
				"end":	19.001376,
				"seconds":	1.000415,
				"bytes":	130320,
				"bits_per_second":	1042127.426717,
				"retransmits":	6,
				"omitted":	false
			}
		}, {
			"streams":	[{
					"socket":	4,
					"start":	19.001376,
					"end":	20.000606,
					"seconds":	0.999230,
					"bytes":	2736720,
					"bits_per_second":	21910633.203575,
					"retransmits":	2,
					"snd_cwnd":	1697056,
					"rtt":	610067,
					"omitted":	false
				}],
			"sum":	{
				"start":	19.001376,
				"end":	20.000606,
				"seconds":	0.999230,
				"bytes":	2736720,
				"bits_per_second":	21910633.203575,
				"retransmits":	2,
				"omitted":	false
			}
		}, {
			"streams":	[{
					"socket":	4,
					"start":	20.000606,
					"end":	21.001393,
					"seconds":	1.000787,
					"bytes":	651600,
					"bits_per_second":	5208700.649823,
					"retransmits":	0,
					"snd_cwnd":	2513728,
					"rtt":	903053,
					"omitted":	false
				}],
			"sum":	{
				"start":	20.000606,
				"end":	21.001393,
				"seconds":	1.000787,
				"bytes":	651600,
				"bits_per_second":	5208700.649823,
				"retransmits":	0,
				"omitted":	false
			}
		}, {
			"streams":	[{
					"socket":	4,
					"start":	21.001393,
					"end":	22.001357,
					"seconds":	0.999964,
					"bytes":	1107720,
					"bits_per_second":	8862079.045528,
					"retransmits":	0,
					"snd_cwnd":	2869936,
					"rtt":	981913,
					"omitted":	false
				}],
			"sum":	{
				"start":	21.001393,
				"end":	22.001357,
				"seconds":	0.999964,
				"bytes":	1107720,
				"bits_per_second":	8862079.045528,
				"retransmits":	0,
				"omitted":	false
			}
		}, {
			"streams":	[{
					"socket":	4,
					"start":	22.001357,
					"end":	23.001215,
					"seconds":	0.999858,
					"bytes":	1107720,
					"bits_per_second":	8863019.412663,
					"retransmits":	0,
					"snd_cwnd":	2948128,
					"rtt":	1008634,
					"omitted":	false
				}],
			"sum":	{
				"start":	22.001357,
				"end":	23.001215,
				"seconds":	0.999858,
				"bytes":	1107720,
				"bits_per_second":	8863019.412663,
				"retransmits":	0,
				"omitted":	false
			}
		}, {
			"streams":	[{
					"socket":	4,
					"start":	23.001215,
					"end":	24.001455,
					"seconds":	1.000240,
					"bytes":	1172880,
					"bits_per_second":	9380787.790026,
					"retransmits":	0,
					"snd_cwnd":	3046592,
					"rtt":	993056,
					"omitted":	false
				}],
			"sum":	{
				"start":	23.001215,
				"end":	24.001455,
				"seconds":	1.000240,
				"bytes":	1172880,
				"bits_per_second":	9380787.790026,
				"retransmits":	0,
				"omitted":	false
			}
		}, {
			"streams":	[{
					"socket":	4,
					"start":	24.001455,
					"end":	25.001210,
					"seconds":	0.999755,
					"bytes":	65160,
					"bits_per_second":	521407.794078,
					"retransmits":	29,
					"snd_cwnd":	2965504,
					"rtt":	965942,
					"omitted":	false
				}],
			"sum":	{
				"start":	24.001455,
				"end":	25.001210,
				"seconds":	0.999755,
				"bytes":	65160,
				"bits_per_second":	521407.794078,
				"retransmits":	29,
				"omitted":	false
			}
		}, {
			"streams":	[{
					"socket":	4,
					"start":	25.001210,
					"end":	26.000553,
					"seconds":	0.999343,
					"bytes":	3521536,
					"bits_per_second":	28190804.938115,
					"retransmits":	36,
					"snd_cwnd":	1659408,
					"rtt":	573699,
					"omitted":	false
				}],
			"sum":	{
				"start":	25.001210,
				"end":	26.000553,
				"seconds":	0.999343,
				"bytes":	3521536,
				"bits_per_second":	28190804.938115,
				"retransmits":	36,
				"omitted":	false
			}
		}, {
			"streams":	[{
					"socket":	4,
					"start":	26.000553,
					"end":	27.000565,
					"seconds":	1.000012,
					"bytes":	651600,
					"bits_per_second":	5212737.859322,
					"retransmits":	0,
					"snd_cwnd":	2198064,
					"rtt":	745022,
					"omitted":	false
				}],
			"sum":	{
				"start":	26.000553,
				"end":	27.000565,
				"seconds":	1.000012,
				"bytes":	651600,
				"bits_per_second":	5212737.859322,
				"retransmits":	0,
				"omitted":	false
			}
		}, {
			"streams":	[{
					"socket":	4,
					"start":	27.000565,
					"end":	28.001155,
					"seconds":	1.000590,
					"bytes":	977400,
					"bits_per_second":	7814588.720731,
					"retransmits":	0,
					"snd_cwnd":	2849664,
					"rtt":	985098,
					"omitted":	false
				}],
			"sum":	{
				"start":	27.000565,
				"end":	28.001155,
				"seconds":	1.000590,
				"bytes":	977400,
				"bits_per_second":	7814588.720731,
				"retransmits":	0,
				"omitted":	false
			}
		}, {
			"streams":	[{
					"socket":	4,
					"start":	28.001155,
					"end":	29.001304,
					"seconds":	1.000149,
					"bytes":	1238040,
					"bits_per_second":	9902844.361199,
					"retransmits":	0,
					"snd_cwnd":	2951024,
					"rtt":	1009422,
					"omitted":	false
				}],
			"sum":	{
				"start":	28.001155,
				"end":	29.001304,
				"seconds":	1.000149,
				"bytes":	1238040,
				"bits_per_second":	9902844.361199,
				"retransmits":	0,
				"omitted":	false
			}
		}, {
			"streams":	[{
					"socket":	4,
					"start":	29.001304,
					"end":	30.000825,
					"seconds":	0.999521,
					"bytes":	0,
					"bits_per_second":	0,
					"retransmits":	23,
					"snd_cwnd":	2893104,
					"rtt":	961163,
					"omitted":	false
				}],
			"sum":	{
				"start":	29.001304,
				"end":	30.000825,
				"seconds":	0.999521,
				"bytes":	0,
				"bits_per_second":	0,
				"retransmits":	23,
				"omitted":	false
			}
		}, {
			"streams":	[{
					"socket":	4,
					"start":	30.000825,
					"end":	31.000304,
					"seconds":	0.999479,
					"bytes":	3586696,
					"bits_per_second":	28708530.398398,
					"retransmits":	16,
					"snd_cwnd":	1621760,
					"rtt":	523483,
					"omitted":	false
				}],
			"sum":	{
				"start":	30.000825,
				"end":	31.000304,
				"seconds":	0.999479,
				"bytes":	3586696,
				"bits_per_second":	28708530.398398,
				"retransmits":	16,
				"omitted":	false
			}
		}, {
			"streams":	[{
					"socket":	4,
					"start":	31.000304,
					"end":	32.000527,
					"seconds":	1.000223,
					"bytes":	586440,
					"bits_per_second":	4690473.274969,
					"retransmits":	0,
					"snd_cwnd":	2418160,
					"rtt":	749958,
					"omitted":	false
				}],
			"sum":	{
				"start":	31.000304,
				"end":	32.000527,
				"seconds":	1.000223,
				"bytes":	586440,
				"bits_per_second":	4690473.274969,
				"retransmits":	0,
				"omitted":	false
			}
		}, {
			"streams":	[{
					"socket":	4,
					"start":	32.000527,
					"end":	33.000352,
					"seconds":	0.999825,
					"bytes":	977400,
					"bits_per_second":	7820568.593537,
					"retransmits":	0,
					"snd_cwnd":	3211664,
					"rtt":	995907,
					"omitted":	false
				}],
			"sum":	{
				"start":	32.000527,
				"end":	33.000352,
				"seconds":	0.999825,
				"bytes":	977400,
				"bits_per_second":	7820568.593537,
				"retransmits":	0,
				"omitted":	false
			}
		}, {
			"streams":	[{
					"socket":	4,
					"start":	33.000352,
					"end":	34.001130,
					"seconds":	1.000778,
					"bytes":	781920,
					"bits_per_second":	6250497.364173,
					"retransmits":	2,
					"snd_cwnd":	3469408,
					"rtt":	1024344,
					"omitted":	false
				}],
			"sum":	{
				"start":	33.000352,
				"end":	34.001130,
				"seconds":	1.000778,
				"bytes":	781920,
				"bits_per_second":	6250497.364173,
				"retransmits":	2,
				"omitted":	false
			}
		}, {
			"streams":	[{
					"socket":	4,
					"start":	34.001130,
					"end":	35.000815,
					"seconds":	0.999685,
					"bytes":	716760,
					"bits_per_second":	5735886.522869,
					"retransmits":	79,
					"snd_cwnd":	3066864,
					"rtt":	905321,
					"omitted":	false
				}],
			"sum":	{
				"start":	34.001130,
				"end":	35.000815,
				"seconds":	0.999685,
				"bytes":	716760,
				"bits_per_second":	5735886.522869,
				"retransmits":	79,
				"omitted":	false
			}
		}, {
			"streams":	[{
					"socket":	4,
					"start":	35.000815,
					"end":	36.000843,
					"seconds":	1.000028,
					"bytes":	3127680,
					"bits_per_second":	25020742.047057,
					"retransmits":	0,
					"snd_cwnd":	2690384,
					"rtt":	756954,
					"omitted":	false
				}],
			"sum":	{
				"start":	35.000815,
				"end":	36.000843,
				"seconds":	1.000028,
				"bytes":	3127680,
				"bits_per_second":	25020742.047057,
				"retransmits":	0,
				"omitted":	false
			}
		}, {
			"streams":	[{
					"socket":	4,
					"start":	36.000843,
					"end":	37.001388,
					"seconds":	1.000545,
					"bytes":	1107720,
					"bits_per_second":	8856932.751362,
					"retransmits":	0,
					"snd_cwnd":	3318816,
					"rtt":	933317,
					"omitted":	false
				}],
			"sum":	{
				"start":	36.000843,
				"end":	37.001388,
				"seconds":	1.000545,
				"bytes":	1107720,
				"bits_per_second":	8856932.751362,
				"retransmits":	0,
				"omitted":	false
			}
		}, {
			"streams":	[{
					"socket":	4,
					"start":	37.001388,
					"end":	38.000565,
					"seconds":	0.999177,
					"bytes":	781920,
					"bits_per_second":	6260512.532879,
					"retransmits":	12,
					"snd_cwnd":	3689504,
					"rtt":	987787,
					"omitted":	false
				}],
			"sum":	{
				"start":	37.001388,
				"end":	38.000565,
				"seconds":	0.999177,
				"bytes":	781920,
				"bits_per_second":	6260512.532879,
				"retransmits":	12,
				"omitted":	false
			}
		}, {
			"streams":	[{
					"socket":	4,
					"start":	38.000565,
					"end":	39.001434,
					"seconds":	1.000869,
					"bytes":	722552,
					"bits_per_second":	5775396.973728,
					"retransmits":	69,
					"snd_cwnd":	3417280,
					"rtt":	915010,
					"omitted":	false
				}],
			"sum":	{
				"start":	38.000565,
				"end":	39.001434,
				"seconds":	1.000869,
				"bytes":	722552,
				"bits_per_second":	5775396.973728,
				"retransmits":	69,
				"omitted":	false
			}
		}, {
			"streams":	[{
					"socket":	4,
					"start":	39.001434,
					"end":	40.000195,
					"seconds":	0.998761,
					"bytes":	3932160,
					"bits_per_second":	31496305.855429,
					"retransmits":	17,
					"snd_cwnd":	1251072,
					"rtt":	355868,
					"omitted":	false
				}],
			"sum":	{
				"start":	39.001434,
				"end":	40.000195,
				"seconds":	0.998761,
				"bytes":	3932160,
				"bits_per_second":	31496305.855429,
				"retransmits":	17,
				"omitted":	false
			}
		}, {
			"streams":	[{
					"socket":	4,
					"start":	40.000195,
					"end":	41.001501,
					"seconds":	1.001306,
					"bytes":	306136,
					"bits_per_second":	2445893.523700,
					"retransmits":	0,
					"snd_cwnd":	2875728,
					"rtt":	816678,
					"omitted":	false
				}],
			"sum":	{
				"start":	40.000195,
				"end":	41.001501,
				"seconds":	1.001306,
				"bytes":	306136,
				"bits_per_second":	2445893.523700,
				"retransmits":	0,
				"omitted":	false
			}
		}, {
			"streams":	[{
					"socket":	4,
					"start":	41.001501,
					"end":	42.001592,
					"seconds":	1.000091,
					"bytes":	1172880,
					"bits_per_second":	9382185.509037,
					"retransmits":	0,
					"snd_cwnd":	3414384,
					"rtt":	960408,
					"omitted":	false
				}],
			"sum":	{
				"start":	41.001501,
				"end":	42.001592,
				"seconds":	1.000091,
				"bytes":	1172880,
				"bits_per_second":	9382185.509037,
				"retransmits":	0,
				"omitted":	false
			}
		}, {
			"streams":	[{
					"socket":	4,
					"start":	42.001592,
					"end":	43.000808,
					"seconds":	0.999216,
					"bytes":	1310720,
					"bits_per_second":	10493988.952805,
					"retransmits":	0,
					"snd_cwnd":	3622896,
					"rtt":	989288,
					"omitted":	false
				}],
			"sum":	{
				"start":	42.001592,
				"end":	43.000808,
				"seconds":	0.999216,
				"bytes":	1310720,
				"bits_per_second":	10493988.952805,
				"retransmits":	0,
				"omitted":	false
			}
		}, {
			"streams":	[{
					"socket":	4,
					"start":	43.000808,
					"end":	44.000080,
					"seconds":	0.999272,
					"bytes":	122800,
					"bits_per_second":	983115.601905,
					"retransmits":	77,
					"snd_cwnd":	3350672,
					"rtt":	914539,
					"omitted":	false
				}],
			"sum":	{
				"start":	43.000808,
				"end":	44.000080,
				"seconds":	0.999272,
				"bytes":	122800,
				"bits_per_second":	983115.601905,
				"retransmits":	77,
				"omitted":	false
			}
		}, {
			"streams":	[{
					"socket":	4,
					"start":	44.000080,
					"end":	45.000352,
					"seconds":	1.000272,
					"bytes":	3912496,
					"bits_per_second":	31291455.610137,
					"retransmits":	41,
					"snd_cwnd":	1908464,
					"rtt":	526104,
					"omitted":	false
				}],
			"sum":	{
				"start":	44.000080,
				"end":	45.000352,
				"seconds":	1.000272,
				"bytes":	3912496,
				"bits_per_second":	31291455.610137,
				"retransmits":	41,
				"omitted":	false
			}
		}, {
			"streams":	[{
					"socket":	4,
					"start":	45.000352,
					"end":	46.000447,
					"seconds":	1.000095,
					"bytes":	260640,
					"bits_per_second":	2084922.160497,
					"retransmits":	0,
					"snd_cwnd":	2791744,
					"rtt":	769732,
					"omitted":	false
				}],
			"sum":	{
				"start":	45.000352,
				"end":	46.000447,
				"seconds":	1.000095,
				"bytes":	260640,
				"bits_per_second":	2084922.160497,
				"retransmits":	0,
				"omitted":	false
			}
		}, {
			"streams":	[{
					"socket":	4,
					"start":	46.000447,
					"end":	47.000357,
					"seconds":	0.999910,
					"bytes":	1042560,
					"bits_per_second":	8341229.741462,
					"retransmits":	0,
					"snd_cwnd":	3518640,
					"rtt":	989372,
					"omitted":	false
				}],
			"sum":	{
				"start":	46.000447,
				"end":	47.000357,
				"seconds":	0.999910,
				"bytes":	1042560,
				"bits_per_second":	8341229.741462,
				"retransmits":	0,
				"omitted":	false
			}
		}, {
			"streams":	[{
					"socket":	4,
					"start":	47.000357,
					"end":	48.001592,
					"seconds":	1.001235,
					"bytes":	1238040,
					"bits_per_second":	9892103.171075,
					"retransmits":	17,
					"snd_cwnd":	3689504,
					"rtt":	1027294,
					"omitted":	false
				}],
			"sum":	{
				"start":	47.000357,
				"end":	48.001592,
				"seconds":	1.001235,
				"bytes":	1238040,
				"bits_per_second":	9892103.171075,
				"retransmits":	17,
				"omitted":	false
			}
		}, {
			"streams":	[{
					"socket":	4,
					"start":	48.001592,
					"end":	49.001309,
					"seconds":	0.999717,
					"bytes":	195480,
					"bits_per_second":	1564282.696467,
					"retransmits":	66,
					"snd_cwnd":	3408592,
					"rtt":	921549,
					"omitted":	false
				}],
			"sum":	{
				"start":	48.001592,
				"end":	49.001309,
				"seconds":	0.999717,
				"bytes":	195480,
				"bits_per_second":	1564282.696467,
				"retransmits":	66,
				"omitted":	false
			}
		}, {
			"streams":	[{
					"socket":	4,
					"start":	49.001309,
					"end":	50.000427,
					"seconds":	0.999118,
					"bytes":	4042816,
					"bits_per_second":	32371084.111148,
					"retransmits":	36,
					"snd_cwnd":	1925840,
					"rtt":	505164,
					"omitted":	false
				}],
			"sum":	{
				"start":	49.001309,
				"end":	50.000427,
				"seconds":	0.999118,
				"bytes":	4042816,
				"bits_per_second":	32371084.111148,
				"retransmits":	36,
				"omitted":	false
			}
		}, {
			"streams":	[{
					"socket":	4,
					"start":	50.000427,
					"end":	51.000773,
					"seconds":	1.000346,
					"bytes":	65160,
					"bits_per_second":	521099.603771,
					"retransmits":	0,
					"snd_cwnd":	3110304,
					"rtt":	816328,
					"omitted":	false
				}],
			"sum":	{
				"start":	50.000427,
				"end":	51.000773,
				"seconds":	1.000346,
				"bytes":	65160,
				"bits_per_second":	521099.603771,
				"retransmits":	0,
				"omitted":	false
			}
		}, {
			"streams":	[{
					"socket":	4,
					"start":	51.000773,
					"end":	52.001247,
					"seconds":	1.000474,
					"bytes":	1042560,
					"bits_per_second":	8336528.684353,
					"retransmits":	0,
					"snd_cwnd":	3796656,
					"rtt":	957655,
					"omitted":	false
				}],
			"sum":	{
				"start":	51.000773,
				"end":	52.001247,
				"seconds":	1.000474,
				"bytes":	1042560,
				"bits_per_second":	8336528.684353,
				"retransmits":	0,
				"omitted":	false
			}
		}, {
			"streams":	[{
					"socket":	4,
					"start":	52.001247,
					"end":	53.001297,
					"seconds":	1.000050,
					"bytes":	1172880,
					"bits_per_second":	9382572.471264,
					"retransmits":	92,
					"snd_cwnd":	3898016,
					"rtt":	983437,
					"omitted":	false
				}],
			"sum":	{
				"start":	52.001247,
				"end":	53.001297,
				"seconds":	1.000050,
				"bytes":	1172880,
				"bits_per_second":	9382572.471264,
				"retransmits":	92,
				"omitted":	false
			}
		}, {
			"streams":	[{
					"socket":	4,
					"start":	53.001297,
					"end":	54.001373,
					"seconds":	1.000076,
					"bytes":	198376,
					"bits_per_second":	1586887.308450,
					"retransmits":	121,
					"snd_cwnd":	3379632,
					"rtt":	895390,
					"omitted":	false
				}],
			"sum":	{
				"start":	53.001297,
				"end":	54.001373,
				"seconds":	1.000076,
				"bytes":	198376,
				"bits_per_second":	1586887.308450,
				"retransmits":	121,
				"omitted":	false
			}
		}, {
			"streams":	[{
					"socket":	4,
					"start":	54.001373,
					"end":	55.000387,
					"seconds":	0.999014,
					"bytes":	4042816,
					"bits_per_second":	32374444.696744,
					"retransmits":	0,
					"snd_cwnd":	1563840,
					"rtt":	414498,
					"omitted":	false
				}],
			"sum":	{
				"start":	54.001373,
				"end":	55.000387,
				"seconds":	0.999014,
				"bytes":	4042816,
				"bits_per_second":	32374444.696744,
				"retransmits":	0,
				"omitted":	false
			}
		}, {
			"streams":	[{
					"socket":	4,
					"start":	55.000387,
					"end":	56.000681,
					"seconds":	1.000294,
					"bytes":	456120,
					"bits_per_second":	3647887.630079,
					"retransmits":	0,
					"snd_cwnd":	3388320,
					"rtt":	888874,
					"omitted":	false
				}],
			"sum":	{
				"start":	55.000387,
				"end":	56.000681,
				"seconds":	1.000294,
				"bytes":	456120,
				"bits_per_second":	3647887.630079,
				"retransmits":	0,
				"omitted":	false
			}
		}, {
			"streams":	[{
					"socket":	4,
					"start":	56.000681,
					"end":	57.001494,
					"seconds":	1.000813,
					"bytes":	1238040,
					"bits_per_second":	9896274.256245,
					"retransmits":	0,
					"snd_cwnd":	3990688,
					"rtt":	1016456,
					"omitted":	false
				}],
			"sum":	{
				"start":	56.000681,
				"end":	57.001494,
				"seconds":	1.000813,
				"bytes":	1238040,
				"bits_per_second":	9896274.256245,
				"retransmits":	0,
				"omitted":	false
			}
		}, {
			"streams":	[{
					"socket":	4,
					"start":	57.001494,
					"end":	58.001393,
					"seconds":	0.999899,
					"bytes":	847080,
					"bits_per_second":	6777325.116255,
					"retransmits":	73,
					"snd_cwnd":	4080464,
					"rtt":	1039383,
					"omitted":	false
				}],
			"sum":	{
				"start":	57.001494,
				"end":	58.001393,
				"seconds":	0.999899,
				"bytes":	847080,
				"bits_per_second":	6777325.116255,
				"retransmits":	73,
				"omitted":	false
			}
		}, {
			"streams":	[{
					"socket":	4,
					"start":	58.001393,
					"end":	59.001550,
					"seconds":	1.000157,
					"bytes":	784816,
					"bits_per_second":	6277543.182635,
					"retransmits":	162,
					"snd_cwnd":	3640272,
					"rtt":	936620,
					"omitted":	false
				}],
			"sum":	{
				"start":	58.001393,
				"end":	59.001550,
				"seconds":	1.000157,
				"bytes":	784816,
				"bits_per_second":	6277543.182635,
				"retransmits":	162,
				"omitted":	false
			}
		}, {
			"streams":	[{
					"socket":	4,
					"start":	59.001550,
					"end":	60.000684,
					"seconds":	0.999134,
					"bytes":	4498936,
					"bits_per_second":	36022681.346656,
					"retransmits":	64,
					"snd_cwnd":	405440,
					"rtt":	104812,
					"omitted":	false
				}],
			"sum":	{
				"start":	59.001550,
				"end":	60.000684,
				"seconds":	0.999134,
				"bytes":	4498936,
				"bits_per_second":	36022681.346656,
				"retransmits":	64,
				"omitted":	false
			}
		}],
	"end":	{
		"streams":	[{
				"sender":	{
					"socket":	4,
					"start":	0,
					"end":	60.000684,
					"seconds":	60.000684,
					"bytes":	76661464,
					"bits_per_second":	10221412.005335,
					"retransmits":	1040,
					"max_snd_cwnd":	4080464,
					"max_rtt":	1039383,
					"min_rtt":	12894,
					"mean_rtt":	821881
				},
				"receiver":	{
					"socket":	4,
					"start":	0,
					"end":	60.000684,
					"seconds":	60.000684,
					"bytes":	72744960,
					"bits_per_second":	9699217.425219
				}
			}],
		"sum_sent":	{
			"start":	0,
			"end":	60.000684,
			"seconds":	60.000684,
			"bytes":	76661464,
			"bits_per_second":	10221412.005335,
			"retransmits":	1040
		},
		"sum_received":	{
			"start":	0,
			"end":	60.000684,
			"seconds":	60.000684,
			"bytes":	72744960,
			"bits_per_second":	9699217.425219
		},
		"cpu_utilization_percent":	{
			"host_total":	0.038712,
			"host_user":	0.012348,
			"host_system":	0.026364,
			"remote_total":	0.922205,
			"remote_user":	0,
			"remote_system":	0.922205
		}
	}
}
