{
	"start":	{
		"connected":	[{
				"socket":	4,
				"local_host":	"192.168.179.150",
				"local_port":	58884,
				"remote_host":	"192.168.120.130",
				"remote_port":	5201
			}],
		"version":	"iperf 3.1.3",
		"system_info":	"Linux a 4.15.0-213-generic #224-Ubuntu SMP Mon Jun 19 13:30:12 UTC 2023 x86_64",
		"timestamp":	{
			"time":	"Mon, 05 May 2025 11:02:50 GMT",
			"timesecs":	1746442970
		},
		"connecting_to":	{
			"host":	"192.168.120.130",
			"port":	5201
		},
		"cookie":	"a.1746442970.696191.41b3b77d36d70e6b",
		"tcp_mss_default":	1448,
		"test_start":	{
			"protocol":	"TCP",
			"num_streams":	1,
			"blksize":	131072,
			"omit":	0,
			"duration":	60,
			"bytes":	0,
			"blocks":	0,
			"reverse":	0
		}
	},
	"intervals":	[{
			"streams":	[{
					"socket":	4,
					"start":	0,
					"end":	1.000148,
					"seconds":	1.000148,
					"bytes":	605264,
					"bits_per_second":	4841395.193013,
					"retransmits":	0,
					"snd_cwnd":	14480,
					"rtt":	12952,
					"omitted":	false
				}],
			"sum":	{
				"start":	0,
				"end":	1.000148,
				"seconds":	1.000148,
				"bytes":	605264,
				"bits_per_second":	4841395.193013,
				"retransmits":	0,
				"omitted":	false
			}
		}, {
			"streams":	[{
					"socket":	4,
					"start":	1.000148,
					"end":	2.000288,
					"seconds":	1.000140,
					"bytes":	1721672,
					"bits_per_second":	13771448.662267,
					"retransmits":	0,
					"snd_cwnd":	196928,
					"rtt":	99907,
					"omitted":	false
				}],
			"sum":	{
				"start":	1.000148,
				"end":	2.000288,
				"seconds":	1.000140,
				"bytes":	1721672,
				"bits_per_second":	13771448.662267,
				"retransmits":	0,
				"omitted":	false
			}
		}, {
			"streams":	[{
					"socket":	4,
					"start":	2.000288,
					"end":	3.000621,
					"seconds":	1.000333,
					"bytes":	3518640,
					"bits_per_second":	28139747.473063,
					"retransmits":	0,
					"snd_cwnd":	845632,
					"rtt":	388411,
					"omitted":	false
				}],
			"sum":	{
				"start":	2.000288,
				"end":	3.000621,
				"seconds":	1.000333,
				"bytes":	3518640,
				"bits_per_second":	28139747.473063,
				"retransmits":	0,
				"omitted":	false
			}
		}, {
			"streams":	[{
					"socket":	4,
					"start":	3.000621,
					"end":	4.001123,
					"seconds":	1.000502,
					"bytes":	586440,
					"bits_per_second":	4689165.525313,
					"retransmits":	0,
					"snd_cwnd":	1503024,
					"rtt":	657126,
					"omitted":	false
				}],
			"sum":	{
				"start":	3.000621,
				"end":	4.001123,
				"seconds":	1.000502,
				"bytes":	586440,
				"bits_per_second":	4689165.525313,
				"retransmits":	0,
				"omitted":	false
			}
		}, {
			"streams":	[{
					"socket":	4,
					"start":	4.001123,
					"end":	5.001375,
					"seconds":	1.000252,
					"bytes":	847080,
					"bits_per_second":	6774932.659802,
					"retransmits":	0,
					"snd_cwnd":	1728912,
					"rtt":	719439,
					"omitted":	false
				}],
			"sum":	{
				"start":	4.001123,
				"end":	5.001375,
				"seconds":	1.000252,
				"bytes":	847080,
				"bits_per_second":	6774932.659802,
				"retransmits":	0,
				"omitted":	false
			}
		}, {
			"streams":	[{
					"socket":	4,
					"start":	5.001375,
					"end":	6.000885,
					"seconds":	0.999510,
					"bytes":	977400,
					"bits_per_second":	7823034.762447,
					"retransmits":	0,
					"snd_cwnd":	1821584,
					"rtt":	758179,
					"omitted":	false
				}],
			"sum":	{
				"start":	5.001375,
				"end":	6.000885,
				"seconds":	0.999510,
				"bytes":	977400,
				"bits_per_second":	7823034.762447,
				"retransmits":	0,
				"omitted":	false
			}
		}, {
			"streams":	[{
					"socket":	4,
					"start":	6.000885,
					"end":	7.001609,
					"seconds":	1.000724,
					"bytes":	912240,
					"bits_per_second":	7292639.565782,
					"retransmits":	0,
					"snd_cwnd":	2325488,
					"rtt":	920972,
					"omitted":	false
				}],
			"sum":	{
				"start":	6.000885,
				"end":	7.001609,
				"seconds":	1.000724,
				"bytes":	912240,
				"bits_per_second":	7292639.565782,
				"retransmits":	0,
				"omitted":	false
			}
		}, {
			"streams":	[{
					"socket":	4,
					"start":	7.001609,
					"end":	8.001099,
					"seconds":	0.999490,
					"bytes":	521280,
					"bits_per_second":	4172367.813042,
					"retransmits":	4,
					"snd_cwnd":	2334176,
					"rtt":	924893,
					"omitted":	false
				}],
			"sum":	{
				"start":	7.001609,
				"end":	8.001099,
				"seconds":	0.999490,
				"bytes":	521280,
				"bits_per_second":	4172367.813042,
				"retransmits":	4,
				"omitted":	false
			}
		}, {
			"streams":	[{
					"socket":	4,
					"start":	8.001099,
					"end":	9.001366,
					"seconds":	1.000267,
					"bytes":	1310720,
					"bits_per_second":	10482960.747481,
					"retransmits":	17,
					"snd_cwnd":	1288720,
					"rtt":	486173,
					"omitted":	false
				}],
			"sum":	{
				"start":	8.001099,
				"end":	9.001366,
				"seconds":	1.000267,
				"bytes":	1310720,
				"bits_per_second":	10482960.747481,
				"retransmits":	17,
				"omitted":	false
			}
		}, {
			"streams":	[{
					"socket":	4,
					"start":	9.001366,
					"end":	10.000466,
					"seconds":	0.999100,
					"bytes":	1882120,
					"bits_per_second":	15070523.925700,
					"retransmits":	0,
					"snd_cwnd":	1983760,
					"rtt":	713375,
					"omitted":	false
				}],
			"sum":	{
				"start":	9.001366,
				"end":	10.000466,
				"seconds":	0.999100,
				"bytes":	1882120,
				"bits_per_second":	15070523.925700,
				"retransmits":	0,
				"omitted":	false
			}
		}, {
			"streams":	[{
					"socket":	4,
					"start":	10.000466,
					"end":	11.001269,
					"seconds":	1.000803,
					"bytes":	977400,
					"bits_per_second":	7812926.268846,
					"retransmits":	0,
					"snd_cwnd":	2400784,
					"rtt":	862982,
					"omitted":	false
				}],
			"sum":	{
				"start":	10.000466,
				"end":	11.001269,
				"seconds":	1.000803,
				"bytes":	977400,
				"bits_per_second":	7812926.268846,
				"retransmits":	0,
				"omitted":	false
			}
		}, {
			"streams":	[{
					"socket":	4,
					"start":	11.001269,
					"end":	12.000361,
					"seconds":	0.999092,
					"bytes":	977400,
					"bits_per_second":	7826305.486701,
					"retransmits":	0,
					"snd_cwnd":	2774368,
					"rtt":	948973,
					"omitted":	false
				}],
			"sum":	{
				"start":	11.001269,
				"end":	12.000361,
				"seconds":	0.999092,
				"bytes":	977400,
				"bits_per_second":	7826305.486701,
				"retransmits":	0,
				"omitted":	false
			}
		}, {
			"streams":	[{
					"socket":	4,
					"start":	12.000361,
					"end":	13.001368,
					"seconds":	1.001007,
					"bytes":	586440,
					"bits_per_second":	4686801.133369,
					"retransmits":	31,
					"snd_cwnd":	2562960,
					"rtt":	911306,
					"omitted":	false
				}],
			"sum":	{
				"start":	12.000361,
				"end":	13.001368,
				"seconds":	1.001007,
				"bytes":	586440,
				"bits_per_second":	4686801.133369,
				"retransmits":	31,
				"omitted":	false
			}
		}, {
			"streams":	[{
					"socket":	4,
					"start":	13.001368,
					"end":	14.000369,
					"seconds":	0.999001,
					"bytes":	1498680,
					"bits_per_second":	12001429.113805,
					"retransmits":	1,
					"snd_cwnd":	1430624,
					"rtt":	519021,
					"omitted":	false
				}],
			"sum":	{
				"start":	13.001368,
				"end":	14.000369,
				"seconds":	0.999001,
				"bytes":	1498680,
				"bits_per_second":	12001429.113805,
				"retransmits":	1,
				"omitted":	false
			}
		}, {
			"streams":	[{
					"socket":	4,
					"start":	14.000369,
					"end":	15.000934,
					"seconds":	1.000565,
					"bytes":	1889640,
					"bits_per_second":	15108582.864545,
					"retransmits":	0,
					"snd_cwnd":	1949008,
					"rtt":	707982,
					"omitted":	false
				}],
			"sum":	{
				"start":	14.000369,
				"end":	15.000934,
				"seconds":	1.000565,
				"bytes":	1889640,
				"bits_per_second":	15108582.864545,
				"retransmits":	0,
				"omitted":	false
			}
		}, {
			"streams":	[{
					"socket":	4,
					"start":	15.000934,
					"end":	16.000369,
					"seconds":	0.999435,
					"bytes":	977400,
					"bits_per_second":	7823620.752808,
					"retransmits":	0,
					"snd_cwnd":	2386304,
					"rtt":	857001,
					"omitted":	false
				}],
			"sum":	{
				"start":	15.000934,
				"end":	16.000369,
				"seconds":	0.999435,
				"bytes":	977400,
				"bits_per_second":	7823620.752808,
				"retransmits":	0,
				"omitted":	false
			}
		}, {
			"streams":	[{
					"socket":	4,
					"start":	16.000369,
					"end":	17.001564,
					"seconds":	1.001195,
					"bytes":	977400,
					"bits_per_second":	7809867.568147,
					"retransmits":	0,
					"snd_cwnd":	2713552,
					"rtt":	946862,
					"omitted":	false
				}],
			"sum":	{
				"start":	16.000369,
				"end":	17.001564,
				"seconds":	1.001195,
				"bytes":	977400,
				"bits_per_second":	7809867.568147,
				"retransmits":	0,
				"omitted":	false
			}
		}, {
			"streams":	[{
					"socket":	4,
					"start":	17.001564,
					"end":	18.001130,
					"seconds":	0.999566,
					"bytes":	586440,
					"bits_per_second":	4693556.636610,
					"retransmits":	31,
					"snd_cwnd":	2617984,
					"rtt":	913517,
					"omitted":	false
				}],
			"sum":	{
				"start":	17.001564,
				"end":	18.001130,
				"seconds":	0.999566,
				"bytes":	586440,
				"bits_per_second":	4693556.636610,
				"retransmits":	31,
				"omitted":	false
			}
		}, {
			"streams":	[{
					"socket":	4,
					"start":	18.001130,
					"end":	19.000128,
					"seconds":	0.998998,
					"bytes":	195480,
					"bits_per_second":	1565408.654197,
					"retransmits":	6,
					"snd_cwnd":	1433520,
					"rtt":	514964,
					"omitted":	false
				}],
			"sum":	{
				"start":	18.001130,
				"end":	19.000128,
				"seconds":	0.998998,
				"bytes":	195480,
				"bits_per_second":	1565408.654197,
				"retransmits":	6,
				"omitted":	false
			}
		}, {
			"streams":	[{
					"socket":	4,
					"start":	19.000128,
					"end":	20.000467,
					"seconds":	1.000339,
					"bytes":	3453480,
					"bits_per_second":	27618476.474241,
					"retransmits":	0,
					"snd_cwnd":	1421936,
					"rtt":	501500,
					"omitted":	false
				}],
			"sum":	{
				"start":	19.000128,
				"end":	20.000467,
				"seconds":	1.000339,
				"bytes":	3453480,
				"bits_per_second":	27618476.474241,
				"retransmits":	0,
				"omitted":	false
			}
		}, {
			"streams":	[{
					"socket":	4,
					"start":	20.000467,
					"end":	21.001515,
					"seconds":	1.001048,
					"bytes":	781920,
					"bits_per_second":	6248810.696034,
					"retransmits":	0,
					"snd_cwnd":	2116976,
					"rtt":	752820,
					"omitted":	false
				}],
			"sum":	{
				"start":	20.000467,
				"end":	21.001515,
				"seconds":	1.001048,
				"bytes":	781920,
				"bits_per_second":	6248810.696034,
				"retransmits":	0,
				"omitted":	false
			}
		}, {
			"streams":	[{
					"socket":	4,
					"start":	21.001515,
					"end":	22.000316,
					"seconds":	0.998801,
					"bytes":	912240,
					"bits_per_second":	7306680.761631,
					"retransmits":	0,
					"snd_cwnd":	2615088,
					"rtt":	903259,
					"omitted":	false
				}],
			"sum":	{
				"start":	21.001515,
				"end":	22.000316,
				"seconds":	0.998801,
				"bytes":	912240,
				"bits_per_second":	7306680.761631,
				"retransmits":	0,
				"omitted":	false
			}
		}, {
			"streams":	[{
					"socket":	4,
					"start":	22.000316,
					"end":	23.001387,
					"seconds":	1.001071,
					"bytes":	521280,
					"bits_per_second":	4165778.550080,
					"retransmits":	21,
					"snd_cwnd":	2655632,
					"rtt":	917461,
					"omitted":	false
				}],
			"sum":	{
				"start":	22.000316,
				"end":	23.001387,
				"seconds":	1.001071,
				"bytes":	521280,
				"bits_per_second":	4165778.550080,
				"retransmits":	21,
				"omitted":	false
			}
		}, {
			"streams":	[{
					"socket":	4,
					"start":	23.001387,
					"end":	24.001377,
					"seconds":	0.999990,
					"bytes":	195480,
					"bits_per_second":	1563855.659794,
					"retransmits":	30,
					"snd_cwnd":	1416144,
					"rtt":	504394,
					"omitted":	false
				}],
			"sum":	{
				"start":	23.001387,
				"end":	24.001377,
				"seconds":	0.999990,
				"bytes":	195480,
				"bits_per_second":	1563855.659794,
				"retransmits":	30,
				"omitted":	false
			}
		}, {
			"streams":	[{
					"socket":	4,
					"start":	24.001377,
					"end":	25.001340,
					"seconds":	0.999963,
					"bytes":	3453480,
					"bits_per_second":	27628861.021237,
					"retransmits":	0,
					"snd_cwnd":	1439312,
					"rtt":	512289,
					"omitted":	false
				}],
			"sum":	{
				"start":	24.001377,
				"end":	25.001340,
				"seconds":	0.999963,
				"bytes":	3453480,
				"bits_per_second":	27628861.021237,
				"retransmits":	0,
				"omitted":	false
			}
		}, {
			"streams":	[{
					"socket":	4,
					"start":	25.001340,
					"end":	26.001419,
					"seconds":	1.000079,
					"bytes":	781920,
					"bits_per_second":	6254866.387526,
					"retransmits":	0,
					"snd_cwnd":	2145936,
					"rtt":	755867,
					"omitted":	false
				}],
			"sum":	{
				"start":	25.001340,
				"end":	26.001419,
				"seconds":	1.000079,
				"bytes":	781920,
				"bits_per_second":	6254866.387526,
				"retransmits":	0,
				"omitted":	false
			}
		}, {
			"streams":	[{
					"socket":	4,
					"start":	26.001419,
					"end":	27.001211,
					"seconds":	0.999792,
					"bytes":	912240,
					"bits_per_second":	7299437.560375,
					"retransmits":	0,
					"snd_cwnd":	2644048,
					"rtt":	904185,
					"omitted":	false
				}],
			"sum":	{
				"start":	26.001419,
				"end":	27.001211,
				"seconds":	0.999792,
				"bytes":	912240,
				"bits_per_second":	7299437.560375,
				"retransmits":	0,
				"omitted":	false
			}
		}, {
			"streams":	[{
					"socket":	4,
					"start":	27.001211,
					"end":	28.001519,
					"seconds":	1.000308,
					"bytes":	521280,
					"bits_per_second":	4168955.808176,
					"retransmits":	31,
					"snd_cwnd":	2693280,
					"rtt":	921131,
					"omitted":	false
				}],
			"sum":	{
				"start":	27.001211,
				"end":	28.001519,
				"seconds":	1.000308,
				"bytes":	521280,
				"bits_per_second":	4168955.808176,
				"retransmits":	31,
				"omitted":	false
			}
		}, {
			"streams":	[{
					"socket":	4,
					"start":	28.001519,
					"end":	29.001273,
					"seconds":	0.999754,
					"bytes":	195480,
					"bits_per_second":	1564224.874361,
					"retransmits":	44,
					"snd_cwnd":	1453792,
					"rtt":	501786,
					"omitted":	false
				}],
			"sum":	{
				"start":	28.001519,
				"end":	29.001273,
				"seconds":	0.999754,
				"bytes":	195480,
				"bits_per_second":	1564224.874361,
				"retransmits":	44,
				"omitted":	false
			}
		}, {
			"streams":	[{
					"socket":	4,
					"start":	29.001273,
					"end":	30.000575,
					"seconds":	0.999302,
					"bytes":	3453480,
					"bits_per_second":	27647140.181019,
					"retransmits":	0,
					"snd_cwnd":	1459584,
					"rtt":	514454,
					"omitted":	false
				}],
			"sum":	{
				"start":	29.001273,
				"end":	30.000575,
				"seconds":	0.999302,
				"bytes":	3453480,
				"bits_per_second":	27647140.181019,
				"retransmits":	0,
				"omitted":	false
			}
		}, {
			"streams":	[{
					"socket":	4,
					"start":	30.000575,
					"end":	31.000965,
					"seconds":	1.000390,
					"bytes":	781920,
					"bits_per_second":	6252921.030673,
					"retransmits":	0,
					"snd_cwnd":	2235712,
					"rtt":	756440,
					"omitted":	false
				}],
			"sum":	{
				"start":	30.000575,
				"end":	31.000965,
				"seconds":	1.000390,
				"bytes":	781920,
				"bits_per_second":	6252921.030673,
				"retransmits":	0,
				"omitted":	false
			}
		}, {
			"streams":	[{
					"socket":	4,
					"start":	31.000965,
					"end":	32.001580,
					"seconds":	1.000615,
					"bytes":	847080,
					"bits_per_second":	6772475.729860,
					"retransmits":	0,
					"snd_cwnd":	2687488,
					"rtt":	909753,
					"omitted":	false
				}],
			"sum":	{
				"start":	31.000965,
				"end":	32.001580,
				"seconds":	1.000615,
				"bytes":	847080,
				"bits_per_second":	6772475.729860,
				"retransmits":	0,
				"omitted":	false
			}
		}, {
			"streams":	[{
					"socket":	4,
					"start":	32.001580,
					"end":	33.000219,
					"seconds":	0.998639,
					"bytes":	586440,
					"bits_per_second":	4697913.358576,
					"retransmits":	59,
					"snd_cwnd":	2617984,
					"rtt":	912927,
					"omitted":	false
				}],
			"sum":	{
				"start":	32.001580,
				"end":	33.000219,
				"seconds":	0.998639,
				"bytes":	586440,
				"bits_per_second":	4697913.358576,
				"retransmits":	59,
				"omitted":	false
			}
		}, {
			"streams":	[{
					"socket":	4,
					"start":	33.000219,
					"end":	34.000638,
					"seconds":	1.000419,
					"bytes":	390960,
					"bits_per_second":	3126370.358944,
					"retransmits":	27,
					"snd_cwnd":	1595696,
					"rtt":	545524,
					"omitted":	false
				}],
			"sum":	{
				"start":	33.000219,
				"end":	34.000638,
				"seconds":	1.000419,
				"bytes":	390960,
				"bits_per_second":	3126370.358944,
				"retransmits":	27,
				"omitted":	false
			}
		}, {
			"streams":	[{
					"socket":	4,
					"start":	34.000638,
					"end":	35.000504,
					"seconds":	0.999866,
					"bytes":	3453480,
					"bits_per_second":	27631542.384667,
					"retransmits":	0,
					"snd_cwnd":	1775248,
					"rtt":	619426,
					"omitted":	false
				}],
			"sum":	{
				"start":	34.000638,
				"end":	35.000504,
				"seconds":	0.999866,
				"bytes":	3453480,
				"bits_per_second":	27631542.384667,
				"retransmits":	0,
				"omitted":	false
			}
		}, {
			"streams":	[{
					"socket":	4,
					"start":	35.000504,
					"end":	36.000779,
					"seconds":	1.000275,
					"bytes":	977400,
					"bits_per_second":	7817049.255838,
					"retransmits":	0,
					"snd_cwnd":	2255984,
					"rtt":	778638,
					"omitted":	false
				}],
			"sum":	{
				"start":	35.000504,
				"end":	36.000779,
				"seconds":	1.000275,
				"bytes":	977400,
				"bits_per_second":	7817049.255838,
				"retransmits":	0,
				"omitted":	false
			}
		}, {
			"streams":	[{
					"socket":	4,
					"start":	36.000779,
					"end":	37.000560,
					"seconds":	0.999781,
					"bytes":	781920,
					"bits_per_second":	6256730.891497,
					"retransmits":	0,
					"snd_cwnd":	2838080,
					"rtt":	951068,
					"omitted":	false
				}],
			"sum":	{
				"start":	36.000779,
				"end":	37.000560,
				"seconds":	0.999781,
				"bytes":	781920,
				"bits_per_second":	6256730.891497,
				"retransmits":	0,
				"omitted":	false
			}
		}, {
			"streams":	[{
					"socket":	4,
					"start":	37.000560,
					"end":	38.001516,
					"seconds":	1.000956,
					"bytes":	521280,
					"bits_per_second":	4166256.814750,
					"retransmits":	40,
					"snd_cwnd":	2812016,
					"rtt":	942537,
					"omitted":	false
				}],
			"sum":	{
				"start":	37.000560,
				"end":	38.001516,
				"seconds":	1.000956,
				"bytes":	521280,
				"bits_per_second":	4166256.814750,
				"retransmits":	40,
				"omitted":	false
			}
		}, {
			"streams":	[{
					"socket":	4,
					"start":	38.001516,
					"end":	39.001182,
					"seconds":	0.999666,
					"bytes":	260640,
					"bits_per_second":	2085816.713737,
					"retransmits":	57,
					"snd_cwnd":	1705744,
					"rtt":	589077,
					"omitted":	false
				}],
			"sum":	{
				"start":	38.001516,
				"end":	39.001182,
				"seconds":	0.999666,
				"bytes":	260640,
				"bits_per_second":	2085816.713737,
				"retransmits":	57,
				"omitted":	false
			}
		}, {
			"streams":	[{
					"socket":	4,
					"start":	39.001182,
					"end":	40.000907,
					"seconds":	0.999725,
					"bytes":	3909600,
					"bits_per_second":	31285400.250838,
					"retransmits":	0,
					"snd_cwnd":	1708640,
					"rtt":	589690,
					"omitted":	false
				}],
			"sum":	{
				"start":	39.001182,
				"end":	40.000907,
				"seconds":	0.999725,
				"bytes":	3909600,
				"bits_per_second":	31285400.250838,
				"retransmits":	0,
				"omitted":	false
			}
		}, {
			"streams":	[{
					"socket":	4,
					"start":	40.000907,
					"end":	41.001161,
					"seconds":	1.000254,
					"bytes":	977400,
					"bits_per_second":	7817215.085681,
					"retransmits":	0,
					"snd_cwnd":	2311008,
					"rtt":	790445,
					"omitted":	false
				}],
			"sum":	{
				"start":	40.000907,
				"end":	41.001161,
				"seconds":	1.000254,
				"bytes":	977400,
				"bits_per_second":	7817215.085681,
				"retransmits":	0,
				"omitted":	false
			}
		}, {
			"streams":	[{
					"socket":	4,
					"start":	41.001161,
					"end":	42.000247,
					"seconds":	0.999086,
					"bytes":	977400,
					"bits_per_second":	7826354.045441,
					"retransmits":	0,
					"snd_cwnd":	2696176,
					"rtt":	895081,
					"omitted":	false
				}],
			"sum":	{
				"start":	41.001161,
				"end":	42.000247,
				"seconds":	0.999086,
				"bytes":	977400,
				"bits_per_second":	7826354.045441,
				"retransmits":	0,
				"omitted":	false
			}
		}, {
			"streams":	[{
					"socket":	4,
					"start":	42.000247,
					"end":	43.000791,
					"seconds":	1.000544,
					"bytes":	521280,
					"bits_per_second":	4167972.326305,
					"retransmits":	51,
					"snd_cwnd":	2730928,
					"rtt":	905992,
					"omitted":	false
				}],
			"sum":	{
				"start":	42.000247,
				"end":	43.000791,
				"seconds":	1.000544,
				"bytes":	521280,
				"bits_per_second":	4167972.326305,
				"retransmits":	51,
				"omitted":	false
			}
		}, {
			"streams":	[{
					"socket":	4,
					"start":	43.000791,
					"end":	44.001294,
					"seconds":	1.000503,
					"bytes":	260640,
					"bits_per_second":	2084071.580278,
					"retransmits":	58,
					"snd_cwnd":	1665200,
					"rtt":	569673,
					"omitted":	false
				}],
			"sum":	{
				"start":	43.000791,
				"end":	44.001294,
				"seconds":	1.000503,
				"bytes":	260640,
				"bits_per_second":	2084071.580278,
				"retransmits":	58,
				"omitted":	false
			}
		}, {
			"streams":	[{
					"socket":	4,
					"start":	44.001294,
					"end":	45.001295,
					"seconds":	1.000001,
					"bytes":	3779280,
					"bits_per_second":	30234211.166409,
					"retransmits":	0,
					"snd_cwnd":	1717328,
					"rtt":	575325,
					"omitted":	false
				}],
			"sum":	{
				"start":	44.001294,
				"end":	45.001295,
				"seconds":	1.000001,
				"bytes":	3779280,
				"bits_per_second":	30234211.166409,
				"retransmits":	0,
				"omitted":	false
			}
		}, {
			"streams":	[{
					"socket":	4,
					"start":	45.001295,
					"end":	46.001349,
					"seconds":	1.000054,
					"bytes":	912240,
					"bits_per_second":	7297525.050519,
					"retransmits":	0,
					"snd_cwnd":	2557168,
					"rtt":	874619,
					"omitted":	false
				}],
			"sum":	{
				"start":	45.001295,
				"end":	46.001349,
				"seconds":	1.000054,
				"bytes":	912240,
				"bits_per_second":	7297525.050519,
				"retransmits":	0,
				"omitted":	false
			}
		}, {
			"streams":	[{
					"socket":	4,
					"start":	46.001349,
					"end":	47.001621,
					"seconds":	1.000272,
					"bytes":	977400,
					"bits_per_second":	7817075.340965,
					"retransmits":	0,
					"snd_cwnd":	2887312,
					"rtt":	977684,
					"omitted":	false
				}],
			"sum":	{
				"start":	46.001349,
				"end":	47.001621,
				"seconds":	1.000272,
				"bytes":	977400,
				"bits_per_second":	7817075.340965,
				"retransmits":	0,
				"omitted":	false
			}
		}, {
			"streams":	[{
					"socket":	4,
					"start":	47.001621,
					"end":	48.001397,
					"seconds":	0.999776,
					"bytes":	651600,
					"bits_per_second":	5213967.277163,
					"retransmits":	50,
					"snd_cwnd":	2855456,
					"rtt":	938202,
					"omitted":	false
				}],
			"sum":	{
				"start":	47.001621,
				"end":	48.001397,
				"seconds":	0.999776,
				"bytes":	651600,
				"bits_per_second":	5213967.277163,
				"retransmits":	50,
				"omitted":	false
			}
		}, {
			"streams":	[{
					"socket":	4,
					"start":	48.001397,
					"end":	49.000657,
					"seconds":	0.999260,
					"bytes":	130320,
					"bits_per_second":	1043332.119259,
					"retransmits":	54,
					"snd_cwnd":	2160416,
					"rtt":	717276,
					"omitted":	false
				}],
			"sum":	{
				"start":	48.001397,
				"end":	49.000657,
				"seconds":	0.999260,
				"bytes":	130320,
				"bits_per_second":	1043332.119259,
				"retransmits":	54,
				"omitted":	false
			}
		}, {
			"streams":	[{
					"socket":	4,
					"start":	49.000657,
					"end":	50.000656,
					"seconds":	0.999999,
					"bytes":	4107976,
					"bits_per_second":	32863839.341400,
					"retransmits":	0,
					"snd_cwnd":	1581216,
					"rtt":	525079,
					"omitted":	false
				}],
			"sum":	{
				"start":	49.000657,
				"end":	50.000656,
				"seconds":	0.999999,
				"bytes":	4107976,
				"bits_per_second":	32863839.341400,
				"retransmits":	0,
				"omitted":	false
			}
		}, {
			"streams":	[{
					"socket":	4,
					"start":	50.000656,
					"end":	51.000975,
					"seconds":	1.000319,
					"bytes":	651600,
					"bits_per_second":	5211137.625946,
					"retransmits":	0,
					"snd_cwnd":	2664320,
					"rtt":	902304,
					"omitted":	false
				}],
			"sum":	{
				"start":	50.000656,
				"end":	51.000975,
				"seconds":	1.000319,
				"bytes":	651600,
				"bits_per_second":	5211137.625946,
				"retransmits":	0,
				"omitted":	false
			}
		}, {
			"streams":	[{
					"socket":	4,
					"start":	51.000975,
					"end":	52.001531,
					"seconds":	1.000556,
					"bytes":	586440,
					"bits_per_second":	4688913.001290,
					"retransmits":	16,
					"snd_cwnd":	2916272,
					"rtt":	977312,
					"omitted":	false
				}],
			"sum":	{
				"start":	51.000975,
				"end":	52.001531,
				"seconds":	1.000556,
				"bytes":	586440,
				"bits_per_second":	4688913.001290,
				"retransmits":	16,
				"omitted":	false
			}
		}, {
			"streams":	[{
					"socket":	4,
					"start":	52.001531,
					"end":	53.000709,
					"seconds":	0.999178,
					"bytes":	1629000,
					"bits_per_second":	13042721.994743,
					"retransmits":	59,
					"snd_cwnd":	1673888,
					"rtt":	544262,
					"omitted":	false
				}],
			"sum":	{
				"start":	52.001531,
				"end":	53.000709,
				"seconds":	0.999178,
				"bytes":	1629000,
				"bits_per_second":	13042721.994743,
				"retransmits":	59,
				"omitted":	false
			}
		}, {
			"streams":	[{
					"socket":	4,
					"start":	53.000709,
					"end":	54.000498,
					"seconds":	0.999789,
					"bytes":	2215440,
					"bits_per_second":	17727260.459801,
					"retransmits":	0,
					"snd_cwnd":	2380512,
					"rtt":	774045,
					"omitted":	false
				}],
			"sum":	{
				"start":	53.000709,
				"end":	54.000498,
				"seconds":	0.999789,
				"bytes":	2215440,
				"bits_per_second":	17727260.459801,
				"retransmits":	0,
				"omitted":	false
			}
		}, {
			"streams":	[{
					"socket":	4,
					"start":	54.000498,
					"end":	55.001616,
					"seconds":	1.001118,
					"bytes":	1107720,
					"bits_per_second":	8851864.105284,
					"retransmits":	0,
					"snd_cwnd":	2968400,
					"rtt":	937243,
					"omitted":	false
				}],
			"sum":	{
				"start":	54.000498,
				"end":	55.001616,
				"seconds":	1.001118,
				"bytes":	1107720,
				"bits_per_second":	8851864.105284,
				"retransmits":	0,
				"omitted":	false
			}
		}, {
			"streams":	[{
					"socket":	4,
					"start":	55.001616,
					"end":	56.000740,
					"seconds":	0.999124,
					"bytes":	586440,
					"bits_per_second":	4695633.139189,
					"retransmits":	82,
					"snd_cwnd":	2846768,
					"rtt":	899294,
					"omitted":	false
				}],
			"sum":	{
				"start":	55.001616,
				"end":	56.000740,
				"seconds":	0.999124,
				"bytes":	586440,
				"bits_per_second":	4695633.139189,
				"retransmits":	82,
				"omitted":	false
			}
		}, {
			"streams":	[{
					"socket":	4,
					"start":	56.000740,
					"end":	57.000366,
					"seconds":	0.999626,
					"bytes":	260640,
					"bits_per_second":	2085899.793471,
					"retransmits":	34,
					"snd_cwnd":	2334176,
					"rtt":	767289,
					"omitted":	false
				}],
			"sum":	{
				"start":	56.000740,
				"end":	57.000366,
				"seconds":	0.999626,
				"bytes":	260640,
				"bits_per_second":	2085899.793471,
				"retransmits":	34,
				"omitted":	false
			}
		}, {
			"streams":	[{
					"socket":	4,
					"start":	57.000366,
					"end":	58.000433,
					"seconds":	1.000067,
					"bytes":	4042816,
					"bits_per_second":	32340361.337418,
					"retransmits":	0,
					"snd_cwnd":	1601488,
					"rtt":	516390,
					"omitted":	false
				}],
			"sum":	{
				"start":	57.000366,
				"end":	58.000433,
				"seconds":	1.000067,
				"bytes":	4042816,
				"bits_per_second":	32340361.337418,
				"retransmits":	0,
				"omitted":	false
			}
		}, {
			"streams":	[{
					"socket":	4,
					"start":	58.000433,
					"end":	59.001419,
					"seconds":	1.000986,
					"bytes":	716760,
					"bits_per_second":	5728432.562750,
					"retransmits":	0,
					"snd_cwnd":	2658528,
					"rtt":	864999,
					"omitted":	false
				}],
			"sum":	{
				"start":	58.000433,
				"end":	59.001419,
				"seconds":	1.000986,
				"bytes":	716760,
				"bits_per_second":	5728432.562750,
				"retransmits":	0,
				"omitted":	false
			}
		}, {
			"streams":	[{
					"socket":	4,
					"start":	59.001419,
					"end":	60.000205,
					"seconds":	0.998786,
					"bytes":	781920,
					"bits_per_second":	6262963.409214,
					"retransmits":	11,
					"snd_cwnd":	2119872,
					"rtt":	669760,
					"omitted":	false
				}],
			"sum":	{
				"start":	59.001419,
				"end":	60.000205,
				"seconds":	0.998786,
				"bytes":	781920,
				"bits_per_second":	6262963.409214,
				"retransmits":	11,
				"omitted":	false
			}
		}],
	"end":	{
		"streams":	[{
				"sender":	{
					"socket":	4,
					"start":	0,
					"end":	60.000205,
					"seconds":	60.000205,
					"bytes":	75116448,
					"bits_per_second":	10015492.173728,
					"retransmits":	814,
					"max_snd_cwnd":	2968400,
					"max_rtt":	977684,
					"min_rtt":	12952,
					"mean_rtt":	729508
				},
				"receiver":	{
					"socket":	4,
					"start":	0,
					"end":	60.000205,
					"seconds":	60.000205,
					"bytes":	73400320,
					"bits_per_second":	9786675.889003
				}
			}],
		"sum_sent":	{
			"start":	0,
			"end":	60.000205,
			"seconds":	60.000205,
			"bytes":	75116448,
			"bits_per_second":	10015492.173728,
			"retransmits":	814
		},
		"sum_received":	{
			"start":	0,
			"end":	60.000205,
			"seconds":	60.000205,
			"bytes":	73400320,
			"bits_per_second":	9786675.889003
		},
		"cpu_utilization_percent":	{
			"host_total":	0.037441,
			"host_user":	0,
			"host_system":	0.037443,
			"remote_total":	0.865618,
			"remote_user":	0,
			"remote_system":	0.865680
		}
	}
}
