{
	"start":	{
		"connected":	[{
				"socket":	4,
				"local_host":	"192.168.179.150",
				"local_port":	57572,
				"remote_host":	"192.168.120.130",
				"remote_port":	5201
			}],
		"version":	"iperf 3.1.3",
		"system_info":	"Linux a 4.15.0-213-generic #224-Ubuntu SMP Mon Jun 19 13:30:12 UTC 2023 x86_64",
		"timestamp":	{
			"time":	"Mon, 05 May 2025 11:06:56 GMT",
			"timesecs":	1746443216
		},
		"connecting_to":	{
			"host":	"192.168.120.130",
			"port":	5201
		},
		"cookie":	"a.1746443216.613387.0d6b9d611e8892fb",
		"tcp_mss_default":	1448,
		"test_start":	{
			"protocol":	"TCP",
			"num_streams":	1,
			"blksize":	131072,
			"omit":	0,
			"duration":	60,
			"bytes":	0,
			"blocks":	0,
			"reverse":	0
		}
	},
	"intervals":	[{
			"streams":	[{
					"socket":	4,
					"start":	0,
					"end":	1.000231,
					"seconds":	1.000231,
					"bytes":	605264,
					"bits_per_second":	4840993.596852,
					"retransmits":	0,
					"snd_cwnd":	14480,
					"rtt":	13137,
					"omitted":	false
				}],
			"sum":	{
				"start":	0,
				"end":	1.000231,
				"seconds":	1.000231,
				"bytes":	605264,
				"bits_per_second":	4840993.596852,
				"retransmits":	0,
				"omitted":	false
			}
		}, {
			"streams":	[{
					"socket":	4,
					"start":	1.000231,
					"end":	2.000269,
					"seconds":	1.000038,
					"bytes":	2072088,
					"bits_per_second":	16576075.624941,
					"retransmits":	0,
					"snd_cwnd":	266432,
					"rtt":	141934,
					"omitted":	false
				}],
			"sum":	{
				"start":	1.000231,
				"end":	2.000269,
				"seconds":	1.000038,
				"bytes":	2072088,
				"bits_per_second":	16576075.624941,
				"retransmits":	0,
				"omitted":	false
			}
		}, {
			"streams":	[{
					"socket":	4,
					"start":	2.000269,
					"end":	3.000631,
					"seconds":	1.000362,
					"bytes":	2997360,
					"bits_per_second":	23970199.004944,
					"retransmits":	0,
					"snd_cwnd":	848528,
					"rtt":	429428,
					"omitted":	false
				}],
			"sum":	{
				"start":	2.000269,
				"end":	3.000631,
				"seconds":	1.000362,
				"bytes":	2997360,
				"bits_per_second":	23970199.004944,
				"retransmits":	0,
				"omitted":	false
			}
		}, {
			"streams":	[{
					"socket":	4,
					"start":	3.000631,
					"end":	4.001411,
					"seconds":	1.000780,
					"bytes":	651600,
					"bits_per_second":	5208737.876321,
					"retransmits":	0,
					"snd_cwnd":	1416144,
					"rtt":	682466,
					"omitted":	false
				}],
			"sum":	{
				"start":	3.000631,
				"end":	4.001411,
				"seconds":	1.000780,
				"bytes":	651600,
				"bits_per_second":	5208737.876321,
				"retransmits":	0,
				"omitted":	false
			}
		}, {
			"streams":	[{
					"socket":	4,
					"start":	4.001411,
					"end":	5.000523,
					"seconds":	0.999112,
					"bytes":	781920,
					"bits_per_second":	6260918.886989,
					"retransmits":	0,
					"snd_cwnd":	1749184,
					"rtt":	802802,
					"omitted":	false
				}],
			"sum":	{
				"start":	4.001411,
				"end":	5.000523,
				"seconds":	0.999112,
				"bytes":	781920,
				"bits_per_second":	6260918.886989,
				"retransmits":	0,
				"omitted":	false
			}
		}, {
			"streams":	[{
					"socket":	4,
					"start":	5.000523,
					"end":	6.001166,
					"seconds":	1.000643,
					"bytes":	912240,
					"bits_per_second":	7293230.344162,
					"retransmits":	0,
					"snd_cwnd":	1836064,
					"rtt":	841637,
					"omitted":	false
				}],
			"sum":	{
				"start":	5.000523,
				"end":	6.001166,
				"seconds":	1.000643,
				"bytes":	912240,
				"bits_per_second":	7293230.344162,
				"retransmits":	0,
				"omitted":	false
			}
		}, {
			"streams":	[{
					"socket":	4,
					"start":	6.001166,
					"end":	7.001459,
					"seconds":	1.000293,
					"bytes":	977400,
					"bits_per_second":	7816909.517051,
					"retransmits":	0,
					"snd_cwnd":	1882400,
					"rtt":	822778,
					"omitted":	false
				}],
			"sum":	{
				"start":	6.001166,
				"end":	7.001459,
				"seconds":	1.000293,
				"bytes":	977400,
				"bits_per_second":	7816909.517051,
				"retransmits":	0,
				"omitted":	false
			}
		}, {
			"streams":	[{
					"socket":	4,
					"start":	7.001459,
					"end":	8.001226,
					"seconds":	0.999767,
					"bytes":	977400,
					"bits_per_second":	7821023.654445,
					"retransmits":	0,
					"snd_cwnd":	1963488,
					"rtt":	816564,
					"omitted":	false
				}],
			"sum":	{
				"start":	7.001459,
				"end":	8.001226,
				"seconds":	0.999767,
				"bytes":	977400,
				"bits_per_second":	7821023.654445,
				"retransmits":	0,
				"omitted":	false
			}
		}, {
			"streams":	[{
					"socket":	4,
					"start":	8.001226,
					"end":	9.001028,
					"seconds":	0.999802,
					"bytes":	977400,
					"bits_per_second":	7820747.627576,
					"retransmits":	0,
					"snd_cwnd":	1954800,
					"rtt":	813766,
					"omitted":	false
				}],
			"sum":	{
				"start":	8.001226,
				"end":	9.001028,
				"seconds":	0.999802,
				"bytes":	977400,
				"bits_per_second":	7820747.627576,
				"retransmits":	0,
				"omitted":	false
			}
		}, {
			"streams":	[{
					"socket":	4,
					"start":	9.001028,
					"end":	10.001578,
					"seconds":	1.000550,
					"bytes":	1172880,
					"bits_per_second":	9377881.868050,
					"retransmits":	0,
					"snd_cwnd":	2116976,
					"rtt":	838385,
					"omitted":	false
				}],
			"sum":	{
				"start":	9.001028,
				"end":	10.001578,
				"seconds":	1.000550,
				"bytes":	1172880,
				"bits_per_second":	9377881.868050,
				"retransmits":	0,
				"omitted":	false
			}
		}, {
			"streams":	[{
					"socket":	4,
					"start":	10.001578,
					"end":	11.000823,
					"seconds":	0.999245,
					"bytes":	195480,
					"bits_per_second":	1565021.703504,
					"retransmits":	26,
					"snd_cwnd":	2038784,
					"rtt":	807753,
					"omitted":	false
				}],
			"sum":	{
				"start":	10.001578,
				"end":	11.000823,
				"seconds":	0.999245,
				"bytes":	195480,
				"bits_per_second":	1565021.703504,
				"retransmits":	26,
				"omitted":	false
			}
		}, {
			"streams":	[{
					"socket":	4,
					"start":	11.000823,
					"end":	12.000927,
					"seconds":	1.000104,
					"bytes":	2476080,
					"bits_per_second":	19806581.095982,
					"retransmits":	0,
					"snd_cwnd":	1479856,
					"rtt":	558745,
					"omitted":	false
				}],
			"sum":	{
				"start":	11.000823,
				"end":	12.000927,
				"seconds":	1.000104,
				"bytes":	2476080,
				"bits_per_second":	19806581.095982,
				"retransmits":	0,
				"omitted":	false
			}
		}, {
			"streams":	[{
					"socket":	4,
					"start":	12.000927,
					"end":	13.000210,
					"seconds":	0.999283,
					"bytes":	716760,
					"bits_per_second":	5738193.852719,
					"retransmits":	0,
					"snd_cwnd":	2244400,
					"rtt":	806948,
					"omitted":	false
				}],
			"sum":	{
				"start":	12.000927,
				"end":	13.000210,
				"seconds":	0.999283,
				"bytes":	716760,
				"bits_per_second":	5738193.852719,
				"retransmits":	0,
				"omitted":	false
			}
		}, {
			"streams":	[{
					"socket":	4,
					"start":	13.000210,
					"end":	14.000837,
					"seconds":	1.000627,
					"bytes":	1107720,
					"bits_per_second":	8856206.796447,
					"retransmits":	0,
					"snd_cwnd":	2363136,
					"rtt":	849255,
					"omitted":	false
				}],
			"sum":	{
				"start":	13.000210,
				"end":	14.000837,
				"seconds":	1.000627,
				"bytes":	1107720,
				"bits_per_second":	8856206.796447,
				"retransmits":	0,
				"omitted":	false
			}
		}, {
			"streams":	[{
					"socket":	4,
					"start":	14.000837,
					"end":	15.000255,
					"seconds":	0.999418,
					"bytes":	1172880,
					"bits_per_second":	9388503.919179,
					"retransmits":	0,
					"snd_cwnd":	2562960,
					"rtt":	876746,
					"omitted":	false
				}],
			"sum":	{
				"start":	14.000837,
				"end":	15.000255,
				"seconds":	0.999418,
				"bytes":	1172880,
				"bits_per_second":	9388503.919179,
				"retransmits":	0,
				"omitted":	false
			}
		}, {
			"streams":	[{
					"socket":	4,
					"start":	15.000255,
					"end":	16.001428,
					"seconds":	1.001173,
					"bytes":	260640,
					"bits_per_second":	2082676.979480,
					"retransmits":	34,
					"snd_cwnd":	2400784,
					"rtt":	821647,
					"omitted":	false
				}],
			"sum":	{
				"start":	15.000255,
				"end":	16.001428,
				"seconds":	1.001173,
				"bytes":	260640,
				"bits_per_second":	2082676.979480,
				"retransmits":	34,
				"omitted":	false
			}
		}, {
			"streams":	[{
					"socket":	4,
					"start":	16.001428,
					"end":	17.000796,
					"seconds":	0.999368,
					"bytes":	2606400,
					"bits_per_second":	20864387.287020,
					"retransmits":	0,
					"snd_cwnd":	1731808,
					"rtt":	564879,
					"omitted":	false
				}],
			"sum":	{
				"start":	16.001428,
				"end":	17.000796,
				"seconds":	0.999368,
				"bytes":	2606400,
				"bits_per_second":	20864387.287020,
				"retransmits":	0,
				"omitted":	false
			}
		}, {
			"streams":	[{
					"socket":	4,
					"start":	17.000796,
					"end":	18.001501,
					"seconds":	1.000705,
					"bytes":	781920,
					"bits_per_second":	6250953.054728,
					"retransmits":	0,
					"snd_cwnd":	2644048,
					"rtt":	820400,
					"omitted":	false
				}],
			"sum":	{
				"start":	17.000796,
				"end":	18.001501,
				"seconds":	1.000705,
				"bytes":	781920,
				"bits_per_second":	6250953.054728,
				"retransmits":	0,
				"omitted":	false
			}
		}, {
			"streams":	[{
					"socket":	4,
					"start":	18.001501,
					"end":	19.001571,
					"seconds":	1.000070,
					"bytes":	1172880,
					"bits_per_second":	9382384.578104,
					"retransmits":	0,
					"snd_cwnd":	3142160,
					"rtt":	975270,
					"omitted":	false
				}],
			"sum":	{
				"start":	18.001501,
				"end":	19.001571,
				"seconds":	1.000070,
				"bytes":	1172880,
				"bits_per_second":	9382384.578104,
				"retransmits":	0,
				"omitted":	false
			}
		}, {
			"streams":	[{
					"socket":	4,
					"start":	19.001571,
					"end":	20.001315,
					"seconds":	0.999744,
					"bytes":	325800,
					"bits_per_second":	2607066.948041,
					"retransmits":	91,
					"snd_cwnd":	2942336,
					"rtt":	948875,
					"omitted":	false
				}],
			"sum":	{
				"start":	19.001571,
				"end":	20.001315,
				"seconds":	0.999744,
				"bytes":	325800,
				"bits_per_second":	2607066.948041,
				"retransmits":	91,
				"omitted":	false
			}
		}, {
			"streams":	[{
					"socket":	4,
					"start":	20.001315,
					"end":	21.001225,
					"seconds":	0.999910,
					"bytes":	459016,
					"bits_per_second":	3672458.970166,
					"retransmits":	42,
					"snd_cwnd":	1931632,
					"rtt":	635955,
					"omitted":	false
				}],
			"sum":	{
				"start":	20.001315,
				"end":	21.001225,
				"seconds":	0.999910,
				"bytes":	459016,
				"bits_per_second":	3672458.970166,
				"retransmits":	42,
				"omitted":	false
			}
		}, {
			"streams":	[{
					"socket":	4,
					"start":	21.001225,
					"end":	22.001090,
					"seconds":	0.999865,
					"bytes":	3909600,
					"bits_per_second":	31281021.214773,
					"retransmits":	0,
					"snd_cwnd":	1766560,
					"rtt":	581806,
					"omitted":	false
				}],
			"sum":	{
				"start":	21.001225,
				"end":	22.001090,
				"seconds":	0.999865,
				"bytes":	3909600,
				"bits_per_second":	31281021.214773,
				"retransmits":	0,
				"omitted":	false
			}
		}, {
			"streams":	[{
					"socket":	4,
					"start":	22.001090,
					"end":	23.001465,
					"seconds":	1.000375,
					"bytes":	977400,
					"bits_per_second":	7816268.645816,
					"retransmits":	0,
					"snd_cwnd":	2481872,
					"rtt":	808915,
					"omitted":	false
				}],
			"sum":	{
				"start":	22.001090,
				"end":	23.001465,
				"seconds":	1.000375,
				"bytes":	977400,
				"bits_per_second":	7816268.645816,
				"retransmits":	0,
				"omitted":	false
			}
		}, {
			"streams":	[{
					"socket":	4,
					"start":	23.001465,
					"end":	24.000759,
					"seconds":	0.999294,
					"bytes":	1042560,
					"bits_per_second":	8346372.183312,
					"retransmits":	0,
					"snd_cwnd":	3234832,
					"rtt":	1023299,
					"omitted":	false
				}],
			"sum":	{
				"start":	23.001465,
				"end":	24.000759,
				"seconds":	0.999294,
				"bytes":	1042560,
				"bits_per_second":	8346372.183312,
				"retransmits":	0,
				"omitted":	false
			}
		}, {
			"streams":	[{
					"socket":	4,
					"start":	24.000759,
					"end":	25.001174,
					"seconds":	1.000415,
					"bytes":	456120,
					"bits_per_second":	3647446.862769,
					"retransmits":	89,
					"snd_cwnd":	2971296,
					"rtt":	939673,
					"omitted":	false
				}],
			"sum":	{
				"start":	24.000759,
				"end":	25.001174,
				"seconds":	1.000415,
				"bytes":	456120,
				"bits_per_second":	3647446.862769,
				"retransmits":	89,
				"omitted":	false
			}
		}, {
			"streams":	[{
					"socket":	4,
					"start":	25.001174,
					"end":	26.000583,
					"seconds":	0.999409,
					"bytes":	1762216,
					"bits_per_second":	14106065.243972,
					"retransmits":	19,
					"snd_cwnd":	1920048,
					"rtt":	626120,
					"omitted":	false
				}],
			"sum":	{
				"start":	25.001174,
				"end":	26.000583,
				"seconds":	0.999409,
				"bytes":	1762216,
				"bits_per_second":	14106065.243972,
				"retransmits":	19,
				"omitted":	false
			}
		}, {
			"streams":	[{
					"socket":	4,
					"start":	26.000583,
					"end":	27.001459,
					"seconds":	1.000876,
					"bytes":	2410920,
					"bits_per_second":	19270475.435308,
					"retransmits":	0,
					"snd_cwnd":	2279152,
					"rtt":	742754,
					"omitted":	false
				}],
			"sum":	{
				"start":	26.000583,
				"end":	27.001459,
				"seconds":	1.000876,
				"bytes":	2410920,
				"bits_per_second":	19270475.435308,
				"retransmits":	0,
				"omitted":	false
			}
		}, {
			"streams":	[{
					"socket":	4,
					"start":	27.001459,
					"end":	28.001147,
					"seconds":	0.999688,
					"bytes":	1107720,
					"bits_per_second":	8864526.529376,
					"retransmits":	0,
					"snd_cwnd":	2817808,
					"rtt":	900006,
					"omitted":	false
				}],
			"sum":	{
				"start":	27.001459,
				"end":	28.001147,
				"seconds":	0.999688,
				"bytes":	1107720,
				"bits_per_second":	8864526.529376,
				"retransmits":	0,
				"omitted":	false
			}
		}, {
			"streams":	[{
					"socket":	4,
					"start":	28.001147,
					"end":	29.000716,
					"seconds":	0.999569,
					"bytes":	1238040,
					"bits_per_second":	9908591.205163,
					"retransmits":	0,
					"snd_cwnd":	3069760,
					"rtt":	990417,
					"omitted":	false
				}],
			"sum":	{
				"start":	28.001147,
				"end":	29.000716,
				"seconds":	0.999569,
				"bytes":	1238040,
				"bits_per_second":	9908591.205163,
				"retransmits":	0,
				"omitted":	false
			}
		}, {
			"streams":	[{
					"socket":	4,
					"start":	29.000716,
					"end":	30.001459,
					"seconds":	1.000743,
					"bytes":	130320,
					"bits_per_second":	1041785.796145,
					"retransmits":	99,
					"snd_cwnd":	2846768,
					"rtt":	909251,
					"omitted":	false
				}],
			"sum":	{
				"start":	29.000716,
				"end":	30.001459,
				"seconds":	1.000743,
				"bytes":	130320,
				"bits_per_second":	1041785.796145,
				"retransmits":	99,
				"omitted":	false
			}
		}, {
			"streams":	[{
					"socket":	4,
					"start":	30.001459,
					"end":	31.000385,
					"seconds":	0.998926,
					"bytes":	3717016,
					"bits_per_second":	29768101.194094,
					"retransmits":	6,
					"snd_cwnd":	1853440,
					"rtt":	604267,
					"omitted":	false
				}],
			"sum":	{
				"start":	30.001459,
				"end":	31.000385,
				"seconds":	0.998926,
				"bytes":	3717016,
				"bits_per_second":	29768101.194094,
				"retransmits":	6,
				"omitted":	false
			}
		}, {
			"streams":	[{
					"socket":	4,
					"start":	31.000385,
					"end":	32.000115,
					"seconds":	0.999730,
					"bytes":	586440,
					"bits_per_second":	4692787.654517,
					"retransmits":	0,
					"snd_cwnd":	1922944,
					"rtt":	620326,
					"omitted":	false
				}],
			"sum":	{
				"start":	31.000385,
				"end":	32.000115,
				"seconds":	0.999730,
				"bytes":	586440,
				"bits_per_second":	4692787.654517,
				"retransmits":	0,
				"omitted":	false
			}
		}, {
			"streams":	[{
					"socket":	4,
					"start":	32.000115,
					"end":	33.001399,
					"seconds":	1.001284,
					"bytes":	912240,
					"bits_per_second":	7288560.595587,
					"retransmits":	0,
					"snd_cwnd":	2759888,
					"rtt":	872742,
					"omitted":	false
				}],
			"sum":	{
				"start":	32.000115,
				"end":	33.001399,
				"seconds":	1.001284,
				"bytes":	912240,
				"bits_per_second":	7288560.595587,
				"retransmits":	0,
				"omitted":	false
			}
		}, {
			"streams":	[{
					"socket":	4,
					"start":	33.001399,
					"end":	34.001429,
					"seconds":	1.000030,
					"bytes":	977400,
					"bits_per_second":	7818965.112494,
					"retransmits":	0,
					"snd_cwnd":	3417280,
					"rtt":	1080336,
					"omitted":	false
				}],
			"sum":	{
				"start":	33.001399,
				"end":	34.001429,
				"seconds":	1.000030,
				"bytes":	977400,
				"bits_per_second":	7818965.112494,
				"retransmits":	0,
				"omitted":	false
			}
		}, {
			"streams":	[{
					"socket":	4,
					"start":	34.001429,
					"end":	35.000691,
					"seconds":	0.999262,
					"bytes":	651600,
					"bits_per_second":	5216650.638957,
					"retransmits":	113,
					"snd_cwnd":	2942336,
					"rtt":	931011,
					"omitted":	false
				}],
			"sum":	{
				"start":	34.001429,
				"end":	35.000691,
				"seconds":	0.999262,
				"bytes":	651600,
				"bits_per_second":	5216650.638957,
				"retransmits":	113,
				"omitted":	false
			}
		}, {
			"streams":	[{
					"socket":	4,
					"start":	35.000691,
					"end":	36.000322,
					"seconds":	0.999631,
					"bytes":	3326056,
					"bits_per_second":	26618265.709220,
					"retransmits":	6,
					"snd_cwnd":	1613072,
					"rtt":	521125,
					"omitted":	false
				}],
			"sum":	{
				"start":	35.000691,
				"end":	36.000322,
				"seconds":	0.999631,
				"bytes":	3326056,
				"bits_per_second":	26618265.709220,
				"retransmits":	6,
				"omitted":	false
			}
		}, {
			"streams":	[{
					"socket":	4,
					"start":	36.000322,
					"end":	37.000266,
					"seconds":	0.999944,
					"bytes":	781920,
					"bits_per_second":	6255710.497238,
					"retransmits":	0,
					"snd_cwnd":	2351552,
					"rtt":	744118,
					"omitted":	false
				}],
			"sum":	{
				"start":	36.000322,
				"end":	37.000266,
				"seconds":	0.999944,
				"bytes":	781920,
				"bits_per_second":	6255710.497238,
				"retransmits":	0,
				"omitted":	false
			}
		}, {
			"streams":	[{
					"socket":	4,
					"start":	37.000266,
					"end":	38.001287,
					"seconds":	1.001021,
					"bytes":	1042560,
					"bits_per_second":	8331973.818309,
					"retransmits":	0,
					"snd_cwnd":	2884416,
					"rtt":	921126,
					"omitted":	false
				}],
			"sum":	{
				"start":	37.000266,
				"end":	38.001287,
				"seconds":	1.001021,
				"bytes":	1042560,
				"bits_per_second":	8331973.818309,
				"retransmits":	0,
				"omitted":	false
			}
		}, {
			"streams":	[{
					"socket":	4,
					"start":	38.001287,
					"end":	39.001125,
					"seconds":	0.999838,
					"bytes":	521280,
					"bits_per_second":	4170915.213678,
					"retransmits":	7,
					"snd_cwnd":	3252208,
					"rtt":	1008807,
					"omitted":	false
				}],
			"sum":	{
				"start":	38.001287,
				"end":	39.001125,
				"seconds":	0.999838,
				"bytes":	521280,
				"bits_per_second":	4170915.213678,
				"retransmits":	7,
				"omitted":	false
			}
		}, {
			"streams":	[{
					"socket":	4,
					"start":	39.001125,
					"end":	40.000622,
					"seconds":	0.999497,
					"bytes":	1629000,
					"bits_per_second":	13038559.219349,
					"retransmits":	107,
					"snd_cwnd":	1943216,
					"rtt":	621004,
					"omitted":	false
				}],
			"sum":	{
				"start":	39.001125,
				"end":	40.000622,
				"seconds":	0.999497,
				"bytes":	1629000,
				"bits_per_second":	13038559.219349,
				"retransmits":	107,
				"omitted":	false
			}
		}, {
			"streams":	[{
					"socket":	4,
					"start":	40.000622,
					"end":	41.000414,
					"seconds":	0.999792,
					"bytes":	2476080,
					"bits_per_second":	19812763.817161,
					"retransmits":	0,
					"snd_cwnd":	2276256,
					"rtt":	713348,
					"omitted":	false
				}],
			"sum":	{
				"start":	40.000622,
				"end":	41.000414,
				"seconds":	0.999792,
				"bytes":	2476080,
				"bits_per_second":	19812763.817161,
				"retransmits":	0,
				"omitted":	false
			}
		}, {
			"streams":	[{
					"socket":	4,
					"start":	41.000414,
					"end":	42.001433,
					"seconds":	1.001019,
					"bytes":	912240,
					"bits_per_second":	7290490.982347,
					"retransmits":	0,
					"snd_cwnd":	2956816,
					"rtt":	945092,
					"omitted":	false
				}],
			"sum":	{
				"start":	41.000414,
				"end":	42.001433,
				"seconds":	1.001019,
				"bytes":	912240,
				"bits_per_second":	7290490.982347,
				"retransmits":	0,
				"omitted":	false
			}
		}, {
			"streams":	[{
					"socket":	4,
					"start":	42.001433,
					"end":	43.001124,
					"seconds":	0.999691,
					"bytes":	456120,
					"bits_per_second":	3650087.842389,
					"retransmits":	58,
					"snd_cwnd":	3081344,
					"rtt":	964654,
					"omitted":	false
				}],
			"sum":	{
				"start":	42.001433,
				"end":	43.001124,
				"seconds":	0.999691,
				"bytes":	456120,
				"bits_per_second":	3650087.842389,
				"retransmits":	58,
				"omitted":	false
			}
		}, {
			"streams":	[{
					"socket":	4,
					"start":	43.001124,
					"end":	44.001457,
					"seconds":	1.000333,
					"bytes":	393856,
					"bits_per_second":	3149798.894104,
					"retransmits":	41,
					"snd_cwnd":	1975072,
					"rtt":	625012,
					"omitted":	false
				}],
			"sum":	{
				"start":	43.001124,
				"end":	44.001457,
				"seconds":	1.000333,
				"bytes":	393856,
				"bits_per_second":	3149798.894104,
				"retransmits":	41,
				"omitted":	false
			}
		}, {
			"streams":	[{
					"socket":	4,
					"start":	44.001457,
					"end":	45.001127,
					"seconds":	0.999670,
					"bytes":	3909600,
					"bits_per_second":	31287123.853353,
					"retransmits":	0,
					"snd_cwnd":	1908464,
					"rtt":	598029,
					"omitted":	false
				}],
			"sum":	{
				"start":	44.001457,
				"end":	45.001127,
				"seconds":	0.999670,
				"bytes":	3909600,
				"bits_per_second":	31287123.853353,
				"retransmits":	0,
				"omitted":	false
			}
		}, {
			"streams":	[{
					"socket":	4,
					"start":	45.001127,
					"end":	46.001548,
					"seconds":	1.000421,
					"bytes":	1042560,
					"bits_per_second":	8336969.742144,
					"retransmits":	0,
					"snd_cwnd":	2635360,
					"rtt":	841834,
					"omitted":	false
				}],
			"sum":	{
				"start":	45.001127,
				"end":	46.001548,
				"seconds":	1.000421,
				"bytes":	1042560,
				"bits_per_second":	8336969.742144,
				"retransmits":	0,
				"omitted":	false
			}
		}, {
			"streams":	[{
					"socket":	4,
					"start":	46.001548,
					"end":	47.001140,
					"seconds":	0.999592,
					"bytes":	195480,
					"bits_per_second":	1564478.204147,
					"retransmits":	29,
					"snd_cwnd":	3234832,
					"rtt":	1013347,
					"omitted":	false
				}],
			"sum":	{
				"start":	46.001548,
				"end":	47.001140,
				"seconds":	0.999592,
				"bytes":	195480,
				"bits_per_second":	1564478.204147,
				"retransmits":	29,
				"omitted":	false
			}
		}, {
			"streams":	[{
					"socket":	4,
					"start":	47.001140,
					"end":	48.000678,
					"seconds":	0.999538,
					"bytes":	1629000,
					"bits_per_second":	13038024.287002,
					"retransmits":	77,
					"snd_cwnd":	1977968,
					"rtt":	613123,
					"omitted":	false
				}],
			"sum":	{
				"start":	47.001140,
				"end":	48.000678,
				"seconds":	0.999538,
				"bytes":	1629000,
				"bits_per_second":	13038024.287002,
				"retransmits":	77,
				"omitted":	false
			}
		}, {
			"streams":	[{
					"socket":	4,
					"start":	48.000678,
					"end":	49.000577,
					"seconds":	0.999899,
					"bytes":	2215440,
					"bits_per_second":	17725311.842513,
					"retransmits":	0,
					"snd_cwnd":	2742512,
					"rtt":	850514,
					"omitted":	false
				}],
			"sum":	{
				"start":	48.000678,
				"end":	49.000577,
				"seconds":	0.999899,
				"bytes":	2215440,
				"bits_per_second":	17725311.842513,
				"retransmits":	0,
				"omitted":	false
			}
		}, {
			"streams":	[{
					"socket":	4,
					"start":	49.000577,
					"end":	50.000634,
					"seconds":	1.000057,
					"bytes":	1238040,
					"bits_per_second":	9903755.663795,
					"retransmits":	0,
					"snd_cwnd":	3237728,
					"rtt":	984096,
					"omitted":	false
				}],
			"sum":	{
				"start":	49.000577,
				"end":	50.000634,
				"seconds":	1.000057,
				"bytes":	1238040,
				"bits_per_second":	9903755.663795,
				"retransmits":	0,
				"omitted":	false
			}
		}, {
			"streams":	[{
					"socket":	4,
					"start":	50.000634,
					"end":	51.000998,
					"seconds":	1.000364,
					"bytes":	390960,
					"bits_per_second":	3126541.735051,
					"retransmits":	78,
					"snd_cwnd":	3116096,
					"rtt":	946883,
					"omitted":	false
				}],
			"sum":	{
				"start":	50.000634,
				"end":	51.000998,
				"seconds":	1.000364,
				"bytes":	390960,
				"bits_per_second":	3126541.735051,
				"retransmits":	78,
				"omitted":	false
			}
		}, {
			"streams":	[{
					"socket":	4,
					"start":	51.000998,
					"end":	52.001370,
					"seconds":	1.000372,
					"bytes":	328696,
					"bits_per_second":	2628590.340553,
					"retransmits":	44,
					"snd_cwnd":	2093808,
					"rtt":	643171,
					"omitted":	false
				}],
			"sum":	{
				"start":	51.000998,
				"end":	52.001370,
				"seconds":	1.000372,
				"bytes":	328696,
				"bits_per_second":	2628590.340553,
				"retransmits":	44,
				"omitted":	false
			}
		}, {
			"streams":	[{
					"socket":	4,
					"start":	52.001370,
					"end":	53.000191,
					"seconds":	0.998821,
					"bytes":	3909600,
					"bits_per_second":	31313718.243579,
					"retransmits":	0,
					"snd_cwnd":	2064848,
					"rtt":	647148,
					"omitted":	false
				}],
			"sum":	{
				"start":	52.001370,
				"end":	53.000191,
				"seconds":	0.998821,
				"bytes":	3909600,
				"bits_per_second":	31313718.243579,
				"retransmits":	0,
				"omitted":	false
			}
		}, {
			"streams":	[{
					"socket":	4,
					"start":	53.000191,
					"end":	54.001225,
					"seconds":	1.001034,
					"bytes":	1042560,
					"bits_per_second":	8331864.673812,
					"retransmits":	0,
					"snd_cwnd":	2797536,
					"rtt":	858879,
					"omitted":	false
				}],
			"sum":	{
				"start":	53.000191,
				"end":	54.001225,
				"seconds":	1.001034,
				"bytes":	1042560,
				"bits_per_second":	8331864.673812,
				"retransmits":	0,
				"omitted":	false
			}
		}, {
			"streams":	[{
					"socket":	4,
					"start":	54.001225,
					"end":	55.001375,
					"seconds":	1.000150,
					"bytes":	130320,
					"bits_per_second":	1042403.675634,
					"retransmits":	37,
					"snd_cwnd":	3359360,
					"rtt":	1041146,
					"omitted":	false
				}],
			"sum":	{
				"start":	54.001225,
				"end":	55.001375,
				"seconds":	1.000150,
				"bytes":	130320,
				"bits_per_second":	1042403.675634,
				"retransmits":	37,
				"omitted":	false
			}
		}, {
			"streams":	[{
					"socket":	4,
					"start":	55.001375,
					"end":	56.001179,
					"seconds":	0.999804,
					"bytes":	393856,
					"bits_per_second":	3151465.624460,
					"retransmits":	90,
					"snd_cwnd":	1977968,
					"rtt":	607194,
					"omitted":	false
				}],
			"sum":	{
				"start":	55.001375,
				"end":	56.001179,
				"seconds":	0.999804,
				"bytes":	393856,
				"bits_per_second":	3151465.624460,
				"retransmits":	90,
				"omitted":	false
			}
		}, {
			"streams":	[{
					"socket":	4,
					"start":	56.001179,
					"end":	57.000819,
					"seconds":	0.999640,
					"bytes":	3909600,
					"bits_per_second":	31288064.080229,
					"retransmits":	0,
					"snd_cwnd":	1954800,
					"rtt":	600400,
					"omitted":	false
				}],
			"sum":	{
				"start":	56.001179,
				"end":	57.000819,
				"seconds":	0.999640,
				"bytes":	3909600,
				"bits_per_second":	31288064.080229,
				"retransmits":	0,
				"omitted":	false
			}
		}, {
			"streams":	[{
					"socket":	4,
					"start":	57.000819,
					"end":	58.000768,
					"seconds":	0.999949,
					"bytes":	847080,
					"bits_per_second":	6776985.772494,
					"retransmits":	0,
					"snd_cwnd":	2927856,
					"rtt":	916663,
					"omitted":	false
				}],
			"sum":	{
				"start":	57.000819,
				"end":	58.000768,
				"seconds":	0.999949,
				"bytes":	847080,
				"bits_per_second":	6776985.772494,
				"retransmits":	0,
				"omitted":	false
			}
		}, {
			"streams":	[{
					"socket":	4,
					"start":	58.000768,
					"end":	59.001511,
					"seconds":	1.000743,
					"bytes":	390960,
					"bits_per_second":	3125357.388434,
					"retransmits":	42,
					"snd_cwnd":	3194288,
					"rtt":	990424,
					"omitted":	false
				}],
			"sum":	{
				"start":	58.000768,
				"end":	59.001511,
				"seconds":	1.000743,
				"bytes":	390960,
				"bits_per_second":	3125357.388434,
				"retransmits":	42,
				"omitted":	false
			}
		}, {
			"streams":	[{
					"socket":	4,
					"start":	59.001511,
					"end":	60.000246,
					"seconds":	0.998735,
					"bytes":	1694160,
					"bits_per_second":	13570447.280500,
					"retransmits":	77,
					"snd_cwnd":	1954800,
					"rtt":	594179,
					"omitted":	false
				}],
			"sum":	{
				"start":	59.001511,
				"end":	60.000246,
				"seconds":	0.998735,
				"bytes":	1694160,
				"bits_per_second":	13570447.280500,
				"retransmits":	77,
				"omitted":	false
			}
		}],
	"end":	{
		"streams":	[{
				"sender":	{
					"socket":	4,
					"start":	0,
					"end":	60.000246,
					"seconds":	60.000246,
					"bytes":	78087744,
					"bits_per_second":	10411656.503884,
					"retransmits":	1212,
					"max_snd_cwnd":	3417280,
					"max_rtt":	1080336,
					"min_rtt":	13137,
					"mean_rtt":	771860
				},
				"receiver":	{
					"socket":	4,
					"start":	0,
					"end":	60.000246,
					"seconds":	60.000246,
					"bytes":	76414976,
					"bits_per_second":	10188621.685171
				}
			}],
		"sum_sent":	{
			"start":	0,
			"end":	60.000246,
			"seconds":	60.000246,
			"bytes":	78087744,
			"bits_per_second":	10411656.503884,
			"retransmits":	1212
		},
		"sum_received":	{
			"start":	0,
			"end":	60.000246,
			"seconds":	60.000246,
			"bytes":	76414976,
			"bits_per_second":	10188621.685171
		},
		"cpu_utilization_percent":	{
			"host_total":	0.038879,
			"host_user":	0.028932,
			"host_system":	0.009947,
			"remote_total":	0.944799,
			"remote_user":	0,
			"remote_system":	0.944799
		}
	}
}
