{
	"start":	{
		"connected":	[{
				"socket":	4,
				"local_host":	"192.168.179.150",
				"local_port":	43248,
				"remote_host":	"192.168.120.130",
				"remote_port":	5201
			}],
		"version":	"iperf 3.1.3",
		"system_info":	"Linux a 4.15.0-213-generic #224-Ubuntu SMP Mon Jun 19 13:30:12 UTC 2023 x86_64",
		"timestamp":	{
			"time":	"Mon, 05 May 2025 11:10:32 GMT",
			"timesecs":	1746443432
		},
		"connecting_to":	{
			"host":	"192.168.120.130",
			"port":	5201
		},
		"cookie":	"a.1746443432.386380.02619f2c1b220b1e",
		"tcp_mss_default":	1448,
		"test_start":	{
			"protocol":	"TCP",
			"num_streams":	1,
			"blksize":	131072,
			"omit":	0,
			"duration":	60,
			"bytes":	0,
			"blocks":	0,
			"reverse":	0
		}
	},
	"intervals":	[{
			"streams":	[{
					"socket":	4,
					"start":	0,
					"end":	1.000363,
					"seconds":	1.000363,
					"bytes":	605264,
					"bits_per_second":	4840355.565280,
					"retransmits":	0,
					"snd_cwnd":	14480,
					"rtt":	12794,
					"omitted":	false
				}],
			"sum":	{
				"start":	0,
				"end":	1.000363,
				"seconds":	1.000363,
				"bytes":	605264,
				"bits_per_second":	4840355.565280,
				"retransmits":	0,
				"omitted":	false
			}
		}, {
			"streams":	[{
					"socket":	4,
					"start":	1.000363,
					"end":	2.000172,
					"seconds":	0.999809,
					"bytes":	2151728,
					"bits_per_second":	17217112.008384,
					"retransmits":	0,
					"snd_cwnd":	286704,
					"rtt":	160056,
					"omitted":	false
				}],
			"sum":	{
				"start":	1.000363,
				"end":	2.000172,
				"seconds":	0.999809,
				"bytes":	2151728,
				"bits_per_second":	17217112.008384,
				"retransmits":	0,
				"omitted":	false
			}
		}, {
			"streams":	[{
					"socket":	4,
					"start":	2.000172,
					"end":	3.000253,
					"seconds":	1.000081,
					"bytes":	2867040,
					"bits_per_second":	22934460.879464,
					"retransmits":	0,
					"snd_cwnd":	865904,
					"rtt":	460077,
					"omitted":	false
				}],
			"sum":	{
				"start":	2.000172,
				"end":	3.000253,
				"seconds":	1.000081,
				"bytes":	2867040,
				"bits_per_second":	22934460.879464,
				"retransmits":	0,
				"omitted":	false
			}
		}, {
			"streams":	[{
					"socket":	4,
					"start":	3.000253,
					"end":	4.001318,
					"seconds":	1.001065,
					"bytes":	521280,
					"bits_per_second":	4165803.353638,
					"retransmits":	0,
					"snd_cwnd":	1439312,
					"rtt":	727909,
					"omitted":	false
				}],
			"sum":	{
				"start":	3.000253,
				"end":	4.001318,
				"seconds":	1.001065,
				"bytes":	521280,
				"bits_per_second":	4165803.353638,
				"retransmits":	0,
				"omitted":	false
			}
		}, {
			"streams":	[{
					"socket":	4,
					"start":	4.001318,
					"end":	5.001437,
					"seconds":	1.000119,
					"bytes":	781920,
					"bits_per_second":	6254615.882901,
					"retransmits":	0,
					"snd_cwnd":	1595696,
					"rtt":	806366,
					"omitted":	false
				}],
			"sum":	{
				"start":	4.001318,
				"end":	5.001437,
				"seconds":	1.000119,
				"bytes":	781920,
				"bits_per_second":	6254615.882901,
				"retransmits":	0,
				"omitted":	false
			}
		}, {
			"streams":	[{
					"socket":	4,
					"start":	5.001437,
					"end":	6.000263,
					"seconds":	0.998826,
					"bytes":	847080,
					"bits_per_second":	6784604.943586,
					"retransmits":	0,
					"snd_cwnd":	1766560,
					"rtt":	851233,
					"omitted":	false
				}],
			"sum":	{
				"start":	5.001437,
				"end":	6.000263,
				"seconds":	0.998826,
				"bytes":	847080,
				"bits_per_second":	6784604.943586,
				"retransmits":	0,
				"omitted":	false
			}
		}, {
			"streams":	[{
					"socket":	4,
					"start":	6.000263,
					"end":	7.001378,
					"seconds":	1.001115,
					"bytes":	977400,
					"bits_per_second":	7810490.649231,
					"retransmits":	0,
					"snd_cwnd":	1841856,
					"rtt":	845284,
					"omitted":	false
				}],
			"sum":	{
				"start":	6.000263,
				"end":	7.001378,
				"seconds":	1.001115,
				"bytes":	977400,
				"bits_per_second":	7810490.649231,
				"retransmits":	0,
				"omitted":	false
			}
		}, {
			"streams":	[{
					"socket":	4,
					"start":	7.001378,
					"end":	8.001343,
					"seconds":	0.999965,
					"bytes":	977400,
					"bits_per_second":	7819474.053260,
					"retransmits":	0,
					"snd_cwnd":	1833168,
					"rtt":	840466,
					"omitted":	false
				}],
			"sum":	{
				"start":	7.001378,
				"end":	8.001343,
				"seconds":	0.999965,
				"bytes":	977400,
				"bits_per_second":	7819474.053260,
				"retransmits":	0,
				"omitted":	false
			}
		}, {
			"streams":	[{
					"socket":	4,
					"start":	8.001343,
					"end":	9.001637,
					"seconds":	1.000294,
					"bytes":	977400,
					"bits_per_second":	7816902.064456,
					"retransmits":	0,
					"snd_cwnd":	1914256,
					"rtt":	836458,
					"omitted":	false
				}],
			"sum":	{
				"start":	8.001343,
				"end":	9.001637,
				"seconds":	1.000294,
				"bytes":	977400,
				"bits_per_second":	7816902.064456,
				"retransmits":	0,
				"omitted":	false
			}
		}, {
			"streams":	[{
					"socket":	4,
					"start":	9.001637,
					"end":	10.001390,
					"seconds":	0.999753,
					"bytes":	977400,
					"bits_per_second":	7821131.832451,
					"retransmits":	0,
					"snd_cwnd":	1905568,
					"rtt":	832420,
					"omitted":	false
				}],
			"sum":	{
				"start":	9.001637,
				"end":	10.001390,
				"seconds":	0.999753,
				"bytes":	977400,
				"bits_per_second":	7821131.832451,
				"retransmits":	0,
				"omitted":	false
			}
		}, {
			"streams":	[{
					"socket":	4,
					"start":	10.001390,
					"end":	11.001492,
					"seconds":	1.000102,
					"bytes":	977400,
					"bits_per_second":	7818402.185599,
					"retransmits":	0,
					"snd_cwnd":	1986656,
					"rtt":	826132,
					"omitted":	false
				}],
			"sum":	{
				"start":	10.001390,
				"end":	11.001492,
				"seconds":	1.000102,
				"bytes":	977400,
				"bits_per_second":	7818402.185599,
				"retransmits":	0,
				"omitted":	false
			}
		}, {
			"streams":	[{
					"socket":	4,
					"start":	11.001492,
					"end":	12.001268,
					"seconds":	0.999776,
					"bytes":	1042560,
					"bits_per_second":	8342349.632877,
					"retransmits":	0,
					"snd_cwnd":	2035888,
					"rtt":	846540,
					"omitted":	false
				}],
			"sum":	{
				"start":	11.001492,
				"end":	12.001268,
				"seconds":	0.999776,
				"bytes":	1042560,
				"bits_per_second":	8342349.632877,
				"retransmits":	0,
				"omitted":	false
			}
		}, {
			"streams":	[{
					"socket":	4,
					"start":	12.001268,
					"end":	13.001454,
					"seconds":	1.000186,
					"bytes":	260640,
					"bits_per_second":	2084732.309646,
					"retransmits":	14,
					"snd_cwnd":	1937424,
					"rtt":	837668,
					"omitted":	false
				}],
			"sum":	{
				"start":	12.001268,
				"end":	13.001454,
				"seconds":	1.000186,
				"bytes":	260640,
				"bits_per_second":	2084732.309646,
				"retransmits":	14,
				"omitted":	false
			}
		}, {
			"streams":	[{
					"socket":	4,
					"start":	13.001454,
					"end":	14.000769,
					"seconds":	0.999315,
					"bytes":	2476080,
					"bits_per_second":	19822217.754881,
					"retransmits":	0,
					"snd_cwnd":	1123648,
					"rtt":	486096,
					"omitted":	false
				}],
			"sum":	{
				"start":	13.001454,
				"end":	14.000769,
				"seconds":	0.999315,
				"bytes":	2476080,
				"bits_per_second":	19822217.754881,
				"retransmits":	0,
				"omitted":	false
			}
		}, {
			"streams":	[{
					"socket":	4,
					"start":	14.000769,
					"end":	15.001136,
					"seconds":	1.000367,
					"bytes":	456120,
					"bits_per_second":	3647620.722753,
					"retransmits":	0,
					"snd_cwnd":	1876608,
					"rtt":	828090,
					"omitted":	false
				}],
			"sum":	{
				"start":	14.000769,
				"end":	15.001136,
				"seconds":	1.000367,
				"bytes":	456120,
				"bits_per_second":	3647620.722753,
				"retransmits":	0,
				"omitted":	false
			}
		}, {
			"streams":	[{
					"socket":	4,
					"start":	15.001136,
					"end":	16.001170,
					"seconds":	1.000034,
					"bytes":	912240,
					"bits_per_second":	7297672.934085,
					"retransmits":	0,
					"snd_cwnd":	2050368,
					"rtt":	895036,
					"omitted":	false
				}],
			"sum":	{
				"start":	15.001136,
				"end":	16.001170,
				"seconds":	1.000034,
				"bytes":	912240,
				"bits_per_second":	7297672.934085,
				"retransmits":	0,
				"omitted":	false
			}
		}, {
			"streams":	[{
					"socket":	4,
					"start":	16.001170,
					"end":	17.001069,
					"seconds":	0.999899,
					"bytes":	977400,
					"bits_per_second":	7819988.654137,
					"retransmits":	0,
					"snd_cwnd":	2056160,
					"rtt":	871988,
					"omitted":	false
				}],
			"sum":	{
				"start":	16.001170,
				"end":	17.001069,
				"seconds":	0.999899,
				"bytes":	977400,
				"bits_per_second":	7819988.654137,
				"retransmits":	0,
				"omitted":	false
			}
		}, {
			"streams":	[{
					"socket":	4,
					"start":	17.001069,
					"end":	18.001165,
					"seconds":	1.000096,
					"bytes":	1042560,
					"bits_per_second":	8339680.689402,
					"retransmits":	0,
					"snd_cwnd":	2079328,
					"rtt":	881805,
					"omitted":	false
				}],
			"sum":	{
				"start":	17.001069,
				"end":	18.001165,
				"seconds":	1.000096,
				"bytes":	1042560,
				"bits_per_second":	8339680.689402,
				"retransmits":	0,
				"omitted":	false
			}
		}, {
			"streams":	[{
					"socket":	4,
					"start":	18.001165,
					"end":	19.001121,
					"seconds":	0.999956,
					"bytes":	195480,
					"bits_per_second":	1563908.607136,
					"retransmits":	9,
					"snd_cwnd":	2166208,
					"rtt":	945891,
					"omitted":	false
				}],
			"sum":	{
				"start":	18.001165,
				"end":	19.001121,
				"seconds":	0.999956,
				"bytes":	195480,
				"bits_per_second":	1563908.607136,
				"retransmits":	9,
				"omitted":	false
			}
		}, {
			"streams":	[{
					"socket":	4,
					"start":	19.001121,
					"end":	20.001146,
					"seconds":	1.000025,
					"bytes":	1310720,
					"bits_per_second":	10485500.006447,
					"retransmits":	9,
					"snd_cwnd":	1462480,
					"rtt":	625794,
					"omitted":	false
				}],
			"sum":	{
				"start":	19.001121,
				"end":	20.001146,
				"seconds":	1.000025,
				"bytes":	1310720,
				"bits_per_second":	10485500.006447,
				"retransmits":	9,
				"omitted":	false
			}
		}, {
			"streams":	[{
					"socket":	4,
					"start":	20.001146,
					"end":	21.001027,
					"seconds":	0.999881,
					"bytes":	2142760,
					"bits_per_second":	17144119.650847,
					"retransmits":	0,
					"snd_cwnd":	1340848,
					"rtt":	580545,
					"omitted":	false
				}],
			"sum":	{
				"start":	20.001146,
				"end":	21.001027,
				"seconds":	0.999881,
				"bytes":	2142760,
				"bits_per_second":	17144119.650847,
				"retransmits":	0,
				"omitted":	false
			}
		}, {
			"streams":	[{
					"socket":	4,
					"start":	21.001027,
					"end":	22.001505,
					"seconds":	1.000478,
					"bytes":	521280,
					"bits_per_second":	4168247.455790,
					"retransmits":	0,
					"snd_cwnd":	2044576,
					"rtt":	857680,
					"omitted":	false
				}],
			"sum":	{
				"start":	21.001027,
				"end":	22.001505,
				"seconds":	1.000478,
				"bytes":	521280,
				"bits_per_second":	4168247.455790,
				"retransmits":	0,
				"omitted":	false
			}
		}, {
			"streams":	[{
					"socket":	4,
					"start":	22.001505,
					"end":	23.001249,
					"seconds":	0.999744,
					"bytes":	977400,
					"bits_per_second":	7821202.709320,
					"retransmits":	0,
					"snd_cwnd":	2148832,
					"rtt":	901957,
					"omitted":	false
				}],
			"sum":	{
				"start":	22.001505,
				"end":	23.001249,
				"seconds":	0.999744,
				"bytes":	977400,
				"bits_per_second":	7821202.709320,
				"retransmits":	0,
				"omitted":	false
			}
		}, {
			"streams":	[{
					"socket":	4,
					"start":	23.001249,
					"end":	24.000616,
					"seconds":	0.999367,
					"bytes":	325800,
					"bits_per_second":	2608050.899682,
					"retransmits":	2,
					"snd_cwnd":	2241504,
					"rtt":	913950,
					"omitted":	false
				}],
			"sum":	{
				"start":	23.001249,
				"end":	24.000616,
				"seconds":	0.999367,
				"bytes":	325800,
				"bits_per_second":	2608050.899682,
				"retransmits":	2,
				"omitted":	false
			}
		}, {
			"streams":	[{
					"socket":	4,
					"start":	24.000616,
					"end":	25.001299,
					"seconds":	1.000683,
					"bytes":	1042560,
					"bits_per_second":	8334786.763630,
					"retransmits":	11,
					"snd_cwnd":	2255984,
					"rtt":	919637,
					"omitted":	false
				}],
			"sum":	{
				"start":	24.000616,
				"end":	25.001299,
				"seconds":	1.000683,
				"bytes":	1042560,
				"bits_per_second":	8334786.763630,
				"retransmits":	11,
				"omitted":	false
			}
		}, {
			"streams":	[{
					"socket":	4,
					"start":	25.001299,
					"end":	26.000613,
					"seconds":	0.999314,
					"bytes":	130320,
					"bits_per_second":	1043275.614305,
					"retransmits":	17,
					"snd_cwnd":	1537776,
					"rtt":	652518,
					"omitted":	false
				}],
			"sum":	{
				"start":	25.001299,
				"end":	26.000613,
				"seconds":	0.999314,
				"bytes":	130320,
				"bits_per_second":	1043275.614305,
				"retransmits":	17,
				"omitted":	false
			}
		}, {
			"streams":	[{
					"socket":	4,
					"start":	26.000613,
					"end":	27.001106,
					"seconds":	1.000493,
					"bytes":	3453480,
					"bits_per_second":	27614224.816904,
					"retransmits":	0,
					"snd_cwnd":	1500128,
					"rtt":	623259,
					"omitted":	false
				}],
			"sum":	{
				"start":	26.000613,
				"end":	27.001106,
				"seconds":	1.000493,
				"bytes":	3453480,
				"bits_per_second":	27614224.816904,
				"retransmits":	0,
				"omitted":	false
			}
		}, {
			"streams":	[{
					"socket":	4,
					"start":	27.001106,
					"end":	28.001427,
					"seconds":	1.000321,
					"bytes":	781920,
					"bits_per_second":	6253353.227614,
					"retransmits":	0,
					"snd_cwnd":	2056160,
					"rtt":	862716,
					"omitted":	false
				}],
			"sum":	{
				"start":	27.001106,
				"end":	28.001427,
				"seconds":	1.000321,
				"bytes":	781920,
				"bits_per_second":	6253353.227614,
				"retransmits":	0,
				"omitted":	false
			}
		}, {
			"streams":	[{
					"socket":	4,
					"start":	28.001427,
					"end":	29.001290,
					"seconds":	0.999863,
					"bytes":	1107720,
					"bits_per_second":	8862975.031300,
					"retransmits":	0,
					"snd_cwnd":	2198064,
					"rtt":	895828,
					"omitted":	false
				}],
			"sum":	{
				"start":	28.001427,
				"end":	29.001290,
				"seconds":	0.999863,
				"bytes":	1107720,
				"bits_per_second":	8862975.031300,
				"retransmits":	0,
				"omitted":	false
			}
		}, {
			"streams":	[{
					"socket":	4,
					"start":	29.001290,
					"end":	30.001134,
					"seconds":	0.999844,
					"bytes":	195480,
					"bits_per_second":	1564083.880953,
					"retransmits":	20,
					"snd_cwnd":	2209648,
					"rtt":	900887,
					"omitted":	false
				}],
			"sum":	{
				"start":	29.001290,
				"end":	30.001134,
				"seconds":	0.999844,
				"bytes":	195480,
				"bits_per_second":	1564083.880953,
				"retransmits":	20,
				"omitted":	false
			}
		}, {
			"streams":	[{
					"socket":	4,
					"start":	30.001134,
					"end":	31.000338,
					"seconds":	0.999204,
					"bytes":	1303200,
					"bits_per_second":	10433906.220262,
					"retransmits":	14,
					"snd_cwnd":	1604384,
					"rtt":	660134,
					"omitted":	false
				}],
			"sum":	{
				"start":	30.001134,
				"end":	31.000338,
				"seconds":	0.999204,
				"bytes":	1303200,
				"bits_per_second":	10433906.220262,
				"retransmits":	14,
				"omitted":	false
			}
		}, {
			"streams":	[{
					"socket":	4,
					"start":	31.000338,
					"end":	32.001399,
					"seconds":	1.001061,
					"bytes":	2345760,
					"bits_per_second":	18746186.526320,
					"retransmits":	0,
					"snd_cwnd":	1523296,
					"rtt":	626444,
					"omitted":	false
				}],
			"sum":	{
				"start":	31.000338,
				"end":	32.001399,
				"seconds":	1.001061,
				"bytes":	2345760,
				"bits_per_second":	18746186.526320,
				"retransmits":	0,
				"omitted":	false
			}
		}, {
			"streams":	[{
					"socket":	4,
					"start":	32.001399,
					"end":	33.000583,
					"seconds":	0.999184,
					"bytes":	716760,
					"bits_per_second":	5738763.443849,
					"retransmits":	0,
					"snd_cwnd":	2088016,
					"rtt":	876224,
					"omitted":	false
				}],
			"sum":	{
				"start":	32.001399,
				"end":	33.000583,
				"seconds":	0.999184,
				"bytes":	716760,
				"bits_per_second":	5738763.443849,
				"retransmits":	0,
				"omitted":	false
			}
		}, {
			"streams":	[{
					"socket":	4,
					"start":	33.000583,
					"end":	34.000434,
					"seconds":	0.999851,
					"bytes":	1107720,
					"bits_per_second":	8863080.701942,
					"retransmits":	0,
					"snd_cwnd":	2177792,
					"rtt":	904796,
					"omitted":	false
				}],
			"sum":	{
				"start":	33.000583,
				"end":	34.000434,
				"seconds":	0.999851,
				"bytes":	1107720,
				"bits_per_second":	8863080.701942,
				"retransmits":	0,
				"omitted":	false
			}
		}, {
			"streams":	[{
					"socket":	4,
					"start":	34.000434,
					"end":	35.000530,
					"seconds":	1.000096,
					"bytes":	195480,
					"bits_per_second":	1563689.756486,
					"retransmits":	8,
					"snd_cwnd":	2447120,
					"rtt":	986929,
					"omitted":	false
				}],
			"sum":	{
				"start":	34.000434,
				"end":	35.000530,
				"seconds":	1.000096,
				"bytes":	195480,
				"bits_per_second":	1563689.756486,
				"retransmits":	8,
				"omitted":	false
			}
		}, {
			"streams":	[{
					"socket":	4,
					"start":	35.000530,
					"end":	36.000384,
					"seconds":	0.999854,
					"bytes":	1303200,
					"bits_per_second":	10427123.930304,
					"retransmits":	20,
					"snd_cwnd":	1630448,
					"rtt":	657756,
					"omitted":	false
				}],
			"sum":	{
				"start":	35.000530,
				"end":	36.000384,
				"seconds":	0.999854,
				"bytes":	1303200,
				"bits_per_second":	10427123.930304,
				"retransmits":	20,
				"omitted":	false
			}
		}, {
			"streams":	[{
					"socket":	4,
					"start":	36.000384,
					"end":	37.000440,
					"seconds":	1.000056,
					"bytes":	2085120,
					"bits_per_second":	16680025.445428,
					"retransmits":	0,
					"snd_cwnd":	1934528,
					"rtt":	757765,
					"omitted":	false
				}],
			"sum":	{
				"start":	36.000384,
				"end":	37.000440,
				"seconds":	1.000056,
				"bytes":	2085120,
				"bits_per_second":	16680025.445428,
				"retransmits":	0,
				"omitted":	false
			}
		}, {
			"streams":	[{
					"socket":	4,
					"start":	37.000440,
					"end":	38.000798,
					"seconds":	1.000358,
					"bytes":	1042560,
					"bits_per_second":	8337494.304055,
					"retransmits":	0,
					"snd_cwnd":	2308112,
					"rtt":	869308,
					"omitted":	false
				}],
			"sum":	{
				"start":	37.000440,
				"end":	38.000798,
				"seconds":	1.000358,
				"bytes":	1042560,
				"bits_per_second":	8337494.304055,
				"retransmits":	0,
				"omitted":	false
			}
		}, {
			"streams":	[{
					"socket":	4,
					"start":	38.000798,
					"end":	39.000193,
					"seconds":	0.999395,
					"bytes":	1042560,
					"bits_per_second":	8345529.933188,
					"retransmits":	0,
					"snd_cwnd":	2545584,
					"rtt":	958223,
					"omitted":	false
				}],
			"sum":	{
				"start":	38.000798,
				"end":	39.000193,
				"seconds":	0.999395,
				"bytes":	1042560,
				"bits_per_second":	8345529.933188,
				"retransmits":	0,
				"omitted":	false
			}
		}, {
			"streams":	[{
					"socket":	4,
					"start":	39.000193,
					"end":	40.000714,
					"seconds":	1.000521,
					"bytes":	260640,
					"bits_per_second":	2084033.836964,
					"retransmits":	28,
					"snd_cwnd":	2328384,
					"rtt":	920798,
					"omitted":	false
				}],
			"sum":	{
				"start":	39.000193,
				"end":	40.000714,
				"seconds":	1.000521,
				"bytes":	260640,
				"bits_per_second":	2084033.836964,
				"retransmits":	28,
				"omitted":	false
			}
		}, {
			"streams":	[{
					"socket":	4,
					"start":	40.000714,
					"end":	41.001383,
					"seconds":	1.000669,
					"bytes":	130320,
					"bits_per_second":	1041862.991020,
					"retransmits":	11,
					"snd_cwnd":	1717328,
					"rtt":	666286,
					"omitted":	false
				}],
			"sum":	{
				"start":	40.000714,
				"end":	41.001383,
				"seconds":	1.000669,
				"bytes":	130320,
				"bits_per_second":	1041862.991020,
				"retransmits":	11,
				"omitted":	false
			}
		}, {
			"streams":	[{
					"socket":	4,
					"start":	41.001383,
					"end":	42.001389,
					"seconds":	1.000006,
					"bytes":	3453480,
					"bits_per_second":	27627675.326223,
					"retransmits":	0,
					"snd_cwnd":	1581216,
					"rtt":	626146,
					"omitted":	false
				}],
			"sum":	{
				"start":	41.001383,
				"end":	42.001389,
				"seconds":	1.000006,
				"bytes":	3453480,
				"bits_per_second":	27627675.326223,
				"retransmits":	0,
				"omitted":	false
			}
		}, {
			"streams":	[{
					"socket":	4,
					"start":	42.001389,
					"end":	43.001328,
					"seconds":	0.999939,
					"bytes":	781920,
					"bits_per_second":	6255741.820179,
					"retransmits":	0,
					"snd_cwnd":	2221232,
					"rtt":	869611,
					"omitted":	false
				}],
			"sum":	{
				"start":	42.001389,
				"end":	43.001328,
				"seconds":	0.999939,
				"bytes":	781920,
				"bits_per_second":	6255741.820179,
				"retransmits":	0,
				"omitted":	false
			}
		}, {
			"streams":	[{
					"socket":	4,
					"start":	43.001328,
					"end":	44.001549,
					"seconds":	1.000221,
					"bytes":	1107720,
					"bits_per_second":	8859801.859550,
					"retransmits":	0,
					"snd_cwnd":	2377616,
					"rtt":	904216,
					"omitted":	false
				}],
			"sum":	{
				"start":	43.001328,
				"end":	44.001549,
				"seconds":	1.000221,
				"bytes":	1107720,
				"bits_per_second":	8859801.859550,
				"retransmits":	0,
				"omitted":	false
			}
		}, {
			"streams":	[{
					"socket":	4,
					"start":	44.001549,
					"end":	45.001272,
					"seconds":	0.999723,
					"bytes":	195480,
					"bits_per_second":	1564273.370031,
					"retransmits":	8,
					"snd_cwnd":	2528208,
					"rtt":	960943,
					"omitted":	false
				}],
			"sum":	{
				"start":	44.001549,
				"end":	45.001272,
				"seconds":	0.999723,
				"bytes":	195480,
				"bits_per_second":	1564273.370031,
				"retransmits":	8,
				"omitted":	false
			}
		}, {
			"streams":	[{
					"socket":	4,
					"start":	45.001272,
					"end":	46.001201,
					"seconds":	0.999929,
					"bytes":	1303200,
					"bits_per_second":	10426340.778339,
					"retransmits":	28,
					"snd_cwnd":	1702848,
					"rtt":	654349,
					"omitted":	false
				}],
			"sum":	{
				"start":	45.001272,
				"end":	46.001201,
				"seconds":	0.999929,
				"bytes":	1303200,
				"bits_per_second":	10426340.778339,
				"retransmits":	28,
				"omitted":	false
			}
		}, {
			"streams":	[{
					"socket":	4,
					"start":	46.001201,
					"end":	47.001032,
					"seconds":	0.999831,
					"bytes":	2085120,
					"bits_per_second":	16683780.205728,
					"retransmits":	0,
					"snd_cwnd":	1998240,
					"rtt":	783358,
					"omitted":	false
				}],
			"sum":	{
				"start":	46.001201,
				"end":	47.001032,
				"seconds":	0.999831,
				"bytes":	2085120,
				"bits_per_second":	16683780.205728,
				"retransmits":	0,
				"omitted":	false
			}
		}, {
			"streams":	[{
					"socket":	4,
					"start":	47.001032,
					"end":	48.001237,
					"seconds":	1.000205,
					"bytes":	977400,
					"bits_per_second":	7817597.080066,
					"retransmits":	0,
					"snd_cwnd":	2311008,
					"rtt":	886838,
					"omitted":	false
				}],
			"sum":	{
				"start":	47.001032,
				"end":	48.001237,
				"seconds":	1.000205,
				"bytes":	977400,
				"bits_per_second":	7817597.080066,
				"retransmits":	0,
				"omitted":	false
			}
		}, {
			"streams":	[{
					"socket":	4,
					"start":	48.001237,
					"end":	49.001614,
					"seconds":	1.000377,
					"bytes":	1042560,
					"bits_per_second":	8337337.325956,
					"retransmits":	0,
					"snd_cwnd":	2528208,
					"rtt":	980162,
					"omitted":	false
				}],
			"sum":	{
				"start":	48.001237,
				"end":	49.001614,
				"seconds":	1.000377,
				"bytes":	1042560,
				"bits_per_second":	8337337.325956,
				"retransmits":	0,
				"omitted":	false
			}
		}, {
			"streams":	[{
					"socket":	4,
					"start":	49.001614,
					"end":	50.001346,
					"seconds":	0.999732,
					"bytes":	260640,
					"bits_per_second":	2085678.925417,
					"retransmits":	36,
					"snd_cwnd":	2484768,
					"rtt":	954291,
					"omitted":	false
				}],
			"sum":	{
				"start":	49.001614,
				"end":	50.001346,
				"seconds":	0.999732,
				"bytes":	260640,
				"bits_per_second":	2085678.925417,
				"retransmits":	36,
				"omitted":	false
			}
		}, {
			"streams":	[{
					"socket":	4,
					"start":	50.001346,
					"end":	51.000488,
					"seconds":	0.999142,
					"bytes":	195480,
					"bits_per_second":	1565182.660716,
					"retransmits":	32,
					"snd_cwnd":	1555152,
					"rtt":	609829,
					"omitted":	false
				}],
			"sum":	{
				"start":	50.001346,
				"end":	51.000488,
				"seconds":	0.999142,
				"bytes":	195480,
				"bits_per_second":	1565182.660716,
				"retransmits":	32,
				"omitted":	false
			}
		}, {
			"streams":	[{
					"socket":	4,
					"start":	51.000488,
					"end":	52.000398,
					"seconds":	0.999910,
					"bytes":	3388320,
					"bits_per_second":	27109003.123622,
					"retransmits":	0,
					"snd_cwnd":	1656512,
					"rtt":	636059,
					"omitted":	false
				}],
			"sum":	{
				"start":	51.000488,
				"end":	52.000398,
				"seconds":	0.999910,
				"bytes":	3388320,
				"bits_per_second":	27109003.123622,
				"retransmits":	0,
				"omitted":	false
			}
		}, {
			"streams":	[{
					"socket":	4,
					"start":	52.000398,
					"end":	53.000735,
					"seconds":	1.000337,
					"bytes":	781920,
					"bits_per_second":	6253251.879521,
					"retransmits":	0,
					"snd_cwnd":	2267568,
					"rtt":	879007,
					"omitted":	false
				}],
			"sum":	{
				"start":	52.000398,
				"end":	53.000735,
				"seconds":	1.000337,
				"bytes":	781920,
				"bits_per_second":	6253251.879521,
				"retransmits":	0,
				"omitted":	false
			}
		}, {
			"streams":	[{
					"socket":	4,
					"start":	53.000735,
					"end":	54.000521,
					"seconds":	0.999786,
					"bytes":	1107720,
					"bits_per_second":	8863657.708087,
					"retransmits":	0,
					"snd_cwnd":	2394992,
					"rtt":	909948,
					"omitted":	false
				}],
			"sum":	{
				"start":	53.000735,
				"end":	54.000521,
				"seconds":	0.999786,
				"bytes":	1107720,
				"bits_per_second":	8863657.708087,
				"retransmits":	0,
				"omitted":	false
			}
		}, {
			"streams":	[{
					"socket":	4,
					"start":	54.000521,
					"end":	55.001485,
					"seconds":	1.000964,
					"bytes":	195480,
					"bits_per_second":	1562334.025120,
					"retransmits":	18,
					"snd_cwnd":	2516624,
					"rtt":	956394,
					"omitted":	false
				}],
			"sum":	{
				"start":	54.000521,
				"end":	55.001485,
				"seconds":	1.000964,
				"bytes":	195480,
				"bits_per_second":	1562334.025120,
				"retransmits":	18,
				"omitted":	false
			}
		}, {
			"streams":	[{
					"socket":	4,
					"start":	55.001485,
					"end":	56.001411,
					"seconds":	0.999926,
					"bytes":	1303200,
					"bits_per_second":	10426370.610545,
					"retransmits":	39,
					"snd_cwnd":	1688368,
					"rtt":	654669,
					"omitted":	false
				}],
			"sum":	{
				"start":	55.001485,
				"end":	56.001411,
				"seconds":	0.999926,
				"bytes":	1303200,
				"bits_per_second":	10426370.610545,
				"retransmits":	39,
				"omitted":	false
			}
		}, {
			"streams":	[{
					"socket":	4,
					"start":	56.001411,
					"end":	57.001445,
					"seconds":	1.000034,
					"bytes":	2345760,
					"bits_per_second":	18765440.213768,
					"retransmits":	0,
					"snd_cwnd":	1587008,
					"rtt":	615405,
					"omitted":	false
				}],
			"sum":	{
				"start":	56.001411,
				"end":	57.001445,
				"seconds":	1.000034,
				"bytes":	2345760,
				"bits_per_second":	18765440.213768,
				"retransmits":	0,
				"omitted":	false
			}
		}, {
			"streams":	[{
					"socket":	4,
					"start":	57.001445,
					"end":	58.000992,
					"seconds":	0.999547,
					"bytes":	781920,
					"bits_per_second":	6258194.932893,
					"retransmits":	0,
					"snd_cwnd":	2172000,
					"rtt":	833483,
					"omitted":	false
				}],
			"sum":	{
				"start":	57.001445,
				"end":	58.000992,
				"seconds":	0.999547,
				"bytes":	781920,
				"bits_per_second":	6258194.932893,
				"retransmits":	0,
				"omitted":	false
			}
		}, {
			"streams":	[{
					"socket":	4,
					"start":	58.000992,
					"end":	59.000213,
					"seconds":	0.999221,
					"bytes":	1042560,
					"bits_per_second":	8346983.568244,
					"retransmits":	0,
					"snd_cwnd":	2397888,
					"rtt":	893654,
					"omitted":	false
				}],
			"sum":	{
				"start":	58.000992,
				"end":	59.000213,
				"seconds":	0.999221,
				"bytes":	1042560,
				"bits_per_second":	8346983.568244,
				"retransmits":	0,
				"omitted":	false
			}
		}, {
			"streams":	[{
					"socket":	4,
					"start":	59.000213,
					"end":	60.000687,
					"seconds":	1.000474,
					"bytes":	2215440,
					"bits_per_second":	17715123.454250,
					"retransmits":	17,
					"snd_cwnd":	799296,
					"rtt":	289423,
					"omitted":	false
				}],
			"sum":	{
				"start":	59.000213,
				"end":	60.000687,
				"seconds":	1.000474,
				"bytes":	2215440,
				"bits_per_second":	17715123.454250,
				"retransmits":	17,
				"omitted":	false
			}
		}],
	"end":	{
		"streams":	[{
				"sender":	{
					"socket":	4,
					"start":	0,
					"end":	60.000687,
					"seconds":	60.000687,
					"bytes":	68112472,
					"bits_per_second":	9081558.967052,
					"retransmits":	341,
					"max_snd_cwnd":	2545584,
					"max_rtt":	986929,
					"min_rtt":	12794,
					"mean_rtt":	771825
				},
				"receiver":	{
					"socket":	4,
					"start":	0,
					"end":	60.000687,
					"seconds":	60.000687,
					"bytes":	64356352,
					"bits_per_second":	8580748.700361
				}
			}],
		"sum_sent":	{
			"start":	0,
			"end":	60.000687,
			"seconds":	60.000687,
			"bytes":	68112472,
			"bits_per_second":	9081558.967052,
			"retransmits":	341
		},
		"sum_received":	{
			"start":	0,
			"end":	60.000687,
			"seconds":	60.000687,
			"bytes":	64356352,
			"bits_per_second":	8580748.700361
		},
		"cpu_utilization_percent":	{
			"host_total":	0.036384,
			"host_user":	0.011548,
			"host_system":	0.024836,
			"remote_total":	0.870130,
			"remote_user":	0,
			"remote_system":	0.870132
		}
	}
}
