{
	"start":	{
		"connected":	[{
				"socket":	4,
				"local_host":	"192.168.179.151",
				"local_port":	39536,
				"remote_host":	"192.168.120.131",
				"remote_port":	5201
			}],
		"version":	"iperf 3.1.3",
		"system_info":	"Linux a 4.15.0-213-generic #224-Ubuntu SMP Mon Jun 19 13:30:12 UTC 2023 x86_64",
		"timestamp":	{
			"time":	"Mon, 05 May 2025 10:39:55 GMT",
			"timesecs":	1746441595
		},
		"connecting_to":	{
			"host":	"192.168.120.131",
			"port":	5201
		},
		"cookie":	"a.1746441594.987155.2eeddffe10e6d75b",
		"tcp_mss_default":	1448,
		"test_start":	{
			"protocol":	"TCP",
			"num_streams":	1,
			"blksize":	131072,
			"omit":	0,
			"duration":	60,
			"bytes":	0,
			"blocks":	0,
			"reverse":	0
		}
	},
	"intervals":	[{
			"streams":	[{
					"socket":	4,
					"start":	0,
					"end":	1.000263,
					"seconds":	1.000263,
					"bytes":	625536,
					"bits_per_second":	5002972.339883,
					"retransmits":	0,
					"snd_cwnd":	85432,
					"rtt":	337774,
					"omitted":	false
				}],
			"sum":	{
				"start":	0,
				"end":	1.000263,
				"seconds":	1.000263,
				"bytes":	625536,
				"bits_per_second":	5002972.339883,
				"retransmits":	0,
				"omitted":	false
			}
		}, {
			"streams":	[{
					"socket":	4,
					"start":	1.000263,
					"end":	2.001288,
					"seconds":	1.001025,
					"bytes":	195480,
					"bits_per_second":	1562238.393371,
					"retransmits":	0,
					"snd_cwnd":	94120,
					"rtt":	386047,
					"omitted":	false
				}],
			"sum":	{
				"start":	1.000263,
				"end":	2.001288,
				"seconds":	1.001025,
				"bytes":	195480,
				"bits_per_second":	1562238.393371,
				"retransmits":	0,
				"omitted":	false
			}
		}, {
			"streams":	[{
					"socket":	4,
					"start":	2.001288,
					"end":	3.000671,
					"seconds":	0.999383,
					"bytes":	260640,
					"bits_per_second":	2086407.370270,
					"retransmits":	0,
					"snd_cwnd":	102808,
					"rtt":	429426,
					"omitted":	false
				}],
			"sum":	{
				"start":	2.001288,
				"end":	3.000671,
				"seconds":	0.999383,
				"bytes":	260640,
				"bits_per_second":	2086407.370270,
				"retransmits":	0,
				"omitted":	false
			}
		}, {
			"streams":	[{
					"socket":	4,
					"start":	3.000671,
					"end":	4.000394,
					"seconds":	0.999723,
					"bytes":	325800,
					"bits_per_second":	2607122.283386,
					"retransmits":	0,
					"snd_cwnd":	117288,
					"rtt":	499258,
					"omitted":	false
				}],
			"sum":	{
				"start":	3.000671,
				"end":	4.000394,
				"seconds":	0.999723,
				"bytes":	325800,
				"bits_per_second":	2607122.283386,
				"retransmits":	0,
				"omitted":	false
			}
		}, {
			"streams":	[{
					"socket":	4,
					"start":	4.000394,
					"end":	5.001356,
					"seconds":	1.000962,
					"bytes":	260640,
					"bits_per_second":	2083116.002895,
					"retransmits":	0,
					"snd_cwnd":	125976,
					"rtt":	534742,
					"omitted":	false
				}],
			"sum":	{
				"start":	4.000394,
				"end":	5.001356,
				"seconds":	1.000962,
				"bytes":	260640,
				"bits_per_second":	2083116.002895,
				"retransmits":	0,
				"omitted":	false
			}
		}, {
			"streams":	[{
					"socket":	4,
					"start":	5.001356,
					"end":	6.000411,
					"seconds":	0.999055,
					"bytes":	325800,
					"bits_per_second":	2608865.616060,
					"retransmits":	0,
					"snd_cwnd":	147696,
					"rtt":	563915,
					"omitted":	false
				}],
			"sum":	{
				"start":	5.001356,
				"end":	6.000411,
				"seconds":	0.999055,
				"bytes":	325800,
				"bits_per_second":	2608865.616060,
				"retransmits":	0,
				"omitted":	false
			}
		}, {
			"streams":	[{
					"socket":	4,
					"start":	6.000411,
					"end":	7.000510,
					"seconds":	1.000099,
					"bytes":	651600,
					"bits_per_second":	5212284.277254,
					"retransmits":	0,
					"snd_cwnd":	207064,
					"rtt":	650465,
					"omitted":	false
				}],
			"sum":	{
				"start":	6.000411,
				"end":	7.000510,
				"seconds":	1.000099,
				"bytes":	651600,
				"bits_per_second":	5212284.277254,
				"retransmits":	0,
				"omitted":	false
			}
		}, {
			"streams":	[{
					"socket":	4,
					"start":	7.000510,
					"end":	8.001532,
					"seconds":	1.001022,
					"bytes":	456120,
					"bits_per_second":	3645234.204484,
					"retransmits":	0,
					"snd_cwnd":	251952,
					"rtt":	684435,
					"omitted":	false
				}],
			"sum":	{
				"start":	7.000510,
				"end":	8.001532,
				"seconds":	1.001022,
				"bytes":	456120,
				"bits_per_second":	3645234.204484,
				"retransmits":	0,
				"omitted":	false
			}
		}, {
			"streams":	[{
					"socket":	4,
					"start":	8.001532,
					"end":	9.000417,
					"seconds":	0.998885,
					"bytes":	1238040,
					"bits_per_second":	9915376.474631,
					"retransmits":	0,
					"snd_cwnd":	376480,
					"rtt":	606638,
					"omitted":	false
				}],
			"sum":	{
				"start":	8.001532,
				"end":	9.000417,
				"seconds":	0.998885,
				"bytes":	1238040,
				"bits_per_second":	9915376.474631,
				"retransmits":	0,
				"omitted":	false
			}
		}, {
			"streams":	[{
					"socket":	4,
					"start":	9.000417,
					"end":	10.001239,
					"seconds":	1.000822,
					"bytes":	847080,
					"bits_per_second":	6771073.721973,
					"retransmits":	0,
					"snd_cwnd":	457568,
					"rtt":	723666,
					"omitted":	false
				}],
			"sum":	{
				"start":	9.000417,
				"end":	10.001239,
				"seconds":	1.000822,
				"bytes":	847080,
				"bits_per_second":	6771073.721973,
				"retransmits":	0,
				"omitted":	false
			}
		}, {
			"streams":	[{
					"socket":	4,
					"start":	10.001239,
					"end":	11.001222,
					"seconds":	0.999983,
					"bytes":	1042560,
					"bits_per_second":	8340621.187693,
					"retransmits":	0,
					"snd_cwnd":	563272,
					"rtt":	776160,
					"omitted":	false
				}],
			"sum":	{
				"start":	10.001239,
				"end":	11.001222,
				"seconds":	0.999983,
				"bytes":	1042560,
				"bits_per_second":	8340621.187693,
				"retransmits":	0,
				"omitted":	false
			}
		}, {
			"streams":	[{
					"socket":	4,
					"start":	11.001222,
					"end":	12.000630,
					"seconds":	0.999408,
					"bytes":	1889640,
					"bits_per_second":	15126074.535263,
					"retransmits":	0,
					"snd_cwnd":	821016,
					"rtt":	739405,
					"omitted":	false
				}],
			"sum":	{
				"start":	11.001222,
				"end":	12.000630,
				"seconds":	0.999408,
				"bytes":	1889640,
				"bits_per_second":	15126074.535263,
				"retransmits":	0,
				"omitted":	false
			}
		}, {
			"streams":	[{
					"socket":	4,
					"start":	12.000630,
					"end":	13.001328,
					"seconds":	1.000698,
					"bytes":	781920,
					"bits_per_second":	6250997.733849,
					"retransmits":	0,
					"snd_cwnd":	988984,
					"rtt":	791789,
					"omitted":	false
				}],
			"sum":	{
				"start":	12.000630,
				"end":	13.001328,
				"seconds":	1.000698,
				"bytes":	781920,
				"bits_per_second":	6250997.733849,
				"retransmits":	0,
				"omitted":	false
			}
		}, {
			"streams":	[{
					"socket":	4,
					"start":	13.001328,
					"end":	14.001558,
					"seconds":	1.000230,
					"bytes":	847080,
					"bits_per_second":	6775081.230443,
					"retransmits":	0,
					"snd_cwnd":	1245280,
					"rtt":	1131327,
					"omitted":	false
				}],
			"sum":	{
				"start":	13.001328,
				"end":	14.001558,
				"seconds":	1.000230,
				"bytes":	847080,
				"bits_per_second":	6775081.230443,
				"retransmits":	0,
				"omitted":	false
			}
		}, {
			"streams":	[{
					"socket":	4,
					"start":	14.001558,
					"end":	15.001403,
					"seconds":	0.999845,
					"bytes":	1172880,
					"bits_per_second":	9384494.334573,
					"retransmits":	0,
					"snd_cwnd":	1545016,
					"rtt":	1038690,
					"omitted":	false
				}],
			"sum":	{
				"start":	14.001558,
				"end":	15.001403,
				"seconds":	0.999845,
				"bytes":	1172880,
				"bits_per_second":	9384494.334573,
				"retransmits":	0,
				"omitted":	false
			}
		}, {
			"streams":	[{
					"socket":	4,
					"start":	15.001403,
					"end":	16.001185,
					"seconds":	0.999782,
					"bytes":	390960,
					"bits_per_second":	3128361.715633,
					"retransmits":	0,
					"snd_cwnd":	1734704,
					"rtt":	1250865,
					"omitted":	false
				}],
			"sum":	{
				"start":	15.001403,
				"end":	16.001185,
				"seconds":	0.999782,
				"bytes":	390960,
				"bits_per_second":	3128361.715633,
				"retransmits":	0,
				"omitted":	false
			}
		}, {
			"streams":	[{
					"socket":	4,
					"start":	16.001185,
					"end":	17.001286,
					"seconds":	1.000101,
					"bytes":	1042560,
					"bits_per_second":	8339638.938582,
					"retransmits":	0,
					"snd_cwnd":	1996792,
					"rtt":	1104770,
					"omitted":	false
				}],
			"sum":	{
				"start":	16.001185,
				"end":	17.001286,
				"seconds":	1.000101,
				"bytes":	1042560,
				"bits_per_second":	8339638.938582,
				"retransmits":	0,
				"omitted":	false
			}
		}, {
			"streams":	[{
					"socket":	4,
					"start":	17.001286,
					"end":	18.000976,
					"seconds":	0.999690,
					"bytes":	1833168,
					"bits_per_second":	14669890.846891,
					"retransmits":	0,
					"snd_cwnd":	2490560,
					"rtt":	988357,
					"omitted":	false
				}],
			"sum":	{
				"start":	17.001286,
				"end":	18.000976,
				"seconds":	0.999690,
				"bytes":	1833168,
				"bits_per_second":	14669890.846891,
				"retransmits":	0,
				"omitted":	false
			}
		}, {
			"streams":	[{
					"socket":	4,
					"start":	18.000976,
					"end":	19.000404,
					"seconds":	0.999428,
					"bytes":	2622608,
					"bits_per_second":	20992871.212171,
					"retransmits":	0,
					"snd_cwnd":	3024872,
					"rtt":	981277,
					"omitted":	false
				}],
			"sum":	{
				"start":	18.000976,
				"end":	19.000404,
				"seconds":	0.999428,
				"bytes":	2622608,
				"bits_per_second":	20992871.212171,
				"retransmits":	0,
				"omitted":	false
			}
		}, {
			"streams":	[{
					"socket":	4,
					"start":	19.000404,
					"end":	20.001329,
					"seconds":	1.000925,
					"bytes":	2361968,
					"bits_per_second":	18878280.380797,
					"retransmits":	0,
					"snd_cwnd":	3486784,
					"rtt":	1016020,
					"omitted":	false
				}],
			"sum":	{
				"start":	19.000404,
				"end":	20.001329,
				"seconds":	1.000925,
				"bytes":	2361968,
				"bits_per_second":	18878280.380797,
				"retransmits":	0,
				"omitted":	false
			}
		}, {
			"streams":	[{
					"socket":	4,
					"start":	20.001329,
					"end":	21.001458,
					"seconds":	1.000129,
					"bytes":	2301152,
					"bits_per_second":	18406841.803610,
					"retransmits":	0,
					"snd_cwnd":	3766248,
					"rtt":	998378,
					"omitted":	false
				}],
			"sum":	{
				"start":	20.001329,
				"end":	21.001458,
				"seconds":	1.000129,
				"bytes":	2301152,
				"bits_per_second":	18406841.803610,
				"retransmits":	0,
				"omitted":	false
			}
		}, {
			"streams":	[{
					"socket":	4,
					"start":	21.001458,
					"end":	22.001546,
					"seconds":	1.000088,
					"bytes":	2492008,
					"bits_per_second":	19934310.250038,
					"retransmits":	0,
					"snd_cwnd":	3766248,
					"rtt":	1165023,
					"omitted":	false
				}],
			"sum":	{
				"start":	21.001458,
				"end":	22.001546,
				"seconds":	1.000088,
				"bytes":	2492008,
				"bits_per_second":	19934310.250038,
				"retransmits":	0,
				"omitted":	false
			}
		}, {
			"streams":	[{
					"socket":	4,
					"start":	22.001546,
					"end":	23.001105,
					"seconds":	0.999559,
					"bytes":	1905848,
					"bits_per_second":	15253511.933187,
					"retransmits":	0,
					"snd_cwnd":	3766248,
					"rtt":	1410020,
					"omitted":	false
				}],
			"sum":	{
				"start":	22.001546,
				"end":	23.001105,
				"seconds":	0.999559,
				"bytes":	1905848,
				"bits_per_second":	15253511.933187,
				"retransmits":	0,
				"omitted":	false
			}
		}, {
			"streams":	[{
					"socket":	4,
					"start":	23.001105,
					"end":	24.001482,
					"seconds":	1.000377,
					"bytes":	984640,
					"bits_per_second":	7874151.918959,
					"retransmits":	475,
					"snd_cwnd":	1290168,
					"rtt":	1300429,
					"omitted":	false
				}],
			"sum":	{
				"start":	23.001105,
				"end":	24.001482,
				"seconds":	1.000377,
				"bytes":	984640,
				"bits_per_second":	7874151.918959,
				"retransmits":	475,
				"omitted":	false
			}
		}, {
			"streams":	[{
					"socket":	4,
					"start":	24.001482,
					"end":	25.000608,
					"seconds":	0.999126,
					"bytes":	2623776,
					"bits_per_second":	21008570.383610,
					"retransmits":	0,
					"snd_cwnd":	2636808,
					"rtt":	1051253,
					"omitted":	false
				}],
			"sum":	{
				"start":	24.001482,
				"end":	25.000608,
				"seconds":	0.999126,
				"bytes":	2623776,
				"bits_per_second":	21008570.383610,
				"retransmits":	0,
				"omitted":	false
			}
		}, {
			"streams":	[{
					"socket":	4,
					"start":	25.000608,
					"end":	26.000940,
					"seconds":	1.000332,
					"bytes":	1730640,
					"bits_per_second":	13840523.325798,
					"retransmits":	0,
					"snd_cwnd":	2814912,
					"rtt":	1231696,
					"omitted":	false
				}],
			"sum":	{
				"start":	25.000608,
				"end":	26.000940,
				"seconds":	1.000332,
				"bytes":	1730640,
				"bits_per_second":	13840523.325798,
				"retransmits":	0,
				"omitted":	false
			}
		}, {
			"streams":	[{
					"socket":	4,
					"start":	26.000940,
					"end":	27.001360,
					"seconds":	1.000420,
					"bytes":	540104,
					"bits_per_second":	4319017.608619,
					"retransmits":	228,
					"snd_cwnd":	1604384,
					"rtt":	1116865,
					"omitted":	false
				}],
			"sum":	{
				"start":	26.000940,
				"end":	27.001360,
				"seconds":	1.000420,
				"bytes":	540104,
				"bits_per_second":	4319017.608619,
				"retransmits":	228,
				"omitted":	false
			}
		}, {
			"streams":	[{
					"socket":	4,
					"start":	27.001360,
					"end":	28.000309,
					"seconds":	0.998949,
					"bytes":	3339368,
					"bits_per_second":	26743055.966552,
					"retransmits":	185,
					"snd_cwnd":	1976520,
					"rtt":	664423,
					"omitted":	false
				}],
			"sum":	{
				"start":	27.001360,
				"end":	28.000309,
				"seconds":	0.998949,
				"bytes":	3339368,
				"bits_per_second":	26743055.966552,
				"retransmits":	185,
				"omitted":	false
			}
		}, {
			"streams":	[{
					"socket":	4,
					"start":	28.000309,
					"end":	29.001103,
					"seconds":	1.000794,
					"bytes":	2354448,
					"bits_per_second":	18820637.171535,
					"retransmits":	0,
					"snd_cwnd":	2063400,
					"rtt":	771746,
					"omitted":	false
				}],
			"sum":	{
				"start":	28.000309,
				"end":	29.001103,
				"seconds":	1.000794,
				"bytes":	2354448,
				"bits_per_second":	18820637.171535,
				"retransmits":	0,
				"omitted":	false
			}
		}, {
			"streams":	[{
					"socket":	4,
					"start":	29.001103,
					"end":	30.001574,
					"seconds":	1.000471,
					"bytes":	2492288,
					"bits_per_second":	19928919.936071,
					"retransmits":	0,
					"snd_cwnd":	2158968,
					"rtt":	896195,
					"omitted":	false
				}],
			"sum":	{
				"start":	29.001103,
				"end":	30.001574,
				"seconds":	1.000471,
				"bytes":	2492288,
				"bits_per_second":	19928919.936071,
				"retransmits":	0,
				"omitted":	false
			}
		}, {
			"streams":	[{
					"socket":	4,
					"start":	30.001574,
					"end":	31.000881,
					"seconds":	0.999307,
					"bytes":	2427128,
					"bits_per_second":	19430490.939249,
					"retransmits":	0,
					"snd_cwnd":	2238608,
					"rtt":	934474,
					"omitted":	false
				}],
			"sum":	{
				"start":	30.001574,
				"end":	31.000881,
				"seconds":	0.999307,
				"bytes":	2427128,
				"bits_per_second":	19430490.939249,
				"retransmits":	0,
				"omitted":	false
			}
		}, {
			"streams":	[{
					"socket":	4,
					"start":	31.000881,
					"end":	32.000777,
					"seconds":	0.999896,
					"bytes":	2427128,
					"bits_per_second":	19419042.619199,
					"retransmits":	0,
					"snd_cwnd":	2299424,
					"rtt":	965605,
					"omitted":	false
				}],
			"sum":	{
				"start":	31.000881,
				"end":	32.000777,
				"seconds":	0.999896,
				"bytes":	2427128,
				"bits_per_second":	19419042.619199,
				"retransmits":	0,
				"omitted":	false
			}
		}, {
			"streams":	[{
					"socket":	4,
					"start":	32.000777,
					"end":	33.001105,
					"seconds":	1.000328,
					"bytes":	2296808,
					"bits_per_second":	18368437.977409,
					"retransmits":	0,
					"snd_cwnd":	2341416,
					"rtt":	988871,
					"omitted":	false
				}],
			"sum":	{
				"start":	32.000777,
				"end":	33.001105,
				"seconds":	1.000328,
				"bytes":	2296808,
				"bits_per_second":	18368437.977409,
				"retransmits":	0,
				"omitted":	false
			}
		}, {
			"streams":	[{
					"socket":	4,
					"start":	33.001105,
					"end":	34.001001,
					"seconds":	0.999896,
					"bytes":	2231648,
					"bits_per_second":	17855040.040348,
					"retransmits":	0,
					"snd_cwnd":	2368928,
					"rtt":	1003626,
					"omitted":	false
				}],
			"sum":	{
				"start":	33.001105,
				"end":	34.001001,
				"seconds":	0.999896,
				"bytes":	2231648,
				"bits_per_second":	17855040.040348,
				"retransmits":	0,
				"omitted":	false
			}
		}, {
			"streams":	[{
					"socket":	4,
					"start":	34.001001,
					"end":	35.000825,
					"seconds":	0.999824,
					"bytes":	2237160,
					"bits_per_second":	17900429.632709,
					"retransmits":	0,
					"snd_cwnd":	2384856,
					"rtt":	1029354,
					"omitted":	false
				}],
			"sum":	{
				"start":	34.001001,
				"end":	35.000825,
				"seconds":	0.999824,
				"bytes":	2237160,
				"bits_per_second":	17900429.632709,
				"retransmits":	0,
				"omitted":	false
			}
		}, {
			"streams":	[{
					"socket":	4,
					"start":	35.000825,
					"end":	36.000660,
					"seconds":	0.999835,
					"bytes":	1442208,
					"bits_per_second":	11539567.863182,
					"retransmits":	87,
					"snd_cwnd":	1989552,
					"rtt":	991558,
					"omitted":	false
				}],
			"sum":	{
				"start":	35.000825,
				"end":	36.000660,
				"seconds":	0.999835,
				"bytes":	1442208,
				"bits_per_second":	11539567.863182,
				"retransmits":	87,
				"omitted":	false
			}
		}, {
			"streams":	[{
					"socket":	4,
					"start":	36.000660,
					"end":	37.000610,
					"seconds":	0.999950,
					"bytes":	3397008,
					"bits_per_second":	27177424.716627,
					"retransmits":	20,
					"snd_cwnd":	1681128,
					"rtt":	823876,
					"omitted":	false
				}],
			"sum":	{
				"start":	36.000660,
				"end":	37.000610,
				"seconds":	0.999950,
				"bytes":	3397008,
				"bits_per_second":	27177424.716627,
				"retransmits":	20,
				"omitted":	false
			}
		}, {
			"streams":	[{
					"socket":	4,
					"start":	37.000610,
					"end":	38.000505,
					"seconds":	0.999895,
					"bytes":	1694160,
					"bits_per_second":	13554705.176855,
					"retransmits":	0,
					"snd_cwnd":	1743392,
					"rtt":	729636,
					"omitted":	false
				}],
			"sum":	{
				"start":	37.000610,
				"end":	38.000505,
				"seconds":	0.999895,
				"bytes":	1694160,
				"bits_per_second":	13554705.176855,
				"retransmits":	0,
				"omitted":	false
			}
		}, {
			"streams":	[{
					"socket":	4,
					"start":	38.000505,
					"end":	39.001107,
					"seconds":	1.000602,
					"bytes":	2410920,
					"bits_per_second":	19275755.861733,
					"retransmits":	0,
					"snd_cwnd":	1838960,
					"rtt":	791931,
					"omitted":	false
				}],
			"sum":	{
				"start":	38.000505,
				"end":	39.001107,
				"seconds":	1.000602,
				"bytes":	2410920,
				"bits_per_second":	19275755.861733,
				"retransmits":	0,
				"omitted":	false
			}
		}, {
			"streams":	[{
					"socket":	4,
					"start":	39.001107,
					"end":	40.000682,
					"seconds":	0.999575,
					"bytes":	2613640,
					"bits_per_second":	20918007.264477,
					"retransmits":	0,
					"snd_cwnd":	1914256,
					"rtt":	830288,
					"omitted":	false
				}],
			"sum":	{
				"start":	39.001107,
				"end":	40.000682,
				"seconds":	0.999575,
				"bytes":	2613640,
				"bits_per_second":	20918007.264477,
				"retransmits":	0,
				"omitted":	false
			}
		}, {
			"streams":	[{
					"socket":	4,
					"start":	40.000682,
					"end":	41.000415,
					"seconds":	0.999733,
					"bytes":	2224128,
					"bits_per_second":	17797776.519060,
					"retransmits":	0,
					"snd_cwnd":	1960592,
					"rtt":	860142,
					"omitted":	false
				}],
			"sum":	{
				"start":	40.000682,
				"end":	41.000415,
				"seconds":	0.999733,
				"bytes":	2224128,
				"bits_per_second":	17797776.519060,
				"retransmits":	0,
				"omitted":	false
			}
		}, {
			"streams":	[{
					"socket":	4,
					"start":	41.000415,
					"end":	42.000828,
					"seconds":	1.000413,
					"bytes":	1963488,
					"bits_per_second":	15701420.240154,
					"retransmits":	0,
					"snd_cwnd":	1991000,
					"rtt":	876568,
					"omitted":	false
				}],
			"sum":	{
				"start":	41.000415,
				"end":	42.000828,
				"seconds":	1.000413,
				"bytes":	1963488,
				"bits_per_second":	15701420.240154,
				"retransmits":	0,
				"omitted":	false
			}
		}, {
			"streams":	[{
					"socket":	4,
					"start":	42.000828,
					"end":	43.000589,
					"seconds":	0.999761,
					"bytes":	1963488,
					"bits_per_second":	15711657.442945,
					"retransmits":	0,
					"snd_cwnd":	2011272,
					"rtt":	896039,
					"omitted":	false
				}],
			"sum":	{
				"start":	42.000828,
				"end":	43.000589,
				"seconds":	0.999761,
				"bytes":	1963488,
				"bits_per_second":	15711657.442945,
				"retransmits":	0,
				"omitted":	false
			}
		}, {
			"streams":	[{
					"socket":	4,
					"start":	43.000589,
					"end":	44.001004,
					"seconds":	1.000415,
					"bytes":	2028648,
					"bits_per_second":	16222454.142029,
					"retransmits":	0,
					"snd_cwnd":	2022856,
					"rtt":	903310,
					"omitted":	false
				}],
			"sum":	{
				"start":	43.000589,
				"end":	44.001004,
				"seconds":	1.000415,
				"bytes":	2028648,
				"bits_per_second":	16222454.142029,
				"retransmits":	0,
				"omitted":	false
			}
		}, {
			"streams":	[{
					"socket":	4,
					"start":	44.001004,
					"end":	45.001116,
					"seconds":	1.000112,
					"bytes":	2093808,
					"bits_per_second":	16748587.208049,
					"retransmits":	0,
					"snd_cwnd":	2028648,
					"rtt":	911109,
					"omitted":	false
				}],
			"sum":	{
				"start":	44.001004,
				"end":	45.001116,
				"seconds":	1.000112,
				"bytes":	2093808,
				"bits_per_second":	16748587.208049,
				"retransmits":	0,
				"omitted":	false
			}
		}, {
			"streams":	[{
					"socket":	4,
					"start":	45.001116,
					"end":	46.000996,
					"seconds":	0.999880,
					"bytes":	2419608,
					"bits_per_second":	19359185.641535,
					"retransmits":	0,
					"snd_cwnd":	2030096,
					"rtt":	913355,
					"omitted":	false
				}],
			"sum":	{
				"start":	45.001116,
				"end":	46.000996,
				"seconds":	0.999880,
				"bytes":	2419608,
				"bits_per_second":	19359185.641535,
				"retransmits":	0,
				"omitted":	false
			}
		}, {
			"streams":	[{
					"socket":	4,
					"start":	46.000996,
					"end":	47.000823,
					"seconds":	0.999827,
					"bytes":	2419608,
					"bits_per_second":	19360215.096191,
					"retransmits":	0,
					"snd_cwnd":	2032992,
					"rtt":	913886,
					"omitted":	false
				}],
			"sum":	{
				"start":	46.000996,
				"end":	47.000823,
				"seconds":	0.999827,
				"bytes":	2419608,
				"bits_per_second":	19360215.096191,
				"retransmits":	0,
				"omitted":	false
			}
		}, {
			"streams":	[{
					"socket":	4,
					"start":	47.000823,
					"end":	48.000507,
					"seconds":	0.999684,
					"bytes":	2419608,
					"bits_per_second":	19362980.855057,
					"retransmits":	0,
					"snd_cwnd":	2038784,
					"rtt":	918157,
					"omitted":	false
				}],
			"sum":	{
				"start":	47.000823,
				"end":	48.000507,
				"seconds":	0.999684,
				"bytes":	2419608,
				"bits_per_second":	19362980.855057,
				"retransmits":	0,
				"omitted":	false
			}
		}, {
			"streams":	[{
					"socket":	4,
					"start":	48.000507,
					"end":	49.000615,
					"seconds":	1.000108,
					"bytes":	2366032,
					"bits_per_second":	18926211.900671,
					"retransmits":	0,
					"snd_cwnd":	2053264,
					"rtt":	925173,
					"omitted":	false
				}],
			"sum":	{
				"start":	48.000507,
				"end":	49.000615,
				"seconds":	1.000108,
				"bytes":	2366032,
				"bits_per_second":	18926211.900671,
				"retransmits":	0,
				"omitted":	false
			}
		}, {
			"streams":	[{
					"socket":	4,
					"start":	49.000615,
					"end":	50.000567,
					"seconds":	0.999952,
					"bytes":	2289288,
					"bits_per_second":	18315186.069489,
					"retransmits":	0,
					"snd_cwnd":	2077880,
					"rtt":	938970,
					"omitted":	false
				}],
			"sum":	{
				"start":	49.000615,
				"end":	50.000567,
				"seconds":	0.999952,
				"bytes":	2289288,
				"bits_per_second":	18315186.069489,
				"retransmits":	0,
				"omitted":	false
			}
		}, {
			"streams":	[{
					"socket":	4,
					"start":	50.000567,
					"end":	51.000619,
					"seconds":	1.000052,
					"bytes":	2224128,
					"bits_per_second":	17792095.009444,
					"retransmits":	0,
					"snd_cwnd":	2116976,
					"rtt":	955287,
					"omitted":	false
				}],
			"sum":	{
				"start":	50.000567,
				"end":	51.000619,
				"seconds":	1.000052,
				"bytes":	2224128,
				"bits_per_second":	17792095.009444,
				"retransmits":	0,
				"omitted":	false
			}
		}, {
			"streams":	[{
					"socket":	4,
					"start":	51.000619,
					"end":	52.000399,
					"seconds":	0.999780,
					"bytes":	2093808,
					"bits_per_second":	16754150.924291,
					"retransmits":	0,
					"snd_cwnd":	2172000,
					"rtt":	987079,
					"omitted":	false
				}],
			"sum":	{
				"start":	51.000619,
				"end":	52.000399,
				"seconds":	0.999780,
				"bytes":	2093808,
				"bits_per_second":	16754150.924291,
				"retransmits":	0,
				"omitted":	false
			}
		}, {
			"streams":	[{
					"socket":	4,
					"start":	52.000399,
					"end":	53.001604,
					"seconds":	1.001205,
					"bytes":	660288,
					"bits_per_second":	5275946.655755,
					"retransmits":	14,
					"snd_cwnd":	1075864,
					"rtt":	1026910,
					"omitted":	false
				}],
			"sum":	{
				"start":	52.000399,
				"end":	53.001604,
				"seconds":	1.001205,
				"bytes":	660288,
				"bits_per_second":	5275946.655755,
				"retransmits":	14,
				"omitted":	false
			}
		}, {
			"streams":	[{
					"socket":	4,
					"start":	53.001604,
					"end":	54.000439,
					"seconds":	0.998835,
					"bytes":	2875728,
					"bits_per_second":	23032655.043373,
					"retransmits":	0,
					"snd_cwnd":	1550808,
					"rtt":	882757,
					"omitted":	false
				}],
			"sum":	{
				"start":	53.001604,
				"end":	54.000439,
				"seconds":	0.998835,
				"bytes":	2875728,
				"bits_per_second":	23032655.043373,
				"retransmits":	0,
				"omitted":	false
			}
		}, {
			"streams":	[{
					"socket":	4,
					"start":	54.000439,
					"end":	55.000848,
					"seconds":	1.000409,
					"bytes":	1498680,
					"bits_per_second":	11984539.667185,
					"retransmits":	0,
					"snd_cwnd":	1655064,
					"rtt":	827863,
					"omitted":	false
				}],
			"sum":	{
				"start":	54.000439,
				"end":	55.000848,
				"seconds":	1.000409,
				"bytes":	1498680,
				"bits_per_second":	11984539.667185,
				"retransmits":	0,
				"omitted":	false
			}
		}, {
			"streams":	[{
					"socket":	4,
					"start":	55.000848,
					"end":	56.000738,
					"seconds":	0.999890,
					"bytes":	2019960,
					"bits_per_second":	16161456.321260,
					"retransmits":	0,
					"snd_cwnd":	1795520,
					"rtt":	823675,
					"omitted":	false
				}],
			"sum":	{
				"start":	55.000848,
				"end":	56.000738,
				"seconds":	0.999890,
				"bytes":	2019960,
				"bits_per_second":	16161456.321260,
				"retransmits":	0,
				"omitted":	false
			}
		}, {
			"streams":	[{
					"socket":	4,
					"start":	56.000738,
					"end":	57.000412,
					"seconds":	0.999674,
					"bytes":	2280600,
					"bits_per_second":	18250752.603713,
					"retransmits":	0,
					"snd_cwnd":	1917152,
					"rtt":	887299,
					"omitted":	false
				}],
			"sum":	{
				"start":	56.000738,
				"end":	57.000412,
				"seconds":	0.999674,
				"bytes":	2280600,
				"bits_per_second":	18250752.603713,
				"retransmits":	0,
				"omitted":	false
			}
		}, {
			"streams":	[{
					"socket":	4,
					"start":	57.000412,
					"end":	58.000373,
					"seconds":	0.999961,
					"bytes":	2752928,
					"bits_per_second":	22024279.912596,
					"retransmits":	0,
					"snd_cwnd":	2012720,
					"rtt":	698120,
					"omitted":	false
				}],
			"sum":	{
				"start":	57.000412,
				"end":	58.000373,
				"seconds":	0.999961,
				"bytes":	2752928,
				"bits_per_second":	22024279.912596,
				"retransmits":	0,
				"omitted":	false
			}
		}, {
			"streams":	[{
					"socket":	4,
					"start":	58.000373,
					"end":	59.000398,
					"seconds":	1.000025,
					"bytes":	2954200,
					"bits_per_second":	23633008.372431,
					"retransmits":	0,
					"snd_cwnd":	2080776,
					"rtt":	682679,
					"omitted":	false
				}],
			"sum":	{
				"start":	58.000373,
				"end":	59.000398,
				"seconds":	1.000025,
				"bytes":	2954200,
				"bits_per_second":	23633008.372431,
				"retransmits":	0,
				"omitted":	false
			}
		}, {
			"streams":	[{
					"socket":	4,
					"start":	59.000398,
					"end":	60.000323,
					"seconds":	0.999925,
					"bytes":	3209048,
					"bits_per_second":	25674312.188405,
					"retransmits":	0,
					"snd_cwnd":	2125664,
					"rtt":	700528,
					"omitted":	false
				}],
			"sum":	{
				"start":	59.000398,
				"end":	60.000323,
				"seconds":	0.999925,
				"bytes":	3209048,
				"bits_per_second":	25674312.188405,
				"retransmits":	0,
				"omitted":	false
			}
		}],
	"end":	{
		"streams":	[{
				"sender":	{
					"socket":	4,
					"start":	0,
					"end":	60.000323,
					"seconds":	60.000323,
					"bytes":	107871232,
					"bits_per_second":	14382753.492472,
					"retransmits":	1009,
					"max_snd_cwnd":	3766248,
					"max_rtt":	1410020,
					"min_rtt":	337774,
					"mean_rtt":	874319
				},
				"receiver":	{
					"socket":	4,
					"start":	0,
					"end":	60.000323,
					"seconds":	60.000323,
					"bytes":	106692608,
					"bits_per_second":	14225604.471940
				}
			}],
		"sum_sent":	{
			"start":	0,
			"end":	60.000323,
			"seconds":	60.000323,
			"bytes":	107871232,
			"bits_per_second":	14382753.492472,
			"retransmits":	1009
		},
		"sum_received":	{
			"start":	0,
			"end":	60.000323,
			"seconds":	60.000323,
			"bytes":	106692608,
			"bits_per_second":	14225604.471940
		},
		"cpu_utilization_percent":	{
			"host_total":	0.521044,
			"host_user":	0.086114,
			"host_system":	0.434929,
			"remote_total":	1.147226,
			"remote_user":	0,
			"remote_system":	1.147228
		}
	}
}
