{
	"start":	{
		"connected":	[{
				"socket":	5,
				"local_host":	"192.168.179.151",
				"local_port":	34534,
				"remote_host":	"192.168.120.131",
				"remote_port":	5201
			}],
		"version":	"iperf 3.9",
		"system_info":	"Linux a 6.14.5-x64v3-xanmod1 #0~20250503.gdace042 SMP PREEMPT_DYNAMIC Sat May  3 00:40:10 UTC x86_64",
		"timestamp":	{
			"time":	"Mon, 05 May 2025 10:09:35 GMT",
			"timesecs":	1746439775
		},
		"connecting_to":	{
			"host":	"192.168.120.131",
			"port":	5201
		},
		"cookie":	"k3nmwfzbmfzehddod6rlzodhbn53vgrmprdh",
		"tcp_mss_default":	1448,
		"sock_bufsize":	0,
		"sndbuf_actual":	65536,
		"rcvbuf_actual":	87380,
		"test_start":	{
			"protocol":	"TCP",
			"num_streams":	1,
			"blksize":	131072,
			"omit":	0,
			"duration":	60,
			"bytes":	0,
			"blocks":	0,
			"reverse":	0,
			"tos":	0
		}
	},
	"intervals":	[{
			"streams":	[{
					"socket":	5,
					"start":	0,
					"end":	1.000518,
					"seconds":	1.0005179643630981,
					"bytes":	3411488,
					"bits_per_second":	27277775.08460157,
					"retransmits":	0,
					"snd_cwnd":	240368,
					"rtt":	87518,
					"rttvar":	397,
					"pmtu":	1500,
					"omitted":	false,
					"sender":	true
				}],
			"sum":	{
				"start":	0,
				"end":	1.000518,
				"seconds":	1.0005179643630981,
				"bytes":	3411488,
				"bits_per_second":	27277775.08460157,
				"retransmits":	0,
				"omitted":	false,
				"sender":	true
			}
		}, {
			"streams":	[{
					"socket":	5,
					"start":	1.000518,
					"end":	2.000459,
					"seconds":	0.99994099140167236,
					"bytes":	3062520,
					"bits_per_second":	24501605.805415355,
					"retransmits":	0,
					"snd_cwnd":	283808,
					"rtt":	83228,
					"rttvar":	230,
					"pmtu":	1500,
					"omitted":	false,
					"sender":	true
				}],
			"sum":	{
				"start":	1.000518,
				"end":	2.000459,
				"seconds":	0.99994099140167236,
				"bytes":	3062520,
				"bits_per_second":	24501605.805415355,
				"retransmits":	0,
				"omitted":	false,
				"sender":	true
			}
		}, {
			"streams":	[{
					"socket":	5,
					"start":	2.000459,
					"end":	3.000366,
					"seconds":	0.99990701675415039,
					"bytes":	2541240,
					"bits_per_second":	20331810.517735939,
					"retransmits":	0,
					"snd_cwnd":	212856,
					"rtt":	82472,
					"rttvar":	380,
					"pmtu":	1500,
					"omitted":	false,
					"sender":	true
				}],
			"sum":	{
				"start":	2.000459,
				"end":	3.000366,
				"seconds":	0.99990701675415039,
				"bytes":	2541240,
				"bits_per_second":	20331810.517735939,
				"retransmits":	0,
				"omitted":	false,
				"sender":	true
			}
		}, {
			"streams":	[{
					"socket":	5,
					"start":	3.000366,
					"end":	4.00057,
					"seconds":	1.0002039670944214,
					"bytes":	2606400,
					"bits_per_second":	20846947.908607528,
					"retransmits":	0,
					"snd_cwnd":	259192,
					"rtt":	88037,
					"rttvar":	133,
					"pmtu":	1500,
					"omitted":	false,
					"sender":	true
				}],
			"sum":	{
				"start":	3.000366,
				"end":	4.00057,
				"seconds":	1.0002039670944214,
				"bytes":	2606400,
				"bits_per_second":	20846947.908607528,
				"retransmits":	0,
				"omitted":	false,
				"sender":	true
			}
		}, {
			"streams":	[{
					"socket":	5,
					"start":	4.00057,
					"end":	5.000376,
					"seconds":	0.999805986881256,
					"bytes":	2736720,
					"bits_per_second":	21898008.500923544,
					"retransmits":	0,
					"snd_cwnd":	56472,
					"rtt":	88322,
					"rttvar":	470,
					"pmtu":	1500,
					"omitted":	false,
					"sender":	true
				}],
			"sum":	{
				"start":	4.00057,
				"end":	5.000376,
				"seconds":	0.999805986881256,
				"bytes":	2736720,
				"bits_per_second":	21898008.500923544,
				"retransmits":	0,
				"omitted":	false,
				"sender":	true
			}
		}, {
			"streams":	[{
					"socket":	5,
					"start":	5.000376,
					"end":	6.00065,
					"seconds":	1.0002739429473877,
					"bytes":	2736720,
					"bits_per_second":	21887764.001417726,
					"retransmits":	0,
					"snd_cwnd":	215752,
					"rtt":	73837,
					"rttvar":	368,
					"pmtu":	1500,
					"omitted":	false,
					"sender":	true
				}],
			"sum":	{
				"start":	5.000376,
				"end":	6.00065,
				"seconds":	1.0002739429473877,
				"bytes":	2736720,
				"bits_per_second":	21887764.001417726,
				"retransmits":	0,
				"omitted":	false,
				"sender":	true
			}
		}, {
			"streams":	[{
					"socket":	5,
					"start":	6.00065,
					"end":	7.000456,
					"seconds":	0.999805986881256,
					"bytes":	2736720,
					"bits_per_second":	21898008.500923544,
					"retransmits":	0,
					"snd_cwnd":	215752,
					"rtt":	104985,
					"rttvar":	102,
					"pmtu":	1500,
					"omitted":	false,
					"sender":	true
				}],
			"sum":	{
				"start":	6.00065,
				"end":	7.000456,
				"seconds":	0.999805986881256,
				"bytes":	2736720,
				"bits_per_second":	21898008.500923544,
				"retransmits":	0,
				"omitted":	false,
				"sender":	true
			}
		}, {
			"streams":	[{
					"socket":	5,
					"start":	7.000456,
					"end":	8.000247,
					"seconds":	0.99979102611541748,
					"bytes":	1824480,
					"bits_per_second":	14598890.786918338,
					"retransmits":	0,
					"snd_cwnd":	240368,
					"rtt":	106276,
					"rttvar":	200,
					"pmtu":	1500,
					"omitted":	false,
					"sender":	true
				}],
			"sum":	{
				"start":	7.000456,
				"end":	8.000247,
				"seconds":	0.99979102611541748,
				"bytes":	1824480,
				"bits_per_second":	14598890.786918338,
				"retransmits":	0,
				"omitted":	false,
				"sender":	true
			}
		}, {
			"streams":	[{
					"socket":	5,
					"start":	8.000247,
					"end":	9.000542,
					"seconds":	1.0002950429916382,
					"bytes":	1824480,
					"bits_per_second":	14591534.869899392,
					"retransmits":	0,
					"snd_cwnd":	225888,
					"rtt":	99787,
					"rttvar":	231,
					"pmtu":	1500,
					"omitted":	false,
					"sender":	true
				}],
			"sum":	{
				"start":	8.000247,
				"end":	9.000542,
				"seconds":	1.0002950429916382,
				"bytes":	1824480,
				"bits_per_second":	14591534.869899392,
				"retransmits":	0,
				"omitted":	false,
				"sender":	true
			}
		}, {
			"streams":	[{
					"socket":	5,
					"start":	9.000542,
					"end":	10.000326,
					"seconds":	0.999783992767334,
					"bytes":	2736720,
					"bits_per_second":	21898490.232274637,
					"retransmits":	0,
					"snd_cwnd":	209960,
					"rtt":	95099,
					"rttvar":	261,
					"pmtu":	1500,
					"omitted":	false,
					"sender":	true
				}],
			"sum":	{
				"start":	9.000542,
				"end":	10.000326,
				"seconds":	0.999783992767334,
				"bytes":	2736720,
				"bits_per_second":	21898490.232274637,
				"retransmits":	0,
				"omitted":	false,
				"sender":	true
			}
		}, {
			"streams":	[{
					"socket":	5,
					"start":	10.000326,
					"end":	11.000627,
					"seconds":	1.0003010034561157,
					"bytes":	1824480,
					"bits_per_second":	14591447.923745221,
					"retransmits":	0,
					"snd_cwnd":	81088,
					"rtt":	38090,
					"rttvar":	199,
					"pmtu":	1500,
					"omitted":	false,
					"sender":	true
				}],
			"sum":	{
				"start":	10.000326,
				"end":	11.000627,
				"seconds":	1.0003010034561157,
				"bytes":	1824480,
				"bits_per_second":	14591447.923745221,
				"retransmits":	0,
				"omitted":	false,
				"sender":	true
			}
		}, {
			"streams":	[{
					"socket":	5,
					"start":	11.000627,
					"end":	12.000929,
					"seconds":	1.0003019571304321,
					"bytes":	1824480,
					"bits_per_second":	14591434.01245671,
					"retransmits":	0,
					"snd_cwnd":	68056,
					"rtt":	37602,
					"rttvar":	360,
					"pmtu":	1500,
					"omitted":	false,
					"sender":	true
				}],
			"sum":	{
				"start":	11.000627,
				"end":	12.000929,
				"seconds":	1.0003019571304321,
				"bytes":	1824480,
				"bits_per_second":	14591434.01245671,
				"retransmits":	0,
				"omitted":	false,
				"sender":	true
			}
		}, {
			"streams":	[{
					"socket":	5,
					"start":	12.000929,
					"end":	13.000735,
					"seconds":	0.999805986881256,
					"bytes":	1824480,
					"bits_per_second":	14598672.333949029,
					"retransmits":	0,
					"snd_cwnd":	56472,
					"rtt":	35618,
					"rttvar":	1081,
					"pmtu":	1500,
					"omitted":	false,
					"sender":	true
				}],
			"sum":	{
				"start":	12.000929,
				"end":	13.000735,
				"seconds":	0.999805986881256,
				"bytes":	1824480,
				"bits_per_second":	14598672.333949029,
				"retransmits":	0,
				"omitted":	false,
				"sender":	true
			}
		}, {
			"streams":	[{
					"socket":	5,
					"start":	13.000735,
					"end":	14.000512,
					"seconds":	0.99977701902389526,
					"bytes":	1824480,
					"bits_per_second":	14599095.320524817,
					"retransmits":	0,
					"snd_cwnd":	66608,
					"rtt":	34848,
					"rttvar":	521,
					"pmtu":	1500,
					"omitted":	false,
					"sender":	true
				}],
			"sum":	{
				"start":	13.000735,
				"end":	14.000512,
				"seconds":	0.99977701902389526,
				"bytes":	1824480,
				"bits_per_second":	14599095.320524817,
				"retransmits":	0,
				"omitted":	false,
				"sender":	true
			}
		}, {
			"streams":	[{
					"socket":	5,
					"start":	14.000512,
					"end":	15.000303,
					"seconds":	0.99979102611541748,
					"bytes":	1824480,
					"bits_per_second":	14598890.786918338,
					"retransmits":	0,
					"snd_cwnd":	52128,
					"rtt":	32637,
					"rttvar":	574,
					"pmtu":	1500,
					"omitted":	false,
					"sender":	true
				}],
			"sum":	{
				"start":	14.000512,
				"end":	15.000303,
				"seconds":	0.99979102611541748,
				"bytes":	1824480,
				"bits_per_second":	14598890.786918338,
				"retransmits":	0,
				"omitted":	false,
				"sender":	true
			}
		}, {
			"streams":	[{
					"socket":	5,
					"start":	15.000303,
					"end":	16.000098,
					"seconds":	0.99979501962661743,
					"bytes":	1824480,
					"bits_per_second":	14598832.474131497,
					"retransmits":	0,
					"snd_cwnd":	50680,
					"rtt":	31529,
					"rttvar":	182,
					"pmtu":	1500,
					"omitted":	false,
					"sender":	true
				}],
			"sum":	{
				"start":	15.000303,
				"end":	16.000098,
				"seconds":	0.99979501962661743,
				"bytes":	1824480,
				"bits_per_second":	14598832.474131497,
				"retransmits":	0,
				"omitted":	false,
				"sender":	true
			}
		}, {
			"streams":	[{
					"socket":	5,
					"start":	16.000098,
					"end":	17.000906,
					"seconds":	1.0008080005645752,
					"bytes":	912240,
					"bits_per_second":	7292028.03722902,
					"retransmits":	0,
					"snd_cwnd":	49232,
					"rtt":	31303,
					"rttvar":	244,
					"pmtu":	1500,
					"omitted":	false,
					"sender":	true
				}],
			"sum":	{
				"start":	16.000098,
				"end":	17.000906,
				"seconds":	1.0008080005645752,
				"bytes":	912240,
				"bits_per_second":	7292028.03722902,
				"retransmits":	0,
				"omitted":	false,
				"sender":	true
			}
		}, {
			"streams":	[{
					"socket":	5,
					"start":	17.000906,
					"end":	18.000694,
					"seconds":	0.999787986278534,
					"bytes":	1824480,
					"bits_per_second":	14598935.174575804,
					"retransmits":	0,
					"snd_cwnd":	55024,
					"rtt":	32803,
					"rttvar":	435,
					"pmtu":	1500,
					"omitted":	false,
					"sender":	true
				}],
			"sum":	{
				"start":	17.000906,
				"end":	18.000694,
				"seconds":	0.999787986278534,
				"bytes":	1824480,
				"bits_per_second":	14598935.174575804,
				"retransmits":	0,
				"omitted":	false,
				"sender":	true
			}
		}, {
			"streams":	[{
					"socket":	5,
					"start":	18.000694,
					"end":	19.000999,
					"seconds":	1.0003050565719604,
					"bytes":	912240,
					"bits_per_second":	7295694.40047612,
					"retransmits":	0,
					"snd_cwnd":	46336,
					"rtt":	32069,
					"rttvar":	313,
					"pmtu":	1500,
					"omitted":	false,
					"sender":	true
				}],
			"sum":	{
				"start":	18.000694,
				"end":	19.000999,
				"seconds":	1.0003050565719604,
				"bytes":	912240,
				"bits_per_second":	7295694.40047612,
				"retransmits":	0,
				"omitted":	false,
				"sender":	true
			}
		}, {
			"streams":	[{
					"socket":	5,
					"start":	19.000999,
					"end":	20.000804,
					"seconds":	0.999804973602295,
					"bytes":	1824480,
					"bits_per_second":	14598687.129362063,
					"retransmits":	0,
					"snd_cwnd":	49232,
					"rtt":	31346,
					"rttvar":	215,
					"pmtu":	1500,
					"omitted":	false,
					"sender":	true
				}],
			"sum":	{
				"start":	19.000999,
				"end":	20.000804,
				"seconds":	0.999804973602295,
				"bytes":	1824480,
				"bits_per_second":	14598687.129362063,
				"retransmits":	0,
				"omitted":	false,
				"sender":	true
			}
		}, {
			"streams":	[{
					"socket":	5,
					"start":	20.000804,
					"end":	21.00058,
					"seconds":	0.999776005744934,
					"bytes":	1824480,
					"bits_per_second":	14599110.116795236,
					"retransmits":	0,
					"snd_cwnd":	47784,
					"rtt":	17493,
					"rttvar":	1630,
					"pmtu":	1500,
					"omitted":	false,
					"sender":	true
				}],
			"sum":	{
				"start":	20.000804,
				"end":	21.00058,
				"seconds":	0.999776005744934,
				"bytes":	1824480,
				"bits_per_second":	14599110.116795236,
				"retransmits":	0,
				"omitted":	false,
				"sender":	true
			}
		}, {
			"streams":	[{
					"socket":	5,
					"start":	21.00058,
					"end":	22.00088,
					"seconds":	1.0003000497817993,
					"bytes":	912240,
					"bits_per_second":	7295730.91753013,
					"retransmits":	0,
					"snd_cwnd":	44888,
					"rtt":	35507,
					"rttvar":	1075,
					"pmtu":	1500,
					"omitted":	false,
					"sender":	true
				}],
			"sum":	{
				"start":	21.00058,
				"end":	22.00088,
				"seconds":	1.0003000497817993,
				"bytes":	912240,
				"bits_per_second":	7295730.91753013,
				"retransmits":	0,
				"omitted":	false,
				"sender":	true
			}
		}, {
			"streams":	[{
					"socket":	5,
					"start":	22.00088,
					"end":	23.000689,
					"seconds":	0.99980902671813965,
					"bytes":	1824480,
					"bits_per_second":	14598627.947889866,
					"retransmits":	0,
					"snd_cwnd":	49232,
					"rtt":	35802,
					"rttvar":	421,
					"pmtu":	1500,
					"omitted":	false,
					"sender":	true
				}],
			"sum":	{
				"start":	22.00088,
				"end":	23.000689,
				"seconds":	0.99980902671813965,
				"bytes":	1824480,
				"bits_per_second":	14598627.947889866,
				"retransmits":	0,
				"omitted":	false,
				"sender":	true
			}
		}, {
			"streams":	[{
					"socket":	5,
					"start":	23.000689,
					"end":	24.00045,
					"seconds":	0.99976098537445068,
					"bytes":	1824480,
					"bits_per_second":	14599329.453262543,
					"retransmits":	0,
					"snd_cwnd":	52128,
					"rtt":	27687,
					"rttvar":	304,
					"pmtu":	1500,
					"omitted":	false,
					"sender":	true
				}],
			"sum":	{
				"start":	23.000689,
				"end":	24.00045,
				"seconds":	0.99976098537445068,
				"bytes":	1824480,
				"bits_per_second":	14599329.453262543,
				"retransmits":	0,
				"omitted":	false,
				"sender":	true
			}
		}, {
			"streams":	[{
					"socket":	5,
					"start":	24.00045,
					"end":	25.000897,
					"seconds":	1.0004470348358154,
					"bytes":	912240,
					"bits_per_second":	7294659.03329672,
					"retransmits":	0,
					"snd_cwnd":	55024,
					"rtt":	27842,
					"rttvar":	159,
					"pmtu":	1500,
					"omitted":	false,
					"sender":	true
				}],
			"sum":	{
				"start":	24.00045,
				"end":	25.000897,
				"seconds":	1.0004470348358154,
				"bytes":	912240,
				"bits_per_second":	7294659.03329672,
				"retransmits":	0,
				"omitted":	false,
				"sender":	true
			}
		}, {
			"streams":	[{
					"socket":	5,
					"start":	25.000897,
					"end":	26.000779,
					"seconds":	0.99988198280334473,
					"bytes":	1824480,
					"bits_per_second":	14597562.76343534,
					"retransmits":	0,
					"snd_cwnd":	13032,
					"rtt":	19479,
					"rttvar":	3109,
					"pmtu":	1500,
					"omitted":	false,
					"sender":	true
				}],
			"sum":	{
				"start":	25.000897,
				"end":	26.000779,
				"seconds":	0.99988198280334473,
				"bytes":	1824480,
				"bits_per_second":	14597562.76343534,
				"retransmits":	0,
				"omitted":	false,
				"sender":	true
			}
		}, {
			"streams":	[{
					"socket":	5,
					"start":	26.000779,
					"end":	27.000379,
					"seconds":	0.99959999322891235,
					"bytes":	1824480,
					"bits_per_second":	14601680.771177731,
					"retransmits":	0,
					"snd_cwnd":	57920,
					"rtt":	29150,
					"rttvar":	168,
					"pmtu":	1500,
					"omitted":	false,
					"sender":	true
				}],
			"sum":	{
				"start":	26.000779,
				"end":	27.000379,
				"seconds":	0.99959999322891235,
				"bytes":	1824480,
				"bits_per_second":	14601680.771177731,
				"retransmits":	0,
				"omitted":	false,
				"sender":	true
			}
		}, {
			"streams":	[{
					"socket":	5,
					"start":	27.000379,
					"end":	28.000605,
					"seconds":	1.0002260208129883,
					"bytes":	1824480,
					"bits_per_second":	14592541.7818429,
					"retransmits":	0,
					"snd_cwnd":	56472,
					"rtt":	30254,
					"rttvar":	272,
					"pmtu":	1500,
					"omitted":	false,
					"sender":	true
				}],
			"sum":	{
				"start":	27.000379,
				"end":	28.000605,
				"seconds":	1.0002260208129883,
				"bytes":	1824480,
				"bits_per_second":	14592541.7818429,
				"retransmits":	0,
				"omitted":	false,
				"sender":	true
			}
		}, {
			"streams":	[{
					"socket":	5,
					"start":	28.000605,
					"end":	29.000405,
					"seconds":	0.99980002641677856,
					"bytes":	1824480,
					"bits_per_second":	14598759.36622105,
					"retransmits":	0,
					"snd_cwnd":	52128,
					"rtt":	27805,
					"rttvar":	309,
					"pmtu":	1500,
					"omitted":	false,
					"sender":	true
				}],
			"sum":	{
				"start":	28.000605,
				"end":	29.000405,
				"seconds":	0.99980002641677856,
				"bytes":	1824480,
				"bits_per_second":	14598759.36622105,
				"retransmits":	0,
				"omitted":	false,
				"sender":	true
			}
		}, {
			"streams":	[{
					"socket":	5,
					"start":	29.000405,
					"end":	30.00018,
					"seconds":	0.999774992465973,
					"bytes":	1824480,
					"bits_per_second":	14599124.913095649,
					"retransmits":	0,
					"snd_cwnd":	60816,
					"rtt":	33878,
					"rttvar":	369,
					"pmtu":	1500,
					"omitted":	false,
					"sender":	true
				}],
			"sum":	{
				"start":	29.000405,
				"end":	30.00018,
				"seconds":	0.999774992465973,
				"bytes":	1824480,
				"bits_per_second":	14599124.913095649,
				"retransmits":	0,
				"omitted":	false,
				"sender":	true
			}
		}, {
			"streams":	[{
					"socket":	5,
					"start":	30.00018,
					"end":	31.001024,
					"seconds":	1.0008440017700195,
					"bytes":	912240,
					"bits_per_second":	7291765.7368115634,
					"retransmits":	0,
					"snd_cwnd":	50680,
					"rtt":	34461,
					"rttvar":	433,
					"pmtu":	1500,
					"omitted":	false,
					"sender":	true
				}],
			"sum":	{
				"start":	30.00018,
				"end":	31.001024,
				"seconds":	1.0008440017700195,
				"bytes":	912240,
				"bits_per_second":	7291765.7368115634,
				"retransmits":	0,
				"omitted":	false,
				"sender":	true
			}
		}, {
			"streams":	[{
					"socket":	5,
					"start":	31.001024,
					"end":	32.000377,
					"seconds":	0.999352991580963,
					"bytes":	1824480,
					"bits_per_second":	14605289.745427765,
					"retransmits":	0,
					"snd_cwnd":	50680,
					"rtt":	33706,
					"rttvar":	994,
					"pmtu":	1500,
					"omitted":	false,
					"sender":	true
				}],
			"sum":	{
				"start":	31.001024,
				"end":	32.000377,
				"seconds":	0.999352991580963,
				"bytes":	1824480,
				"bits_per_second":	14605289.745427765,
				"retransmits":	0,
				"omitted":	false,
				"sender":	true
			}
		}, {
			"streams":	[{
					"socket":	5,
					"start":	32.000377,
					"end":	33.000174,
					"seconds":	0.999796986579895,
					"bytes":	1824480,
					"bits_per_second":	14598803.753079355,
					"retransmits":	0,
					"snd_cwnd":	56472,
					"rtt":	22191,
					"rttvar":	2531,
					"pmtu":	1500,
					"omitted":	false,
					"sender":	true
				}],
			"sum":	{
				"start":	32.000377,
				"end":	33.000174,
				"seconds":	0.999796986579895,
				"bytes":	1824480,
				"bits_per_second":	14598803.753079355,
				"retransmits":	0,
				"omitted":	false,
				"sender":	true
			}
		}, {
			"streams":	[{
					"socket":	5,
					"start":	33.000174,
					"end":	34.001002,
					"seconds":	1.00082802772522,
					"bytes":	912240,
					"bits_per_second":	7291882.1194360731,
					"retransmits":	0,
					"snd_cwnd":	56472,
					"rtt":	25697,
					"rttvar":	2986,
					"pmtu":	1500,
					"omitted":	false,
					"sender":	true
				}],
			"sum":	{
				"start":	33.000174,
				"end":	34.001002,
				"seconds":	1.00082802772522,
				"bytes":	912240,
				"bits_per_second":	7291882.1194360731,
				"retransmits":	0,
				"omitted":	false,
				"sender":	true
			}
		}, {
			"streams":	[{
					"socket":	5,
					"start":	34.001002,
					"end":	35.000785,
					"seconds":	0.9997829794883728,
					"bytes":	1824480,
					"bits_per_second":	14599008.284247097,
					"retransmits":	0,
					"snd_cwnd":	57920,
					"rtt":	29241,
					"rttvar":	2978,
					"pmtu":	1500,
					"omitted":	false,
					"sender":	true
				}],
			"sum":	{
				"start":	34.001002,
				"end":	35.000785,
				"seconds":	0.9997829794883728,
				"bytes":	1824480,
				"bits_per_second":	14599008.284247097,
				"retransmits":	0,
				"omitted":	false,
				"sender":	true
			}
		}, {
			"streams":	[{
					"socket":	5,
					"start":	35.000785,
					"end":	36.000561,
					"seconds":	0.999776005744934,
					"bytes":	1824480,
					"bits_per_second":	14599110.116795236,
					"retransmits":	0,
					"snd_cwnd":	52128,
					"rtt":	26830,
					"rttvar":	643,
					"pmtu":	1500,
					"omitted":	false,
					"sender":	true
				}],
			"sum":	{
				"start":	35.000785,
				"end":	36.000561,
				"seconds":	0.999776005744934,
				"bytes":	1824480,
				"bits_per_second":	14599110.116795236,
				"retransmits":	0,
				"omitted":	false,
				"sender":	true
			}
		}, {
			"streams":	[{
					"socket":	5,
					"start":	36.000561,
					"end":	37.000866,
					"seconds":	1.0003050565719604,
					"bytes":	912240,
					"bits_per_second":	7295694.40047612,
					"retransmits":	0,
					"snd_cwnd":	52128,
					"rtt":	31486,
					"rttvar":	880,
					"pmtu":	1500,
					"omitted":	false,
					"sender":	true
				}],
			"sum":	{
				"start":	36.000561,
				"end":	37.000866,
				"seconds":	1.0003050565719604,
				"bytes":	912240,
				"bits_per_second":	7295694.40047612,
				"retransmits":	0,
				"omitted":	false,
				"sender":	true
			}
		}, {
			"streams":	[{
					"socket":	5,
					"start":	37.000866,
					"end":	38.000135,
					"seconds":	0.99926900863647461,
					"bytes":	1824480,
					"bits_per_second":	14606517.237952128,
					"retransmits":	0,
					"snd_cwnd":	46336,
					"rtt":	32208,
					"rttvar":	126,
					"pmtu":	1500,
					"omitted":	false,
					"sender":	true
				}],
			"sum":	{
				"start":	37.000866,
				"end":	38.000135,
				"seconds":	0.99926900863647461,
				"bytes":	1824480,
				"bits_per_second":	14606517.237952128,
				"retransmits":	0,
				"omitted":	false,
				"sender":	true
			}
		}, {
			"streams":	[{
					"socket":	5,
					"start":	38.000135,
					"end":	39.000966,
					"seconds":	1.0008310079574585,
					"bytes":	912240,
					"bits_per_second":	7291860.405977956,
					"retransmits":	0,
					"snd_cwnd":	52128,
					"rtt":	34825,
					"rttvar":	192,
					"pmtu":	1500,
					"omitted":	false,
					"sender":	true
				}],
			"sum":	{
				"start":	38.000135,
				"end":	39.000966,
				"seconds":	1.0008310079574585,
				"bytes":	912240,
				"bits_per_second":	7291860.405977956,
				"retransmits":	0,
				"omitted":	false,
				"sender":	true
			}
		}, {
			"streams":	[{
					"socket":	5,
					"start":	39.000966,
					"end":	40.000748,
					"seconds":	0.9997820258140564,
					"bytes":	1824480,
					"bits_per_second":	14599022.209981794,
					"retransmits":	0,
					"snd_cwnd":	59368,
					"rtt":	32920,
					"rttvar":	979,
					"pmtu":	1500,
					"omitted":	false,
					"sender":	true
				}],
			"sum":	{
				"start":	39.000966,
				"end":	40.000748,
				"seconds":	0.9997820258140564,
				"bytes":	1824480,
				"bits_per_second":	14599022.209981794,
				"retransmits":	0,
				"omitted":	false,
				"sender":	true
			}
		}, {
			"streams":	[{
					"socket":	5,
					"start":	40.000748,
					"end":	41.000552,
					"seconds":	0.99980401992797852,
					"bytes":	1824480,
					"bits_per_second":	14598701.054484079,
					"retransmits":	0,
					"snd_cwnd":	52128,
					"rtt":	32112,
					"rttvar":	309,
					"pmtu":	1500,
					"omitted":	false,
					"sender":	true
				}],
			"sum":	{
				"start":	40.000748,
				"end":	41.000552,
				"seconds":	0.99980401992797852,
				"bytes":	1824480,
				"bits_per_second":	14598701.054484079,
				"retransmits":	0,
				"omitted":	false,
				"sender":	true
			}
		}, {
			"streams":	[{
					"socket":	5,
					"start":	41.000552,
					"end":	42.000921,
					"seconds":	1.00036895275116,
					"bytes":	912240,
					"bits_per_second":	7295228.405409486,
					"retransmits":	0,
					"snd_cwnd":	46336,
					"rtt":	21151,
					"rttvar":	1446,
					"pmtu":	1500,
					"omitted":	false,
					"sender":	true
				}],
			"sum":	{
				"start":	41.000552,
				"end":	42.000921,
				"seconds":	1.00036895275116,
				"bytes":	912240,
				"bits_per_second":	7295228.405409486,
				"retransmits":	0,
				"omitted":	false,
				"sender":	true
			}
		}, {
			"streams":	[{
					"socket":	5,
					"start":	42.000921,
					"end":	43.000713,
					"seconds":	0.999791979789734,
					"bytes":	1824480,
					"bits_per_second":	14598876.861434365,
					"retransmits":	0,
					"snd_cwnd":	46336,
					"rtt":	35987,
					"rttvar":	383,
					"pmtu":	1500,
					"omitted":	false,
					"sender":	true
				}],
			"sum":	{
				"start":	42.000921,
				"end":	43.000713,
				"seconds":	0.999791979789734,
				"bytes":	1824480,
				"bits_per_second":	14598876.861434365,
				"retransmits":	0,
				"omitted":	false,
				"sender":	true
			}
		}, {
			"streams":	[{
					"socket":	5,
					"start":	43.000713,
					"end":	44.001013,
					"seconds":	1.0003000497817993,
					"bytes":	912240,
					"bits_per_second":	7295730.91753013,
					"retransmits":	0,
					"snd_cwnd":	50680,
					"rtt":	32817,
					"rttvar":	374,
					"pmtu":	1500,
					"omitted":	false,
					"sender":	true
				}],
			"sum":	{
				"start":	43.000713,
				"end":	44.001013,
				"seconds":	1.0003000497817993,
				"bytes":	912240,
				"bits_per_second":	7295730.91753013,
				"retransmits":	0,
				"omitted":	false,
				"sender":	true
			}
		}, {
			"streams":	[{
					"socket":	5,
					"start":	44.001013,
					"end":	45.000793,
					"seconds":	0.999779999256134,
					"bytes":	1824480,
					"bits_per_second":	14599051.802256234,
					"retransmits":	0,
					"snd_cwnd":	49232,
					"rtt":	31952,
					"rttvar":	479,
					"pmtu":	1500,
					"omitted":	false,
					"sender":	true
				}],
			"sum":	{
				"start":	44.001013,
				"end":	45.000793,
				"seconds":	0.999779999256134,
				"bytes":	1824480,
				"bits_per_second":	14599051.802256234,
				"retransmits":	0,
				"omitted":	false,
				"sender":	true
			}
		}, {
			"streams":	[{
					"socket":	5,
					"start":	45.000793,
					"end":	46.000597,
					"seconds":	0.99980401992797852,
					"bytes":	1824480,
					"bits_per_second":	14598701.054484079,
					"retransmits":	0,
					"snd_cwnd":	52128,
					"rtt":	33938,
					"rttvar":	227,
					"pmtu":	1500,
					"omitted":	false,
					"sender":	true
				}],
			"sum":	{
				"start":	45.000793,
				"end":	46.000597,
				"seconds":	0.99980401992797852,
				"bytes":	1824480,
				"bits_per_second":	14598701.054484079,
				"retransmits":	0,
				"omitted":	false,
				"sender":	true
			}
		}, {
			"streams":	[{
					"socket":	5,
					"start":	46.000597,
					"end":	47.001217,
					"seconds":	1.0006200075149536,
					"bytes":	912240,
					"bits_per_second":	7293398.03840664,
					"retransmits":	0,
					"snd_cwnd":	11584,
					"rtt":	13454,
					"rttvar":	1084,
					"pmtu":	1500,
					"omitted":	false,
					"sender":	true
				}],
			"sum":	{
				"start":	46.000597,
				"end":	47.001217,
				"seconds":	1.0006200075149536,
				"bytes":	912240,
				"bits_per_second":	7293398.03840664,
				"retransmits":	0,
				"omitted":	false,
				"sender":	true
			}
		}, {
			"streams":	[{
					"socket":	5,
					"start":	47.001217,
					"end":	48.000402,
					"seconds":	0.999185025691986,
					"bytes":	1824480,
					"bits_per_second":	14607744.93682153,
					"retransmits":	0,
					"snd_cwnd":	49232,
					"rtt":	29958,
					"rttvar":	209,
					"pmtu":	1500,
					"omitted":	false,
					"sender":	true
				}],
			"sum":	{
				"start":	47.001217,
				"end":	48.000402,
				"seconds":	0.999185025691986,
				"bytes":	1824480,
				"bits_per_second":	14607744.93682153,
				"retransmits":	0,
				"omitted":	false,
				"sender":	true
			}
		}, {
			"streams":	[{
					"socket":	5,
					"start":	48.000402,
					"end":	49.000225,
					"seconds":	0.999822974205017,
					"bytes":	1824480,
					"bits_per_second":	14598424.297666792,
					"retransmits":	0,
					"snd_cwnd":	49232,
					"rtt":	28293,
					"rttvar":	570,
					"pmtu":	1500,
					"omitted":	false,
					"sender":	true
				}],
			"sum":	{
				"start":	48.000402,
				"end":	49.000225,
				"seconds":	0.999822974205017,
				"bytes":	1824480,
				"bits_per_second":	14598424.297666792,
				"retransmits":	0,
				"omitted":	false,
				"sender":	true
			}
		}, {
			"streams":	[{
					"socket":	5,
					"start":	49.000225,
					"end":	50.001022,
					"seconds":	1.0007970333099365,
					"bytes":	912240,
					"bits_per_second":	7292107.9470665352,
					"retransmits":	0,
					"snd_cwnd":	49232,
					"rtt":	34164,
					"rttvar":	327,
					"pmtu":	1500,
					"omitted":	false,
					"sender":	true
				}],
			"sum":	{
				"start":	49.000225,
				"end":	50.001022,
				"seconds":	1.0007970333099365,
				"bytes":	912240,
				"bits_per_second":	7292107.9470665352,
				"retransmits":	0,
				"omitted":	false,
				"sender":	true
			}
		}, {
			"streams":	[{
					"socket":	5,
					"start":	50.001022,
					"end":	51.000314,
					"seconds":	0.999292016029358,
					"bytes":	1824480,
					"bits_per_second":	14606180.94197922,
					"retransmits":	0,
					"snd_cwnd":	53576,
					"rtt":	31535,
					"rttvar":	182,
					"pmtu":	1500,
					"omitted":	false,
					"sender":	true
				}],
			"sum":	{
				"start":	50.001022,
				"end":	51.000314,
				"seconds":	0.999292016029358,
				"bytes":	1824480,
				"bits_per_second":	14606180.94197922,
				"retransmits":	0,
				"omitted":	false,
				"sender":	true
			}
		}, {
			"streams":	[{
					"socket":	5,
					"start":	51.000314,
					"end":	52.001105,
					"seconds":	1.0007909536361694,
					"bytes":	912240,
					"bits_per_second":	7292152.24566579,
					"retransmits":	0,
					"snd_cwnd":	46336,
					"rtt":	34074,
					"rttvar":	1308,
					"pmtu":	1500,
					"omitted":	false,
					"sender":	true
				}],
			"sum":	{
				"start":	51.000314,
				"end":	52.001105,
				"seconds":	1.0007909536361694,
				"bytes":	912240,
				"bits_per_second":	7292152.24566579,
				"retransmits":	0,
				"omitted":	false,
				"sender":	true
			}
		}, {
			"streams":	[{
					"socket":	5,
					"start":	52.001105,
					"end":	53.000627,
					"seconds":	0.99952197074890137,
					"bytes":	1824480,
					"bits_per_second":	14602820.575383577,
					"retransmits":	0,
					"snd_cwnd":	49232,
					"rtt":	30713,
					"rttvar":	496,
					"pmtu":	1500,
					"omitted":	false,
					"sender":	true
				}],
			"sum":	{
				"start":	52.001105,
				"end":	53.000627,
				"seconds":	0.99952197074890137,
				"bytes":	1824480,
				"bits_per_second":	14602820.575383577,
				"retransmits":	0,
				"omitted":	false,
				"sender":	true
			}
		}, {
			"streams":	[{
					"socket":	5,
					"start":	53.000627,
					"end":	54.00093,
					"seconds":	1.0003030300140381,
					"bytes":	912240,
					"bits_per_second":	7295709.18114442,
					"retransmits":	0,
					"snd_cwnd":	55024,
					"rtt":	33085,
					"rttvar":	778,
					"pmtu":	1500,
					"omitted":	false,
					"sender":	true
				}],
			"sum":	{
				"start":	53.000627,
				"end":	54.00093,
				"seconds":	1.0003030300140381,
				"bytes":	912240,
				"bits_per_second":	7295709.18114442,
				"retransmits":	0,
				"omitted":	false,
				"sender":	true
			}
		}, {
			"streams":	[{
					"socket":	5,
					"start":	54.00093,
					"end":	55.000723,
					"seconds":	0.999792993068695,
					"bytes":	1824480,
					"bits_per_second":	14598862.065636752,
					"retransmits":	0,
					"snd_cwnd":	47784,
					"rtt":	28947,
					"rttvar":	212,
					"pmtu":	1500,
					"omitted":	false,
					"sender":	true
				}],
			"sum":	{
				"start":	54.00093,
				"end":	55.000723,
				"seconds":	0.999792993068695,
				"bytes":	1824480,
				"bits_per_second":	14598862.065636752,
				"retransmits":	0,
				"omitted":	false,
				"sender":	true
			}
		}, {
			"streams":	[{
					"socket":	5,
					"start":	55.000723,
					"end":	56.000509,
					"seconds":	0.99978601932525635,
					"bytes":	1824480,
					"bits_per_second":	14598963.896145055,
					"retransmits":	0,
					"snd_cwnd":	47784,
					"rtt":	29076,
					"rttvar":	288,
					"pmtu":	1500,
					"omitted":	false,
					"sender":	true
				}],
			"sum":	{
				"start":	55.000723,
				"end":	56.000509,
				"seconds":	0.99978601932525635,
				"bytes":	1824480,
				"bits_per_second":	14598963.896145055,
				"retransmits":	0,
				"omitted":	false,
				"sender":	true
			}
		}, {
			"streams":	[{
					"socket":	5,
					"start":	56.000509,
					"end":	57.000289,
					"seconds":	0.999779999256134,
					"bytes":	1824480,
					"bits_per_second":	14599051.802256234,
					"retransmits":	0,
					"snd_cwnd":	78192,
					"rtt":	15440,
					"rttvar":	270,
					"pmtu":	1500,
					"omitted":	false,
					"sender":	true
				}],
			"sum":	{
				"start":	56.000509,
				"end":	57.000289,
				"seconds":	0.999779999256134,
				"bytes":	1824480,
				"bits_per_second":	14599051.802256234,
				"retransmits":	0,
				"omitted":	false,
				"sender":	true
			}
		}, {
			"streams":	[{
					"socket":	5,
					"start":	57.000289,
					"end":	58.000602,
					"seconds":	1.0003130435943604,
					"bytes":	2736720,
					"bits_per_second":	21886908.443511408,
					"retransmits":	0,
					"snd_cwnd":	78192,
					"rtt":	29568,
					"rttvar":	247,
					"pmtu":	1500,
					"omitted":	false,
					"sender":	true
				}],
			"sum":	{
				"start":	57.000289,
				"end":	58.000602,
				"seconds":	1.0003130435943604,
				"bytes":	2736720,
				"bits_per_second":	21886908.443511408,
				"retransmits":	0,
				"omitted":	false,
				"sender":	true
			}
		}, {
			"streams":	[{
					"socket":	5,
					"start":	58.000602,
					"end":	59.000395,
					"seconds":	0.999792993068695,
					"bytes":	3648960,
					"bits_per_second":	29197724.1312735,
					"retransmits":	0,
					"snd_cwnd":	125976,
					"rtt":	29167,
					"rttvar":	55,
					"pmtu":	1500,
					"omitted":	false,
					"sender":	true
				}],
			"sum":	{
				"start":	58.000602,
				"end":	59.000395,
				"seconds":	0.999792993068695,
				"bytes":	3648960,
				"bits_per_second":	29197724.1312735,
				"retransmits":	0,
				"omitted":	false,
				"sender":	true
			}
		}, {
			"streams":	[{
					"socket":	5,
					"start":	59.000395,
					"end":	60.000178,
					"seconds":	0.9997829794883728,
					"bytes":	4561200,
					"bits_per_second":	36497520.710617743,
					"retransmits":	0,
					"snd_cwnd":	123080,
					"rtt":	26759,
					"rttvar":	97,
					"pmtu":	1500,
					"omitted":	false,
					"sender":	true
				}],
			"sum":	{
				"start":	59.000395,
				"end":	60.000178,
				"seconds":	0.9997829794883728,
				"bytes":	4561200,
				"bits_per_second":	36497520.710617743,
				"retransmits":	0,
				"omitted":	false,
				"sender":	true
			}
		}],
	"end":	{
		"streams":	[{
				"sender":	{
					"socket":	5,
					"start":	0,
					"end":	60.000178,
					"seconds":	60.000178,
					"bytes":	110143568,
					"bits_per_second":	14685765.498895686,
					"retransmits":	0,
					"max_snd_cwnd":	283808,
					"max_rtt":	106276,
					"min_rtt":	13454,
					"mean_rtt":	40300,
					"sender":	true
				},
				"receiver":	{
					"socket":	5,
					"start":	0,
					"end":	60.02807,
					"seconds":	60.000178,
					"bytes":	108134400,
					"bits_per_second":	14411177.970572768,
					"sender":	true
				}
			}],
		"sum_sent":	{
			"start":	0,
			"end":	60.000178,
			"seconds":	60.000178,
			"bytes":	110143568,
			"bits_per_second":	14685765.498895686,
			"retransmits":	0,
			"sender":	true
		},
		"sum_received":	{
			"start":	0,
			"end":	60.02807,
			"seconds":	60.02807,
			"bytes":	108134400,
			"bits_per_second":	14411177.970572768,
			"sender":	true
		},
		"cpu_utilization_percent":	{
			"host_total":	0.093216946043576568,
			"host_user":	0.0079289770842601234,
			"host_system":	0.085287968959316438,
			"remote_total":	2.0165786670567507,
			"remote_user":	0.015942531721015292,
			"remote_system":	2.0006378012220174
		},
		"sender_tcp_congestion":	"bbr",
		"receiver_tcp_congestion":	"cubic"
	}
}
