{
	"start":	{
		"connected":	[{
				"socket":	5,
				"local_host":	"192.168.179.151",
				"local_port":	36988,
				"remote_host":	"192.168.120.131",
				"remote_port":	5201
			}],
		"version":	"iperf 3.9",
		"system_info":	"Linux a 6.14.5-x64v3-xanmod1 #0~20250503.gdace042 SMP PREEMPT_DYNAMIC Sat May  3 00:40:10 UTC x86_64",
		"timestamp":	{
			"time":	"Mon, 05 May 2025 10:18:43 GMT",
			"timesecs":	1746440323
		},
		"connecting_to":	{
			"host":	"192.168.120.131",
			"port":	5201
		},
		"cookie":	"xvpooarsy6d5iepx7rflh5yfksoo7vmimn76",
		"tcp_mss_default":	1448,
		"sock_bufsize":	0,
		"sndbuf_actual":	65536,
		"rcvbuf_actual":	87380,
		"test_start":	{
			"protocol":	"TCP",
			"num_streams":	1,
			"blksize":	131072,
			"omit":	0,
			"duration":	60,
			"bytes":	0,
			"blocks":	0,
			"reverse":	0,
			"tos":	0
		}
	},
	"intervals":	[{
			"streams":	[{
					"socket":	5,
					"start":	0,
					"end":	1.000374,
					"seconds":	1.0003739595413208,
					"bytes":	4284632,
					"bits_per_second":	34264242.559568718,
					"retransmits":	0,
					"snd_cwnd":	334488,
					"rtt":	128940,
					"rttvar":	946,
					"pmtu":	1500,
					"omitted":	false,
					"sender":	true
				}],
			"sum":	{
				"start":	0,
				"end":	1.000374,
				"seconds":	1.0003739595413208,
				"bytes":	4284632,
				"bits_per_second":	34264242.559568718,
				"retransmits":	0,
				"omitted":	false,
				"sender":	true
			}
		}, {
			"streams":	[{
					"socket":	5,
					"start":	1.000374,
					"end":	2.000676,
					"seconds":	1.0003019571304321,
					"bytes":	2085120,
					"bits_per_second":	16675924.585664811,
					"retransmits":	0,
					"snd_cwnd":	354760,
					"rtt":	115659,
					"rttvar":	350,
					"pmtu":	1500,
					"omitted":	false,
					"sender":	true
				}],
			"sum":	{
				"start":	1.000374,
				"end":	2.000676,
				"seconds":	1.0003019571304321,
				"bytes":	2085120,
				"bits_per_second":	16675924.585664811,
				"retransmits":	0,
				"omitted":	false,
				"sender":	true
			}
		}, {
			"streams":	[{
					"socket":	5,
					"start":	2.000676,
					"end":	3.000499,
					"seconds":	0.999822974205017,
					"bytes":	2215440,
					"bits_per_second":	17726658.075738247,
					"retransmits":	0,
					"snd_cwnd":	354760,
					"rtt":	126193,
					"rttvar":	209,
					"pmtu":	1500,
					"omitted":	false,
					"sender":	true
				}],
			"sum":	{
				"start":	2.000676,
				"end":	3.000499,
				"seconds":	0.999822974205017,
				"bytes":	2215440,
				"bits_per_second":	17726658.075738247,
				"retransmits":	0,
				"omitted":	false,
				"sender":	true
			}
		}, {
			"streams":	[{
					"socket":	5,
					"start":	3.000499,
					"end":	4.000761,
					"seconds":	1.0002620220184326,
					"bytes":	3526160,
					"bits_per_second":	28201890.483731836,
					"retransmits":	0,
					"snd_cwnd":	401096,
					"rtt":	135829,
					"rttvar":	221,
					"pmtu":	1500,
					"omitted":	false,
					"sender":	true
				}],
			"sum":	{
				"start":	3.000499,
				"end":	4.000761,
				"seconds":	1.0002620220184326,
				"bytes":	3526160,
				"bits_per_second":	28201890.483731836,
				"retransmits":	0,
				"omitted":	false,
				"sender":	true
			}
		}, {
			"streams":	[{
					"socket":	5,
					"start":	4.000761,
					"end":	5.000554,
					"seconds":	0.999792993068695,
					"bytes":	2621440,
					"bits_per_second":	20975862.148854911,
					"retransmits":	0,
					"snd_cwnd":	344624,
					"rtt":	119124,
					"rttvar":	180,
					"pmtu":	1500,
					"omitted":	false,
					"sender":	true
				}],
			"sum":	{
				"start":	4.000761,
				"end":	5.000554,
				"seconds":	0.999792993068695,
				"bytes":	2621440,
				"bits_per_second":	20975862.148854911,
				"retransmits":	0,
				"omitted":	false,
				"sender":	true
			}
		}, {
			"streams":	[{
					"socket":	5,
					"start":	5.000554,
					"end":	6.000338,
					"seconds":	0.999783992767334,
					"bytes":	2621440,
					"bits_per_second":	20976050.978724174,
					"retransmits":	0,
					"snd_cwnd":	340280,
					"rtt":	128729,
					"rttvar":	379,
					"pmtu":	1500,
					"omitted":	false,
					"sender":	true
				}],
			"sum":	{
				"start":	5.000554,
				"end":	6.000338,
				"seconds":	0.999783992767334,
				"bytes":	2621440,
				"bits_per_second":	20976050.978724174,
				"retransmits":	0,
				"omitted":	false,
				"sender":	true
			}
		}, {
			"streams":	[{
					"socket":	5,
					"start":	6.000338,
					"end":	7.000646,
					"seconds":	1.0003080368041992,
					"bytes":	2621440,
					"bits_per_second":	20965061.989304975,
					"retransmits":	0,
					"snd_cwnd":	337384,
					"rtt":	159705,
					"rttvar":	337,
					"pmtu":	1500,
					"omitted":	false,
					"sender":	true
				}],
			"sum":	{
				"start":	6.000338,
				"end":	7.000646,
				"seconds":	1.0003080368041992,
				"bytes":	2621440,
				"bits_per_second":	20965061.989304975,
				"retransmits":	0,
				"omitted":	false,
				"sender":	true
			}
		}, {
			"streams":	[{
					"socket":	5,
					"start":	7.000646,
					"end":	8.000947,
					"seconds":	1.0003010034561157,
					"bytes":	1310720,
					"bits_per_second":	10482604.699756278,
					"retransmits":	0,
					"snd_cwnd":	369240,
					"rtt":	157354,
					"rttvar":	792,
					"pmtu":	1500,
					"omitted":	false,
					"sender":	true
				}],
			"sum":	{
				"start":	7.000646,
				"end":	8.000947,
				"seconds":	1.0003010034561157,
				"bytes":	1310720,
				"bits_per_second":	10482604.699756278,
				"retransmits":	0,
				"omitted":	false,
				"sender":	true
			}
		}, {
			"streams":	[{
					"socket":	5,
					"start":	8.000947,
					"end":	9.000742,
					"seconds":	0.99979501962661743,
					"bytes":	2621440,
					"bits_per_second":	20975819.631340038,
					"retransmits":	0,
					"snd_cwnd":	320008,
					"rtt":	174545,
					"rttvar":	638,
					"pmtu":	1500,
					"omitted":	false,
					"sender":	true
				}],
			"sum":	{
				"start":	8.000947,
				"end":	9.000742,
				"seconds":	0.99979501962661743,
				"bytes":	2621440,
				"bits_per_second":	20975819.631340038,
				"retransmits":	0,
				"omitted":	false,
				"sender":	true
			}
		}, {
			"streams":	[{
					"socket":	5,
					"start":	9.000742,
					"end":	10.001039,
					"seconds":	1.000296950340271,
					"bytes":	1310720,
					"bits_per_second":	10482647.174354635,
					"retransmits":	0,
					"snd_cwnd":	321456,
					"rtt":	162254,
					"rttvar":	366,
					"pmtu":	1500,
					"omitted":	false,
					"sender":	true
				}],
			"sum":	{
				"start":	9.000742,
				"end":	10.001039,
				"seconds":	1.000296950340271,
				"bytes":	1310720,
				"bits_per_second":	10482647.174354635,
				"retransmits":	0,
				"omitted":	false,
				"sender":	true
			}
		}, {
			"streams":	[{
					"socket":	5,
					"start":	10.001039,
					"end":	11.000315,
					"seconds":	0.99927598237991333,
					"bytes":	2621440,
					"bits_per_second":	20986714.751267649,
					"retransmits":	0,
					"snd_cwnd":	78192,
					"rtt":	38995,
					"rttvar":	143,
					"pmtu":	1500,
					"omitted":	false,
					"sender":	true
				}],
			"sum":	{
				"start":	10.001039,
				"end":	11.000315,
				"seconds":	0.99927598237991333,
				"bytes":	2621440,
				"bits_per_second":	20986714.751267649,
				"retransmits":	0,
				"omitted":	false,
				"sender":	true
			}
		}, {
			"streams":	[{
					"socket":	5,
					"start":	11.000315,
					"end":	12.001122,
					"seconds":	1.0008070468902588,
					"bytes":	1310720,
					"bits_per_second":	10477304.324126918,
					"retransmits":	0,
					"snd_cwnd":	65160,
					"rtt":	33070,
					"rttvar":	494,
					"pmtu":	1500,
					"omitted":	false,
					"sender":	true
				}],
			"sum":	{
				"start":	11.000315,
				"end":	12.001122,
				"seconds":	1.0008070468902588,
				"bytes":	1310720,
				"bits_per_second":	10477304.324126918,
				"retransmits":	0,
				"omitted":	false,
				"sender":	true
			}
		}, {
			"streams":	[{
					"socket":	5,
					"start":	12.001122,
					"end":	13.000425,
					"seconds":	0.99930298328399658,
					"bytes":	2621440,
					"bits_per_second":	20986147.695748452,
					"retransmits":	0,
					"snd_cwnd":	57920,
					"rtt":	35894,
					"rttvar":	395,
					"pmtu":	1500,
					"omitted":	false,
					"sender":	true
				}],
			"sum":	{
				"start":	12.001122,
				"end":	13.000425,
				"seconds":	0.99930298328399658,
				"bytes":	2621440,
				"bits_per_second":	20986147.695748452,
				"retransmits":	0,
				"omitted":	false,
				"sender":	true
			}
		}, {
			"streams":	[{
					"socket":	5,
					"start":	13.000425,
					"end":	14.000719,
					"seconds":	1.0002939701080322,
					"bytes":	1310720,
					"bits_per_second":	10482678.405896552,
					"retransmits":	0,
					"snd_cwnd":	55024,
					"rtt":	31740,
					"rttvar":	208,
					"pmtu":	1500,
					"omitted":	false,
					"sender":	true
				}],
			"sum":	{
				"start":	13.000425,
				"end":	14.000719,
				"seconds":	1.0002939701080322,
				"bytes":	1310720,
				"bits_per_second":	10482678.405896552,
				"retransmits":	0,
				"omitted":	false,
				"sender":	true
			}
		}, {
			"streams":	[{
					"socket":	5,
					"start":	14.000719,
					"end":	15.001007,
					"seconds":	1.0002880096435547,
					"bytes":	1310720,
					"bits_per_second":	10482740.869538687,
					"retransmits":	0,
					"snd_cwnd":	55024,
					"rtt":	28438,
					"rttvar":	220,
					"pmtu":	1500,
					"omitted":	false,
					"sender":	true
				}],
			"sum":	{
				"start":	14.000719,
				"end":	15.001007,
				"seconds":	1.0002880096435547,
				"bytes":	1310720,
				"bits_per_second":	10482740.869538687,
				"retransmits":	0,
				"omitted":	false,
				"sender":	true
			}
		}, {
			"streams":	[{
					"socket":	5,
					"start":	15.001007,
					"end":	16.000283,
					"seconds":	0.99927598237991333,
					"bytes":	2621440,
					"bits_per_second":	20986714.751267649,
					"retransmits":	0,
					"snd_cwnd":	57920,
					"rtt":	30608,
					"rttvar":	1480,
					"pmtu":	1500,
					"omitted":	false,
					"sender":	true
				}],
			"sum":	{
				"start":	15.001007,
				"end":	16.000283,
				"seconds":	0.99927598237991333,
				"bytes":	2621440,
				"bits_per_second":	20986714.751267649,
				"retransmits":	0,
				"omitted":	false,
				"sender":	true
			}
		}, {
			"streams":	[{
					"socket":	5,
					"start":	16.000283,
					"end":	17.000603,
					"seconds":	1.0003199577331543,
					"bytes":	1310720,
					"bits_per_second":	10482406.073114844,
					"retransmits":	0,
					"snd_cwnd":	57920,
					"rtt":	34917,
					"rttvar":	357,
					"pmtu":	1500,
					"omitted":	false,
					"sender":	true
				}],
			"sum":	{
				"start":	16.000283,
				"end":	17.000603,
				"seconds":	1.0003199577331543,
				"bytes":	1310720,
				"bits_per_second":	10482406.073114844,
				"retransmits":	0,
				"omitted":	false,
				"sender":	true
			}
		}, {
			"streams":	[{
					"socket":	5,
					"start":	17.000603,
					"end":	18.000901,
					"seconds":	1.000298023223877,
					"bytes":	1310720,
					"bits_per_second":	10482635.9310451,
					"retransmits":	0,
					"snd_cwnd":	56472,
					"rtt":	33484,
					"rttvar":	444,
					"pmtu":	1500,
					"omitted":	false,
					"sender":	true
				}],
			"sum":	{
				"start":	17.000603,
				"end":	18.000901,
				"seconds":	1.000298023223877,
				"bytes":	1310720,
				"bits_per_second":	10482635.9310451,
				"retransmits":	0,
				"omitted":	false,
				"sender":	true
			}
		}, {
			"streams":	[{
					"socket":	5,
					"start":	18.000901,
					"end":	19.001193,
					"seconds":	1.00029194355011,
					"bytes":	1310720,
					"bits_per_second":	10482699.643451355,
					"retransmits":	0,
					"snd_cwnd":	50680,
					"rtt":	30614,
					"rttvar":	134,
					"pmtu":	1500,
					"omitted":	false,
					"sender":	true
				}],
			"sum":	{
				"start":	18.000901,
				"end":	19.001193,
				"seconds":	1.00029194355011,
				"bytes":	1310720,
				"bits_per_second":	10482699.643451355,
				"retransmits":	0,
				"omitted":	false,
				"sender":	true
			}
		}, {
			"streams":	[{
					"socket":	5,
					"start":	19.001193,
					"end":	20.000482,
					"seconds":	0.99928897619247437,
					"bytes":	2621440,
					"bits_per_second":	20986441.859797567,
					"retransmits":	0,
					"snd_cwnd":	62264,
					"rtt":	37659,
					"rttvar":	232,
					"pmtu":	1500,
					"omitted":	false,
					"sender":	true
				}],
			"sum":	{
				"start":	19.001193,
				"end":	20.000482,
				"seconds":	0.99928897619247437,
				"bytes":	2621440,
				"bits_per_second":	20986441.859797567,
				"retransmits":	0,
				"omitted":	false,
				"sender":	true
			}
		}, {
			"streams":	[{
					"socket":	5,
					"start":	20.000482,
					"end":	21.000766,
					"seconds":	1.00028395652771,
					"bytes":	1310720,
					"bits_per_second":	10482783.34524055,
					"retransmits":	0,
					"snd_cwnd":	11584,
					"rtt":	12868,
					"rttvar":	225,
					"pmtu":	1500,
					"omitted":	false,
					"sender":	true
				}],
			"sum":	{
				"start":	20.000482,
				"end":	21.000766,
				"seconds":	1.00028395652771,
				"bytes":	1310720,
				"bits_per_second":	10482783.34524055,
				"retransmits":	0,
				"omitted":	false,
				"sender":	true
			}
		}, {
			"streams":	[{
					"socket":	5,
					"start":	21.000766,
					"end":	22.000557,
					"seconds":	0.99979102611541748,
					"bytes":	1310720,
					"bits_per_second":	10487951.708009737,
					"retransmits":	0,
					"snd_cwnd":	43440,
					"rtt":	26818,
					"rttvar":	277,
					"pmtu":	1500,
					"omitted":	false,
					"sender":	true
				}],
			"sum":	{
				"start":	21.000766,
				"end":	22.000557,
				"seconds":	0.99979102611541748,
				"bytes":	1310720,
				"bits_per_second":	10487951.708009737,
				"retransmits":	0,
				"omitted":	false,
				"sender":	true
			}
		}, {
			"streams":	[{
					"socket":	5,
					"start":	22.000557,
					"end":	23.000876,
					"seconds":	1.0003190040588379,
					"bytes":	1310720,
					"bits_per_second":	10482416.066728286,
					"retransmits":	0,
					"snd_cwnd":	55024,
					"rtt":	31540,
					"rttvar":	520,
					"pmtu":	1500,
					"omitted":	false,
					"sender":	true
				}],
			"sum":	{
				"start":	22.000557,
				"end":	23.000876,
				"seconds":	1.0003190040588379,
				"bytes":	1310720,
				"bits_per_second":	10482416.066728286,
				"retransmits":	0,
				"omitted":	false,
				"sender":	true
			}
		}, {
			"streams":	[{
					"socket":	5,
					"start":	23.000876,
					"end":	24.000674,
					"seconds":	0.9997979998588562,
					"bytes":	1310720,
					"bits_per_second":	10487878.552947994,
					"retransmits":	0,
					"snd_cwnd":	44888,
					"rtt":	30618,
					"rttvar":	358,
					"pmtu":	1500,
					"omitted":	false,
					"sender":	true
				}],
			"sum":	{
				"start":	23.000876,
				"end":	24.000674,
				"seconds":	0.9997979998588562,
				"bytes":	1310720,
				"bits_per_second":	10487878.552947994,
				"retransmits":	0,
				"omitted":	false,
				"sender":	true
			}
		}, {
			"streams":	[{
					"socket":	5,
					"start":	24.000674,
					"end":	25.000967,
					"seconds":	1.0002930164337158,
					"bytes":	1310720,
					"bits_per_second":	10482688.40002927,
					"retransmits":	0,
					"snd_cwnd":	43440,
					"rtt":	30869,
					"rttvar":	238,
					"pmtu":	1500,
					"omitted":	false,
					"sender":	true
				}],
			"sum":	{
				"start":	24.000674,
				"end":	25.000967,
				"seconds":	1.0002930164337158,
				"bytes":	1310720,
				"bits_per_second":	10482688.40002927,
				"retransmits":	0,
				"omitted":	false,
				"sender":	true
			}
		}, {
			"streams":	[{
					"socket":	5,
					"start":	25.000967,
					"end":	26.000746,
					"seconds":	0.999778985977173,
					"bytes":	1310720,
					"bits_per_second":	10488078.012313226,
					"retransmits":	0,
					"snd_cwnd":	43440,
					"rtt":	33823,
					"rttvar":	679,
					"pmtu":	1500,
					"omitted":	false,
					"sender":	true
				}],
			"sum":	{
				"start":	25.000967,
				"end":	26.000746,
				"seconds":	0.999778985977173,
				"bytes":	1310720,
				"bits_per_second":	10488078.012313226,
				"retransmits":	0,
				"omitted":	false,
				"sender":	true
			}
		}, {
			"streams":	[{
					"socket":	5,
					"start":	26.000746,
					"end":	27.001044,
					"seconds":	1.000298023223877,
					"bytes":	1310720,
					"bits_per_second":	10482635.9310451,
					"retransmits":	0,
					"snd_cwnd":	41992,
					"rtt":	31561,
					"rttvar":	287,
					"pmtu":	1500,
					"omitted":	false,
					"sender":	true
				}],
			"sum":	{
				"start":	26.000746,
				"end":	27.001044,
				"seconds":	1.000298023223877,
				"bytes":	1310720,
				"bits_per_second":	10482635.9310451,
				"retransmits":	0,
				"omitted":	false,
				"sender":	true
			}
		}, {
			"streams":	[{
					"socket":	5,
					"start":	27.001044,
					"end":	28.000837,
					"seconds":	0.999792993068695,
					"bytes":	1310720,
					"bits_per_second":	10487931.074427456,
					"retransmits":	0,
					"snd_cwnd":	44888,
					"rtt":	32347,
					"rttvar":	434,
					"pmtu":	1500,
					"omitted":	false,
					"sender":	true
				}],
			"sum":	{
				"start":	27.001044,
				"end":	28.000837,
				"seconds":	0.999792993068695,
				"bytes":	1310720,
				"bits_per_second":	10487931.074427456,
				"retransmits":	0,
				"omitted":	false,
				"sender":	true
			}
		}, {
			"streams":	[{
					"socket":	5,
					"start":	28.000837,
					"end":	29.000668,
					"seconds":	0.99983102083206177,
					"bytes":	1310720,
					"bits_per_second":	10487532.174460566,
					"retransmits":	0,
					"snd_cwnd":	46336,
					"rtt":	33009,
					"rttvar":	471,
					"pmtu":	1500,
					"omitted":	false,
					"sender":	true
				}],
			"sum":	{
				"start":	28.000837,
				"end":	29.000668,
				"seconds":	0.99983102083206177,
				"bytes":	1310720,
				"bits_per_second":	10487532.174460566,
				"retransmits":	0,
				"omitted":	false,
				"sender":	true
			}
		}, {
			"streams":	[{
					"socket":	5,
					"start":	29.000668,
					"end":	30.000931,
					"seconds":	1.000262975692749,
					"bytes":	1310720,
					"bits_per_second":	10483003.224964825,
					"retransmits":	0,
					"snd_cwnd":	46336,
					"rtt":	33702,
					"rttvar":	554,
					"pmtu":	1500,
					"omitted":	false,
					"sender":	true
				}],
			"sum":	{
				"start":	29.000668,
				"end":	30.000931,
				"seconds":	1.000262975692749,
				"bytes":	1310720,
				"bits_per_second":	10483003.224964825,
				"retransmits":	0,
				"omitted":	false,
				"sender":	true
			}
		}, {
			"streams":	[{
					"socket":	5,
					"start":	30.000931,
					"end":	31.00124,
					"seconds":	1.0003089904785156,
					"bytes":	1310720,
					"bits_per_second":	10482521.000819907,
					"retransmits":	0,
					"snd_cwnd":	52128,
					"rtt":	33474,
					"rttvar":	615,
					"pmtu":	1500,
					"omitted":	false,
					"sender":	true
				}],
			"sum":	{
				"start":	30.000931,
				"end":	31.00124,
				"seconds":	1.0003089904785156,
				"bytes":	1310720,
				"bits_per_second":	10482521.000819907,
				"retransmits":	0,
				"omitted":	false,
				"sender":	true
			}
		}, {
			"streams":	[{
					"socket":	5,
					"start":	31.00124,
					"end":	32.000901,
					"seconds":	0.99966102838516235,
					"bytes":	1310720,
					"bits_per_second":	10489315.580240777,
					"retransmits":	0,
					"snd_cwnd":	43440,
					"rtt":	36031,
					"rttvar":	905,
					"pmtu":	1500,
					"omitted":	false,
					"sender":	true
				}],
			"sum":	{
				"start":	31.00124,
				"end":	32.000901,
				"seconds":	0.99966102838516235,
				"bytes":	1310720,
				"bits_per_second":	10489315.580240777,
				"retransmits":	0,
				"omitted":	false,
				"sender":	true
			}
		}, {
			"streams":	[{
					"socket":	5,
					"start":	32.000901,
					"end":	33.001214,
					"seconds":	1.0003130435943604,
					"bytes":	1310720,
					"bits_per_second":	10482478.527244026,
					"retransmits":	0,
					"snd_cwnd":	43440,
					"rtt":	33604,
					"rttvar":	417,
					"pmtu":	1500,
					"omitted":	false,
					"sender":	true
				}],
			"sum":	{
				"start":	32.000901,
				"end":	33.001214,
				"seconds":	1.0003130435943604,
				"bytes":	1310720,
				"bits_per_second":	10482478.527244026,
				"retransmits":	0,
				"omitted":	false,
				"sender":	true
			}
		}, {
			"streams":	[{
					"socket":	5,
					"start":	33.001214,
					"end":	34.001007,
					"seconds":	0.999792993068695,
					"bytes":	1310720,
					"bits_per_second":	10487931.074427456,
					"retransmits":	0,
					"snd_cwnd":	46336,
					"rtt":	34292,
					"rttvar":	178,
					"pmtu":	1500,
					"omitted":	false,
					"sender":	true
				}],
			"sum":	{
				"start":	33.001214,
				"end":	34.001007,
				"seconds":	0.999792993068695,
				"bytes":	1310720,
				"bits_per_second":	10487931.074427456,
				"retransmits":	0,
				"omitted":	false,
				"sender":	true
			}
		}, {
			"streams":	[{
					"socket":	5,
					"start":	34.001007,
					"end":	35.000789,
					"seconds":	0.9997820258140564,
					"bytes":	1310720,
					"bits_per_second":	10488046.123315869,
					"retransmits":	0,
					"snd_cwnd":	49232,
					"rtt":	36500,
					"rttvar":	365,
					"pmtu":	1500,
					"omitted":	false,
					"sender":	true
				}],
			"sum":	{
				"start":	34.001007,
				"end":	35.000789,
				"seconds":	0.9997820258140564,
				"bytes":	1310720,
				"bits_per_second":	10488046.123315869,
				"retransmits":	0,
				"omitted":	false,
				"sender":	true
			}
		}, {
			"streams":	[{
					"socket":	5,
					"start":	35.000789,
					"end":	36.001088,
					"seconds":	1.0002989768981934,
					"bytes":	1310720,
					"bits_per_second":	10482625.93701243,
					"retransmits":	0,
					"snd_cwnd":	60816,
					"rtt":	31160,
					"rttvar":	683,
					"pmtu":	1500,
					"omitted":	false,
					"sender":	true
				}],
			"sum":	{
				"start":	35.000789,
				"end":	36.001088,
				"seconds":	1.0002989768981934,
				"bytes":	1310720,
				"bits_per_second":	10482625.93701243,
				"retransmits":	0,
				"omitted":	false,
				"sender":	true
			}
		}, {
			"streams":	[{
					"socket":	5,
					"start":	36.001088,
					"end":	37.00047,
					"seconds":	0.99938201904296875,
					"bytes":	2621440,
					"bits_per_second":	20984488.013985693,
					"retransmits":	0,
					"snd_cwnd":	52128,
					"rtt":	30022,
					"rttvar":	581,
					"pmtu":	1500,
					"omitted":	false,
					"sender":	true
				}],
			"sum":	{
				"start":	36.001088,
				"end":	37.00047,
				"seconds":	0.99938201904296875,
				"bytes":	2621440,
				"bits_per_second":	20984488.013985693,
				"retransmits":	0,
				"omitted":	false,
				"sender":	true
			}
		}, {
			"streams":	[{
					"socket":	5,
					"start":	37.00047,
					"end":	38.000767,
					"seconds":	1.000296950340271,
					"bytes":	1310720,
					"bits_per_second":	10482647.174354635,
					"retransmits":	0,
					"snd_cwnd":	55024,
					"rtt":	32953,
					"rttvar":	592,
					"pmtu":	1500,
					"omitted":	false,
					"sender":	true
				}],
			"sum":	{
				"start":	37.00047,
				"end":	38.000767,
				"seconds":	1.000296950340271,
				"bytes":	1310720,
				"bits_per_second":	10482647.174354635,
				"retransmits":	0,
				"omitted":	false,
				"sender":	true
			}
		}, {
			"streams":	[{
					"socket":	5,
					"start":	38.000767,
					"end":	39.00054,
					"seconds":	0.99977302551269531,
					"bytes":	1310720,
					"bits_per_second":	10488140.540321918,
					"retransmits":	0,
					"snd_cwnd":	52128,
					"rtt":	34931,
					"rttvar":	292,
					"pmtu":	1500,
					"omitted":	false,
					"sender":	true
				}],
			"sum":	{
				"start":	38.000767,
				"end":	39.00054,
				"seconds":	0.99977302551269531,
				"bytes":	1310720,
				"bits_per_second":	10488140.540321918,
				"retransmits":	0,
				"omitted":	false,
				"sender":	true
			}
		}, {
			"streams":	[{
					"socket":	5,
					"start":	39.00054,
					"end":	40.000845,
					"seconds":	1.0003050565719604,
					"bytes":	1310720,
					"bits_per_second":	10482562.225502126,
					"retransmits":	0,
					"snd_cwnd":	52128,
					"rtt":	32135,
					"rttvar":	164,
					"pmtu":	1500,
					"omitted":	false,
					"sender":	true
				}],
			"sum":	{
				"start":	39.00054,
				"end":	40.000845,
				"seconds":	1.0003050565719604,
				"bytes":	1310720,
				"bits_per_second":	10482562.225502126,
				"retransmits":	0,
				"omitted":	false,
				"sender":	true
			}
		}, {
			"streams":	[{
					"socket":	5,
					"start":	40.000845,
					"end":	41.001143,
					"seconds":	1.000298023223877,
					"bytes":	1310720,
					"bits_per_second":	10482635.9310451,
					"retransmits":	0,
					"snd_cwnd":	49232,
					"rtt":	32586,
					"rttvar":	511,
					"pmtu":	1500,
					"omitted":	false,
					"sender":	true
				}],
			"sum":	{
				"start":	40.000845,
				"end":	41.001143,
				"seconds":	1.000298023223877,
				"bytes":	1310720,
				"bits_per_second":	10482635.9310451,
				"retransmits":	0,
				"omitted":	false,
				"sender":	true
			}
		}, {
			"streams":	[{
					"socket":	5,
					"start":	41.001143,
					"end":	42.001465,
					"seconds":	1.0003219842910767,
					"bytes":	1310720,
					"bits_per_second":	10482384.836749546,
					"retransmits":	0,
					"snd_cwnd":	50680,
					"rtt":	13626,
					"rttvar":	909,
					"pmtu":	1500,
					"omitted":	false,
					"sender":	true
				}],
			"sum":	{
				"start":	41.001143,
				"end":	42.001465,
				"seconds":	1.0003219842910767,
				"bytes":	1310720,
				"bits_per_second":	10482384.836749546,
				"retransmits":	0,
				"omitted":	false,
				"sender":	true
			}
		}, {
			"streams":	[{
					"socket":	5,
					"start":	42.001465,
					"end":	43.000264,
					"seconds":	0.99879902601242065,
					"bytes":	2621440,
					"bits_per_second":	20996736.534401875,
					"retransmits":	0,
					"snd_cwnd":	50680,
					"rtt":	32213,
					"rttvar":	454,
					"pmtu":	1500,
					"omitted":	false,
					"sender":	true
				}],
			"sum":	{
				"start":	42.001465,
				"end":	43.000264,
				"seconds":	0.99879902601242065,
				"bytes":	2621440,
				"bits_per_second":	20996736.534401875,
				"retransmits":	0,
				"omitted":	false,
				"sender":	true
			}
		}, {
			"streams":	[{
					"socket":	5,
					"start":	43.000264,
					"end":	44.000554,
					"seconds":	1.0002900362014771,
					"bytes":	1310720,
					"bits_per_second":	10482719.63181684,
					"retransmits":	0,
					"snd_cwnd":	49232,
					"rtt":	31374,
					"rttvar":	111,
					"pmtu":	1500,
					"omitted":	false,
					"sender":	true
				}],
			"sum":	{
				"start":	43.000264,
				"end":	44.000554,
				"seconds":	1.0002900362014771,
				"bytes":	1310720,
				"bits_per_second":	10482719.63181684,
				"retransmits":	0,
				"omitted":	false,
				"sender":	true
			}
		}, {
			"streams":	[{
					"socket":	5,
					"start":	44.000554,
					"end":	45.000856,
					"seconds":	1.0003019571304321,
					"bytes":	1310720,
					"bits_per_second":	10482594.705783159,
					"retransmits":	0,
					"snd_cwnd":	49232,
					"rtt":	35551,
					"rttvar":	622,
					"pmtu":	1500,
					"omitted":	false,
					"sender":	true
				}],
			"sum":	{
				"start":	44.000554,
				"end":	45.000856,
				"seconds":	1.0003019571304321,
				"bytes":	1310720,
				"bits_per_second":	10482594.705783159,
				"retransmits":	0,
				"omitted":	false,
				"sender":	true
			}
		}, {
			"streams":	[{
					"socket":	5,
					"start":	45.000856,
					"end":	46.000659,
					"seconds":	0.99980300664901733,
					"bytes":	1310720,
					"bits_per_second":	10487826.031994566,
					"retransmits":	0,
					"snd_cwnd":	44888,
					"rtt":	31707,
					"rttvar":	227,
					"pmtu":	1500,
					"omitted":	false,
					"sender":	true
				}],
			"sum":	{
				"start":	45.000856,
				"end":	46.000659,
				"seconds":	0.99980300664901733,
				"bytes":	1310720,
				"bits_per_second":	10487826.031994566,
				"retransmits":	0,
				"omitted":	false,
				"sender":	true
			}
		}, {
			"streams":	[{
					"socket":	5,
					"start":	46.000659,
					"end":	47.00095,
					"seconds":	1.0002909898757935,
					"bytes":	1310720,
					"bits_per_second":	10482709.637624569,
					"retransmits":	0,
					"snd_cwnd":	11584,
					"rtt":	32664,
					"rttvar":	242,
					"pmtu":	1500,
					"omitted":	false,
					"sender":	true
				}],
			"sum":	{
				"start":	46.000659,
				"end":	47.00095,
				"seconds":	1.0002909898757935,
				"bytes":	1310720,
				"bits_per_second":	10482709.637624569,
				"retransmits":	0,
				"omitted":	false,
				"sender":	true
			}
		}, {
			"streams":	[{
					"socket":	5,
					"start":	47.00095,
					"end":	48.000734,
					"seconds":	0.999783992767334,
					"bytes":	1310720,
					"bits_per_second":	10488025.489362087,
					"retransmits":	0,
					"snd_cwnd":	46336,
					"rtt":	30680,
					"rttvar":	263,
					"pmtu":	1500,
					"omitted":	false,
					"sender":	true
				}],
			"sum":	{
				"start":	47.00095,
				"end":	48.000734,
				"seconds":	0.999783992767334,
				"bytes":	1310720,
				"bits_per_second":	10488025.489362087,
				"retransmits":	0,
				"omitted":	false,
				"sender":	true
			}
		}, {
			"streams":	[{
					"socket":	5,
					"start":	48.000734,
					"end":	49.001027,
					"seconds":	1.0002930164337158,
					"bytes":	1310720,
					"bits_per_second":	10482688.40002927,
					"retransmits":	0,
					"snd_cwnd":	49232,
					"rtt":	34772,
					"rttvar":	651,
					"pmtu":	1500,
					"omitted":	false,
					"sender":	true
				}],
			"sum":	{
				"start":	48.000734,
				"end":	49.001027,
				"seconds":	1.0002930164337158,
				"bytes":	1310720,
				"bits_per_second":	10482688.40002927,
				"retransmits":	0,
				"omitted":	false,
				"sender":	true
			}
		}, {
			"streams":	[{
					"socket":	5,
					"start":	49.001027,
					"end":	50.000836,
					"seconds":	0.99980902671813965,
					"bytes":	1310720,
					"bits_per_second":	10487762.882497044,
					"retransmits":	0,
					"snd_cwnd":	49232,
					"rtt":	31554,
					"rttvar":	330,
					"pmtu":	1500,
					"omitted":	false,
					"sender":	true
				}],
			"sum":	{
				"start":	49.001027,
				"end":	50.000836,
				"seconds":	0.99980902671813965,
				"bytes":	1310720,
				"bits_per_second":	10487762.882497044,
				"retransmits":	0,
				"omitted":	false,
				"sender":	true
			}
		}, {
			"streams":	[{
					"socket":	5,
					"start":	50.000836,
					"end":	51.001121,
					"seconds":	1.0002850294113159,
					"bytes":	1310720,
					"bits_per_second":	10482772.101638911,
					"retransmits":	0,
					"snd_cwnd":	47784,
					"rtt":	33181,
					"rttvar":	506,
					"pmtu":	1500,
					"omitted":	false,
					"sender":	true
				}],
			"sum":	{
				"start":	50.000836,
				"end":	51.001121,
				"seconds":	1.0002850294113159,
				"bytes":	1310720,
				"bits_per_second":	10482772.101638911,
				"retransmits":	0,
				"omitted":	false,
				"sender":	true
			}
		}, {
			"streams":	[{
					"socket":	5,
					"start":	51.001121,
					"end":	52.00041,
					"seconds":	0.99928897619247437,
					"bytes":	2621440,
					"bits_per_second":	20986441.859797567,
					"retransmits":	0,
					"snd_cwnd":	49232,
					"rtt":	34548,
					"rttvar":	327,
					"pmtu":	1500,
					"omitted":	false,
					"sender":	true
				}],
			"sum":	{
				"start":	51.001121,
				"end":	52.00041,
				"seconds":	0.99928897619247437,
				"bytes":	2621440,
				"bits_per_second":	20986441.859797567,
				"retransmits":	0,
				"omitted":	false,
				"sender":	true
			}
		}, {
			"streams":	[{
					"socket":	5,
					"start":	52.00041,
					"end":	53.000565,
					"seconds":	1.000154972076416,
					"bytes":	1310720,
					"bits_per_second":	10484135.251790604,
					"retransmits":	0,
					"snd_cwnd":	46336,
					"rtt":	35702,
					"rttvar":	734,
					"pmtu":	1500,
					"omitted":	false,
					"sender":	true
				}],
			"sum":	{
				"start":	52.00041,
				"end":	53.000565,
				"seconds":	1.000154972076416,
				"bytes":	1310720,
				"bits_per_second":	10484135.251790604,
				"retransmits":	0,
				"omitted":	false,
				"sender":	true
			}
		}, {
			"streams":	[{
					"socket":	5,
					"start":	53.000565,
					"end":	54.000356,
					"seconds":	0.99979102611541748,
					"bytes":	1310720,
					"bits_per_second":	10487951.708009737,
					"retransmits":	0,
					"snd_cwnd":	52128,
					"rtt":	31427,
					"rttvar":	351,
					"pmtu":	1500,
					"omitted":	false,
					"sender":	true
				}],
			"sum":	{
				"start":	53.000565,
				"end":	54.000356,
				"seconds":	0.99979102611541748,
				"bytes":	1310720,
				"bits_per_second":	10487951.708009737,
				"retransmits":	0,
				"omitted":	false,
				"sender":	true
			}
		}, {
			"streams":	[{
					"socket":	5,
					"start":	54.000356,
					"end":	55.000668,
					"seconds":	1.0003119707107544,
					"bytes":	1310720,
					"bits_per_second":	10482489.77021591,
					"retransmits":	0,
					"snd_cwnd":	46336,
					"rtt":	32475,
					"rttvar":	397,
					"pmtu":	1500,
					"omitted":	false,
					"sender":	true
				}],
			"sum":	{
				"start":	54.000356,
				"end":	55.000668,
				"seconds":	1.0003119707107544,
				"bytes":	1310720,
				"bits_per_second":	10482489.77021591,
				"retransmits":	0,
				"omitted":	false,
				"sender":	true
			}
		}, {
			"streams":	[{
					"socket":	5,
					"start":	55.000668,
					"end":	56.000464,
					"seconds":	0.999795973300934,
					"bytes":	1310720,
					"bits_per_second":	10487899.811578693,
					"retransmits":	0,
					"snd_cwnd":	49232,
					"rtt":	30623,
					"rttvar":	474,
					"pmtu":	1500,
					"omitted":	false,
					"sender":	true
				}],
			"sum":	{
				"start":	55.000668,
				"end":	56.000464,
				"seconds":	0.999795973300934,
				"bytes":	1310720,
				"bits_per_second":	10487899.811578693,
				"retransmits":	0,
				"omitted":	false,
				"sender":	true
			}
		}, {
			"streams":	[{
					"socket":	5,
					"start":	56.000464,
					"end":	57.000743,
					"seconds":	1.0002789497375488,
					"bytes":	1310720,
					"bits_per_second":	10482835.815700443,
					"retransmits":	0,
					"snd_cwnd":	63712,
					"rtt":	30581,
					"rttvar":	218,
					"pmtu":	1500,
					"omitted":	false,
					"sender":	true
				}],
			"sum":	{
				"start":	56.000464,
				"end":	57.000743,
				"seconds":	1.0002789497375488,
				"bytes":	1310720,
				"bits_per_second":	10482835.815700443,
				"retransmits":	0,
				"omitted":	false,
				"sender":	true
			}
		}, {
			"streams":	[{
					"socket":	5,
					"start":	57.000743,
					"end":	58.001037,
					"seconds":	1.0002939701080322,
					"bytes":	1310720,
					"bits_per_second":	10482678.405896552,
					"retransmits":	0,
					"snd_cwnd":	63712,
					"rtt":	31512,
					"rttvar":	507,
					"pmtu":	1500,
					"omitted":	false,
					"sender":	true
				}],
			"sum":	{
				"start":	57.000743,
				"end":	58.001037,
				"seconds":	1.0002939701080322,
				"bytes":	1310720,
				"bits_per_second":	10482678.405896552,
				"retransmits":	0,
				"omitted":	false,
				"sender":	true
			}
		}, {
			"streams":	[{
					"socket":	5,
					"start":	58.001037,
					"end":	59.000334,
					"seconds":	0.999297022819519,
					"bytes":	3932160,
					"bits_per_second":	31479409.306397416,
					"retransmits":	0,
					"snd_cwnd":	121632,
					"rtt":	26774,
					"rttvar":	260,
					"pmtu":	1500,
					"omitted":	false,
					"sender":	true
				}],
			"sum":	{
				"start":	58.001037,
				"end":	59.000334,
				"seconds":	0.999297022819519,
				"bytes":	3932160,
				"bits_per_second":	31479409.306397416,
				"retransmits":	0,
				"omitted":	false,
				"sender":	true
			}
		}, {
			"streams":	[{
					"socket":	5,
					"start":	59.000334,
					"end":	60.000123,
					"seconds":	0.999788999557495,
					"bytes":	5242880,
					"bits_per_second":	41951891.867748015,
					"retransmits":	0,
					"snd_cwnd":	123080,
					"rtt":	28183,
					"rttvar":	100,
					"pmtu":	1500,
					"omitted":	false,
					"sender":	true
				}],
			"sum":	{
				"start":	59.000334,
				"end":	60.000123,
				"seconds":	0.999788999557495,
				"bytes":	5242880,
				"bits_per_second":	41951891.867748015,
				"retransmits":	0,
				"omitted":	false,
				"sender":	true
			}
		}],
	"end":	{
		"streams":	[{
				"sender":	{
					"socket":	5,
					"start":	0,
					"end":	60.000123,
					"seconds":	60.000123,
					"bytes":	106483192,
					"bits_per_second":	14197729.827987185,
					"retransmits":	0,
					"max_snd_cwnd":	401096,
					"max_rtt":	174545,
					"min_rtt":	12868,
					"mean_rtt":	49962,
					"sender":	true
				},
				"receiver":	{
					"socket":	5,
					"start":	0,
					"end":	60.02806,
					"seconds":	60.000123,
					"bytes":	102760448,
					"bits_per_second":	13694988.377102308,
					"sender":	true
				}
			}],
		"sum_sent":	{
			"start":	0,
			"end":	60.000123,
			"seconds":	60.000123,
			"bytes":	106483192,
			"bits_per_second":	14197729.827987185,
			"retransmits":	0,
			"sender":	true
		},
		"sum_received":	{
			"start":	0,
			"end":	60.02806,
			"seconds":	60.02806,
			"bytes":	102760448,
			"bits_per_second":	13694988.377102308,
			"sender":	true
		},
		"cpu_utilization_percent":	{
			"host_total":	0.113838669029155,
			"host_user":	0,
			"host_system":	0.113838669029155,
			"remote_total":	1.8844424213919413,
			"remote_user":	0.0043962743382470158,
			"remote_system":	1.8800428152807964
		},
		"sender_tcp_congestion":	"bbr",
		"receiver_tcp_congestion":	"cubic"
	}
}
