{
	"start":	{
		"connected":	[{
				"socket":	5,
				"local_host":	"192.168.179.151",
				"local_port":	41088,
				"remote_host":	"192.168.120.131",
				"remote_port":	5201
			}],
		"version":	"iperf 3.9",
		"system_info":	"Linux a 6.14.5-x64v3-xanmod1 #0~20250503.gdace042 SMP PREEMPT_DYNAMIC Sat May  3 00:40:10 UTC x86_64",
		"timestamp":	{
			"time":	"Mon, 05 May 2025 10:15:36 GMT",
			"timesecs":	1746440136
		},
		"connecting_to":	{
			"host":	"192.168.120.131",
			"port":	5201
		},
		"cookie":	"6glxrb54fh65ngtd3kee7ztic3hw4ohiaphh",
		"tcp_mss_default":	1448,
		"sock_bufsize":	0,
		"sndbuf_actual":	65536,
		"rcvbuf_actual":	87380,
		"test_start":	{
			"protocol":	"TCP",
			"num_streams":	1,
			"blksize":	131072,
			"omit":	0,
			"duration":	60,
			"bytes":	0,
			"blocks":	0,
			"reverse":	0,
			"tos":	0
		}
	},
	"intervals":	[{
			"streams":	[{
					"socket":	5,
					"start":	0,
					"end":	1.000724,
					"seconds":	1.0007239580154419,
					"bytes":	3672128,
					"bits_per_second":	29355771.653811742,
					"retransmits":	0,
					"snd_cwnd":	328696,
					"rtt":	131391,
					"rttvar":	1111,
					"pmtu":	1500,
					"omitted":	false,
					"sender":	true
				}],
			"sum":	{
				"start":	0,
				"end":	1.000724,
				"seconds":	1.0007239580154419,
				"bytes":	3672128,
				"bits_per_second":	29355771.653811742,
				"retransmits":	0,
				"omitted":	false,
				"sender":	true
			}
		}, {
			"streams":	[{
					"socket":	5,
					"start":	1.000724,
					"end":	2.00052,
					"seconds":	0.999795973300934,
					"bytes":	2085120,
					"bits_per_second":	16684364.055724308,
					"retransmits":	0,
					"snd_cwnd":	331592,
					"rtt":	122952,
					"rttvar":	252,
					"pmtu":	1500,
					"omitted":	false,
					"sender":	true
				}],
			"sum":	{
				"start":	1.000724,
				"end":	2.00052,
				"seconds":	0.999795973300934,
				"bytes":	2085120,
				"bits_per_second":	16684364.055724308,
				"retransmits":	0,
				"omitted":	false,
				"sender":	true
			}
		}, {
			"streams":	[{
					"socket":	5,
					"start":	2.00052,
					"end":	3.000833,
					"seconds":	1.0003130435943604,
					"bytes":	2085120,
					"bits_per_second":	16675739.766484881,
					"retransmits":	0,
					"snd_cwnd":	296840,
					"rtt":	112167,
					"rttvar":	216,
					"pmtu":	1500,
					"omitted":	false,
					"sender":	true
				}],
			"sum":	{
				"start":	2.00052,
				"end":	3.000833,
				"seconds":	1.0003130435943604,
				"bytes":	2085120,
				"bits_per_second":	16675739.766484881,
				"retransmits":	0,
				"omitted":	false,
				"sender":	true
			}
		}, {
			"streams":	[{
					"socket":	5,
					"start":	3.000833,
					"end":	4.000608,
					"seconds":	0.999774992465973,
					"bytes":	3461000,
					"bits_per_second":	27694231.4107165,
					"retransmits":	0,
					"snd_cwnd":	401096,
					"rtt":	157689,
					"rttvar":	142,
					"pmtu":	1500,
					"omitted":	false,
					"sender":	true
				}],
			"sum":	{
				"start":	3.000833,
				"end":	4.000608,
				"seconds":	0.999774992465973,
				"bytes":	3461000,
				"bits_per_second":	27694231.4107165,
				"retransmits":	0,
				"omitted":	false,
				"sender":	true
			}
		}, {
			"streams":	[{
					"socket":	5,
					"start":	4.000608,
					"end":	5.000398,
					"seconds":	0.9997900128364563,
					"bytes":	2621440,
					"bits_per_second":	20975924.674925193,
					"retransmits":	0,
					"snd_cwnd":	357656,
					"rtt":	141805,
					"rttvar":	199,
					"pmtu":	1500,
					"omitted":	false,
					"sender":	true
				}],
			"sum":	{
				"start":	4.000608,
				"end":	5.000398,
				"seconds":	0.9997900128364563,
				"bytes":	2621440,
				"bits_per_second":	20975924.674925193,
				"retransmits":	0,
				"omitted":	false,
				"sender":	true
			}
		}, {
			"streams":	[{
					"socket":	5,
					"start":	5.000398,
					"end":	6.000691,
					"seconds":	1.0002930164337158,
					"bytes":	2621440,
					"bits_per_second":	20965376.80005854,
					"retransmits":	0,
					"snd_cwnd":	350416,
					"rtt":	130993,
					"rttvar":	345,
					"pmtu":	1500,
					"omitted":	false,
					"sender":	true
				}],
			"sum":	{
				"start":	5.000398,
				"end":	6.000691,
				"seconds":	1.0002930164337158,
				"bytes":	2621440,
				"bits_per_second":	20965376.80005854,
				"retransmits":	0,
				"omitted":	false,
				"sender":	true
			}
		}, {
			"streams":	[{
					"socket":	5,
					"start":	6.000691,
					"end":	7.000491,
					"seconds":	0.99980002641677856,
					"bytes":	2621440,
					"bits_per_second":	20975714.588806953,
					"retransmits":	0,
					"snd_cwnd":	350416,
					"rtt":	166061,
					"rttvar":	241,
					"pmtu":	1500,
					"omitted":	false,
					"sender":	true
				}],
			"sum":	{
				"start":	6.000691,
				"end":	7.000491,
				"seconds":	0.99980002641677856,
				"bytes":	2621440,
				"bits_per_second":	20975714.588806953,
				"retransmits":	0,
				"omitted":	false,
				"sender":	true
			}
		}, {
			"streams":	[{
					"socket":	5,
					"start":	7.000491,
					"end":	8.00078,
					"seconds":	1.0002889633178711,
					"bytes":	1310720,
					"bits_per_second":	10482730.875305923,
					"retransmits":	0,
					"snd_cwnd":	390960,
					"rtt":	184554,
					"rttvar":	441,
					"pmtu":	1500,
					"omitted":	false,
					"sender":	true
				}],
			"sum":	{
				"start":	7.000491,
				"end":	8.00078,
				"seconds":	1.0002889633178711,
				"bytes":	1310720,
				"bits_per_second":	10482730.875305923,
				"retransmits":	0,
				"omitted":	false,
				"sender":	true
			}
		}, {
			"streams":	[{
					"socket":	5,
					"start":	8.00078,
					"end":	9.000572,
					"seconds":	0.999791979789734,
					"bytes":	2621440,
					"bits_per_second":	20975883.407676984,
					"retransmits":	0,
					"snd_cwnd":	335936,
					"rtt":	182869,
					"rttvar":	184,
					"pmtu":	1500,
					"omitted":	false,
					"sender":	true
				}],
			"sum":	{
				"start":	8.00078,
				"end":	9.000572,
				"seconds":	0.999791979789734,
				"bytes":	2621440,
				"bits_per_second":	20975883.407676984,
				"retransmits":	0,
				"omitted":	false,
				"sender":	true
			}
		}, {
			"streams":	[{
					"socket":	5,
					"start":	9.000572,
					"end":	10.000876,
					"seconds":	1.0003039836883545,
					"bytes":	1310720,
					"bits_per_second":	10482573.468653552,
					"retransmits":	0,
					"snd_cwnd":	321456,
					"rtt":	180059,
					"rttvar":	1377,
					"pmtu":	1500,
					"omitted":	false,
					"sender":	true
				}],
			"sum":	{
				"start":	9.000572,
				"end":	10.000876,
				"seconds":	1.0003039836883545,
				"bytes":	1310720,
				"bits_per_second":	10482573.468653552,
				"retransmits":	0,
				"omitted":	false,
				"sender":	true
			}
		}, {
			"streams":	[{
					"socket":	5,
					"start":	10.000876,
					"end":	11.000667,
					"seconds":	0.99979102611541748,
					"bytes":	2621440,
					"bits_per_second":	20975903.416019473,
					"retransmits":	0,
					"snd_cwnd":	75296,
					"rtt":	38156,
					"rttvar":	101,
					"pmtu":	1500,
					"omitted":	false,
					"sender":	true
				}],
			"sum":	{
				"start":	10.000876,
				"end":	11.000667,
				"seconds":	0.99979102611541748,
				"bytes":	2621440,
				"bits_per_second":	20975903.416019473,
				"retransmits":	0,
				"omitted":	false,
				"sender":	true
			}
		}, {
			"streams":	[{
					"socket":	5,
					"start":	11.000667,
					"end":	12.000966,
					"seconds":	1.0002989768981934,
					"bytes":	1310720,
					"bits_per_second":	10482625.93701243,
					"retransmits":	0,
					"snd_cwnd":	63712,
					"rtt":	38007,
					"rttvar":	520,
					"pmtu":	1500,
					"omitted":	false,
					"sender":	true
				}],
			"sum":	{
				"start":	11.000667,
				"end":	12.000966,
				"seconds":	1.0002989768981934,
				"bytes":	1310720,
				"bits_per_second":	10482625.93701243,
				"retransmits":	0,
				"omitted":	false,
				"sender":	true
			}
		}, {
			"streams":	[{
					"socket":	5,
					"start":	12.000966,
					"end":	13.000242,
					"seconds":	0.99927598237991333,
					"bytes":	2621440,
					"bits_per_second":	20986714.751267649,
					"retransmits":	0,
					"snd_cwnd":	57920,
					"rtt":	32413,
					"rttvar":	203,
					"pmtu":	1500,
					"omitted":	false,
					"sender":	true
				}],
			"sum":	{
				"start":	12.000966,
				"end":	13.000242,
				"seconds":	0.99927598237991333,
				"bytes":	2621440,
				"bits_per_second":	20986714.751267649,
				"retransmits":	0,
				"omitted":	false,
				"sender":	true
			}
		}, {
			"streams":	[{
					"socket":	5,
					"start":	13.000242,
					"end":	14.000548,
					"seconds":	1.0003060102462769,
					"bytes":	1310720,
					"bits_per_second":	10482552.231609995,
					"retransmits":	0,
					"snd_cwnd":	55024,
					"rtt":	32862,
					"rttvar":	260,
					"pmtu":	1500,
					"omitted":	false,
					"sender":	true
				}],
			"sum":	{
				"start":	13.000242,
				"end":	14.000548,
				"seconds":	1.0003060102462769,
				"bytes":	1310720,
				"bits_per_second":	10482552.231609995,
				"retransmits":	0,
				"omitted":	false,
				"sender":	true
			}
		}, {
			"streams":	[{
					"socket":	5,
					"start":	14.000548,
					"end":	15.00086,
					"seconds":	1.0003119707107544,
					"bytes":	1310720,
					"bits_per_second":	10482489.77021591,
					"retransmits":	0,
					"snd_cwnd":	52128,
					"rtt":	34853,
					"rttvar":	160,
					"pmtu":	1500,
					"omitted":	false,
					"sender":	true
				}],
			"sum":	{
				"start":	14.000548,
				"end":	15.00086,
				"seconds":	1.0003119707107544,
				"bytes":	1310720,
				"bits_per_second":	10482489.77021591,
				"retransmits":	0,
				"omitted":	false,
				"sender":	true
			}
		}, {
			"streams":	[{
					"socket":	5,
					"start":	15.00086,
					"end":	16.001155,
					"seconds":	1.0002950429916382,
					"bytes":	1310720,
					"bits_per_second":	10482667.162520023,
					"retransmits":	0,
					"snd_cwnd":	50680,
					"rtt":	22161,
					"rttvar":	1474,
					"pmtu":	1500,
					"omitted":	false,
					"sender":	true
				}],
			"sum":	{
				"start":	15.00086,
				"end":	16.001155,
				"seconds":	1.0002950429916382,
				"bytes":	1310720,
				"bits_per_second":	10482667.162520023,
				"retransmits":	0,
				"omitted":	false,
				"sender":	true
			}
		}, {
			"streams":	[{
					"socket":	5,
					"start":	16.001155,
					"end":	17.000937,
					"seconds":	0.9997820258140564,
					"bytes":	1310720,
					"bits_per_second":	10488046.123315869,
					"retransmits":	0,
					"snd_cwnd":	49232,
					"rtt":	32894,
					"rttvar":	1221,
					"pmtu":	1500,
					"omitted":	false,
					"sender":	true
				}],
			"sum":	{
				"start":	16.001155,
				"end":	17.000937,
				"seconds":	0.9997820258140564,
				"bytes":	1310720,
				"bits_per_second":	10488046.123315869,
				"retransmits":	0,
				"omitted":	false,
				"sender":	true
			}
		}, {
			"streams":	[{
					"socket":	5,
					"start":	17.000937,
					"end":	18.000229,
					"seconds":	0.999292016029358,
					"bytes":	2621440,
					"bits_per_second":	20986378.019239455,
					"retransmits":	0,
					"snd_cwnd":	52128,
					"rtt":	32633,
					"rttvar":	927,
					"pmtu":	1500,
					"omitted":	false,
					"sender":	true
				}],
			"sum":	{
				"start":	17.000937,
				"end":	18.000229,
				"seconds":	0.999292016029358,
				"bytes":	2621440,
				"bits_per_second":	20986378.019239455,
				"retransmits":	0,
				"omitted":	false,
				"sender":	true
			}
		}, {
			"streams":	[{
					"socket":	5,
					"start":	18.000229,
					"end":	19.000524,
					"seconds":	1.0002950429916382,
					"bytes":	1310720,
					"bits_per_second":	10482667.162520023,
					"retransmits":	0,
					"snd_cwnd":	62264,
					"rtt":	34193,
					"rttvar":	441,
					"pmtu":	1500,
					"omitted":	false,
					"sender":	true
				}],
			"sum":	{
				"start":	18.000229,
				"end":	19.000524,
				"seconds":	1.0002950429916382,
				"bytes":	1310720,
				"bits_per_second":	10482667.162520023,
				"retransmits":	0,
				"omitted":	false,
				"sender":	true
			}
		}, {
			"streams":	[{
					"socket":	5,
					"start":	19.000524,
					"end":	20.000819,
					"seconds":	1.0002950429916382,
					"bytes":	1310720,
					"bits_per_second":	10482667.162520023,
					"retransmits":	0,
					"snd_cwnd":	50680,
					"rtt":	32721,
					"rttvar":	310,
					"pmtu":	1500,
					"omitted":	false,
					"sender":	true
				}],
			"sum":	{
				"start":	19.000524,
				"end":	20.000819,
				"seconds":	1.0002950429916382,
				"bytes":	1310720,
				"bits_per_second":	10482667.162520023,
				"retransmits":	0,
				"omitted":	false,
				"sender":	true
			}
		}, {
			"streams":	[{
					"socket":	5,
					"start":	20.000819,
					"end":	21.001132,
					"seconds":	1.0003130435943604,
					"bytes":	1310720,
					"bits_per_second":	10482478.527244026,
					"retransmits":	0,
					"snd_cwnd":	13032,
					"rtt":	13727,
					"rttvar":	1690,
					"pmtu":	1500,
					"omitted":	false,
					"sender":	true
				}],
			"sum":	{
				"start":	20.000819,
				"end":	21.001132,
				"seconds":	1.0003130435943604,
				"bytes":	1310720,
				"bits_per_second":	10482478.527244026,
				"retransmits":	0,
				"omitted":	false,
				"sender":	true
			}
		}, {
			"streams":	[{
					"socket":	5,
					"start":	21.001132,
					"end":	22.001062,
					"seconds":	0.99993002414703369,
					"bytes":	1310720,
					"bits_per_second":	10486493.801348375,
					"retransmits":	0,
					"snd_cwnd":	55024,
					"rtt":	32606,
					"rttvar":	249,
					"pmtu":	1500,
					"omitted":	false,
					"sender":	true
				}],
			"sum":	{
				"start":	21.001132,
				"end":	22.001062,
				"seconds":	0.99993002414703369,
				"bytes":	1310720,
				"bits_per_second":	10486493.801348375,
				"retransmits":	0,
				"omitted":	false,
				"sender":	true
			}
		}, {
			"streams":	[{
					"socket":	5,
					"start":	22.001062,
					"end":	23.000345,
					"seconds":	0.99928301572799683,
					"bytes":	2621440,
					"bits_per_second":	20986567.038489938,
					"retransmits":	0,
					"snd_cwnd":	55024,
					"rtt":	30598,
					"rttvar":	150,
					"pmtu":	1500,
					"omitted":	false,
					"sender":	true
				}],
			"sum":	{
				"start":	22.001062,
				"end":	23.000345,
				"seconds":	0.99928301572799683,
				"bytes":	2621440,
				"bits_per_second":	20986567.038489938,
				"retransmits":	0,
				"omitted":	false,
				"sender":	true
			}
		}, {
			"streams":	[{
					"socket":	5,
					"start":	23.000345,
					"end":	24.000647,
					"seconds":	1.0003019571304321,
					"bytes":	1310720,
					"bits_per_second":	10482594.705783159,
					"retransmits":	0,
					"snd_cwnd":	62264,
					"rtt":	32110,
					"rttvar":	287,
					"pmtu":	1500,
					"omitted":	false,
					"sender":	true
				}],
			"sum":	{
				"start":	23.000345,
				"end":	24.000647,
				"seconds":	1.0003019571304321,
				"bytes":	1310720,
				"bits_per_second":	10482594.705783159,
				"retransmits":	0,
				"omitted":	false,
				"sender":	true
			}
		}, {
			"streams":	[{
					"socket":	5,
					"start":	24.000647,
					"end":	25.000954,
					"seconds":	1.0003069639205933,
					"bytes":	1310720,
					"bits_per_second":	10482542.23773692,
					"retransmits":	0,
					"snd_cwnd":	57920,
					"rtt":	33255,
					"rttvar":	600,
					"pmtu":	1500,
					"omitted":	false,
					"sender":	true
				}],
			"sum":	{
				"start":	24.000647,
				"end":	25.000954,
				"seconds":	1.0003069639205933,
				"bytes":	1310720,
				"bits_per_second":	10482542.23773692,
				"retransmits":	0,
				"omitted":	false,
				"sender":	true
			}
		}, {
			"streams":	[{
					"socket":	5,
					"start":	25.000954,
					"end":	26.000244,
					"seconds":	0.99928998947143555,
					"bytes":	2621440,
					"bits_per_second":	20986420.579568375,
					"retransmits":	0,
					"snd_cwnd":	56472,
					"rtt":	33830,
					"rttvar":	332,
					"pmtu":	1500,
					"omitted":	false,
					"sender":	true
				}],
			"sum":	{
				"start":	25.000954,
				"end":	26.000244,
				"seconds":	0.99928998947143555,
				"bytes":	2621440,
				"bits_per_second":	20986420.579568375,
				"retransmits":	0,
				"omitted":	false,
				"sender":	true
			}
		}, {
			"streams":	[{
					"socket":	5,
					"start":	26.000244,
					"end":	27.000529,
					"seconds":	1.0002850294113159,
					"bytes":	1310720,
					"bits_per_second":	10482772.101638911,
					"retransmits":	0,
					"snd_cwnd":	55024,
					"rtt":	32404,
					"rttvar":	193,
					"pmtu":	1500,
					"omitted":	false,
					"sender":	true
				}],
			"sum":	{
				"start":	26.000244,
				"end":	27.000529,
				"seconds":	1.0002850294113159,
				"bytes":	1310720,
				"bits_per_second":	10482772.101638911,
				"retransmits":	0,
				"omitted":	false,
				"sender":	true
			}
		}, {
			"streams":	[{
					"socket":	5,
					"start":	27.000529,
					"end":	28.000843,
					"seconds":	1.0003139972686768,
					"bytes":	1310720,
					"bits_per_second":	10482468.533511488,
					"retransmits":	0,
					"snd_cwnd":	47784,
					"rtt":	33666,
					"rttvar":	339,
					"pmtu":	1500,
					"omitted":	false,
					"sender":	true
				}],
			"sum":	{
				"start":	27.000529,
				"end":	28.000843,
				"seconds":	1.0003139972686768,
				"bytes":	1310720,
				"bits_per_second":	10482468.533511488,
				"retransmits":	0,
				"omitted":	false,
				"sender":	true
			}
		}, {
			"streams":	[{
					"socket":	5,
					"start":	28.000843,
					"end":	29.001133,
					"seconds":	1.0002900362014771,
					"bytes":	1310720,
					"bits_per_second":	10482719.63181684,
					"retransmits":	0,
					"snd_cwnd":	49232,
					"rtt":	30622,
					"rttvar":	176,
					"pmtu":	1500,
					"omitted":	false,
					"sender":	true
				}],
			"sum":	{
				"start":	28.000843,
				"end":	29.001133,
				"seconds":	1.0002900362014771,
				"bytes":	1310720,
				"bits_per_second":	10482719.63181684,
				"retransmits":	0,
				"omitted":	false,
				"sender":	true
			}
		}, {
			"streams":	[{
					"socket":	5,
					"start":	29.001133,
					"end":	30.000914,
					"seconds":	0.99978101253509521,
					"bytes":	1310720,
					"bits_per_second":	10488056.752960108,
					"retransmits":	0,
					"snd_cwnd":	57920,
					"rtt":	35674,
					"rttvar":	1048,
					"pmtu":	1500,
					"omitted":	false,
					"sender":	true
				}],
			"sum":	{
				"start":	29.001133,
				"end":	30.000914,
				"seconds":	0.99978101253509521,
				"bytes":	1310720,
				"bits_per_second":	10488056.752960108,
				"retransmits":	0,
				"omitted":	false,
				"sender":	true
			}
		}, {
			"streams":	[{
					"socket":	5,
					"start":	30.000914,
					"end":	31.00021,
					"seconds":	0.999296009540558,
					"bytes":	2621440,
					"bits_per_second":	20986294.150861252,
					"retransmits":	0,
					"snd_cwnd":	46336,
					"rtt":	24151,
					"rttvar":	249,
					"pmtu":	1500,
					"omitted":	false,
					"sender":	true
				}],
			"sum":	{
				"start":	30.000914,
				"end":	31.00021,
				"seconds":	0.999296009540558,
				"bytes":	2621440,
				"bits_per_second":	20986294.150861252,
				"retransmits":	0,
				"omitted":	false,
				"sender":	true
			}
		}, {
			"streams":	[{
					"socket":	5,
					"start":	31.00021,
					"end":	32.000306,
					"seconds":	1.0000959634780884,
					"bytes":	1310720,
					"bits_per_second":	10484753.846553985,
					"retransmits":	0,
					"snd_cwnd":	52128,
					"rtt":	34378,
					"rttvar":	891,
					"pmtu":	1500,
					"omitted":	false,
					"sender":	true
				}],
			"sum":	{
				"start":	31.00021,
				"end":	32.000306,
				"seconds":	1.0000959634780884,
				"bytes":	1310720,
				"bits_per_second":	10484753.846553985,
				"retransmits":	0,
				"omitted":	false,
				"sender":	true
			}
		}, {
			"streams":	[{
					"socket":	5,
					"start":	32.000306,
					"end":	33.000097,
					"seconds":	0.99979102611541748,
					"bytes":	1310720,
					"bits_per_second":	10487951.708009737,
					"retransmits":	0,
					"snd_cwnd":	46336,
					"rtt":	29871,
					"rttvar":	236,
					"pmtu":	1500,
					"omitted":	false,
					"sender":	true
				}],
			"sum":	{
				"start":	32.000306,
				"end":	33.000097,
				"seconds":	0.99979102611541748,
				"bytes":	1310720,
				"bits_per_second":	10487951.708009737,
				"retransmits":	0,
				"omitted":	false,
				"sender":	true
			}
		}, {
			"streams":	[{
					"socket":	5,
					"start":	33.000097,
					"end":	34.000398,
					"seconds":	1.0003010034561157,
					"bytes":	1310720,
					"bits_per_second":	10482604.699756278,
					"retransmits":	0,
					"snd_cwnd":	43440,
					"rtt":	31234,
					"rttvar":	334,
					"pmtu":	1500,
					"omitted":	false,
					"sender":	true
				}],
			"sum":	{
				"start":	33.000097,
				"end":	34.000398,
				"seconds":	1.0003010034561157,
				"bytes":	1310720,
				"bits_per_second":	10482604.699756278,
				"retransmits":	0,
				"omitted":	false,
				"sender":	true
			}
		}, {
			"streams":	[{
					"socket":	5,
					"start":	34.000398,
					"end":	35.000702,
					"seconds":	1.0003039836883545,
					"bytes":	1310720,
					"bits_per_second":	10482573.468653552,
					"retransmits":	0,
					"snd_cwnd":	46336,
					"rtt":	32493,
					"rttvar":	160,
					"pmtu":	1500,
					"omitted":	false,
					"sender":	true
				}],
			"sum":	{
				"start":	34.000398,
				"end":	35.000702,
				"seconds":	1.0003039836883545,
				"bytes":	1310720,
				"bits_per_second":	10482573.468653552,
				"retransmits":	0,
				"omitted":	false,
				"sender":	true
			}
		}, {
			"streams":	[{
					"socket":	5,
					"start":	35.000702,
					"end":	36.000504,
					"seconds":	0.999801993370056,
					"bytes":	1310720,
					"bits_per_second":	10487836.661192684,
					"retransmits":	0,
					"snd_cwnd":	44888,
					"rtt":	32529,
					"rttvar":	798,
					"pmtu":	1500,
					"omitted":	false,
					"sender":	true
				}],
			"sum":	{
				"start":	35.000702,
				"end":	36.000504,
				"seconds":	0.999801993370056,
				"bytes":	1310720,
				"bits_per_second":	10487836.661192684,
				"retransmits":	0,
				"omitted":	false,
				"sender":	true
			}
		}, {
			"streams":	[{
					"socket":	5,
					"start":	36.000504,
					"end":	37.000291,
					"seconds":	0.99978697299957275,
					"bytes":	1310720,
					"bits_per_second":	10487994.225950453,
					"retransmits":	0,
					"snd_cwnd":	39096,
					"rtt":	24419,
					"rttvar":	1386,
					"pmtu":	1500,
					"omitted":	false,
					"sender":	true
				}],
			"sum":	{
				"start":	36.000504,
				"end":	37.000291,
				"seconds":	0.99978697299957275,
				"bytes":	1310720,
				"bits_per_second":	10487994.225950453,
				"retransmits":	0,
				"omitted":	false,
				"sender":	true
			}
		}, {
			"streams":	[{
					"socket":	5,
					"start":	37.000291,
					"end":	38.000594,
					"seconds":	1.0003030300140381,
					"bytes":	1310720,
					"bits_per_second":	10482583.462586178,
					"retransmits":	0,
					"snd_cwnd":	49232,
					"rtt":	34271,
					"rttvar":	234,
					"pmtu":	1500,
					"omitted":	false,
					"sender":	true
				}],
			"sum":	{
				"start":	37.000291,
				"end":	38.000594,
				"seconds":	1.0003030300140381,
				"bytes":	1310720,
				"bits_per_second":	10482583.462586178,
				"retransmits":	0,
				"omitted":	false,
				"sender":	true
			}
		}, {
			"streams":	[{
					"socket":	5,
					"start":	38.000594,
					"end":	39.000386,
					"seconds":	0.999791979789734,
					"bytes":	1310720,
					"bits_per_second":	10487941.703838492,
					"retransmits":	0,
					"snd_cwnd":	59368,
					"rtt":	33183,
					"rttvar":	466,
					"pmtu":	1500,
					"omitted":	false,
					"sender":	true
				}],
			"sum":	{
				"start":	38.000594,
				"end":	39.000386,
				"seconds":	0.999791979789734,
				"bytes":	1310720,
				"bits_per_second":	10487941.703838492,
				"retransmits":	0,
				"omitted":	false,
				"sender":	true
			}
		}, {
			"streams":	[{
					"socket":	5,
					"start":	39.000386,
					"end":	40.000674,
					"seconds":	1.0002880096435547,
					"bytes":	1310720,
					"bits_per_second":	10482740.869538687,
					"retransmits":	0,
					"snd_cwnd":	52128,
					"rtt":	30757,
					"rttvar":	190,
					"pmtu":	1500,
					"omitted":	false,
					"sender":	true
				}],
			"sum":	{
				"start":	39.000386,
				"end":	40.000674,
				"seconds":	1.0002880096435547,
				"bytes":	1310720,
				"bits_per_second":	10482740.869538687,
				"retransmits":	0,
				"omitted":	false,
				"sender":	true
			}
		}, {
			"streams":	[{
					"socket":	5,
					"start":	40.000674,
					"end":	41.000968,
					"seconds":	1.0002939701080322,
					"bytes":	1310720,
					"bits_per_second":	10482678.405896552,
					"retransmits":	0,
					"snd_cwnd":	49232,
					"rtt":	31706,
					"rttvar":	89,
					"pmtu":	1500,
					"omitted":	false,
					"sender":	true
				}],
			"sum":	{
				"start":	40.000674,
				"end":	41.000968,
				"seconds":	1.0002939701080322,
				"bytes":	1310720,
				"bits_per_second":	10482678.405896552,
				"retransmits":	0,
				"omitted":	false,
				"sender":	true
			}
		}, {
			"streams":	[{
					"socket":	5,
					"start":	41.000968,
					"end":	42.000556,
					"seconds":	0.9995880126953125,
					"bytes":	1310720,
					"bits_per_second":	10490081.780518707,
					"retransmits":	0,
					"snd_cwnd":	10136,
					"rtt":	14179,
					"rttvar":	2244,
					"pmtu":	1500,
					"omitted":	false,
					"sender":	true
				}],
			"sum":	{
				"start":	41.000968,
				"end":	42.000556,
				"seconds":	0.9995880126953125,
				"bytes":	1310720,
				"bits_per_second":	10490081.780518707,
				"retransmits":	0,
				"omitted":	false,
				"sender":	true
			}
		}, {
			"streams":	[{
					"socket":	5,
					"start":	42.000556,
					"end":	43.000983,
					"seconds":	1.0004270076751709,
					"bytes":	1310720,
					"bits_per_second":	10481284.411110807,
					"retransmits":	0,
					"snd_cwnd":	56472,
					"rtt":	30999,
					"rttvar":	1811,
					"pmtu":	1500,
					"omitted":	false,
					"sender":	true
				}],
			"sum":	{
				"start":	42.000556,
				"end":	43.000983,
				"seconds":	1.0004270076751709,
				"bytes":	1310720,
				"bits_per_second":	10481284.411110807,
				"retransmits":	0,
				"omitted":	false,
				"sender":	true
			}
		}, {
			"streams":	[{
					"socket":	5,
					"start":	43.000983,
					"end":	44.000264,
					"seconds":	0.99928098917007446,
					"bytes":	2621440,
					"bits_per_second":	20986609.599585522,
					"retransmits":	0,
					"snd_cwnd":	47784,
					"rtt":	23639,
					"rttvar":	286,
					"pmtu":	1500,
					"omitted":	false,
					"sender":	true
				}],
			"sum":	{
				"start":	43.000983,
				"end":	44.000264,
				"seconds":	0.99928098917007446,
				"bytes":	2621440,
				"bits_per_second":	20986609.599585522,
				"retransmits":	0,
				"omitted":	false,
				"sender":	true
			}
		}, {
			"streams":	[{
					"socket":	5,
					"start":	44.000264,
					"end":	45.000565,
					"seconds":	1.0003010034561157,
					"bytes":	1310720,
					"bits_per_second":	10482604.699756278,
					"retransmits":	0,
					"snd_cwnd":	47784,
					"rtt":	28342,
					"rttvar":	104,
					"pmtu":	1500,
					"omitted":	false,
					"sender":	true
				}],
			"sum":	{
				"start":	44.000264,
				"end":	45.000565,
				"seconds":	1.0003010034561157,
				"bytes":	1310720,
				"bits_per_second":	10482604.699756278,
				"retransmits":	0,
				"omitted":	false,
				"sender":	true
			}
		}, {
			"streams":	[{
					"socket":	5,
					"start":	45.000565,
					"end":	46.00088,
					"seconds":	1.0003149509429932,
					"bytes":	1310720,
					"bits_per_second":	10482458.539798005,
					"retransmits":	0,
					"snd_cwnd":	49232,
					"rtt":	34588,
					"rttvar":	310,
					"pmtu":	1500,
					"omitted":	false,
					"sender":	true
				}],
			"sum":	{
				"start":	45.000565,
				"end":	46.00088,
				"seconds":	1.0003149509429932,
				"bytes":	1310720,
				"bits_per_second":	10482458.539798005,
				"retransmits":	0,
				"omitted":	false,
				"sender":	true
			}
		}, {
			"streams":	[{
					"socket":	5,
					"start":	46.00088,
					"end":	47.000658,
					"seconds":	0.99977797269821167,
					"bytes":	1310720,
					"bits_per_second":	10488088.642022105,
					"retransmits":	0,
					"snd_cwnd":	49232,
					"rtt":	31624,
					"rttvar":	461,
					"pmtu":	1500,
					"omitted":	false,
					"sender":	true
				}],
			"sum":	{
				"start":	46.00088,
				"end":	47.000658,
				"seconds":	0.99977797269821167,
				"bytes":	1310720,
				"bits_per_second":	10488088.642022105,
				"retransmits":	0,
				"omitted":	false,
				"sender":	true
			}
		}, {
			"streams":	[{
					"socket":	5,
					"start":	47.000658,
					"end":	48.000878,
					"seconds":	1.0002199411392212,
					"bytes":	1310720,
					"bits_per_second":	10483454.257127713,
					"retransmits":	0,
					"snd_cwnd":	55024,
					"rtt":	33372,
					"rttvar":	357,
					"pmtu":	1500,
					"omitted":	false,
					"sender":	true
				}],
			"sum":	{
				"start":	47.000658,
				"end":	48.000878,
				"seconds":	1.0002199411392212,
				"bytes":	1310720,
				"bits_per_second":	10483454.257127713,
				"retransmits":	0,
				"omitted":	false,
				"sender":	true
			}
		}, {
			"streams":	[{
					"socket":	5,
					"start":	48.000878,
					"end":	49.001189,
					"seconds":	1.000311017036438,
					"bytes":	1310720,
					"bits_per_second":	10482499.763988942,
					"retransmits":	0,
					"snd_cwnd":	49232,
					"rtt":	32811,
					"rttvar":	508,
					"pmtu":	1500,
					"omitted":	false,
					"sender":	true
				}],
			"sum":	{
				"start":	48.000878,
				"end":	49.001189,
				"seconds":	1.000311017036438,
				"bytes":	1310720,
				"bits_per_second":	10482499.763988942,
				"retransmits":	0,
				"omitted":	false,
				"sender":	true
			}
		}, {
			"streams":	[{
					"socket":	5,
					"start":	49.001189,
					"end":	50.000974,
					"seconds":	0.999785006046295,
					"bytes":	1310720,
					"bits_per_second":	10488014.859781219,
					"retransmits":	0,
					"snd_cwnd":	52128,
					"rtt":	31282,
					"rttvar":	211,
					"pmtu":	1500,
					"omitted":	false,
					"sender":	true
				}],
			"sum":	{
				"start":	49.001189,
				"end":	50.000974,
				"seconds":	0.999785006046295,
				"bytes":	1310720,
				"bits_per_second":	10488014.859781219,
				"retransmits":	0,
				"omitted":	false,
				"sender":	true
			}
		}, {
			"streams":	[{
					"socket":	5,
					"start":	50.000974,
					"end":	51.000256,
					"seconds":	0.99928200244903564,
					"bytes":	2621440,
					"bits_per_second":	20986588.319016151,
					"retransmits":	0,
					"snd_cwnd":	56472,
					"rtt":	32108,
					"rttvar":	429,
					"pmtu":	1500,
					"omitted":	false,
					"sender":	true
				}],
			"sum":	{
				"start":	50.000974,
				"end":	51.000256,
				"seconds":	0.99928200244903564,
				"bytes":	2621440,
				"bits_per_second":	20986588.319016151,
				"retransmits":	0,
				"omitted":	false,
				"sender":	true
			}
		}, {
			"streams":	[{
					"socket":	5,
					"start":	51.000256,
					"end":	52.000567,
					"seconds":	1.000311017036438,
					"bytes":	1310720,
					"bits_per_second":	10482499.763988942,
					"retransmits":	0,
					"snd_cwnd":	47784,
					"rtt":	32062,
					"rttvar":	286,
					"pmtu":	1500,
					"omitted":	false,
					"sender":	true
				}],
			"sum":	{
				"start":	51.000256,
				"end":	52.000567,
				"seconds":	1.000311017036438,
				"bytes":	1310720,
				"bits_per_second":	10482499.763988942,
				"retransmits":	0,
				"omitted":	false,
				"sender":	true
			}
		}, {
			"streams":	[{
					"socket":	5,
					"start":	52.000567,
					"end":	53.000777,
					"seconds":	1.0002100467681885,
					"bytes":	1310720,
					"bits_per_second":	10483557.962530853,
					"retransmits":	0,
					"snd_cwnd":	56472,
					"rtt":	33636,
					"rttvar":	393,
					"pmtu":	1500,
					"omitted":	false,
					"sender":	true
				}],
			"sum":	{
				"start":	52.000567,
				"end":	53.000777,
				"seconds":	1.0002100467681885,
				"bytes":	1310720,
				"bits_per_second":	10483557.962530853,
				"retransmits":	0,
				"omitted":	false,
				"sender":	true
			}
		}, {
			"streams":	[{
					"socket":	5,
					"start":	53.000777,
					"end":	54.000582,
					"seconds":	0.999804973602295,
					"bytes":	1310720,
					"bits_per_second":	10487805.39890678,
					"retransmits":	0,
					"snd_cwnd":	53576,
					"rtt":	28821,
					"rttvar":	233,
					"pmtu":	1500,
					"omitted":	false,
					"sender":	true
				}],
			"sum":	{
				"start":	53.000777,
				"end":	54.000582,
				"seconds":	0.999804973602295,
				"bytes":	1310720,
				"bits_per_second":	10487805.39890678,
				"retransmits":	0,
				"omitted":	false,
				"sender":	true
			}
		}, {
			"streams":	[{
					"socket":	5,
					"start":	54.000582,
					"end":	55.000872,
					"seconds":	1.0002900362014771,
					"bytes":	1310720,
					"bits_per_second":	10482719.63181684,
					"retransmits":	0,
					"snd_cwnd":	52128,
					"rtt":	34634,
					"rttvar":	188,
					"pmtu":	1500,
					"omitted":	false,
					"sender":	true
				}],
			"sum":	{
				"start":	54.000582,
				"end":	55.000872,
				"seconds":	1.0002900362014771,
				"bytes":	1310720,
				"bits_per_second":	10482719.63181684,
				"retransmits":	0,
				"omitted":	false,
				"sender":	true
			}
		}, {
			"streams":	[{
					"socket":	5,
					"start":	55.000872,
					"end":	56.001171,
					"seconds":	1.0002989768981934,
					"bytes":	1310720,
					"bits_per_second":	10482625.93701243,
					"retransmits":	0,
					"snd_cwnd":	49232,
					"rtt":	36070,
					"rttvar":	394,
					"pmtu":	1500,
					"omitted":	false,
					"sender":	true
				}],
			"sum":	{
				"start":	55.000872,
				"end":	56.001171,
				"seconds":	1.0002989768981934,
				"bytes":	1310720,
				"bits_per_second":	10482625.93701243,
				"retransmits":	0,
				"omitted":	false,
				"sender":	true
			}
		}, {
			"streams":	[{
					"socket":	5,
					"start":	56.001171,
					"end":	57.000453,
					"seconds":	0.99928200244903564,
					"bytes":	2621440,
					"bits_per_second":	20986588.319016151,
					"retransmits":	0,
					"snd_cwnd":	60816,
					"rtt":	32775,
					"rttvar":	163,
					"pmtu":	1500,
					"omitted":	false,
					"sender":	true
				}],
			"sum":	{
				"start":	56.001171,
				"end":	57.000453,
				"seconds":	0.99928200244903564,
				"bytes":	2621440,
				"bits_per_second":	20986588.319016151,
				"retransmits":	0,
				"omitted":	false,
				"sender":	true
			}
		}, {
			"streams":	[{
					"socket":	5,
					"start":	57.000453,
					"end":	58.000749,
					"seconds":	1.0002959966659546,
					"bytes":	1310720,
					"bits_per_second":	10482657.1684278,
					"retransmits":	0,
					"snd_cwnd":	68056,
					"rtt":	33079,
					"rttvar":	380,
					"pmtu":	1500,
					"omitted":	false,
					"sender":	true
				}],
			"sum":	{
				"start":	57.000453,
				"end":	58.000749,
				"seconds":	1.0002959966659546,
				"bytes":	1310720,
				"bits_per_second":	10482657.1684278,
				"retransmits":	0,
				"omitted":	false,
				"sender":	true
			}
		}, {
			"streams":	[{
					"socket":	5,
					"start":	58.000749,
					"end":	59.000538,
					"seconds":	0.999788999557495,
					"bytes":	3932160,
					"bits_per_second":	31463918.900811009,
					"retransmits":	0,
					"snd_cwnd":	128872,
					"rtt":	21082,
					"rttvar":	608,
					"pmtu":	1500,
					"omitted":	false,
					"sender":	true
				}],
			"sum":	{
				"start":	58.000749,
				"end":	59.000538,
				"seconds":	0.999788999557495,
				"bytes":	3932160,
				"bits_per_second":	31463918.900811009,
				"retransmits":	0,
				"omitted":	false,
				"sender":	true
			}
		}, {
			"streams":	[{
					"socket":	5,
					"start":	59.000538,
					"end":	60.000429,
					"seconds":	0.99989098310470581,
					"bytes":	3932160,
					"bits_per_second":	31460709.748900577,
					"retransmits":	0,
					"snd_cwnd":	127424,
					"rtt":	15935,
					"rttvar":	154,
					"pmtu":	1500,
					"omitted":	false,
					"sender":	true
				}],
			"sum":	{
				"start":	59.000538,
				"end":	60.000429,
				"seconds":	0.99989098310470581,
				"bytes":	3932160,
				"bits_per_second":	31460709.748900577,
				"retransmits":	0,
				"omitted":	false,
				"sender":	true
			}
		}],
	"end":	{
		"streams":	[{
				"sender":	{
					"socket":	5,
					"start":	0,
					"end":	60.000429,
					"seconds":	60.000429,
					"bytes":	106985928,
					"bits_per_second":	14264688.407477887,
					"retransmits":	0,
					"max_snd_cwnd":	401096,
					"max_rtt":	184554,
					"min_rtt":	13727,
					"mean_rtt":	50832,
					"sender":	true
				},
				"receiver":	{
					"socket":	5,
					"start":	0,
					"end":	60.017936,
					"seconds":	60.000429,
					"bytes":	103677952,
					"bits_per_second":	13819595.795496866,
					"sender":	true
				}
			}],
		"sum_sent":	{
			"start":	0,
			"end":	60.000429,
			"seconds":	60.000429,
			"bytes":	106985928,
			"bits_per_second":	14264688.407477887,
			"retransmits":	0,
			"sender":	true
		},
		"sum_received":	{
			"start":	0,
			"end":	60.017936,
			"seconds":	60.017936,
			"bytes":	103677952,
			"bits_per_second":	13819595.795496866,
			"sender":	true
		},
		"cpu_utilization_percent":	{
			"host_total":	0.11889644291530445,
			"host_user":	0.020805551576834738,
			"host_system":	0.0980892339217903,
			"remote_total":	1.9090831977642164,
			"remote_user":	0.0045869594625249826,
			"remote_system":	1.9044962383016912
		},
		"sender_tcp_congestion":	"bbr",
		"receiver_tcp_congestion":	"cubic"
	}
}
