{
	"start":	{
		"connected":	[{
				"socket":	4,
				"local_host":	"192.168.179.151",
				"local_port":	38914,
				"remote_host":	"192.168.120.131",
				"remote_port":	5201
			}],
		"version":	"iperf 3.1.3",
		"system_info":	"Linux a 4.15.0-213-generic #224-Ubuntu SMP Mon Jun 19 13:30:12 UTC 2023 x86_64",
		"timestamp":	{
			"time":	"Mon, 05 May 2025 10:44:58 GMT",
			"timesecs":	1746441898
		},
		"connecting_to":	{
			"host":	"192.168.120.131",
			"port":	5201
		},
		"cookie":	"a.1746441898.546790.18d6e69956b2e176",
		"tcp_mss_default":	1448,
		"test_start":	{
			"protocol":	"TCP",
			"num_streams":	1,
			"blksize":	131072,
			"omit":	0,
			"duration":	60,
			"bytes":	0,
			"blocks":	0,
			"reverse":	0
		}
	},
	"intervals":	[{
			"streams":	[{
					"socket":	4,
					"start":	0,
					"end":	1.000459,
					"seconds":	1.000459,
					"bytes":	628432,
					"bits_per_second":	5025149.678586,
					"retransmits":	0,
					"snd_cwnd":	92672,
					"rtt":	282299,
					"omitted":	false
				}],
			"sum":	{
				"start":	0,
				"end":	1.000459,
				"seconds":	1.000459,
				"bytes":	628432,
				"bits_per_second":	5025149.678586,
				"retransmits":	0,
				"omitted":	false
			}
		}, {
			"streams":	[{
					"socket":	4,
					"start":	1.000459,
					"end":	2.000667,
					"seconds":	1.000208,
					"bytes":	390960,
					"bits_per_second":	3127029.887356,
					"retransmits":	0,
					"snd_cwnd":	107152,
					"rtt":	344755,
					"omitted":	false
				}],
			"sum":	{
				"start":	1.000459,
				"end":	2.000667,
				"seconds":	1.000208,
				"bytes":	390960,
				"bits_per_second":	3127029.887356,
				"retransmits":	0,
				"omitted":	false
			}
		}, {
			"streams":	[{
					"socket":	4,
					"start":	2.000667,
					"end":	3.000556,
					"seconds":	0.999889,
					"bytes":	456120,
					"bits_per_second":	3649364.585488,
					"retransmits":	0,
					"snd_cwnd":	124528,
					"rtt":	400671,
					"omitted":	false
				}],
			"sum":	{
				"start":	2.000667,
				"end":	3.000556,
				"seconds":	0.999889,
				"bytes":	456120,
				"bits_per_second":	3649364.585488,
				"retransmits":	0,
				"omitted":	false
			}
		}, {
			"streams":	[{
					"socket":	4,
					"start":	3.000556,
					"end":	4.001528,
					"seconds":	1.000972,
					"bytes":	325800,
					"bits_per_second":	2603868.954628,
					"retransmits":	0,
					"snd_cwnd":	137560,
					"rtt":	440093,
					"omitted":	false
				}],
			"sum":	{
				"start":	3.000556,
				"end":	4.001528,
				"seconds":	1.000972,
				"bytes":	325800,
				"bits_per_second":	2603868.954628,
				"retransmits":	0,
				"omitted":	false
			}
		}, {
			"streams":	[{
					"socket":	4,
					"start":	4.001528,
					"end":	5.000451,
					"seconds":	0.998923,
					"bytes":	325800,
					"bits_per_second":	2609210.576769,
					"retransmits":	0,
					"snd_cwnd":	152040,
					"rtt":	489258,
					"omitted":	false
				}],
			"sum":	{
				"start":	4.001528,
				"end":	5.000451,
				"seconds":	0.998923,
				"bytes":	325800,
				"bits_per_second":	2609210.576769,
				"retransmits":	0,
				"omitted":	false
			}
		}, {
			"streams":	[{
					"socket":	4,
					"start":	5.000451,
					"end":	6.000435,
					"seconds":	0.999984,
					"bytes":	390960,
					"bits_per_second":	3127729.962499,
					"retransmits":	0,
					"snd_cwnd":	169416,
					"rtt":	536925,
					"omitted":	false
				}],
			"sum":	{
				"start":	5.000451,
				"end":	6.000435,
				"seconds":	0.999984,
				"bytes":	390960,
				"bits_per_second":	3127729.962499,
				"retransmits":	0,
				"omitted":	false
			}
		}, {
			"streams":	[{
					"socket":	4,
					"start":	6.000435,
					"end":	7.000492,
					"seconds":	1.000057,
					"bytes":	651600,
					"bits_per_second":	5212502.980945,
					"retransmits":	0,
					"snd_cwnd":	224440,
					"rtt":	606833,
					"omitted":	false
				}],
			"sum":	{
				"start":	6.000435,
				"end":	7.000492,
				"seconds":	1.000057,
				"bytes":	651600,
				"bits_per_second":	5212502.980945,
				"retransmits":	0,
				"omitted":	false
			}
		}, {
			"streams":	[{
					"socket":	4,
					"start":	7.000492,
					"end":	8.001144,
					"seconds":	1.000652,
					"bytes":	521280,
					"bits_per_second":	4167522.463565,
					"retransmits":	0,
					"snd_cwnd":	270776,
					"rtt":	650951,
					"omitted":	false
				}],
			"sum":	{
				"start":	7.000492,
				"end":	8.001144,
				"seconds":	1.000652,
				"bytes":	521280,
				"bits_per_second":	4167522.463565,
				"retransmits":	0,
				"omitted":	false
			}
		}, {
			"streams":	[{
					"socket":	4,
					"start":	8.001144,
					"end":	9.001330,
					"seconds":	1.000186,
					"bytes":	586440,
					"bits_per_second":	4690647.696704,
					"retransmits":	0,
					"snd_cwnd":	328696,
					"rtt":	699099,
					"omitted":	false
				}],
			"sum":	{
				"start":	8.001144,
				"end":	9.001330,
				"seconds":	1.000186,
				"bytes":	586440,
				"bits_per_second":	4690647.696704,
				"retransmits":	0,
				"omitted":	false
			}
		}, {
			"streams":	[{
					"socket":	4,
					"start":	9.001330,
					"end":	10.000283,
					"seconds":	0.998953,
					"bytes":	1694160,
					"bits_per_second":	13567483.744202,
					"retransmits":	0,
					"snd_cwnd":	502456,
					"rtt":	762269,
					"omitted":	false
				}],
			"sum":	{
				"start":	9.001330,
				"end":	10.000283,
				"seconds":	0.998953,
				"bytes":	1694160,
				"bits_per_second":	13567483.744202,
				"retransmits":	0,
				"omitted":	false
			}
		}, {
			"streams":	[{
					"socket":	4,
					"start":	10.000283,
					"end":	11.001133,
					"seconds":	1.000850,
					"bytes":	1107720,
					"bits_per_second":	8854234.235285,
					"retransmits":	0,
					"snd_cwnd":	619744,
					"rtt":	902636,
					"omitted":	false
				}],
			"sum":	{
				"start":	10.000283,
				"end":	11.001133,
				"seconds":	1.000850,
				"bytes":	1107720,
				"bits_per_second":	8854234.235285,
				"retransmits":	0,
				"omitted":	false
			}
		}, {
			"streams":	[{
					"socket":	4,
					"start":	11.001133,
					"end":	12.001328,
					"seconds":	1.000195,
					"bytes":	1042560,
					"bits_per_second":	8338853.703401,
					"retransmits":	0,
					"snd_cwnd":	774680,
					"rtt":	835922,
					"omitted":	false
				}],
			"sum":	{
				"start":	11.001133,
				"end":	12.001328,
				"seconds":	1.000195,
				"bytes":	1042560,
				"bits_per_second":	8338853.703401,
				"retransmits":	0,
				"omitted":	false
			}
		}, {
			"streams":	[{
					"socket":	4,
					"start":	12.001328,
					"end":	13.001198,
					"seconds":	0.999870,
					"bytes":	716760,
					"bits_per_second":	5734826.539900,
					"retransmits":	0,
					"snd_cwnd":	967264,
					"rtt":	944302,
					"omitted":	false
				}],
			"sum":	{
				"start":	12.001328,
				"end":	13.001198,
				"seconds":	0.999870,
				"bytes":	716760,
				"bits_per_second":	5734826.539900,
				"retransmits":	0,
				"omitted":	false
			}
		}, {
			"streams":	[{
					"socket":	4,
					"start":	13.001198,
					"end":	14.001532,
					"seconds":	1.000334,
					"bytes":	847080,
					"bits_per_second":	6774377.192524,
					"retransmits":	0,
					"snd_cwnd":	1242384,
					"rtt":	1207002,
					"omitted":	false
				}],
			"sum":	{
				"start":	13.001198,
				"end":	14.001532,
				"seconds":	1.000334,
				"bytes":	847080,
				"bits_per_second":	6774377.192524,
				"retransmits":	0,
				"omitted":	false
			}
		}, {
			"streams":	[{
					"socket":	4,
					"start":	14.001532,
					"end":	15.001554,
					"seconds":	1.000022,
					"bytes":	912240,
					"bits_per_second":	7297758.187334,
					"retransmits":	22,
					"snd_cwnd":	1471168,
					"rtt":	1154891,
					"omitted":	false
				}],
			"sum":	{
				"start":	14.001532,
				"end":	15.001554,
				"seconds":	1.000022,
				"bytes":	912240,
				"bits_per_second":	7297758.187334,
				"retransmits":	22,
				"omitted":	false
			}
		}, {
			"streams":	[{
					"socket":	4,
					"start":	15.001554,
					"end":	16.001334,
					"seconds":	0.999780,
					"bytes":	325800,
					"bits_per_second":	2606973.691539,
					"retransmits":	6,
					"snd_cwnd":	1083104,
					"rtt":	937829,
					"omitted":	false
				}],
			"sum":	{
				"start":	15.001554,
				"end":	16.001334,
				"seconds":	0.999780,
				"bytes":	325800,
				"bits_per_second":	2606973.691539,
				"retransmits":	6,
				"omitted":	false
			}
		}, {
			"streams":	[{
					"socket":	4,
					"start":	16.001334,
					"end":	17.000975,
					"seconds":	0.999641,
					"bytes":	2541240,
					"bits_per_second":	20337222.250077,
					"retransmits":	0,
					"snd_cwnd":	1119304,
					"rtt":	1078844,
					"omitted":	false
				}],
			"sum":	{
				"start":	16.001334,
				"end":	17.000975,
				"seconds":	0.999641,
				"bytes":	2541240,
				"bits_per_second":	20337222.250077,
				"retransmits":	0,
				"omitted":	false
			}
		}, {
			"streams":	[{
					"socket":	4,
					"start":	17.000975,
					"end":	18.001448,
					"seconds":	1.000473,
					"bytes":	1107720,
					"bits_per_second":	8857570.170360,
					"retransmits":	0,
					"snd_cwnd":	1200392,
					"rtt":	854944,
					"omitted":	false
				}],
			"sum":	{
				"start":	17.000975,
				"end":	18.001448,
				"seconds":	1.000473,
				"bytes":	1107720,
				"bits_per_second":	8857570.170360,
				"retransmits":	0,
				"omitted":	false
			}
		}, {
			"streams":	[{
					"socket":	4,
					"start":	18.001448,
					"end":	19.000096,
					"seconds":	0.998648,
					"bytes":	1498680,
					"bits_per_second":	12005672.530814,
					"retransmits":	0,
					"snd_cwnd":	1304648,
					"rtt":	645739,
					"omitted":	false
				}],
			"sum":	{
				"start":	18.001448,
				"end":	19.000096,
				"seconds":	0.998648,
				"bytes":	1498680,
				"bits_per_second":	12005672.530814,
				"retransmits":	0,
				"omitted":	false
			}
		}, {
			"streams":	[{
					"socket":	4,
					"start":	19.000096,
					"end":	20.000406,
					"seconds":	1.000310,
					"bytes":	1433520,
					"bits_per_second":	11464603.879688,
					"retransmits":	0,
					"snd_cwnd":	1378496,
					"rtt":	961000,
					"omitted":	false
				}],
			"sum":	{
				"start":	19.000096,
				"end":	20.000406,
				"seconds":	1.000310,
				"bytes":	1433520,
				"bits_per_second":	11464603.879688,
				"retransmits":	0,
				"omitted":	false
			}
		}, {
			"streams":	[{
					"socket":	4,
					"start":	20.000406,
					"end":	21.001323,
					"seconds":	1.000917,
					"bytes":	1303200,
					"bits_per_second":	10416048.922120,
					"retransmits":	0,
					"snd_cwnd":	1434968,
					"rtt":	1009107,
					"omitted":	false
				}],
			"sum":	{
				"start":	20.000406,
				"end":	21.001323,
				"seconds":	1.000917,
				"bytes":	1303200,
				"bits_per_second":	10416048.922120,
				"retransmits":	0,
				"omitted":	false
			}
		}, {
			"streams":	[{
					"socket":	4,
					"start":	21.001323,
					"end":	22.001443,
					"seconds":	1.000120,
					"bytes":	1172880,
					"bits_per_second":	9381914.878124,
					"retransmits":	0,
					"snd_cwnd":	1474064,
					"rtt":	1048323,
					"omitted":	false
				}],
			"sum":	{
				"start":	21.001323,
				"end":	22.001443,
				"seconds":	1.000120,
				"bytes":	1172880,
				"bits_per_second":	9381914.878124,
				"retransmits":	0,
				"omitted":	false
			}
		}, {
			"streams":	[{
					"socket":	4,
					"start":	22.001443,
					"end":	23.001305,
					"seconds":	0.999862,
					"bytes":	1172880,
					"bits_per_second":	9384335.454557,
					"retransmits":	0,
					"snd_cwnd":	1500128,
					"rtt":	1060714,
					"omitted":	false
				}],
			"sum":	{
				"start":	22.001443,
				"end":	23.001305,
				"seconds":	0.999862,
				"bytes":	1172880,
				"bits_per_second":	9384335.454557,
				"retransmits":	0,
				"omitted":	false
			}
		}, {
			"streams":	[{
					"socket":	4,
					"start":	23.001305,
					"end":	24.001199,
					"seconds":	0.999894,
					"bytes":	1172880,
					"bits_per_second":	9384033.373589,
					"retransmits":	33,
					"snd_cwnd":	1051248,
					"rtt":	786662,
					"omitted":	false
				}],
			"sum":	{
				"start":	23.001305,
				"end":	24.001199,
				"seconds":	0.999894,
				"bytes":	1172880,
				"bits_per_second":	9384033.373589,
				"retransmits":	33,
				"omitted":	false
			}
		}, {
			"streams":	[{
					"socket":	4,
					"start":	24.001199,
					"end":	25.001213,
					"seconds":	1.000014,
					"bytes":	2541240,
					"bits_per_second":	20329638.876110,
					"retransmits":	0,
					"snd_cwnd":	1103376,
					"rtt":	741223,
					"omitted":	false
				}],
			"sum":	{
				"start":	24.001199,
				"end":	25.001213,
				"seconds":	1.000014,
				"bytes":	2541240,
				"bits_per_second":	20329638.876110,
				"retransmits":	0,
				"omitted":	false
			}
		}, {
			"streams":	[{
					"socket":	4,
					"start":	25.001213,
					"end":	26.001446,
					"seconds":	1.000233,
					"bytes":	1042560,
					"bits_per_second":	8338535.675533,
					"retransmits":	0,
					"snd_cwnd":	1149712,
					"rtt":	764972,
					"omitted":	false
				}],
			"sum":	{
				"start":	25.001213,
				"end":	26.001446,
				"seconds":	1.000233,
				"bytes":	1042560,
				"bits_per_second":	8338535.675533,
				"retransmits":	0,
				"omitted":	false
			}
		}, {
			"streams":	[{
					"socket":	4,
					"start":	26.001446,
					"end":	27.000773,
					"seconds":	0.999327,
					"bytes":	2150280,
					"bits_per_second":	17213825.862734,
					"retransmits":	0,
					"snd_cwnd":	1214872,
					"rtt":	744962,
					"omitted":	false
				}],
			"sum":	{
				"start":	26.001446,
				"end":	27.000773,
				"seconds":	0.999327,
				"bytes":	2150280,
				"bits_per_second":	17213825.862734,
				"retransmits":	0,
				"omitted":	false
			}
		}, {
			"streams":	[{
					"socket":	4,
					"start":	27.000773,
					"end":	28.001401,
					"seconds":	1.000628,
					"bytes":	1310720,
					"bits_per_second":	10479179.132749,
					"retransmits":	0,
					"snd_cwnd":	1242384,
					"rtt":	767259,
					"omitted":	false
				}],
			"sum":	{
				"start":	27.000773,
				"end":	28.001401,
				"seconds":	1.000628,
				"bytes":	1310720,
				"bits_per_second":	10479179.132749,
				"retransmits":	0,
				"omitted":	false
			}
		}, {
			"streams":	[{
					"socket":	4,
					"start":	28.001401,
					"end":	29.001534,
					"seconds":	1.000133,
					"bytes":	1295680,
					"bits_per_second":	10364061.190514,
					"retransmits":	0,
					"snd_cwnd":	1258312,
					"rtt":	797480,
					"omitted":	false
				}],
			"sum":	{
				"start":	28.001401,
				"end":	29.001534,
				"seconds":	1.000133,
				"bytes":	1295680,
				"bits_per_second":	10364061.190514,
				"retransmits":	0,
				"omitted":	false
			}
		}, {
			"streams":	[{
					"socket":	4,
					"start":	29.001534,
					"end":	30.000373,
					"seconds":	0.998839,
					"bytes":	1498680,
					"bits_per_second":	12003377.102912,
					"retransmits":	0,
					"snd_cwnd":	1269896,
					"rtt":	817035,
					"omitted":	false
				}],
			"sum":	{
				"start":	29.001534,
				"end":	30.000373,
				"seconds":	0.998839,
				"bytes":	1498680,
				"bits_per_second":	12003377.102912,
				"retransmits":	0,
				"omitted":	false
			}
		}, {
			"streams":	[{
					"socket":	4,
					"start":	30.000373,
					"end":	31.000722,
					"seconds":	1.000349,
					"bytes":	2085120,
					"bits_per_second":	16675139.629226,
					"retransmits":	0,
					"snd_cwnd":	1275688,
					"rtt":	823714,
					"omitted":	false
				}],
			"sum":	{
				"start":	30.000373,
				"end":	31.000722,
				"seconds":	1.000349,
				"bytes":	2085120,
				"bits_per_second":	16675139.629226,
				"retransmits":	0,
				"omitted":	false
			}
		}, {
			"streams":	[{
					"socket":	4,
					"start":	31.000722,
					"end":	32.000622,
					"seconds":	0.999900,
					"bytes":	1498680,
					"bits_per_second":	11990640.692437,
					"retransmits":	0,
					"snd_cwnd":	1277136,
					"rtt":	828022,
					"omitted":	false
				}],
			"sum":	{
				"start":	31.000722,
				"end":	32.000622,
				"seconds":	0.999900,
				"bytes":	1498680,
				"bits_per_second":	11990640.692437,
				"retransmits":	0,
				"omitted":	false
			}
		}, {
			"streams":	[{
					"socket":	4,
					"start":	32.000622,
					"end":	33.001136,
					"seconds":	1.000514,
					"bytes":	1303200,
					"bits_per_second":	10420243.677385,
					"retransmits":	0,
					"snd_cwnd":	1278584,
					"rtt":	828116,
					"omitted":	false
				}],
			"sum":	{
				"start":	32.000622,
				"end":	33.001136,
				"seconds":	1.000514,
				"bytes":	1303200,
				"bits_per_second":	10420243.677385,
				"retransmits":	0,
				"omitted":	false
			}
		}, {
			"streams":	[{
					"socket":	4,
					"start":	33.001136,
					"end":	34.001444,
					"seconds":	1.000308,
					"bytes":	1238040,
					"bits_per_second":	9901270.044418,
					"retransmits":	0,
					"snd_cwnd":	1282928,
					"rtt":	832335,
					"omitted":	false
				}],
			"sum":	{
				"start":	33.001136,
				"end":	34.001444,
				"seconds":	1.000308,
				"bytes":	1238040,
				"bits_per_second":	9901270.044418,
				"retransmits":	0,
				"omitted":	false
			}
		}, {
			"streams":	[{
					"socket":	4,
					"start":	34.001444,
					"end":	35.000603,
					"seconds":	0.999159,
					"bytes":	1629000,
					"bits_per_second":	13042967.862046,
					"retransmits":	0,
					"snd_cwnd":	1295960,
					"rtt":	835940,
					"omitted":	false
				}],
			"sum":	{
				"start":	34.001444,
				"end":	35.000603,
				"seconds":	0.999159,
				"bytes":	1629000,
				"bits_per_second":	13042967.862046,
				"retransmits":	0,
				"omitted":	false
			}
		}, {
			"streams":	[{
					"socket":	4,
					"start":	35.000603,
					"end":	36.000363,
					"seconds":	0.999760,
					"bytes":	2019960,
					"bits_per_second":	16163560.669020,
					"retransmits":	0,
					"snd_cwnd":	1326368,
					"rtt":	840218,
					"omitted":	false
				}],
			"sum":	{
				"start":	35.000603,
				"end":	36.000363,
				"seconds":	0.999760,
				"bytes":	2019960,
				"bits_per_second":	16163560.669020,
				"retransmits":	0,
				"omitted":	false
			}
		}, {
			"streams":	[{
					"socket":	4,
					"start":	36.000363,
					"end":	37.000239,
					"seconds":	0.999876,
					"bytes":	1563840,
					"bits_per_second":	12512271.242124,
					"retransmits":	0,
					"snd_cwnd":	1364016,
					"rtt":	853742,
					"omitted":	false
				}],
			"sum":	{
				"start":	36.000363,
				"end":	37.000239,
				"seconds":	0.999876,
				"bytes":	1563840,
				"bits_per_second":	12512271.242124,
				"retransmits":	0,
				"omitted":	false
			}
		}, {
			"streams":	[{
					"socket":	4,
					"start":	37.000239,
					"end":	38.001382,
					"seconds":	1.001143,
					"bytes":	1303200,
					"bits_per_second":	10413697.366053,
					"retransmits":	0,
					"snd_cwnd":	1413248,
					"rtt":	873623,
					"omitted":	false
				}],
			"sum":	{
				"start":	37.000239,
				"end":	38.001382,
				"seconds":	1.001143,
				"bytes":	1303200,
				"bits_per_second":	10413697.366053,
				"retransmits":	0,
				"omitted":	false
			}
		}, {
			"streams":	[{
					"socket":	4,
					"start":	38.001382,
					"end":	39.001183,
					"seconds":	0.999801,
					"bytes":	1310720,
					"bits_per_second":	10487847.915661,
					"retransmits":	0,
					"snd_cwnd":	1479856,
					"rtt":	896378,
					"omitted":	false
				}],
			"sum":	{
				"start":	38.001382,
				"end":	39.001183,
				"seconds":	0.999801,
				"bytes":	1310720,
				"bits_per_second":	10487847.915661,
				"retransmits":	0,
				"omitted":	false
			}
		}, {
			"streams":	[{
					"socket":	4,
					"start":	39.001183,
					"end":	40.000737,
					"seconds":	0.999554,
					"bytes":	1556320,
					"bits_per_second":	12456113.467795,
					"retransmits":	0,
					"snd_cwnd":	1568184,
					"rtt":	934223,
					"omitted":	false
				}],
			"sum":	{
				"start":	39.001183,
				"end":	40.000737,
				"seconds":	0.999554,
				"bytes":	1556320,
				"bits_per_second":	12456113.467795,
				"retransmits":	0,
				"omitted":	false
			}
		}, {
			"streams":	[{
					"socket":	4,
					"start":	40.000737,
					"end":	41.000782,
					"seconds":	1.000045,
					"bytes":	1498680,
					"bits_per_second":	11988899.766851,
					"retransmits":	0,
					"snd_cwnd":	1685472,
					"rtt":	979802,
					"omitted":	false
				}],
			"sum":	{
				"start":	40.000737,
				"end":	41.000782,
				"seconds":	1.000045,
				"bytes":	1498680,
				"bits_per_second":	11988899.766851,
				"retransmits":	0,
				"omitted":	false
			}
		}, {
			"streams":	[{
					"socket":	4,
					"start":	41.000782,
					"end":	42.000662,
					"seconds":	0.999880,
					"bytes":	1629000,
					"bits_per_second":	13033566.151939,
					"retransmits":	1,
					"snd_cwnd":	1837512,
					"rtt":	1041255,
					"omitted":	false
				}],
			"sum":	{
				"start":	41.000782,
				"end":	42.000662,
				"seconds":	0.999880,
				"bytes":	1629000,
				"bits_per_second":	13033566.151939,
				"retransmits":	1,
				"omitted":	false
			}
		}, {
			"streams":	[{
					"socket":	4,
					"start":	42.000662,
					"end":	43.001322,
					"seconds":	1.000660,
					"bytes":	195480,
					"bits_per_second":	1562808.635963,
					"retransmits":	94,
					"snd_cwnd":	1287272,
					"rtt":	1061927,
					"omitted":	false
				}],
			"sum":	{
				"start":	42.000662,
				"end":	43.001322,
				"seconds":	1.000660,
				"bytes":	195480,
				"bits_per_second":	1562808.635963,
				"retransmits":	94,
				"omitted":	false
			}
		}, {
			"streams":	[{
					"socket":	4,
					"start":	43.001322,
					"end":	44.001045,
					"seconds":	0.999723,
					"bytes":	3003904,
					"bits_per_second":	24037885.782223,
					"retransmits":	0,
					"snd_cwnd":	1287272,
					"rtt":	795438,
					"omitted":	false
				}],
			"sum":	{
				"start":	43.001322,
				"end":	44.001045,
				"seconds":	0.999723,
				"bytes":	3003904,
				"bits_per_second":	24037885.782223,
				"retransmits":	0,
				"omitted":	false
			}
		}, {
			"streams":	[{
					"socket":	4,
					"start":	44.001045,
					"end":	45.000493,
					"seconds":	0.999448,
					"bytes":	2280600,
					"bits_per_second":	18254879.932672,
					"retransmits":	0,
					"snd_cwnd":	1443656,
					"rtt":	781845,
					"omitted":	false
				}],
			"sum":	{
				"start":	44.001045,
				"end":	45.000493,
				"seconds":	0.999448,
				"bytes":	2280600,
				"bits_per_second":	18254879.932672,
				"retransmits":	0,
				"omitted":	false
			}
		}, {
			"streams":	[{
					"socket":	4,
					"start":	45.000493,
					"end":	46.000322,
					"seconds":	0.999829,
					"bytes":	1694160,
					"bits_per_second":	13555597.276775,
					"retransmits":	0,
					"snd_cwnd":	1547912,
					"rtt":	805923,
					"omitted":	false
				}],
			"sum":	{
				"start":	45.000493,
				"end":	46.000322,
				"seconds":	0.999829,
				"bytes":	1694160,
				"bits_per_second":	13555597.276775,
				"retransmits":	0,
				"omitted":	false
			}
		}, {
			"streams":	[{
					"socket":	4,
					"start":	46.000322,
					"end":	47.000519,
					"seconds":	1.000197,
					"bytes":	1563840,
					"bits_per_second":	12508256.702147,
					"retransmits":	0,
					"snd_cwnd":	1626104,
					"rtt":	851732,
					"omitted":	false
				}],
			"sum":	{
				"start":	46.000322,
				"end":	47.000519,
				"seconds":	1.000197,
				"bytes":	1563840,
				"bits_per_second":	12508256.702147,
				"retransmits":	0,
				"omitted":	false
			}
		}, {
			"streams":	[{
					"socket":	4,
					"start":	47.000519,
					"end":	48.000867,
					"seconds":	1.000348,
					"bytes":	1563840,
					"bits_per_second":	12506366.644759,
					"retransmits":	0,
					"snd_cwnd":	1692712,
					"rtt":	894691,
					"omitted":	false
				}],
			"sum":	{
				"start":	47.000519,
				"end":	48.000867,
				"seconds":	1.000348,
				"bytes":	1563840,
				"bits_per_second":	12506366.644759,
				"retransmits":	0,
				"omitted":	false
			}
		}, {
			"streams":	[{
					"socket":	4,
					"start":	48.000867,
					"end":	49.000633,
					"seconds":	0.999766,
					"bytes":	1694160,
					"bits_per_second":	13556450.699629,
					"retransmits":	0,
					"snd_cwnd":	1744840,
					"rtt":	935440,
					"omitted":	false
				}],
			"sum":	{
				"start":	48.000867,
				"end":	49.000633,
				"seconds":	0.999766,
				"bytes":	1694160,
				"bits_per_second":	13556450.699629,
				"retransmits":	0,
				"omitted":	false
			}
		}, {
			"streams":	[{
					"socket":	4,
					"start":	49.000633,
					"end":	50.001095,
					"seconds":	1.000462,
					"bytes":	1759320,
					"bits_per_second":	14068063.132275,
					"retransmits":	0,
					"snd_cwnd":	1783936,
					"rtt":	960590,
					"omitted":	false
				}],
			"sum":	{
				"start":	49.000633,
				"end":	50.001095,
				"seconds":	1.000462,
				"bytes":	1759320,
				"bits_per_second":	14068063.132275,
				"retransmits":	0,
				"omitted":	false
			}
		}, {
			"streams":	[{
					"socket":	4,
					"start":	50.001095,
					"end":	51.000847,
					"seconds":	0.999752,
					"bytes":	1759320,
					"bits_per_second":	14078050.727605,
					"retransmits":	0,
					"snd_cwnd":	1810000,
					"rtt":	975012,
					"omitted":	false
				}],
			"sum":	{
				"start":	50.001095,
				"end":	51.000847,
				"seconds":	0.999752,
				"bytes":	1759320,
				"bits_per_second":	14078050.727605,
				"retransmits":	0,
				"omitted":	false
			}
		}, {
			"streams":	[{
					"socket":	4,
					"start":	51.000847,
					"end":	52.000782,
					"seconds":	0.999935,
					"bytes":	1759320,
					"bits_per_second":	14075472.792349,
					"retransmits":	0,
					"snd_cwnd":	1825928,
					"rtt":	991338,
					"omitted":	false
				}],
			"sum":	{
				"start":	51.000847,
				"end":	52.000782,
				"seconds":	0.999935,
				"bytes":	1759320,
				"bits_per_second":	14075472.792349,
				"retransmits":	0,
				"omitted":	false
			}
		}, {
			"streams":	[{
					"socket":	4,
					"start":	52.000782,
					"end":	53.000783,
					"seconds":	1.000001,
					"bytes":	1824480,
					"bits_per_second":	14595826.080336,
					"retransmits":	0,
					"snd_cwnd":	1834616,
					"rtt":	997607,
					"omitted":	false
				}],
			"sum":	{
				"start":	52.000782,
				"end":	53.000783,
				"seconds":	1.000001,
				"bytes":	1824480,
				"bits_per_second":	14595826.080336,
				"retransmits":	0,
				"omitted":	false
			}
		}, {
			"streams":	[{
					"socket":	4,
					"start":	53.000783,
					"end":	54.001635,
					"seconds":	1.000852,
					"bytes":	1243832,
					"bits_per_second":	9942186.553685,
					"retransmits":	17,
					"snd_cwnd":	909344,
					"rtt":	811805,
					"omitted":	false
				}],
			"sum":	{
				"start":	53.000783,
				"end":	54.001635,
				"seconds":	1.000852,
				"bytes":	1243832,
				"bits_per_second":	9942186.553685,
				"retransmits":	17,
				"omitted":	false
			}
		}, {
			"streams":	[{
					"socket":	4,
					"start":	54.001635,
					"end":	55.000485,
					"seconds":	0.998850,
					"bytes":	3518640,
					"bits_per_second":	28181525.733732,
					"retransmits":	0,
					"snd_cwnd":	1340848,
					"rtt":	703078,
					"omitted":	false
				}],
			"sum":	{
				"start":	54.001635,
				"end":	55.000485,
				"seconds":	0.998850,
				"bytes":	3518640,
				"bits_per_second":	28181525.733732,
				"retransmits":	0,
				"omitted":	false
			}
		}, {
			"streams":	[{
					"socket":	4,
					"start":	55.000485,
					"end":	56.001503,
					"seconds":	1.001018,
					"bytes":	1303200,
					"bits_per_second":	10414997.040043,
					"retransmits":	0,
					"snd_cwnd":	1392976,
					"rtt":	735018,
					"omitted":	false
				}],
			"sum":	{
				"start":	55.000485,
				"end":	56.001503,
				"seconds":	1.001018,
				"bytes":	1303200,
				"bits_per_second":	10414997.040043,
				"retransmits":	0,
				"omitted":	false
			}
		}, {
			"streams":	[{
					"socket":	4,
					"start":	56.001503,
					"end":	57.000593,
					"seconds":	0.999090,
					"bytes":	2019960,
					"bits_per_second":	16174399.410551,
					"retransmits":	0,
					"snd_cwnd":	1462480,
					"rtt":	795353,
					"omitted":	false
				}],
			"sum":	{
				"start":	56.001503,
				"end":	57.000593,
				"seconds":	0.999090,
				"bytes":	2019960,
				"bits_per_second":	16174399.410551,
				"retransmits":	0,
				"omitted":	false
			}
		}, {
			"streams":	[{
					"socket":	4,
					"start":	57.000593,
					"end":	58.000409,
					"seconds":	0.999816,
					"bytes":	2280600,
					"bits_per_second":	18248158.740460,
					"retransmits":	0,
					"snd_cwnd":	1510264,
					"rtt":	757893,
					"omitted":	false
				}],
			"sum":	{
				"start":	57.000593,
				"end":	58.000409,
				"seconds":	0.999816,
				"bytes":	2280600,
				"bits_per_second":	18248158.740460,
				"retransmits":	0,
				"omitted":	false
			}
		}, {
			"streams":	[{
					"socket":	4,
					"start":	58.000409,
					"end":	59.000780,
					"seconds":	1.000371,
					"bytes":	1563840,
					"bits_per_second":	12506080.502896,
					"retransmits":	0,
					"snd_cwnd":	1531984,
					"rtt":	661136,
					"omitted":	false
				}],
			"sum":	{
				"start":	58.000409,
				"end":	59.000780,
				"seconds":	1.000371,
				"bytes":	1563840,
				"bits_per_second":	12506080.502896,
				"retransmits":	0,
				"omitted":	false
			}
		}, {
			"streams":	[{
					"socket":	4,
					"start":	59.000780,
					"end":	60.000517,
					"seconds":	0.999737,
					"bytes":	4821840,
					"bits_per_second":	38584866.882098,
					"retransmits":	0,
					"snd_cwnd":	1555152,
					"rtt":	341727,
					"omitted":	false
				}],
			"sum":	{
				"start":	59.000780,
				"end":	60.000517,
				"seconds":	0.999737,
				"bytes":	4821840,
				"bits_per_second":	38584866.882098,
				"retransmits":	0,
				"omitted":	false
			}
		}],
	"end":	{
		"streams":	[{
				"sender":	{
					"socket":	4,
					"start":	0,
					"end":	60.000517,
					"seconds":	60.000517,
					"bytes":	86651968,
					"bits_per_second":	11553496.201604,
					"retransmits":	173,
					"max_snd_cwnd":	1837512,
					"max_rtt":	1207002,
					"min_rtt":	282299,
					"mean_rtt":	811648
				},
				"receiver":	{
					"socket":	4,
					"start":	0,
					"end":	60.000517,
					"seconds":	60.000517,
					"bytes":	84410368,
					"bits_per_second":	11254618.776391
				}
			}],
		"sum_sent":	{
			"start":	0,
			"end":	60.000517,
			"seconds":	60.000517,
			"bytes":	86651968,
			"bits_per_second":	11553496.201604,
			"retransmits":	173
		},
		"sum_received":	{
			"start":	0,
			"end":	60.000517,
			"seconds":	60.000517,
			"bytes":	84410368,
			"bits_per_second":	11254618.776391
		},
		"cpu_utilization_percent":	{
			"host_total":	0.417869,
			"host_user":	0.080167,
			"host_system":	0.337702,
			"remote_total":	0.909362,
			"remote_user":	0,
			"remote_system":	0.909364
		}
	}
}
