{
	"start":	{
		"connected":	[{
				"socket":	4,
				"local_host":	"192.168.179.151",
				"local_port":	54302,
				"remote_host":	"192.168.120.131",
				"remote_port":	5201
			}],
		"version":	"iperf 3.1.3",
		"system_info":	"Linux a 4.15.0-213-generic #224-Ubuntu SMP Mon Jun 19 13:30:12 UTC 2023 x86_64",
		"timestamp":	{
			"time":	"Mon, 05 May 2025 10:41:38 GMT",
			"timesecs":	1746441698
		},
		"connecting_to":	{
			"host":	"192.168.120.131",
			"port":	5201
		},
		"cookie":	"a.1746441698.041017.496c68bc7c42993a",
		"tcp_mss_default":	1448,
		"test_start":	{
			"protocol":	"TCP",
			"num_streams":	1,
			"blksize":	131072,
			"omit":	0,
			"duration":	60,
			"bytes":	0,
			"blocks":	0,
			"reverse":	0
		}
	},
	"intervals":	[{
			"streams":	[{
					"socket":	4,
					"start":	0,
					"end":	1.000697,
					"seconds":	1.000697,
					"bytes":	396752,
					"bits_per_second":	3171804.820911,
					"retransmits":	0,
					"snd_cwnd":	57920,
					"rtt":	341591,
					"omitted":	false
				}],
			"sum":	{
				"start":	0,
				"end":	1.000697,
				"seconds":	1.000697,
				"bytes":	396752,
				"bits_per_second":	3171804.820911,
				"retransmits":	0,
				"omitted":	false
			}
		}, {
			"streams":	[{
					"socket":	4,
					"start":	1.000697,
					"end":	2.000516,
					"seconds":	0.999819,
					"bytes":	474944,
					"bits_per_second":	3800239.690240,
					"retransmits":	0,
					"snd_cwnd":	102808,
					"rtt":	436081,
					"omitted":	false
				}],
			"sum":	{
				"start":	1.000697,
				"end":	2.000516,
				"seconds":	0.999819,
				"bytes":	474944,
				"bits_per_second":	3800239.690240,
				"retransmits":	0,
				"omitted":	false
			}
		}, {
			"streams":	[{
					"socket":	4,
					"start":	2.000516,
					"end":	3.000161,
					"seconds":	0.999645,
					"bytes":	260640,
					"bits_per_second":	2085860.491455,
					"retransmits":	0,
					"snd_cwnd":	112944,
					"rtt":	485059,
					"omitted":	false
				}],
			"sum":	{
				"start":	2.000516,
				"end":	3.000161,
				"seconds":	0.999645,
				"bytes":	260640,
				"bits_per_second":	2085860.491455,
				"retransmits":	0,
				"omitted":	false
			}
		}, {
			"streams":	[{
					"socket":	4,
					"start":	3.000161,
					"end":	4.000114,
					"seconds":	0.999953,
					"bytes":	325800,
					"bits_per_second":	2606522.424344,
					"retransmits":	0,
					"snd_cwnd":	124528,
					"rtt":	528696,
					"omitted":	false
				}],
			"sum":	{
				"start":	3.000161,
				"end":	4.000114,
				"seconds":	0.999953,
				"bytes":	325800,
				"bits_per_second":	2606522.424344,
				"retransmits":	0,
				"omitted":	false
			}
		}, {
			"streams":	[{
					"socket":	4,
					"start":	4.000114,
					"end":	5.001119,
					"seconds":	1.001005,
					"bytes":	130320,
					"bits_per_second":	1041513.347502,
					"retransmits":	0,
					"snd_cwnd":	130320,
					"rtt":	558037,
					"omitted":	false
				}],
			"sum":	{
				"start":	4.000114,
				"end":	5.001119,
				"seconds":	1.001005,
				"bytes":	130320,
				"bits_per_second":	1041513.347502,
				"retransmits":	0,
				"omitted":	false
			}
		}, {
			"streams":	[{
					"socket":	4,
					"start":	5.001119,
					"end":	6.000837,
					"seconds":	0.999718,
					"bytes":	390960,
					"bits_per_second":	3128562.408459,
					"retransmits":	0,
					"snd_cwnd":	153488,
					"rtt":	619204,
					"omitted":	false
				}],
			"sum":	{
				"start":	5.001119,
				"end":	6.000837,
				"seconds":	0.999718,
				"bytes":	390960,
				"bits_per_second":	3128562.408459,
				"retransmits":	0,
				"omitted":	false
			}
		}, {
			"streams":	[{
					"socket":	4,
					"start":	6.000837,
					"end":	7.001370,
					"seconds":	1.000533,
					"bytes":	325800,
					"bits_per_second":	2605011.258227,
					"retransmits":	0,
					"snd_cwnd":	179552,
					"rtt":	657574,
					"omitted":	false
				}],
			"sum":	{
				"start":	6.000837,
				"end":	7.001370,
				"seconds":	1.000533,
				"bytes":	325800,
				"bits_per_second":	2605011.258227,
				"retransmits":	0,
				"omitted":	false
			}
		}, {
			"streams":	[{
					"socket":	4,
					"start":	7.001370,
					"end":	8.000493,
					"seconds":	0.999123,
					"bytes":	847080,
					"bits_per_second":	6782589.293616,
					"retransmits":	0,
					"snd_cwnd":	267880,
					"rtt":	751160,
					"omitted":	false
				}],
			"sum":	{
				"start":	7.001370,
				"end":	8.000493,
				"seconds":	0.999123,
				"bytes":	847080,
				"bits_per_second":	6782589.293616,
				"retransmits":	0,
				"omitted":	false
			}
		}, {
			"streams":	[{
					"socket":	4,
					"start":	8.000493,
					"end":	9.001149,
					"seconds":	1.000656,
					"bytes":	651600,
					"bits_per_second":	5209381.978987,
					"retransmits":	0,
					"snd_cwnd":	334488,
					"rtt":	792011,
					"omitted":	false
				}],
			"sum":	{
				"start":	8.000493,
				"end":	9.001149,
				"seconds":	1.000656,
				"bytes":	651600,
				"bits_per_second":	5209381.978987,
				"retransmits":	0,
				"omitted":	false
			}
		}, {
			"streams":	[{
					"socket":	4,
					"start":	9.001149,
					"end":	10.001169,
					"seconds":	1.000020,
					"bytes":	847080,
					"bits_per_second":	6776505.901473,
					"retransmits":	0,
					"snd_cwnd":	425712,
					"rtt":	890417,
					"omitted":	false
				}],
			"sum":	{
				"start":	9.001149,
				"end":	10.001169,
				"seconds":	1.000020,
				"bytes":	847080,
				"bits_per_second":	6776505.901473,
				"retransmits":	0,
				"omitted":	false
			}
		}, {
			"streams":	[{
					"socket":	4,
					"start":	10.001169,
					"end":	11.001532,
					"seconds":	1.000363,
					"bytes":	1042560,
					"bits_per_second":	8337452.575123,
					"retransmits":	0,
					"snd_cwnd":	535760,
					"rtt":	826440,
					"omitted":	false
				}],
			"sum":	{
				"start":	10.001169,
				"end":	11.001532,
				"seconds":	1.000363,
				"bytes":	1042560,
				"bits_per_second":	8337452.575123,
				"retransmits":	0,
				"omitted":	false
			}
		}, {
			"streams":	[{
					"socket":	4,
					"start":	11.001532,
					"end":	12.001562,
					"seconds":	1.000030,
					"bytes":	1172880,
					"bits_per_second":	9382758.134993,
					"retransmits":	0,
					"snd_cwnd":	658840,
					"rtt":	792242,
					"omitted":	false
				}],
			"sum":	{
				"start":	11.001532,
				"end":	12.001562,
				"seconds":	1.000030,
				"bytes":	1172880,
				"bits_per_second":	9382758.134993,
				"retransmits":	0,
				"omitted":	false
			}
		}, {
			"streams":	[{
					"socket":	4,
					"start":	12.001562,
					"end":	13.001391,
					"seconds":	0.999829,
					"bytes":	847080,
					"bits_per_second":	6777798.638388,
					"retransmits":	0,
					"snd_cwnd":	844184,
					"rtt":	1098469,
					"omitted":	false
				}],
			"sum":	{
				"start":	12.001562,
				"end":	13.001391,
				"seconds":	0.999829,
				"bytes":	847080,
				"bits_per_second":	6777798.638388,
				"retransmits":	0,
				"omitted":	false
			}
		}, {
			"streams":	[{
					"socket":	4,
					"start":	13.001391,
					"end":	14.001323,
					"seconds":	0.999932,
					"bytes":	716760,
					"bits_per_second":	5734471.020468,
					"retransmits":	0,
					"snd_cwnd":	1074416,
					"rtt":	1054600,
					"omitted":	false
				}],
			"sum":	{
				"start":	13.001391,
				"end":	14.001323,
				"seconds":	0.999932,
				"bytes":	716760,
				"bits_per_second":	5734471.020468,
				"retransmits":	0,
				"omitted":	false
			}
		}, {
			"streams":	[{
					"socket":	4,
					"start":	14.001323,
					"end":	15.001474,
					"seconds":	1.000151,
					"bytes":	977400,
					"bits_per_second":	7818018.248851,
					"retransmits":	0,
					"snd_cwnd":	1369808,
					"rtt":	1161247,
					"omitted":	false
				}],
			"sum":	{
				"start":	14.001323,
				"end":	15.001474,
				"seconds":	1.000151,
				"bytes":	977400,
				"bits_per_second":	7818018.248851,
				"retransmits":	0,
				"omitted":	false
			}
		}, {
			"streams":	[{
					"socket":	4,
					"start":	15.001474,
					"end":	16.001378,
					"seconds":	0.999904,
					"bytes":	1172880,
					"bits_per_second":	9383941.634330,
					"retransmits":	0,
					"snd_cwnd":	1712984,
					"rtt":	1124515,
					"omitted":	false
				}],
			"sum":	{
				"start":	15.001474,
				"end":	16.001378,
				"seconds":	0.999904,
				"bytes":	1172880,
				"bits_per_second":	9383941.634330,
				"retransmits":	0,
				"omitted":	false
			}
		}, {
			"streams":	[{
					"socket":	4,
					"start":	16.001378,
					"end":	17.000823,
					"seconds":	0.999445,
					"bytes":	1572528,
					"bits_per_second":	12587210.385769,
					"retransmits":	0,
					"snd_cwnd":	2111184,
					"rtt":	1054674,
					"omitted":	false
				}],
			"sum":	{
				"start":	16.001378,
				"end":	17.000823,
				"seconds":	0.999445,
				"bytes":	1572528,
				"bits_per_second":	12587210.385769,
				"retransmits":	0,
				"omitted":	false
			}
		}, {
			"streams":	[{
					"socket":	4,
					"start":	17.000823,
					"end":	18.000453,
					"seconds":	0.999630,
					"bytes":	1507368,
					"bits_per_second":	12063407.770118,
					"retransmits":	7,
					"snd_cwnd":	2358792,
					"rtt":	1164140,
					"omitted":	false
				}],
			"sum":	{
				"start":	17.000823,
				"end":	18.000453,
				"seconds":	0.999630,
				"bytes":	1507368,
				"bits_per_second":	12063407.770118,
				"retransmits":	7,
				"omitted":	false
			}
		}, {
			"streams":	[{
					"socket":	4,
					"start":	18.000453,
					"end":	19.001489,
					"seconds":	1.001036,
					"bytes":	1174328,
					"bits_per_second":	9384899.675299,
					"retransmits":	230,
					"snd_cwnd":	663184,
					"rtt":	1134015,
					"omitted":	false
				}],
			"sum":	{
				"start":	18.000453,
				"end":	19.001489,
				"seconds":	1.001036,
				"bytes":	1174328,
				"bits_per_second":	9384899.675299,
				"retransmits":	230,
				"omitted":	false
			}
		}, {
			"streams":	[{
					"socket":	4,
					"start":	19.001489,
					"end":	20.000226,
					"seconds":	0.998737,
					"bytes":	2224128,
					"bits_per_second":	17815527.534526,
					"retransmits":	0,
					"snd_cwnd":	1756424,
					"rtt":	741342,
					"omitted":	false
				}],
			"sum":	{
				"start":	19.001489,
				"end":	20.000226,
				"seconds":	0.998737,
				"bytes":	2224128,
				"bits_per_second":	17815527.534526,
				"retransmits":	0,
				"omitted":	false
			}
		}, {
			"streams":	[{
					"socket":	4,
					"start":	20.000226,
					"end":	21.000584,
					"seconds":	1.000358,
					"bytes":	1694160,
					"bits_per_second":	13548428.244089,
					"retransmits":	0,
					"snd_cwnd":	1893984,
					"rtt":	1007346,
					"omitted":	false
				}],
			"sum":	{
				"start":	20.000226,
				"end":	21.000584,
				"seconds":	1.000358,
				"bytes":	1694160,
				"bits_per_second":	13548428.244089,
				"retransmits":	0,
				"omitted":	false
			}
		}, {
			"streams":	[{
					"socket":	4,
					"start":	21.000584,
					"end":	22.000831,
					"seconds":	1.000247,
					"bytes":	1833168,
					"bits_per_second":	14661722.530373,
					"retransmits":	0,
					"snd_cwnd":	2041680,
					"rtt":	1058672,
					"omitted":	false
				}],
			"sum":	{
				"start":	21.000584,
				"end":	22.000831,
				"seconds":	1.000247,
				"bytes":	1833168,
				"bits_per_second":	14661722.530373,
				"retransmits":	0,
				"omitted":	false
			}
		}, {
			"streams":	[{
					"socket":	4,
					"start":	22.000831,
					"end":	23.001519,
					"seconds":	1.000688,
					"bytes":	980296,
					"bits_per_second":	7836975.565050,
					"retransmits":	73,
					"snd_cwnd":	1320576,
					"rtt":	1097804,
					"omitted":	false
				}],
			"sum":	{
				"start":	22.000831,
				"end":	23.001519,
				"seconds":	1.000688,
				"bytes":	980296,
				"bits_per_second":	7836975.565050,
				"retransmits":	73,
				"omitted":	false
			}
		}, {
			"streams":	[{
					"socket":	4,
					"start":	23.001519,
					"end":	24.000375,
					"seconds":	0.998856,
					"bytes":	1507368,
					"bits_per_second":	12072757.295904,
					"retransmits":	30,
					"snd_cwnd":	1258312,
					"rtt":	1003040,
					"omitted":	false
				}],
			"sum":	{
				"start":	23.001519,
				"end":	24.000375,
				"seconds":	0.998856,
				"bytes":	1507368,
				"bits_per_second":	12072757.295904,
				"retransmits":	30,
				"omitted":	false
			}
		}, {
			"streams":	[{
					"socket":	4,
					"start":	24.000375,
					"end":	25.001074,
					"seconds":	1.000699,
					"bytes":	2410920,
					"bits_per_second":	19273886.719127,
					"retransmits":	0,
					"snd_cwnd":	1196048,
					"rtt":	762497,
					"omitted":	false
				}],
			"sum":	{
				"start":	24.000375,
				"end":	25.001074,
				"seconds":	1.000699,
				"bytes":	2410920,
				"bits_per_second":	19273886.719127,
				"retransmits":	0,
				"omitted":	false
			}
		}, {
			"streams":	[{
					"socket":	4,
					"start":	25.001074,
					"end":	26.000417,
					"seconds":	0.999343,
					"bytes":	2280600,
					"bits_per_second":	18256796.204934,
					"retransmits":	0,
					"snd_cwnd":	1086000,
					"rtt":	737640,
					"omitted":	false
				}],
			"sum":	{
				"start":	25.001074,
				"end":	26.000417,
				"seconds":	0.999343,
				"bytes":	2280600,
				"bits_per_second":	18256796.204934,
				"retransmits":	0,
				"omitted":	false
			}
		}, {
			"streams":	[{
					"socket":	4,
					"start":	26.000417,
					"end":	27.001310,
					"seconds":	1.000893,
					"bytes":	1042560,
					"bits_per_second":	8333037.630786,
					"retransmits":	0,
					"snd_cwnd":	1132336,
					"rtt":	771506,
					"omitted":	false
				}],
			"sum":	{
				"start":	26.000417,
				"end":	27.001310,
				"seconds":	1.000893,
				"bytes":	1042560,
				"bits_per_second":	8333037.630786,
				"retransmits":	0,
				"omitted":	false
			}
		}, {
			"streams":	[{
					"socket":	4,
					"start":	27.001310,
					"end":	28.001191,
					"seconds":	0.999881,
					"bytes":	1172880,
					"bits_per_second":	9384156.441265,
					"retransmits":	0,
					"snd_cwnd":	1169984,
					"rtt":	808069,
					"omitted":	false
				}],
			"sum":	{
				"start":	27.001310,
				"end":	28.001191,
				"seconds":	0.999881,
				"bytes":	1172880,
				"bits_per_second":	9384156.441265,
				"retransmits":	0,
				"omitted":	false
			}
		}, {
			"streams":	[{
					"socket":	4,
					"start":	28.001191,
					"end":	29.001443,
					"seconds":	1.000252,
					"bytes":	1238040,
					"bits_per_second":	9901824.656634,
					"retransmits":	0,
					"snd_cwnd":	1203288,
					"rtt":	835834,
					"omitted":	false
				}],
			"sum":	{
				"start":	28.001191,
				"end":	29.001443,
				"seconds":	1.000252,
				"bytes":	1238040,
				"bits_per_second":	9901824.656634,
				"retransmits":	0,
				"omitted":	false
			}
		}, {
			"streams":	[{
					"socket":	4,
					"start":	29.001443,
					"end":	30.000633,
					"seconds":	0.999190,
					"bytes":	1889640,
					"bits_per_second":	15129377.009286,
					"retransmits":	0,
					"snd_cwnd":	1230800,
					"rtt":	854953,
					"omitted":	false
				}],
			"sum":	{
				"start":	29.001443,
				"end":	30.000633,
				"seconds":	0.999190,
				"bytes":	1889640,
				"bits_per_second":	15129377.009286,
				"retransmits":	0,
				"omitted":	false
			}
		}, {
			"streams":	[{
					"socket":	4,
					"start":	30.000633,
					"end":	31.000288,
					"seconds":	0.999655,
					"bytes":	1629000,
					"bits_per_second":	13036497.483220,
					"retransmits":	0,
					"snd_cwnd":	1242384,
					"rtt":	865537,
					"omitted":	false
				}],
			"sum":	{
				"start":	30.000633,
				"end":	31.000288,
				"seconds":	0.999655,
				"bytes":	1629000,
				"bits_per_second":	13036497.483220,
				"retransmits":	0,
				"omitted":	false
			}
		}, {
			"streams":	[{
					"socket":	4,
					"start":	31.000288,
					"end":	32.001324,
					"seconds":	1.001036,
					"bytes":	1238040,
					"bits_per_second":	9894068.091715,
					"retransmits":	0,
					"snd_cwnd":	1245280,
					"rtt":	875030,
					"omitted":	false
				}],
			"sum":	{
				"start":	31.000288,
				"end":	32.001324,
				"seconds":	1.001036,
				"bytes":	1238040,
				"bits_per_second":	9894068.091715,
				"retransmits":	0,
				"omitted":	false
			}
		}, {
			"streams":	[{
					"socket":	4,
					"start":	32.001324,
					"end":	33.001433,
					"seconds":	1.000109,
					"bytes":	1238040,
					"bits_per_second":	9903240.969695,
					"retransmits":	0,
					"snd_cwnd":	1246728,
					"rtt":	869996,
					"omitted":	false
				}],
			"sum":	{
				"start":	32.001324,
				"end":	33.001433,
				"seconds":	1.000109,
				"bytes":	1238040,
				"bits_per_second":	9903240.969695,
				"retransmits":	0,
				"omitted":	false
			}
		}, {
			"streams":	[{
					"socket":	4,
					"start":	33.001433,
					"end":	34.001498,
					"seconds":	1.000065,
					"bytes":	1238040,
					"bits_per_second":	9903677.747949,
					"retransmits":	0,
					"snd_cwnd":	1248176,
					"rtt":	873912,
					"omitted":	false
				}],
			"sum":	{
				"start":	33.001433,
				"end":	34.001498,
				"seconds":	1.000065,
				"bytes":	1238040,
				"bits_per_second":	9903677.747949,
				"retransmits":	0,
				"omitted":	false
			}
		}, {
			"streams":	[{
					"socket":	4,
					"start":	34.001498,
					"end":	35.001303,
					"seconds":	0.999805,
					"bytes":	1303200,
					"bits_per_second":	10427631.177204,
					"retransmits":	0,
					"snd_cwnd":	1252520,
					"rtt":	875808,
					"omitted":	false
				}],
			"sum":	{
				"start":	34.001498,
				"end":	35.001303,
				"seconds":	0.999805,
				"bytes":	1303200,
				"bits_per_second":	10427631.177204,
				"retransmits":	0,
				"omitted":	false
			}
		}, {
			"streams":	[{
					"socket":	4,
					"start":	35.001303,
					"end":	36.000164,
					"seconds":	0.998861,
					"bytes":	1563840,
					"bits_per_second":	12524988.015083,
					"retransmits":	0,
					"snd_cwnd":	1265552,
					"rtt":	881820,
					"omitted":	false
				}],
			"sum":	{
				"start":	35.001303,
				"end":	36.000164,
				"seconds":	0.998861,
				"bytes":	1563840,
				"bits_per_second":	12524988.015083,
				"retransmits":	0,
				"omitted":	false
			}
		}, {
			"streams":	[{
					"socket":	4,
					"start":	36.000164,
					"end":	37.000562,
					"seconds":	1.000398,
					"bytes":	1694160,
					"bits_per_second":	13547885.786976,
					"retransmits":	0,
					"snd_cwnd":	1294512,
					"rtt":	896925,
					"omitted":	false
				}],
			"sum":	{
				"start":	36.000164,
				"end":	37.000562,
				"seconds":	1.000398,
				"bytes":	1694160,
				"bits_per_second":	13547885.786976,
				"retransmits":	0,
				"omitted":	false
			}
		}, {
			"streams":	[{
					"socket":	4,
					"start":	37.000562,
					"end":	38.000225,
					"seconds":	0.999663,
					"bytes":	1694160,
					"bits_per_second":	13557850.675100,
					"retransmits":	0,
					"snd_cwnd":	1337952,
					"rtt":	914229,
					"omitted":	false
				}],
			"sum":	{
				"start":	37.000562,
				"end":	38.000225,
				"seconds":	0.999663,
				"bytes":	1694160,
				"bits_per_second":	13557850.675100,
				"retransmits":	0,
				"omitted":	false
			}
		}, {
			"streams":	[{
					"socket":	4,
					"start":	38.000225,
					"end":	39.001333,
					"seconds":	1.001108,
					"bytes":	1310720,
					"bits_per_second":	10474155.357145,
					"retransmits":	0,
					"snd_cwnd":	1394424,
					"rtt":	939032,
					"omitted":	false
				}],
			"sum":	{
				"start":	38.000225,
				"end":	39.001333,
				"seconds":	1.001108,
				"bytes":	1310720,
				"bits_per_second":	10474155.357145,
				"retransmits":	0,
				"omitted":	false
			}
		}, {
			"streams":	[{
					"socket":	4,
					"start":	39.001333,
					"end":	40.001610,
					"seconds":	1.000277,
					"bytes":	1310720,
					"bits_per_second":	10482855.804585,
					"retransmits":	0,
					"snd_cwnd":	1472616,
					"rtt":	977475,
					"omitted":	false
				}],
			"sum":	{
				"start":	39.001333,
				"end":	40.001610,
				"seconds":	1.000277,
				"bytes":	1310720,
				"bits_per_second":	10482855.804585,
				"retransmits":	0,
				"omitted":	false
			}
		}, {
			"streams":	[{
					"socket":	4,
					"start":	40.001610,
					"end":	41.001086,
					"seconds":	0.999476,
					"bytes":	506240,
					"bits_per_second":	4052043.449207,
					"retransmits":	10,
					"snd_cwnd":	1127992,
					"rtt":	1024467,
					"omitted":	false
				}],
			"sum":	{
				"start":	40.001610,
				"end":	41.001086,
				"seconds":	0.999476,
				"bytes":	506240,
				"bits_per_second":	4052043.449207,
				"retransmits":	10,
				"omitted":	false
			}
		}, {
			"streams":	[{
					"socket":	4,
					"start":	41.001086,
					"end":	42.001135,
					"seconds":	1.000049,
					"bytes":	1238040,
					"bits_per_second":	9903833.580866,
					"retransmits":	11,
					"snd_cwnd":	1048352,
					"rtt":	975717,
					"omitted":	false
				}],
			"sum":	{
				"start":	41.001086,
				"end":	42.001135,
				"seconds":	1.000049,
				"bytes":	1238040,
				"bits_per_second":	9903833.580866,
				"retransmits":	11,
				"omitted":	false
			}
		}, {
			"streams":	[{
					"socket":	4,
					"start":	42.001135,
					"end":	43.000842,
					"seconds":	0.999707,
					"bytes":	2215440,
					"bits_per_second":	17728714.804786,
					"retransmits":	0,
					"snd_cwnd":	763096,
					"rtt":	735528,
					"omitted":	false
				}],
			"sum":	{
				"start":	42.001135,
				"end":	43.000842,
				"seconds":	0.999707,
				"bytes":	2215440,
				"bits_per_second":	17728714.804786,
				"retransmits":	0,
				"omitted":	false
			}
		}, {
			"streams":	[{
					"socket":	4,
					"start":	43.000842,
					"end":	44.001525,
					"seconds":	1.000683,
					"bytes":	1172880,
					"bits_per_second":	9376635.109084,
					"retransmits":	0,
					"snd_cwnd":	768888,
					"rtt":	718444,
					"omitted":	false
				}],
			"sum":	{
				"start":	43.000842,
				"end":	44.001525,
				"seconds":	1.000683,
				"bytes":	1172880,
				"bits_per_second":	9376635.109084,
				"retransmits":	0,
				"omitted":	false
			}
		}, {
			"streams":	[{
					"socket":	4,
					"start":	44.001525,
					"end":	45.001533,
					"seconds":	1.000008,
					"bytes":	1172880,
					"bits_per_second":	9382966.176576,
					"retransmits":	0,
					"snd_cwnd":	815224,
					"rtt":	767694,
					"omitted":	false
				}],
			"sum":	{
				"start":	44.001525,
				"end":	45.001533,
				"seconds":	1.000008,
				"bytes":	1172880,
				"bits_per_second":	9382966.176576,
				"retransmits":	0,
				"omitted":	false
			}
		}, {
			"streams":	[{
					"socket":	4,
					"start":	45.001533,
					"end":	46.001344,
					"seconds":	0.999811,
					"bytes":	781920,
					"bits_per_second":	6256541.407164,
					"retransmits":	0,
					"snd_cwnd":	844184,
					"rtt":	815309,
					"omitted":	false
				}],
			"sum":	{
				"start":	45.001533,
				"end":	46.001344,
				"seconds":	0.999811,
				"bytes":	781920,
				"bits_per_second":	6256541.407164,
				"retransmits":	0,
				"omitted":	false
			}
		}, {
			"streams":	[{
					"socket":	4,
					"start":	46.001344,
					"end":	47.001588,
					"seconds":	1.000244,
					"bytes":	847080,
					"bits_per_second":	6774987.565584,
					"retransmits":	0,
					"snd_cwnd":	864456,
					"rtt":	857828,
					"omitted":	false
				}],
			"sum":	{
				"start":	46.001344,
				"end":	47.001588,
				"seconds":	1.000244,
				"bytes":	847080,
				"bits_per_second":	6774987.565584,
				"retransmits":	0,
				"omitted":	false
			}
		}, {
			"streams":	[{
					"socket":	4,
					"start":	47.001588,
					"end":	48.001162,
					"seconds":	0.999574,
					"bytes":	847080,
					"bits_per_second":	6779528.445218,
					"retransmits":	0,
					"snd_cwnd":	878936,
					"rtt":	885003,
					"omitted":	false
				}],
			"sum":	{
				"start":	47.001588,
				"end":	48.001162,
				"seconds":	0.999574,
				"bytes":	847080,
				"bits_per_second":	6779528.445218,
				"retransmits":	0,
				"omitted":	false
			}
		}, {
			"streams":	[{
					"socket":	4,
					"start":	48.001162,
					"end":	49.001322,
					"seconds":	1.000160,
					"bytes":	912240,
					"bits_per_second":	7296752.673778,
					"retransmits":	0,
					"snd_cwnd":	886176,
					"rtt":	914487,
					"omitted":	false
				}],
			"sum":	{
				"start":	48.001162,
				"end":	49.001322,
				"seconds":	1.000160,
				"bytes":	912240,
				"bits_per_second":	7296752.673778,
				"retransmits":	0,
				"omitted":	false
			}
		}, {
			"streams":	[{
					"socket":	4,
					"start":	49.001322,
					"end":	50.001251,
					"seconds":	0.999929,
					"bytes":	1107720,
					"bits_per_second":	8862389.661588,
					"retransmits":	0,
					"snd_cwnd":	889072,
					"rtt":	935778,
					"omitted":	false
				}],
			"sum":	{
				"start":	49.001322,
				"end":	50.001251,
				"seconds":	0.999929,
				"bytes":	1107720,
				"bits_per_second":	8862389.661588,
				"retransmits":	0,
				"omitted":	false
			}
		}, {
			"streams":	[{
					"socket":	4,
					"start":	50.001251,
					"end":	51.001269,
					"seconds":	1.000018,
					"bytes":	1172880,
					"bits_per_second":	9382869.984160,
					"retransmits":	0,
					"snd_cwnd":	890520,
					"rtt":	940770,
					"omitted":	false
				}],
			"sum":	{
				"start":	50.001251,
				"end":	51.001269,
				"seconds":	1.000018,
				"bytes":	1172880,
				"bits_per_second":	9382869.984160,
				"retransmits":	0,
				"omitted":	false
			}
		}, {
			"streams":	[{
					"socket":	4,
					"start":	51.001269,
					"end":	52.001351,
					"seconds":	1.000082,
					"bytes":	1107720,
					"bits_per_second":	8861033.253575,
					"retransmits":	0,
					"snd_cwnd":	896312,
					"rtt":	946721,
					"omitted":	false
				}],
			"sum":	{
				"start":	51.001269,
				"end":	52.001351,
				"seconds":	1.000082,
				"bytes":	1107720,
				"bits_per_second":	8861033.253575,
				"retransmits":	0,
				"omitted":	false
			}
		}, {
			"streams":	[{
					"socket":	4,
					"start":	52.001351,
					"end":	53.001288,
					"seconds":	0.999937,
					"bytes":	977400,
					"bits_per_second":	7819692.191014,
					"retransmits":	0,
					"snd_cwnd":	907896,
					"rtt":	953342,
					"omitted":	false
				}],
			"sum":	{
				"start":	52.001351,
				"end":	53.001288,
				"seconds":	0.999937,
				"bytes":	977400,
				"bits_per_second":	7819692.191014,
				"retransmits":	0,
				"omitted":	false
			}
		}, {
			"streams":	[{
					"socket":	4,
					"start":	53.001288,
					"end":	54.001551,
					"seconds":	1.000263,
					"bytes":	912240,
					"bits_per_second":	7296001.328996,
					"retransmits":	0,
					"snd_cwnd":	929616,
					"rtt":	952597,
					"omitted":	false
				}],
			"sum":	{
				"start":	53.001288,
				"end":	54.001551,
				"seconds":	1.000263,
				"bytes":	912240,
				"bits_per_second":	7296001.328996,
				"retransmits":	0,
				"omitted":	false
			}
		}, {
			"streams":	[{
					"socket":	4,
					"start":	54.001551,
					"end":	55.001196,
					"seconds":	0.999645,
					"bytes":	912240,
					"bits_per_second":	7300511.720093,
					"retransmits":	0,
					"snd_cwnd":	962920,
					"rtt":	960774,
					"omitted":	false
				}],
			"sum":	{
				"start":	54.001551,
				"end":	55.001196,
				"seconds":	0.999645,
				"bytes":	912240,
				"bits_per_second":	7300511.720093,
				"retransmits":	0,
				"omitted":	false
			}
		}, {
			"streams":	[{
					"socket":	4,
					"start":	55.001196,
					"end":	56.001516,
					"seconds":	1.000320,
					"bytes":	977400,
					"bits_per_second":	7816698.986711,
					"retransmits":	0,
					"snd_cwnd":	1013600,
					"rtt":	973823,
					"omitted":	false
				}],
			"sum":	{
				"start":	55.001196,
				"end":	56.001516,
				"seconds":	1.000320,
				"bytes":	977400,
				"bits_per_second":	7816698.986711,
				"retransmits":	0,
				"omitted":	false
			}
		}, {
			"streams":	[{
					"socket":	4,
					"start":	56.001516,
					"end":	57.001171,
					"seconds":	0.999655,
					"bytes":	977400,
					"bits_per_second":	7821898.489932,
					"retransmits":	0,
					"snd_cwnd":	1075864,
					"rtt":	856883,
					"omitted":	false
				}],
			"sum":	{
				"start":	56.001516,
				"end":	57.001171,
				"seconds":	0.999655,
				"bytes":	977400,
				"bits_per_second":	7821898.489932,
				"retransmits":	0,
				"omitted":	false
			}
		}, {
			"streams":	[{
					"socket":	4,
					"start":	57.001171,
					"end":	58.000736,
					"seconds":	0.999565,
					"bytes":	2150280,
					"bits_per_second":	17209728.192070,
					"retransmits":	0,
					"snd_cwnd":	1196048,
					"rtt":	591831,
					"omitted":	false
				}],
			"sum":	{
				"start":	57.001171,
				"end":	58.000736,
				"seconds":	0.999565,
				"bytes":	2150280,
				"bits_per_second":	17209728.192070,
				"retransmits":	0,
				"omitted":	false
			}
		}, {
			"streams":	[{
					"socket":	4,
					"start":	58.000736,
					"end":	59.000393,
					"seconds":	0.999657,
					"bytes":	1824480,
					"bits_per_second":	14600845.840377,
					"retransmits":	0,
					"snd_cwnd":	1322024,
					"rtt":	628613,
					"omitted":	false
				}],
			"sum":	{
				"start":	58.000736,
				"end":	59.000393,
				"seconds":	0.999657,
				"bytes":	1824480,
				"bits_per_second":	14600845.840377,
				"retransmits":	0,
				"omitted":	false
			}
		}, {
			"streams":	[{
					"socket":	4,
					"start":	59.000393,
					"end":	60.000492,
					"seconds":	1.000099,
					"bytes":	4691520,
					"bits_per_second":	37528446.796231,
					"retransmits":	0,
					"snd_cwnd":	1516056,
					"rtt":	319373,
					"omitted":	false
				}],
			"sum":	{
				"start":	59.000393,
				"end":	60.000492,
				"seconds":	1.000099,
				"bytes":	4691520,
				"bits_per_second":	37528446.796231,
				"retransmits":	0,
				"omitted":	false
			}
		}],
	"end":	{
		"streams":	[{
				"sender":	{
					"socket":	4,
					"start":	0,
					"end":	60.000492,
					"seconds":	60.000492,
					"bytes":	73833520,
					"bits_per_second":	9844388.593604,
					"retransmits":	361,
					"max_snd_cwnd":	2358792,
					"max_rtt":	1164140,
					"min_rtt":	319373,
					"mean_rtt":	847893
				},
				"receiver":	{
					"socket":	4,
					"start":	0,
					"end":	60.000492,
					"seconds":	60.000492,
					"bytes":	71565312,
					"bits_per_second":	9541963.340642
				}
			}],
		"sum_sent":	{
			"start":	0,
			"end":	60.000492,
			"seconds":	60.000492,
			"bytes":	73833520,
			"bits_per_second":	9844388.593604,
			"retransmits":	361
		},
		"sum_received":	{
			"start":	0,
			"end":	60.000492,
			"seconds":	60.000492,
			"bytes":	71565312,
			"bits_per_second":	9541963.340642
		},
		"cpu_utilization_percent":	{
			"host_total":	0.553555,
			"host_user":	0.126049,
			"host_system":	0.427504,
			"remote_total":	0.690841,
			"remote_user":	0,
			"remote_system":	0.690839
		}
	}
}
