{
	"start":	{
		"connected":	[{
				"socket":	5,
				"local_host":	"192.168.179.151",
				"local_port":	53206,
				"remote_host":	"192.168.120.131",
				"remote_port":	5201
			}],
		"version":	"iperf 3.9",
		"system_info":	"Linux a 6.14.5-x64v3-xanmod1 #0~20250503.gdace042 SMP PREEMPT_DYNAMIC Sat May  3 00:40:10 UTC x86_64",
		"timestamp":	{
			"time":	"Mon, 05 May 2025 09:51:27 GMT",
			"timesecs":	1746438687
		},
		"connecting_to":	{
			"host":	"192.168.120.131",
			"port":	5201
		},
		"cookie":	"sm4t5dnzq7pnf6lxpcd46j2ysfaz7fn6qng4",
		"tcp_mss_default":	1448,
		"sock_bufsize":	0,
		"sndbuf_actual":	65536,
		"rcvbuf_actual":	87380,
		"test_start":	{
			"protocol":	"TCP",
			"num_streams":	1,
			"blksize":	131072,
			"omit":	0,
			"duration":	60,
			"bytes":	0,
			"blocks":	0,
			"reverse":	0,
			"tos":	0
		}
	},
	"intervals":	[{
			"streams":	[{
					"socket":	5,
					"start":	0,
					"end":	1.000407,
					"seconds":	1.0004069805145264,
					"bytes":	4714688,
					"bits_per_second":	37702159.955542535,
					"retransmits":	0,
					"snd_cwnd":	347520,
					"rtt":	131530,
					"rttvar":	489,
					"pmtu":	1500,
					"omitted":	false,
					"sender":	true
				}],
			"sum":	{
				"start":	0,
				"end":	1.000407,
				"seconds":	1.0004069805145264,
				"bytes":	4714688,
				"bits_per_second":	37702159.955542535,
				"retransmits":	0,
				"omitted":	false,
				"sender":	true
			}
		}, {
			"streams":	[{
					"socket":	5,
					"start":	1.000407,
					"end":	2.000226,
					"seconds":	0.999818980693817,
					"bytes":	2085120,
					"bits_per_second":	16683980.122506145,
					"retransmits":	0,
					"snd_cwnd":	347520,
					"rtt":	98925,
					"rttvar":	383,
					"pmtu":	1500,
					"omitted":	false,
					"sender":	true
				}],
			"sum":	{
				"start":	1.000407,
				"end":	2.000226,
				"seconds":	0.999818980693817,
				"bytes":	2085120,
				"bits_per_second":	16683980.122506145,
				"retransmits":	0,
				"omitted":	false,
				"sender":	true
			}
		}, {
			"streams":	[{
					"socket":	5,
					"start":	2.000226,
					"end":	3.000076,
					"seconds":	0.99984997510910034,
					"bytes":	2085120,
					"bits_per_second":	16683462.934706608,
					"retransmits":	0,
					"snd_cwnd":	315664,
					"rtt":	113855,
					"rttvar":	324,
					"pmtu":	1500,
					"omitted":	false,
					"sender":	true
				}],
			"sum":	{
				"start":	2.000226,
				"end":	3.000076,
				"seconds":	0.99984997510910034,
				"bytes":	2085120,
				"bits_per_second":	16683462.934706608,
				"retransmits":	0,
				"omitted":	false,
				"sender":	true
			}
		}, {
			"streams":	[{
					"socket":	5,
					"start":	3.000076,
					"end":	4.000812,
					"seconds":	1.0007359981536865,
					"bytes":	2150280,
					"bits_per_second":	17189588.49460534,
					"retransmits":	0,
					"snd_cwnd":	363448,
					"rtt":	105415,
					"rttvar":	443,
					"pmtu":	1500,
					"omitted":	false,
					"sender":	true
				}],
			"sum":	{
				"start":	3.000076,
				"end":	4.000812,
				"seconds":	1.0007359981536865,
				"bytes":	2150280,
				"bits_per_second":	17189588.49460534,
				"retransmits":	0,
				"omitted":	false,
				"sender":	true
			}
		}, {
			"streams":	[{
					"socket":	5,
					"start":	4.000812,
					"end":	5.000131,
					"seconds":	0.999319016933441,
					"bytes":	3583800,
					"bits_per_second":	28689937.361523833,
					"retransmits":	0,
					"snd_cwnd":	353312,
					"rtt":	118310,
					"rttvar":	1860,
					"pmtu":	1500,
					"omitted":	false,
					"sender":	true
				}],
			"sum":	{
				"start":	4.000812,
				"end":	5.000131,
				"seconds":	0.999319016933441,
				"bytes":	3583800,
				"bits_per_second":	28689937.361523833,
				"retransmits":	0,
				"omitted":	false,
				"sender":	true
			}
		}, {
			"streams":	[{
					"socket":	5,
					"start":	5.000131,
					"end":	6.000906,
					"seconds":	1.0007749795913696,
					"bytes":	1238040,
					"bits_per_second":	9896650.29799613,
					"retransmits":	0,
					"snd_cwnd":	311320,
					"rtt":	113063,
					"rttvar":	307,
					"pmtu":	1500,
					"omitted":	false,
					"sender":	true
				}],
			"sum":	{
				"start":	5.000131,
				"end":	6.000906,
				"seconds":	1.0007749795913696,
				"bytes":	1238040,
				"bits_per_second":	9896650.29799613,
				"retransmits":	0,
				"omitted":	false,
				"sender":	true
			}
		}, {
			"streams":	[{
					"socket":	5,
					"start":	6.000906,
					"end":	7.00018,
					"seconds":	0.99927401542663574,
					"bytes":	3714120,
					"bits_per_second":	29734546.82228896,
					"retransmits":	0,
					"snd_cwnd":	314216,
					"rtt":	143125,
					"rttvar":	1270,
					"pmtu":	1500,
					"omitted":	false,
					"sender":	true
				}],
			"sum":	{
				"start":	6.000906,
				"end":	7.00018,
				"seconds":	0.99927401542663574,
				"bytes":	3714120,
				"bits_per_second":	29734546.82228896,
				"retransmits":	0,
				"omitted":	false,
				"sender":	true
			}
		}, {
			"streams":	[{
					"socket":	5,
					"start":	7.00018,
					"end":	8.000496,
					"seconds":	1.0003160238265991,
					"bytes":	1238040,
					"bits_per_second":	9901190.98773617,
					"retransmits":	0,
					"snd_cwnd":	321456,
					"rtt":	142183,
					"rttvar":	815,
					"pmtu":	1500,
					"omitted":	false,
					"sender":	true
				}],
			"sum":	{
				"start":	7.00018,
				"end":	8.000496,
				"seconds":	1.0003160238265991,
				"bytes":	1238040,
				"bits_per_second":	9901190.98773617,
				"retransmits":	0,
				"omitted":	false,
				"sender":	true
			}
		}, {
			"streams":	[{
					"socket":	5,
					"start":	8.000496,
					"end":	9.000299,
					"seconds":	0.99980300664901733,
					"bytes":	2476080,
					"bits_per_second":	19812542.939225085,
					"retransmits":	0,
					"snd_cwnd":	321456,
					"rtt":	183764,
					"rttvar":	329,
					"pmtu":	1500,
					"omitted":	false,
					"sender":	true
				}],
			"sum":	{
				"start":	8.000496,
				"end":	9.000299,
				"seconds":	0.99980300664901733,
				"bytes":	2476080,
				"bits_per_second":	19812542.939225085,
				"retransmits":	0,
				"omitted":	false,
				"sender":	true
			}
		}, {
			"streams":	[{
					"socket":	5,
					"start":	9.000299,
					"end":	10.001121,
					"seconds":	1.0008219480514526,
					"bytes":	1238040,
					"bits_per_second":	9896185.8493243344,
					"retransmits":	0,
					"snd_cwnd":	308424,
					"rtt":	169227,
					"rttvar":	202,
					"pmtu":	1500,
					"omitted":	false,
					"sender":	true
				}],
			"sum":	{
				"start":	9.000299,
				"end":	10.001121,
				"seconds":	1.0008219480514526,
				"bytes":	1238040,
				"bits_per_second":	9896185.8493243344,
				"retransmits":	0,
				"omitted":	false,
				"sender":	true
			}
		}, {
			"streams":	[{
					"socket":	5,
					"start":	10.001121,
					"end":	11.000382,
					"seconds":	0.99926102161407471,
					"bytes":	2476080,
					"bits_per_second":	19823288.982095718,
					"retransmits":	0,
					"snd_cwnd":	81088,
					"rtt":	44531,
					"rttvar":	329,
					"pmtu":	1500,
					"omitted":	false,
					"sender":	true
				}],
			"sum":	{
				"start":	10.001121,
				"end":	11.000382,
				"seconds":	0.99926102161407471,
				"bytes":	2476080,
				"bits_per_second":	19823288.982095718,
				"retransmits":	0,
				"omitted":	false,
				"sender":	true
			}
		}, {
			"streams":	[{
					"socket":	5,
					"start":	11.000382,
					"end":	12.000761,
					"seconds":	1.0003789663314819,
					"bytes":	1238040,
					"bits_per_second":	9900568.01805861,
					"retransmits":	0,
					"snd_cwnd":	83984,
					"rtt":	47151,
					"rttvar":	228,
					"pmtu":	1500,
					"omitted":	false,
					"sender":	true
				}],
			"sum":	{
				"start":	11.000382,
				"end":	12.000761,
				"seconds":	1.0003789663314819,
				"bytes":	1238040,
				"bits_per_second":	9900568.01805861,
				"retransmits":	0,
				"omitted":	false,
				"sender":	true
			}
		}, {
			"streams":	[{
					"socket":	5,
					"start":	12.000761,
					"end":	13.000471,
					"seconds":	0.99971002340316772,
					"bytes":	2476080,
					"bits_per_second":	19814385.708135966,
					"retransmits":	0,
					"snd_cwnd":	62264,
					"rtt":	33833,
					"rttvar":	208,
					"pmtu":	1500,
					"omitted":	false,
					"sender":	true
				}],
			"sum":	{
				"start":	12.000761,
				"end":	13.000471,
				"seconds":	0.99971002340316772,
				"bytes":	2476080,
				"bits_per_second":	19814385.708135966,
				"retransmits":	0,
				"omitted":	false,
				"sender":	true
			}
		}, {
			"streams":	[{
					"socket":	5,
					"start":	13.000471,
					"end":	14.000767,
					"seconds":	1.0002959966659546,
					"bytes":	1238040,
					"bits_per_second":	9901389.22180203,
					"retransmits":	0,
					"snd_cwnd":	65160,
					"rtt":	35102,
					"rttvar":	863,
					"pmtu":	1500,
					"omitted":	false,
					"sender":	true
				}],
			"sum":	{
				"start":	13.000471,
				"end":	14.000767,
				"seconds":	1.0002959966659546,
				"bytes":	1238040,
				"bits_per_second":	9901389.22180203,
				"retransmits":	0,
				"omitted":	false,
				"sender":	true
			}
		}, {
			"streams":	[{
					"socket":	5,
					"start":	14.000767,
					"end":	15.000567,
					"seconds":	0.99980002641677856,
					"bytes":	2476080,
					"bits_per_second":	19812601.997014284,
					"retransmits":	0,
					"snd_cwnd":	60816,
					"rtt":	34786,
					"rttvar":	229,
					"pmtu":	1500,
					"omitted":	false,
					"sender":	true
				}],
			"sum":	{
				"start":	14.000767,
				"end":	15.000567,
				"seconds":	0.99980002641677856,
				"bytes":	2476080,
				"bits_per_second":	19812601.997014284,
				"retransmits":	0,
				"omitted":	false,
				"sender":	true
			}
		}, {
			"streams":	[{
					"socket":	5,
					"start":	15.000567,
					"end":	16.000856,
					"seconds":	1.0002889633178711,
					"bytes":	1238040,
					"bits_per_second":	9901458.8416013662,
					"retransmits":	0,
					"snd_cwnd":	56472,
					"rtt":	26890,
					"rttvar":	1428,
					"pmtu":	1500,
					"omitted":	false,
					"sender":	true
				}],
			"sum":	{
				"start":	15.000567,
				"end":	16.000856,
				"seconds":	1.0002889633178711,
				"bytes":	1238040,
				"bits_per_second":	9901458.8416013662,
				"retransmits":	0,
				"omitted":	false,
				"sender":	true
			}
		}, {
			"streams":	[{
					"socket":	5,
					"start":	16.000856,
					"end":	17.000643,
					"seconds":	0.99978697299957275,
					"bytes":	1238040,
					"bits_per_second":	9906430.33713966,
					"retransmits":	0,
					"snd_cwnd":	53576,
					"rtt":	34643,
					"rttvar":	374,
					"pmtu":	1500,
					"omitted":	false,
					"sender":	true
				}],
			"sum":	{
				"start":	16.000856,
				"end":	17.000643,
				"seconds":	0.99978697299957275,
				"bytes":	1238040,
				"bits_per_second":	9906430.33713966,
				"retransmits":	0,
				"omitted":	false,
				"sender":	true
			}
		}, {
			"streams":	[{
					"socket":	5,
					"start":	17.000643,
					"end":	18.000447,
					"seconds":	0.99980401992797852,
					"bytes":	2476080,
					"bits_per_second":	19812522.859656963,
					"retransmits":	0,
					"snd_cwnd":	55024,
					"rtt":	31420,
					"rttvar":	164,
					"pmtu":	1500,
					"omitted":	false,
					"sender":	true
				}],
			"sum":	{
				"start":	17.000643,
				"end":	18.000447,
				"seconds":	0.99980401992797852,
				"bytes":	2476080,
				"bits_per_second":	19812522.859656963,
				"retransmits":	0,
				"omitted":	false,
				"sender":	true
			}
		}, {
			"streams":	[{
					"socket":	5,
					"start":	18.000447,
					"end":	19.000752,
					"seconds":	1.0003050565719604,
					"bytes":	1238040,
					"bits_per_second":	9901299.5435033049,
					"retransmits":	0,
					"snd_cwnd":	53576,
					"rtt":	34060,
					"rttvar":	276,
					"pmtu":	1500,
					"omitted":	false,
					"sender":	true
				}],
			"sum":	{
				"start":	18.000447,
				"end":	19.000752,
				"seconds":	1.0003050565719604,
				"bytes":	1238040,
				"bits_per_second":	9901299.5435033049,
				"retransmits":	0,
				"omitted":	false,
				"sender":	true
			}
		}, {
			"streams":	[{
					"socket":	5,
					"start":	19.000752,
					"end":	20.001059,
					"seconds":	1.0003069639205933,
					"bytes":	1238040,
					"bits_per_second":	9901280.6640684642,
					"retransmits":	0,
					"snd_cwnd":	53576,
					"rtt":	33501,
					"rttvar":	832,
					"pmtu":	1500,
					"omitted":	false,
					"sender":	true
				}],
			"sum":	{
				"start":	19.000752,
				"end":	20.001059,
				"seconds":	1.0003069639205933,
				"bytes":	1238040,
				"bits_per_second":	9901280.6640684642,
				"retransmits":	0,
				"omitted":	false,
				"sender":	true
			}
		}, {
			"streams":	[{
					"socket":	5,
					"start":	20.001059,
					"end":	21.000917,
					"seconds":	0.999858021736145,
					"bytes":	1238040,
					"bits_per_second":	9905726.39783619,
					"retransmits":	0,
					"snd_cwnd":	11584,
					"rtt":	13288,
					"rttvar":	604,
					"pmtu":	1500,
					"omitted":	false,
					"sender":	true
				}],
			"sum":	{
				"start":	20.001059,
				"end":	21.000917,
				"seconds":	0.999858021736145,
				"bytes":	1238040,
				"bits_per_second":	9905726.39783619,
				"retransmits":	0,
				"omitted":	false,
				"sender":	true
			}
		}, {
			"streams":	[{
					"socket":	5,
					"start":	21.000917,
					"end":	22.000453,
					"seconds":	0.99953597784042358,
					"bytes":	2476080,
					"bits_per_second":	19817835.915019419,
					"retransmits":	0,
					"snd_cwnd":	50680,
					"rtt":	30445,
					"rttvar":	200,
					"pmtu":	1500,
					"omitted":	false,
					"sender":	true
				}],
			"sum":	{
				"start":	21.000917,
				"end":	22.000453,
				"seconds":	0.99953597784042358,
				"bytes":	2476080,
				"bits_per_second":	19817835.915019419,
				"retransmits":	0,
				"omitted":	false,
				"sender":	true
			}
		}, {
			"streams":	[{
					"socket":	5,
					"start":	22.000453,
					"end":	23.000755,
					"seconds":	1.0003019571304321,
					"bytes":	1238040,
					"bits_per_second":	9901330.22273848,
					"retransmits":	0,
					"snd_cwnd":	52128,
					"rtt":	32514,
					"rttvar":	359,
					"pmtu":	1500,
					"omitted":	false,
					"sender":	true
				}],
			"sum":	{
				"start":	22.000453,
				"end":	23.000755,
				"seconds":	1.0003019571304321,
				"bytes":	1238040,
				"bits_per_second":	9901330.22273848,
				"retransmits":	0,
				"omitted":	false,
				"sender":	true
			}
		}, {
			"streams":	[{
					"socket":	5,
					"start":	23.000755,
					"end":	24.001058,
					"seconds":	1.0003030300140381,
					"bytes":	1238040,
					"bits_per_second":	9901319.60298171,
					"retransmits":	0,
					"snd_cwnd":	55024,
					"rtt":	35545,
					"rttvar":	370,
					"pmtu":	1500,
					"omitted":	false,
					"sender":	true
				}],
			"sum":	{
				"start":	23.000755,
				"end":	24.001058,
				"seconds":	1.0003030300140381,
				"bytes":	1238040,
				"bits_per_second":	9901319.60298171,
				"retransmits":	0,
				"omitted":	false,
				"sender":	true
			}
		}, {
			"streams":	[{
					"socket":	5,
					"start":	24.001058,
					"end":	25.00033,
					"seconds":	0.99927198886871338,
					"bytes":	2476080,
					"bits_per_second":	19823071.416647609,
					"retransmits":	0,
					"snd_cwnd":	52128,
					"rtt":	32401,
					"rttvar":	408,
					"pmtu":	1500,
					"omitted":	false,
					"sender":	true
				}],
			"sum":	{
				"start":	24.001058,
				"end":	25.00033,
				"seconds":	0.99927198886871338,
				"bytes":	2476080,
				"bits_per_second":	19823071.416647609,
				"retransmits":	0,
				"omitted":	false,
				"sender":	true
			}
		}, {
			"streams":	[{
					"socket":	5,
					"start":	25.00033,
					"end":	26.000658,
					"seconds":	1.0003279447555542,
					"bytes":	1238040,
					"bits_per_second":	9901072.99503692,
					"retransmits":	0,
					"snd_cwnd":	50680,
					"rtt":	33191,
					"rttvar":	688,
					"pmtu":	1500,
					"omitted":	false,
					"sender":	true
				}],
			"sum":	{
				"start":	25.00033,
				"end":	26.000658,
				"seconds":	1.0003279447555542,
				"bytes":	1238040,
				"bits_per_second":	9901072.99503692,
				"retransmits":	0,
				"omitted":	false,
				"sender":	true
			}
		}, {
			"streams":	[{
					"socket":	5,
					"start":	26.000658,
					"end":	27.000503,
					"seconds":	0.999845027923584,
					"bytes":	1238040,
					"bits_per_second":	9905855.13093832,
					"retransmits":	0,
					"snd_cwnd":	52128,
					"rtt":	30916,
					"rttvar":	259,
					"pmtu":	1500,
					"omitted":	false,
					"sender":	true
				}],
			"sum":	{
				"start":	26.000658,
				"end":	27.000503,
				"seconds":	0.999845027923584,
				"bytes":	1238040,
				"bits_per_second":	9905855.13093832,
				"retransmits":	0,
				"omitted":	false,
				"sender":	true
			}
		}, {
			"streams":	[{
					"socket":	5,
					"start":	27.000503,
					"end":	28.000813,
					"seconds":	1.000309944152832,
					"bytes":	1238040,
					"bits_per_second":	9901251.1650956571,
					"retransmits":	0,
					"snd_cwnd":	49232,
					"rtt":	33822,
					"rttvar":	472,
					"pmtu":	1500,
					"omitted":	false,
					"sender":	true
				}],
			"sum":	{
				"start":	27.000503,
				"end":	28.000813,
				"seconds":	1.000309944152832,
				"bytes":	1238040,
				"bits_per_second":	9901251.1650956571,
				"retransmits":	0,
				"omitted":	false,
				"sender":	true
			}
		}, {
			"streams":	[{
					"socket":	5,
					"start":	28.000813,
					"end":	29.001128,
					"seconds":	1.0003149509429932,
					"bytes":	1238040,
					"bits_per_second":	9901201.60721704,
					"retransmits":	0,
					"snd_cwnd":	52128,
					"rtt":	31675,
					"rttvar":	200,
					"pmtu":	1500,
					"omitted":	false,
					"sender":	true
				}],
			"sum":	{
				"start":	28.000813,
				"end":	29.001128,
				"seconds":	1.0003149509429932,
				"bytes":	1238040,
				"bits_per_second":	9901201.60721704,
				"retransmits":	0,
				"omitted":	false,
				"sender":	true
			}
		}, {
			"streams":	[{
					"socket":	5,
					"start":	29.001128,
					"end":	30.000392,
					"seconds":	0.99926400184631348,
					"bytes":	2476080,
					"bits_per_second":	19823229.86057749,
					"retransmits":	0,
					"snd_cwnd":	50680,
					"rtt":	30797,
					"rttvar":	285,
					"pmtu":	1500,
					"omitted":	false,
					"sender":	true
				}],
			"sum":	{
				"start":	29.001128,
				"end":	30.000392,
				"seconds":	0.99926400184631348,
				"bytes":	2476080,
				"bits_per_second":	19823229.86057749,
				"retransmits":	0,
				"omitted":	false,
				"sender":	true
			}
		}, {
			"streams":	[{
					"socket":	5,
					"start":	30.000392,
					"end":	31.000699,
					"seconds":	1.0003069639205933,
					"bytes":	1238040,
					"bits_per_second":	9901280.6640684642,
					"retransmits":	0,
					"snd_cwnd":	53576,
					"rtt":	35258,
					"rttvar":	1438,
					"pmtu":	1500,
					"omitted":	false,
					"sender":	true
				}],
			"sum":	{
				"start":	30.000392,
				"end":	31.000699,
				"seconds":	1.0003069639205933,
				"bytes":	1238040,
				"bits_per_second":	9901280.6640684642,
				"retransmits":	0,
				"omitted":	false,
				"sender":	true
			}
		}, {
			"streams":	[{
					"socket":	5,
					"start":	31.000699,
					"end":	32.000889,
					"seconds":	1.0001900196075439,
					"bytes":	1238040,
					"bits_per_second":	9902438.34255242,
					"retransmits":	0,
					"snd_cwnd":	57920,
					"rtt":	34870,
					"rttvar":	416,
					"pmtu":	1500,
					"omitted":	false,
					"sender":	true
				}],
			"sum":	{
				"start":	31.000699,
				"end":	32.000889,
				"seconds":	1.0001900196075439,
				"bytes":	1238040,
				"bits_per_second":	9902438.34255242,
				"retransmits":	0,
				"omitted":	false,
				"sender":	true
			}
		}, {
			"streams":	[{
					"socket":	5,
					"start":	32.000889,
					"end":	33.000188,
					"seconds":	0.99929898977279663,
					"bytes":	2476080,
					"bits_per_second":	19822535.800325133,
					"retransmits":	0,
					"snd_cwnd":	56472,
					"rtt":	34158,
					"rttvar":	401,
					"pmtu":	1500,
					"omitted":	false,
					"sender":	true
				}],
			"sum":	{
				"start":	32.000889,
				"end":	33.000188,
				"seconds":	0.99929898977279663,
				"bytes":	2476080,
				"bits_per_second":	19822535.800325133,
				"retransmits":	0,
				"omitted":	false,
				"sender":	true
			}
		}, {
			"streams":	[{
					"socket":	5,
					"start":	33.000188,
					"end":	34.000474,
					"seconds":	1.0002859830856323,
					"bytes":	1238040,
					"bits_per_second":	9901488.341811657,
					"retransmits":	0,
					"snd_cwnd":	55024,
					"rtt":	31651,
					"rttvar":	340,
					"pmtu":	1500,
					"omitted":	false,
					"sender":	true
				}],
			"sum":	{
				"start":	33.000188,
				"end":	34.000474,
				"seconds":	1.0002859830856323,
				"bytes":	1238040,
				"bits_per_second":	9901488.341811657,
				"retransmits":	0,
				"omitted":	false,
				"sender":	true
			}
		}, {
			"streams":	[{
					"socket":	5,
					"start":	34.000474,
					"end":	35.000776,
					"seconds":	1.0003019571304321,
					"bytes":	1238040,
					"bits_per_second":	9901330.22273848,
					"retransmits":	0,
					"snd_cwnd":	52128,
					"rtt":	34198,
					"rttvar":	253,
					"pmtu":	1500,
					"omitted":	false,
					"sender":	true
				}],
			"sum":	{
				"start":	34.000474,
				"end":	35.000776,
				"seconds":	1.0003019571304321,
				"bytes":	1238040,
				"bits_per_second":	9901330.22273848,
				"retransmits":	0,
				"omitted":	false,
				"sender":	true
			}
		}, {
			"streams":	[{
					"socket":	5,
					"start":	35.000776,
					"end":	36.000585,
					"seconds":	0.99980902671813965,
					"bytes":	2476080,
					"bits_per_second":	19812423.64356482,
					"retransmits":	0,
					"snd_cwnd":	52128,
					"rtt":	32353,
					"rttvar":	211,
					"pmtu":	1500,
					"omitted":	false,
					"sender":	true
				}],
			"sum":	{
				"start":	35.000776,
				"end":	36.000585,
				"seconds":	0.99980902671813965,
				"bytes":	2476080,
				"bits_per_second":	19812423.64356482,
				"retransmits":	0,
				"omitted":	false,
				"sender":	true
			}
		}, {
			"streams":	[{
					"socket":	5,
					"start":	36.000585,
					"end":	37.00039,
					"seconds":	0.999804973602295,
					"bytes":	1238040,
					"bits_per_second":	9906251.9806385431,
					"retransmits":	0,
					"snd_cwnd":	50680,
					"rtt":	29028,
					"rttvar":	1416,
					"pmtu":	1500,
					"omitted":	false,
					"sender":	true
				}],
			"sum":	{
				"start":	36.000585,
				"end":	37.00039,
				"seconds":	0.999804973602295,
				"bytes":	1238040,
				"bits_per_second":	9906251.9806385431,
				"retransmits":	0,
				"omitted":	false,
				"sender":	true
			}
		}, {
			"streams":	[{
					"socket":	5,
					"start":	37.00039,
					"end":	38.000687,
					"seconds":	1.000296950340271,
					"bytes":	1238040,
					"bits_per_second":	9901379.78190461,
					"retransmits":	0,
					"snd_cwnd":	53576,
					"rtt":	31847,
					"rttvar":	503,
					"pmtu":	1500,
					"omitted":	false,
					"sender":	true
				}],
			"sum":	{
				"start":	37.00039,
				"end":	38.000687,
				"seconds":	1.000296950340271,
				"bytes":	1238040,
				"bits_per_second":	9901379.78190461,
				"retransmits":	0,
				"omitted":	false,
				"sender":	true
			}
		}, {
			"streams":	[{
					"socket":	5,
					"start":	38.000687,
					"end":	39.000986,
					"seconds":	1.0002989768981934,
					"bytes":	1238040,
					"bits_per_second":	9901359.7221823651,
					"retransmits":	0,
					"snd_cwnd":	52128,
					"rtt":	31564,
					"rttvar":	671,
					"pmtu":	1500,
					"omitted":	false,
					"sender":	true
				}],
			"sum":	{
				"start":	38.000687,
				"end":	39.000986,
				"seconds":	1.0002989768981934,
				"bytes":	1238040,
				"bits_per_second":	9901359.7221823651,
				"retransmits":	0,
				"omitted":	false,
				"sender":	true
			}
		}, {
			"streams":	[{
					"socket":	5,
					"start":	39.000986,
					"end":	40.000268,
					"seconds":	0.99928200244903564,
					"bytes":	2476080,
					"bits_per_second":	19822872.774104886,
					"retransmits":	0,
					"snd_cwnd":	60816,
					"rtt":	32863,
					"rttvar":	261,
					"pmtu":	1500,
					"omitted":	false,
					"sender":	true
				}],
			"sum":	{
				"start":	39.000986,
				"end":	40.000268,
				"seconds":	0.99928200244903564,
				"bytes":	2476080,
				"bits_per_second":	19822872.774104886,
				"retransmits":	0,
				"omitted":	false,
				"sender":	true
			}
		}, {
			"streams":	[{
					"socket":	5,
					"start":	40.000268,
					"end":	41.000581,
					"seconds":	1.0003130435943604,
					"bytes":	1238040,
					"bits_per_second":	9901220.4863504,
					"retransmits":	0,
					"snd_cwnd":	62264,
					"rtt":	28740,
					"rttvar":	200,
					"pmtu":	1500,
					"omitted":	false,
					"sender":	true
				}],
			"sum":	{
				"start":	40.000268,
				"end":	41.000581,
				"seconds":	1.0003130435943604,
				"bytes":	1238040,
				"bits_per_second":	9901220.4863504,
				"retransmits":	0,
				"omitted":	false,
				"sender":	true
			}
		}, {
			"streams":	[{
					"socket":	5,
					"start":	41.000581,
					"end":	42.00052,
					"seconds":	0.99993902444839478,
					"bytes":	2476080,
					"bits_per_second":	19809847.916403919,
					"retransmits":	0,
					"snd_cwnd":	14480,
					"rtt":	12974,
					"rttvar":	182,
					"pmtu":	1500,
					"omitted":	false,
					"sender":	true
				}],
			"sum":	{
				"start":	41.000581,
				"end":	42.00052,
				"seconds":	0.99993902444839478,
				"bytes":	2476080,
				"bits_per_second":	19809847.916403919,
				"retransmits":	0,
				"omitted":	false,
				"sender":	true
			}
		}, {
			"streams":	[{
					"socket":	5,
					"start":	42.00052,
					"end":	43.000832,
					"seconds":	1.0003119707107544,
					"bytes":	1238040,
					"bits_per_second":	9901231.10589455,
					"retransmits":	0,
					"snd_cwnd":	60816,
					"rtt":	33661,
					"rttvar":	1301,
					"pmtu":	1500,
					"omitted":	false,
					"sender":	true
				}],
			"sum":	{
				"start":	42.00052,
				"end":	43.000832,
				"seconds":	1.0003119707107544,
				"bytes":	1238040,
				"bits_per_second":	9901231.10589455,
				"retransmits":	0,
				"omitted":	false,
				"sender":	true
			}
		}, {
			"streams":	[{
					"socket":	5,
					"start":	43.000832,
					"end":	44.000622,
					"seconds":	0.9997900128364563,
					"bytes":	2476080,
					"bits_per_second":	19812800.433764942,
					"retransmits":	0,
					"snd_cwnd":	57920,
					"rtt":	32358,
					"rttvar":	253,
					"pmtu":	1500,
					"omitted":	false,
					"sender":	true
				}],
			"sum":	{
				"start":	43.000832,
				"end":	44.000622,
				"seconds":	0.9997900128364563,
				"bytes":	2476080,
				"bits_per_second":	19812800.433764942,
				"retransmits":	0,
				"omitted":	false,
				"sender":	true
			}
		}, {
			"streams":	[{
					"socket":	5,
					"start":	44.000622,
					"end":	45.00094,
					"seconds":	1.0003180503845215,
					"bytes":	1238040,
					"bits_per_second":	9901170.92877889,
					"retransmits":	0,
					"snd_cwnd":	52128,
					"rtt":	28669,
					"rttvar":	264,
					"pmtu":	1500,
					"omitted":	false,
					"sender":	true
				}],
			"sum":	{
				"start":	44.000622,
				"end":	45.00094,
				"seconds":	1.0003180503845215,
				"bytes":	1238040,
				"bits_per_second":	9901170.92877889,
				"retransmits":	0,
				"omitted":	false,
				"sender":	true
			}
		}, {
			"streams":	[{
					"socket":	5,
					"start":	45.00094,
					"end":	46.000726,
					"seconds":	0.99978601932525635,
					"bytes":	1238040,
					"bits_per_second":	9906439.78666986,
					"retransmits":	0,
					"snd_cwnd":	66608,
					"rtt":	34281,
					"rttvar":	750,
					"pmtu":	1500,
					"omitted":	false,
					"sender":	true
				}],
			"sum":	{
				"start":	45.00094,
				"end":	46.000726,
				"seconds":	0.99978601932525635,
				"bytes":	1238040,
				"bits_per_second":	9906439.78666986,
				"retransmits":	0,
				"omitted":	false,
				"sender":	true
			}
		}, {
			"streams":	[{
					"socket":	5,
					"start":	46.000726,
					"end":	47.000508,
					"seconds":	0.9997820258140564,
					"bytes":	2476080,
					"bits_per_second":	19812958.713546719,
					"retransmits":	0,
					"snd_cwnd":	52128,
					"rtt":	31225,
					"rttvar":	120,
					"pmtu":	1500,
					"omitted":	false,
					"sender":	true
				}],
			"sum":	{
				"start":	46.000726,
				"end":	47.000508,
				"seconds":	0.9997820258140564,
				"bytes":	2476080,
				"bits_per_second":	19812958.713546719,
				"retransmits":	0,
				"omitted":	false,
				"sender":	true
			}
		}, {
			"streams":	[{
					"socket":	5,
					"start":	47.000508,
					"end":	48.000438,
					"seconds":	0.99993002414703369,
					"bytes":	1238040,
					"bits_per_second":	9905013.1117411368,
					"retransmits":	0,
					"snd_cwnd":	53576,
					"rtt":	32818,
					"rttvar":	338,
					"pmtu":	1500,
					"omitted":	false,
					"sender":	true
				}],
			"sum":	{
				"start":	47.000508,
				"end":	48.000438,
				"seconds":	0.99993002414703369,
				"bytes":	1238040,
				"bits_per_second":	9905013.1117411368,
				"retransmits":	0,
				"omitted":	false,
				"sender":	true
			}
		}, {
			"streams":	[{
					"socket":	5,
					"start":	48.000438,
					"end":	49.000748,
					"seconds":	1.000309944152832,
					"bytes":	1238040,
					"bits_per_second":	9901251.1650956571,
					"retransmits":	0,
					"snd_cwnd":	50680,
					"rtt":	32689,
					"rttvar":	415,
					"pmtu":	1500,
					"omitted":	false,
					"sender":	true
				}],
			"sum":	{
				"start":	48.000438,
				"end":	49.000748,
				"seconds":	1.000309944152832,
				"bytes":	1238040,
				"bits_per_second":	9901251.1650956571,
				"retransmits":	0,
				"omitted":	false,
				"sender":	true
			}
		}, {
			"streams":	[{
					"socket":	5,
					"start":	49.000748,
					"end":	50.001052,
					"seconds":	1.0003039836883545,
					"bytes":	1238040,
					"bits_per_second":	9901310.1632170435,
					"retransmits":	0,
					"snd_cwnd":	49232,
					"rtt":	30475,
					"rttvar":	209,
					"pmtu":	1500,
					"omitted":	false,
					"sender":	true
				}],
			"sum":	{
				"start":	49.000748,
				"end":	50.001052,
				"seconds":	1.0003039836883545,
				"bytes":	1238040,
				"bits_per_second":	9901310.1632170435,
				"retransmits":	0,
				"omitted":	false,
				"sender":	true
			}
		}, {
			"streams":	[{
					"socket":	5,
					"start":	50.001052,
					"end":	51.000328,
					"seconds":	0.99927598237991333,
					"bytes":	2476080,
					"bits_per_second":	19822992.19563248,
					"retransmits":	0,
					"snd_cwnd":	49232,
					"rtt":	35917,
					"rttvar":	563,
					"pmtu":	1500,
					"omitted":	false,
					"sender":	true
				}],
			"sum":	{
				"start":	50.001052,
				"end":	51.000328,
				"seconds":	0.99927598237991333,
				"bytes":	2476080,
				"bits_per_second":	19822992.19563248,
				"retransmits":	0,
				"omitted":	false,
				"sender":	true
			}
		}, {
			"streams":	[{
					"socket":	5,
					"start":	51.000328,
					"end":	52.000628,
					"seconds":	1.0003000497817993,
					"bytes":	1238040,
					"bits_per_second":	9901349.10236232,
					"retransmits":	0,
					"snd_cwnd":	53576,
					"rtt":	32166,
					"rttvar":	414,
					"pmtu":	1500,
					"omitted":	false,
					"sender":	true
				}],
			"sum":	{
				"start":	51.000328,
				"end":	52.000628,
				"seconds":	1.0003000497817993,
				"bytes":	1238040,
				"bits_per_second":	9901349.10236232,
				"retransmits":	0,
				"omitted":	false,
				"sender":	true
			}
		}, {
			"streams":	[{
					"socket":	5,
					"start":	52.000628,
					"end":	53.000718,
					"seconds":	1.0000900030136108,
					"bytes":	1238040,
					"bits_per_second":	9903428.66157538,
					"retransmits":	0,
					"snd_cwnd":	57920,
					"rtt":	35564,
					"rttvar":	1346,
					"pmtu":	1500,
					"omitted":	false,
					"sender":	true
				}],
			"sum":	{
				"start":	52.000628,
				"end":	53.000718,
				"seconds":	1.0000900030136108,
				"bytes":	1238040,
				"bits_per_second":	9903428.66157538,
				"retransmits":	0,
				"omitted":	false,
				"sender":	true
			}
		}, {
			"streams":	[{
					"socket":	5,
					"start":	53.000718,
					"end":	54.001018,
					"seconds":	1.0003000497817993,
					"bytes":	1238040,
					"bits_per_second":	9901349.10236232,
					"retransmits":	0,
					"snd_cwnd":	49232,
					"rtt":	30938,
					"rttvar":	208,
					"pmtu":	1500,
					"omitted":	false,
					"sender":	true
				}],
			"sum":	{
				"start":	53.000718,
				"end":	54.001018,
				"seconds":	1.0003000497817993,
				"bytes":	1238040,
				"bits_per_second":	9901349.10236232,
				"retransmits":	0,
				"omitted":	false,
				"sender":	true
			}
		}, {
			"streams":	[{
					"socket":	5,
					"start":	54.001018,
					"end":	55.000813,
					"seconds":	0.99979501962661743,
					"bytes":	1238040,
					"bits_per_second":	9906350.60744637,
					"retransmits":	0,
					"snd_cwnd":	47784,
					"rtt":	32574,
					"rttvar":	295,
					"pmtu":	1500,
					"omitted":	false,
					"sender":	true
				}],
			"sum":	{
				"start":	54.001018,
				"end":	55.000813,
				"seconds":	0.99979501962661743,
				"bytes":	1238040,
				"bits_per_second":	9906350.60744637,
				"retransmits":	0,
				"omitted":	false,
				"sender":	true
			}
		}, {
			"streams":	[{
					"socket":	5,
					"start":	55.000813,
					"end":	56.000084,
					"seconds":	0.9992709755897522,
					"bytes":	2476080,
					"bits_per_second":	19823091.517602909,
					"retransmits":	0,
					"snd_cwnd":	49232,
					"rtt":	31688,
					"rttvar":	419,
					"pmtu":	1500,
					"omitted":	false,
					"sender":	true
				}],
			"sum":	{
				"start":	55.000813,
				"end":	56.000084,
				"seconds":	0.9992709755897522,
				"bytes":	2476080,
				"bits_per_second":	19823091.517602909,
				"retransmits":	0,
				"omitted":	false,
				"sender":	true
			}
		}, {
			"streams":	[{
					"socket":	5,
					"start":	56.000084,
					"end":	57.000388,
					"seconds":	1.0003039836883545,
					"bytes":	1238040,
					"bits_per_second":	9901310.1632170435,
					"retransmits":	0,
					"snd_cwnd":	82536,
					"rtt":	24789,
					"rttvar":	918,
					"pmtu":	1500,
					"omitted":	false,
					"sender":	true
				}],
			"sum":	{
				"start":	56.000084,
				"end":	57.000388,
				"seconds":	1.0003039836883545,
				"bytes":	1238040,
				"bits_per_second":	9901310.1632170435,
				"retransmits":	0,
				"omitted":	false,
				"sender":	true
			}
		}, {
			"streams":	[{
					"socket":	5,
					"start":	57.000388,
					"end":	58.000183,
					"seconds":	0.99979501962661743,
					"bytes":	2476080,
					"bits_per_second":	19812701.214892745,
					"retransmits":	0,
					"snd_cwnd":	65160,
					"rtt":	35219,
					"rttvar":	327,
					"pmtu":	1500,
					"omitted":	false,
					"sender":	true
				}],
			"sum":	{
				"start":	57.000388,
				"end":	58.000183,
				"seconds":	0.99979501962661743,
				"bytes":	2476080,
				"bits_per_second":	19812701.214892745,
				"retransmits":	0,
				"omitted":	false,
				"sender":	true
			}
		}, {
			"streams":	[{
					"socket":	5,
					"start":	58.000183,
					"end":	59.000535,
					"seconds":	1.0003520250320435,
					"bytes":	2476080,
					"bits_per_second":	19801669.316724267,
					"retransmits":	0,
					"snd_cwnd":	118736,
					"rtt":	12765,
					"rttvar":	41,
					"pmtu":	1500,
					"omitted":	false,
					"sender":	true
				}],
			"sum":	{
				"start":	58.000183,
				"end":	59.000535,
				"seconds":	1.0003520250320435,
				"bytes":	2476080,
				"bits_per_second":	19801669.316724267,
				"retransmits":	0,
				"omitted":	false,
				"sender":	true
			}
		}, {
			"streams":	[{
					"socket":	5,
					"start":	59.000535,
					"end":	60.00079,
					"seconds":	1.0002549886703491,
					"bytes":	3714120,
					"bits_per_second":	29705385.463258516,
					"retransmits":	0,
					"snd_cwnd":	124528,
					"rtt":	26637,
					"rttvar":	259,
					"pmtu":	1500,
					"omitted":	false,
					"sender":	true
				}],
			"sum":	{
				"start":	59.000535,
				"end":	60.00079,
				"seconds":	1.0002549886703491,
				"bytes":	3714120,
				"bits_per_second":	29705385.463258516,
				"retransmits":	0,
				"omitted":	false,
				"sender":	true
			}
		}],
	"end":	{
		"streams":	[{
				"sender":	{
					"socket":	5,
					"start":	0,
					"end":	60.00079,
					"seconds":	60.00079,
					"bytes":	109948088,
					"bits_per_second":	14659552.04923135,
					"retransmits":	0,
					"max_snd_cwnd":	363448,
					"max_rtt":	183764,
					"min_rtt":	12765,
					"mean_rtt":	48397,
					"sender":	true
				},
				"receiver":	{
					"socket":	5,
					"start":	0,
					"end":	60.028676,
					"seconds":	60.00079,
					"bytes":	107479040,
					"bits_per_second":	14323692.89637506,
					"sender":	true
				}
			}],
		"sum_sent":	{
			"start":	0,
			"end":	60.00079,
			"seconds":	60.00079,
			"bytes":	109948088,
			"bits_per_second":	14659552.04923135,
			"retransmits":	0,
			"sender":	true
		},
		"sum_received":	{
			"start":	0,
			"end":	60.028676,
			"seconds":	60.028676,
			"bytes":	107479040,
			"bits_per_second":	14323692.89637506,
			"sender":	true
		},
		"cpu_utilization_percent":	{
			"host_total":	0.12180339825498597,
			"host_user":	0.013297466191349644,
			"host_system":	0.10850593206363633,
			"remote_total":	2.025904524202756,
			"remote_user":	0.011402870978039154,
			"remote_system":	2.0145016532247166
		},
		"sender_tcp_congestion":	"bbr",
		"receiver_tcp_congestion":	"cubic"
	}
}
