{
	"start":	{
		"connected":	[{
				"socket":	5,
				"local_host":	"192.168.179.151",
				"local_port":	56368,
				"remote_host":	"192.168.120.131",
				"remote_port":	5201
			}],
		"version":	"iperf 3.9",
		"system_info":	"Linux a 6.14.5-x64v3-xanmod1 #0~20250503.gdace042 SMP PREEMPT_DYNAMIC Sat May  3 00:40:10 UTC x86_64",
		"timestamp":	{
			"time":	"Mon, 05 May 2025 10:20:46 GMT",
			"timesecs":	1746440446
		},
		"connecting_to":	{
			"host":	"192.168.120.131",
			"port":	5201
		},
		"cookie":	"3wrndqxrxgrabuprjzvidndq7nb3pqqse6tp",
		"tcp_mss_default":	1448,
		"sock_bufsize":	0,
		"sndbuf_actual":	65536,
		"rcvbuf_actual":	87380,
		"test_start":	{
			"protocol":	"TCP",
			"num_streams":	1,
			"blksize":	131072,
			"omit":	0,
			"duration":	60,
			"bytes":	0,
			"blocks":	0,
			"reverse":	0,
			"tos":	0
		}
	},
	"intervals":	[{
			"streams":	[{
					"socket":	5,
					"start":	0,
					"end":	1.000205,
					"seconds":	1.0002050399780273,
					"bytes":	4258568,
					"bits_per_second":	34061560.018482231,
					"retransmits":	0,
					"snd_cwnd":	280912,
					"rtt":	83967,
					"rttvar":	559,
					"pmtu":	1500,
					"omitted":	false,
					"sender":	true
				}],
			"sum":	{
				"start":	0,
				"end":	1.000205,
				"seconds":	1.0002050399780273,
				"bytes":	4258568,
				"bits_per_second":	34061560.018482231,
				"retransmits":	0,
				"omitted":	false,
				"sender":	true
			}
		}, {
			"streams":	[{
					"socket":	5,
					"start":	1.000205,
					"end":	2.000518,
					"seconds":	1.0003130435943604,
					"bytes":	1694160,
					"bits_per_second":	13549038.560268966,
					"retransmits":	0,
					"snd_cwnd":	262088,
					"rtt":	95001,
					"rttvar":	225,
					"pmtu":	1500,
					"omitted":	false,
					"sender":	true
				}],
			"sum":	{
				"start":	1.000205,
				"end":	2.000518,
				"seconds":	1.0003130435943604,
				"bytes":	1694160,
				"bits_per_second":	13549038.560268966,
				"retransmits":	0,
				"omitted":	false,
				"sender":	true
			}
		}, {
			"streams":	[{
					"socket":	5,
					"start":	2.000518,
					"end":	3.000799,
					"seconds":	1.0002809762954712,
					"bytes":	2671560,
					"bits_per_second":	21366476.526578289,
					"retransmits":	0,
					"snd_cwnd":	299736,
					"rtt":	90628,
					"rttvar":	266,
					"pmtu":	1500,
					"omitted":	false,
					"sender":	true
				}],
			"sum":	{
				"start":	2.000518,
				"end":	3.000799,
				"seconds":	1.0002809762954712,
				"bytes":	2671560,
				"bits_per_second":	21366476.526578289,
				"retransmits":	0,
				"omitted":	false,
				"sender":	true
			}
		}, {
			"streams":	[{
					"socket":	5,
					"start":	3.000799,
					"end":	4.000079,
					"seconds":	0.99927997589111328,
					"bytes":	4105080,
					"bits_per_second":	32864303.090546954,
					"retransmits":	0,
					"snd_cwnd":	344624,
					"rtt":	126664,
					"rttvar":	340,
					"pmtu":	1500,
					"omitted":	false,
					"sender":	true
				}],
			"sum":	{
				"start":	3.000799,
				"end":	4.000079,
				"seconds":	0.99927997589111328,
				"bytes":	4105080,
				"bits_per_second":	32864303.090546954,
				"retransmits":	0,
				"omitted":	false,
				"sender":	true
			}
		}, {
			"streams":	[{
					"socket":	5,
					"start":	4.000079,
					"end":	5.000396,
					"seconds":	1.0003169775009155,
					"bytes":	2345760,
					"bits_per_second":	18760133.459779076,
					"retransmits":	0,
					"snd_cwnd":	338832,
					"rtt":	105310,
					"rttvar":	238,
					"pmtu":	1500,
					"omitted":	false,
					"sender":	true
				}],
			"sum":	{
				"start":	4.000079,
				"end":	5.000396,
				"seconds":	1.0003169775009155,
				"bytes":	2345760,
				"bits_per_second":	18760133.459779076,
				"retransmits":	0,
				"omitted":	false,
				"sender":	true
			}
		}, {
			"streams":	[{
					"socket":	5,
					"start":	5.000396,
					"end":	6.000685,
					"seconds":	1.0002889633178711,
					"bytes":	2345760,
					"bits_per_second":	18760658.857771009,
					"retransmits":	0,
					"snd_cwnd":	320008,
					"rtt":	103832,
					"rttvar":	402,
					"pmtu":	1500,
					"omitted":	false,
					"sender":	true
				}],
			"sum":	{
				"start":	5.000396,
				"end":	6.000685,
				"seconds":	1.0002889633178711,
				"bytes":	2345760,
				"bits_per_second":	18760658.857771009,
				"retransmits":	0,
				"omitted":	false,
				"sender":	true
			}
		}, {
			"streams":	[{
					"socket":	5,
					"start":	6.000685,
					"end":	7.00049,
					"seconds":	0.999804973602295,
					"bytes":	3518640,
					"bits_per_second":	28154610.892341122,
					"retransmits":	0,
					"snd_cwnd":	318560,
					"rtt":	101577,
					"rttvar":	154,
					"pmtu":	1500,
					"omitted":	false,
					"sender":	true
				}],
			"sum":	{
				"start":	6.000685,
				"end":	7.00049,
				"seconds":	0.999804973602295,
				"bytes":	3518640,
				"bits_per_second":	28154610.892341122,
				"retransmits":	0,
				"omitted":	false,
				"sender":	true
			}
		}, {
			"streams":	[{
					"socket":	5,
					"start":	7.00049,
					"end":	8.000276,
					"seconds":	0.99978601932525635,
					"bytes":	2345760,
					"bits_per_second":	18770096.437900785,
					"retransmits":	0,
					"snd_cwnd":	315664,
					"rtt":	143149,
					"rttvar":	168,
					"pmtu":	1500,
					"omitted":	false,
					"sender":	true
				}],
			"sum":	{
				"start":	7.00049,
				"end":	8.000276,
				"seconds":	0.99978601932525635,
				"bytes":	2345760,
				"bits_per_second":	18770096.437900785,
				"retransmits":	0,
				"omitted":	false,
				"sender":	true
			}
		}, {
			"streams":	[{
					"socket":	5,
					"start":	8.000276,
					"end":	9.000571,
					"seconds":	1.0002950429916382,
					"bytes":	2345760,
					"bits_per_second":	18760544.83272779,
					"retransmits":	0,
					"snd_cwnd":	314216,
					"rtt":	165629,
					"rttvar":	196,
					"pmtu":	1500,
					"omitted":	false,
					"sender":	true
				}],
			"sum":	{
				"start":	8.000276,
				"end":	9.000571,
				"seconds":	1.0002950429916382,
				"bytes":	2345760,
				"bits_per_second":	18760544.83272779,
				"retransmits":	0,
				"omitted":	false,
				"sender":	true
			}
		}, {
			"streams":	[{
					"socket":	5,
					"start":	9.000571,
					"end":	10.000873,
					"seconds":	1.0003019571304321,
					"bytes":	1172880,
					"bits_per_second":	9380207.5794364549,
					"retransmits":	0,
					"snd_cwnd":	295392,
					"rtt":	137208,
					"rttvar":	120,
					"pmtu":	1500,
					"omitted":	false,
					"sender":	true
				}],
			"sum":	{
				"start":	9.000571,
				"end":	10.000873,
				"seconds":	1.0003019571304321,
				"bytes":	1172880,
				"bits_per_second":	9380207.5794364549,
				"retransmits":	0,
				"omitted":	false,
				"sender":	true
			}
		}, {
			"streams":	[{
					"socket":	5,
					"start":	10.000873,
					"end":	11.000681,
					"seconds":	0.99980801343917847,
					"bytes":	2345760,
					"bits_per_second":	18769683.526988056,
					"retransmits":	0,
					"snd_cwnd":	85432,
					"rtt":	40577,
					"rttvar":	188,
					"pmtu":	1500,
					"omitted":	false,
					"sender":	true
				}],
			"sum":	{
				"start":	10.000873,
				"end":	11.000681,
				"seconds":	0.99980801343917847,
				"bytes":	2345760,
				"bits_per_second":	18769683.526988056,
				"retransmits":	0,
				"omitted":	false,
				"sender":	true
			}
		}, {
			"streams":	[{
					"socket":	5,
					"start":	11.000681,
					"end":	12.000468,
					"seconds":	0.99978697299957275,
					"bytes":	2345760,
					"bits_per_second":	18770078.53352778,
					"retransmits":	0,
					"snd_cwnd":	70952,
					"rtt":	39054,
					"rttvar":	354,
					"pmtu":	1500,
					"omitted":	false,
					"sender":	true
				}],
			"sum":	{
				"start":	11.000681,
				"end":	12.000468,
				"seconds":	0.99978697299957275,
				"bytes":	2345760,
				"bits_per_second":	18770078.53352778,
				"retransmits":	0,
				"omitted":	false,
				"sender":	true
			}
		}, {
			"streams":	[{
					"socket":	5,
					"start":	12.000468,
					"end":	13.000248,
					"seconds":	0.999779999256134,
					"bytes":	2345760,
					"bits_per_second":	18770209.460043728,
					"retransmits":	0,
					"snd_cwnd":	59368,
					"rtt":	32715,
					"rttvar":	206,
					"pmtu":	1500,
					"omitted":	false,
					"sender":	true
				}],
			"sum":	{
				"start":	12.000468,
				"end":	13.000248,
				"seconds":	0.999779999256134,
				"bytes":	2345760,
				"bits_per_second":	18770209.460043728,
				"retransmits":	0,
				"omitted":	false,
				"sender":	true
			}
		}, {
			"streams":	[{
					"socket":	5,
					"start":	13.000248,
					"end":	14.00104,
					"seconds":	1.0007920265197754,
					"bytes":	1172880,
					"bits_per_second":	9375614.264863044,
					"retransmits":	0,
					"snd_cwnd":	56472,
					"rtt":	32202,
					"rttvar":	263,
					"pmtu":	1500,
					"omitted":	false,
					"sender":	true
				}],
			"sum":	{
				"start":	13.000248,
				"end":	14.00104,
				"seconds":	1.0007920265197754,
				"bytes":	1172880,
				"bits_per_second":	9375614.264863044,
				"retransmits":	0,
				"omitted":	false,
				"sender":	true
			}
		}, {
			"streams":	[{
					"socket":	5,
					"start":	14.00104,
					"end":	15.000331,
					"seconds":	0.99929100275039673,
					"bytes":	2345760,
					"bits_per_second":	18779394.53907742,
					"retransmits":	0,
					"snd_cwnd":	56472,
					"rtt":	32451,
					"rttvar":	202,
					"pmtu":	1500,
					"omitted":	false,
					"sender":	true
				}],
			"sum":	{
				"start":	14.00104,
				"end":	15.000331,
				"seconds":	0.99929100275039673,
				"bytes":	2345760,
				"bits_per_second":	18779394.53907742,
				"retransmits":	0,
				"omitted":	false,
				"sender":	true
			}
		}, {
			"streams":	[{
					"socket":	5,
					"start":	15.000331,
					"end":	16.000649,
					"seconds":	1.0003180503845215,
					"bytes":	1172880,
					"bits_per_second":	9380056.6693694741,
					"retransmits":	0,
					"snd_cwnd":	63712,
					"rtt":	33411,
					"rttvar":	219,
					"pmtu":	1500,
					"omitted":	false,
					"sender":	true
				}],
			"sum":	{
				"start":	15.000331,
				"end":	16.000649,
				"seconds":	1.0003180503845215,
				"bytes":	1172880,
				"bits_per_second":	9380056.6693694741,
				"retransmits":	0,
				"omitted":	false,
				"sender":	true
			}
		}, {
			"streams":	[{
					"socket":	5,
					"start":	16.000649,
					"end":	17.000425,
					"seconds":	0.999776005744934,
					"bytes":	2345760,
					"bits_per_second":	18770284.435879592,
					"retransmits":	0,
					"snd_cwnd":	55024,
					"rtt":	33723,
					"rttvar":	684,
					"pmtu":	1500,
					"omitted":	false,
					"sender":	true
				}],
			"sum":	{
				"start":	16.000649,
				"end":	17.000425,
				"seconds":	0.999776005744934,
				"bytes":	2345760,
				"bits_per_second":	18770284.435879592,
				"retransmits":	0,
				"omitted":	false,
				"sender":	true
			}
		}, {
			"streams":	[{
					"socket":	5,
					"start":	17.000425,
					"end":	18.000719,
					"seconds":	1.0002939701080322,
					"bytes":	1172880,
					"bits_per_second":	9380282.47734676,
					"retransmits":	0,
					"snd_cwnd":	53576,
					"rtt":	33083,
					"rttvar":	479,
					"pmtu":	1500,
					"omitted":	false,
					"sender":	true
				}],
			"sum":	{
				"start":	17.000425,
				"end":	18.000719,
				"seconds":	1.0002939701080322,
				"bytes":	1172880,
				"bits_per_second":	9380282.47734676,
				"retransmits":	0,
				"omitted":	false,
				"sender":	true
			}
		}, {
			"streams":	[{
					"socket":	5,
					"start":	18.000719,
					"end":	19.001036,
					"seconds":	1.0003169775009155,
					"bytes":	1172880,
					"bits_per_second":	9380066.72988954,
					"retransmits":	0,
					"snd_cwnd":	49232,
					"rtt":	32378,
					"rttvar":	1095,
					"pmtu":	1500,
					"omitted":	false,
					"sender":	true
				}],
			"sum":	{
				"start":	18.000719,
				"end":	19.001036,
				"seconds":	1.0003169775009155,
				"bytes":	1172880,
				"bits_per_second":	9380066.72988954,
				"retransmits":	0,
				"omitted":	false,
				"sender":	true
			}
		}, {
			"streams":	[{
					"socket":	5,
					"start":	19.001036,
					"end":	20.000314,
					"seconds":	0.99927800893783569,
					"bytes":	2345760,
					"bits_per_second":	18779638.731314685,
					"retransmits":	0,
					"snd_cwnd":	46336,
					"rtt":	32265,
					"rttvar":	333,
					"pmtu":	1500,
					"omitted":	false,
					"sender":	true
				}],
			"sum":	{
				"start":	19.001036,
				"end":	20.000314,
				"seconds":	0.99927800893783569,
				"bytes":	2345760,
				"bits_per_second":	18779638.731314685,
				"retransmits":	0,
				"omitted":	false,
				"sender":	true
			}
		}, {
			"streams":	[{
					"socket":	5,
					"start":	20.000314,
					"end":	21.000629,
					"seconds":	1.0003149509429932,
					"bytes":	1172880,
					"bits_per_second":	9380085.73315299,
					"retransmits":	0,
					"snd_cwnd":	50680,
					"rtt":	12950,
					"rttvar":	379,
					"pmtu":	1500,
					"omitted":	false,
					"sender":	true
				}],
			"sum":	{
				"start":	20.000314,
				"end":	21.000629,
				"seconds":	1.0003149509429932,
				"bytes":	1172880,
				"bits_per_second":	9380085.73315299,
				"retransmits":	0,
				"omitted":	false,
				"sender":	true
			}
		}, {
			"streams":	[{
					"socket":	5,
					"start":	21.000629,
					"end":	22.000944,
					"seconds":	1.0003149509429932,
					"bytes":	1172880,
					"bits_per_second":	9380085.73315299,
					"retransmits":	0,
					"snd_cwnd":	50680,
					"rtt":	36319,
					"rttvar":	155,
					"pmtu":	1500,
					"omitted":	false,
					"sender":	true
				}],
			"sum":	{
				"start":	21.000629,
				"end":	22.000944,
				"seconds":	1.0003149509429932,
				"bytes":	1172880,
				"bits_per_second":	9380085.73315299,
				"retransmits":	0,
				"omitted":	false,
				"sender":	true
			}
		}, {
			"streams":	[{
					"socket":	5,
					"start":	22.000944,
					"end":	23.000713,
					"seconds":	0.99976897239685059,
					"bytes":	1172880,
					"bits_per_second":	9385208.2421652451,
					"retransmits":	0,
					"snd_cwnd":	47784,
					"rtt":	32778,
					"rttvar":	247,
					"pmtu":	1500,
					"omitted":	false,
					"sender":	true
				}],
			"sum":	{
				"start":	22.000944,
				"end":	23.000713,
				"seconds":	0.99976897239685059,
				"bytes":	1172880,
				"bits_per_second":	9385208.2421652451,
				"retransmits":	0,
				"omitted":	false,
				"sender":	true
			}
		}, {
			"streams":	[{
					"socket":	5,
					"start":	23.000713,
					"end":	24.000999,
					"seconds":	1.0002859830856323,
					"bytes":	1172880,
					"bits_per_second":	9380357.37645315,
					"retransmits":	0,
					"snd_cwnd":	47784,
					"rtt":	35158,
					"rttvar":	923,
					"pmtu":	1500,
					"omitted":	false,
					"sender":	true
				}],
			"sum":	{
				"start":	23.000713,
				"end":	24.000999,
				"seconds":	1.0002859830856323,
				"bytes":	1172880,
				"bits_per_second":	9380357.37645315,
				"retransmits":	0,
				"omitted":	false,
				"sender":	true
			}
		}, {
			"streams":	[{
					"socket":	5,
					"start":	24.000999,
					"end":	25.000289,
					"seconds":	0.99928998947143555,
					"bytes":	2345760,
					"bits_per_second":	18779413.581363034,
					"retransmits":	0,
					"snd_cwnd":	47784,
					"rtt":	28389,
					"rttvar":	197,
					"pmtu":	1500,
					"omitted":	false,
					"sender":	true
				}],
			"sum":	{
				"start":	24.000999,
				"end":	25.000289,
				"seconds":	0.99928998947143555,
				"bytes":	2345760,
				"bits_per_second":	18779413.581363034,
				"retransmits":	0,
				"omitted":	false,
				"sender":	true
			}
		}, {
			"streams":	[{
					"socket":	5,
					"start":	25.000289,
					"end":	26.000607,
					"seconds":	1.0003180503845215,
					"bytes":	1172880,
					"bits_per_second":	9380056.6693694741,
					"retransmits":	0,
					"snd_cwnd":	11584,
					"rtt":	33383,
					"rttvar":	522,
					"pmtu":	1500,
					"omitted":	false,
					"sender":	true
				}],
			"sum":	{
				"start":	25.000289,
				"end":	26.000607,
				"seconds":	1.0003180503845215,
				"bytes":	1172880,
				"bits_per_second":	9380056.6693694741,
				"retransmits":	0,
				"omitted":	false,
				"sender":	true
			}
		}, {
			"streams":	[{
					"socket":	5,
					"start":	26.000607,
					"end":	27.000924,
					"seconds":	1.0003169775009155,
					"bytes":	1172880,
					"bits_per_second":	9380066.72988954,
					"retransmits":	0,
					"snd_cwnd":	50680,
					"rtt":	29768,
					"rttvar":	244,
					"pmtu":	1500,
					"omitted":	false,
					"sender":	true
				}],
			"sum":	{
				"start":	26.000607,
				"end":	27.000924,
				"seconds":	1.0003169775009155,
				"bytes":	1172880,
				"bits_per_second":	9380066.72988954,
				"retransmits":	0,
				"omitted":	false,
				"sender":	true
			}
		}, {
			"streams":	[{
					"socket":	5,
					"start":	27.000924,
					"end":	28.000746,
					"seconds":	0.99982202053070068,
					"bytes":	1172880,
					"bits_per_second":	9384710.28575619,
					"retransmits":	0,
					"snd_cwnd":	59368,
					"rtt":	34824,
					"rttvar":	422,
					"pmtu":	1500,
					"omitted":	false,
					"sender":	true
				}],
			"sum":	{
				"start":	27.000924,
				"end":	28.000746,
				"seconds":	0.99982202053070068,
				"bytes":	1172880,
				"bits_per_second":	9384710.28575619,
				"retransmits":	0,
				"omitted":	false,
				"sender":	true
			}
		}, {
			"streams":	[{
					"socket":	5,
					"start":	28.000746,
					"end":	29.000546,
					"seconds":	0.99980002641677856,
					"bytes":	2345760,
					"bits_per_second":	18769833.470855638,
					"retransmits":	0,
					"snd_cwnd":	50680,
					"rtt":	31609,
					"rttvar":	237,
					"pmtu":	1500,
					"omitted":	false,
					"sender":	true
				}],
			"sum":	{
				"start":	28.000746,
				"end":	29.000546,
				"seconds":	0.99980002641677856,
				"bytes":	2345760,
				"bits_per_second":	18769833.470855638,
				"retransmits":	0,
				"omitted":	false,
				"sender":	true
			}
		}, {
			"streams":	[{
					"socket":	5,
					"start":	29.000546,
					"end":	30.000814,
					"seconds":	1.00026798248291,
					"bytes":	1172880,
					"bits_per_second":	9380526.183302395,
					"retransmits":	0,
					"snd_cwnd":	57920,
					"rtt":	34410,
					"rttvar":	304,
					"pmtu":	1500,
					"omitted":	false,
					"sender":	true
				}],
			"sum":	{
				"start":	29.000546,
				"end":	30.000814,
				"seconds":	1.00026798248291,
				"bytes":	1172880,
				"bits_per_second":	9380526.183302395,
				"retransmits":	0,
				"omitted":	false,
				"sender":	true
			}
		}, {
			"streams":	[{
					"socket":	5,
					"start":	30.000814,
					"end":	31.000618,
					"seconds":	0.99980401992797852,
					"bytes":	2345760,
					"bits_per_second":	18769758.498622388,
					"retransmits":	0,
					"snd_cwnd":	56472,
					"rtt":	31206,
					"rttvar":	440,
					"pmtu":	1500,
					"omitted":	false,
					"sender":	true
				}],
			"sum":	{
				"start":	30.000814,
				"end":	31.000618,
				"seconds":	0.99980401992797852,
				"bytes":	2345760,
				"bits_per_second":	18769758.498622388,
				"retransmits":	0,
				"omitted":	false,
				"sender":	true
			}
		}, {
			"streams":	[{
					"socket":	5,
					"start":	31.000618,
					"end":	32.000829,
					"seconds":	1.0002110004425049,
					"bytes":	1172880,
					"bits_per_second":	9381060.59206391,
					"retransmits":	0,
					"snd_cwnd":	65160,
					"rtt":	35787,
					"rttvar":	751,
					"pmtu":	1500,
					"omitted":	false,
					"sender":	true
				}],
			"sum":	{
				"start":	31.000618,
				"end":	32.000829,
				"seconds":	1.0002110004425049,
				"bytes":	1172880,
				"bits_per_second":	9381060.59206391,
				"retransmits":	0,
				"omitted":	false,
				"sender":	true
			}
		}, {
			"streams":	[{
					"socket":	5,
					"start":	32.000829,
					"end":	33.001128,
					"seconds":	1.0002989768981934,
					"bytes":	1172880,
					"bits_per_second":	9380235.52627803,
					"retransmits":	0,
					"snd_cwnd":	53576,
					"rtt":	30684,
					"rttvar":	248,
					"pmtu":	1500,
					"omitted":	false,
					"sender":	true
				}],
			"sum":	{
				"start":	32.000829,
				"end":	33.001128,
				"seconds":	1.0002989768981934,
				"bytes":	1172880,
				"bits_per_second":	9380235.52627803,
				"retransmits":	0,
				"omitted":	false,
				"sender":	true
			}
		}, {
			"streams":	[{
					"socket":	5,
					"start":	33.001128,
					"end":	34.00042,
					"seconds":	0.999292016029358,
					"bytes":	2345760,
					"bits_per_second":	18779375.496830426,
					"retransmits":	0,
					"snd_cwnd":	66608,
					"rtt":	30070,
					"rttvar":	878,
					"pmtu":	1500,
					"omitted":	false,
					"sender":	true
				}],
			"sum":	{
				"start":	33.001128,
				"end":	34.00042,
				"seconds":	0.999292016029358,
				"bytes":	2345760,
				"bits_per_second":	18779375.496830426,
				"retransmits":	0,
				"omitted":	false,
				"sender":	true
			}
		}, {
			"streams":	[{
					"socket":	5,
					"start":	34.00042,
					"end":	35.000697,
					"seconds":	1.000277042388916,
					"bytes":	1172880,
					"bits_per_second":	9380441.22015528,
					"retransmits":	0,
					"snd_cwnd":	55024,
					"rtt":	32109,
					"rttvar":	155,
					"pmtu":	1500,
					"omitted":	false,
					"sender":	true
				}],
			"sum":	{
				"start":	34.00042,
				"end":	35.000697,
				"seconds":	1.000277042388916,
				"bytes":	1172880,
				"bits_per_second":	9380441.22015528,
				"retransmits":	0,
				"omitted":	false,
				"sender":	true
			}
		}, {
			"streams":	[{
					"socket":	5,
					"start":	35.000697,
					"end":	36.000506,
					"seconds":	0.99980902671813965,
					"bytes":	2345760,
					"bits_per_second":	18769664.504429828,
					"retransmits":	0,
					"snd_cwnd":	62264,
					"rtt":	32319,
					"rttvar":	577,
					"pmtu":	1500,
					"omitted":	false,
					"sender":	true
				}],
			"sum":	{
				"start":	35.000697,
				"end":	36.000506,
				"seconds":	0.99980902671813965,
				"bytes":	2345760,
				"bits_per_second":	18769664.504429828,
				"retransmits":	0,
				"omitted":	false,
				"sender":	true
			}
		}, {
			"streams":	[{
					"socket":	5,
					"start":	36.000506,
					"end":	37.001071,
					"seconds":	1.0005650520324707,
					"bytes":	1172880,
					"bits_per_second":	9377741.08833805,
					"retransmits":	0,
					"snd_cwnd":	50680,
					"rtt":	32950,
					"rttvar":	266,
					"pmtu":	1500,
					"omitted":	false,
					"sender":	true
				}],
			"sum":	{
				"start":	36.000506,
				"end":	37.001071,
				"seconds":	1.0005650520324707,
				"bytes":	1172880,
				"bits_per_second":	9377741.08833805,
				"retransmits":	0,
				"omitted":	false,
				"sender":	true
			}
		}, {
			"streams":	[{
					"socket":	5,
					"start":	37.001071,
					"end":	38.000852,
					"seconds":	0.99978101253509521,
					"bytes":	1172880,
					"bits_per_second":	9385095.2182097249,
					"retransmits":	0,
					"snd_cwnd":	57920,
					"rtt":	35765,
					"rttvar":	319,
					"pmtu":	1500,
					"omitted":	false,
					"sender":	true
				}],
			"sum":	{
				"start":	37.001071,
				"end":	38.000852,
				"seconds":	0.99978101253509521,
				"bytes":	1172880,
				"bits_per_second":	9385095.2182097249,
				"retransmits":	0,
				"omitted":	false,
				"sender":	true
			}
		}, {
			"streams":	[{
					"socket":	5,
					"start":	38.000852,
					"end":	39.000661,
					"seconds":	0.99980902671813965,
					"bytes":	2345760,
					"bits_per_second":	18769664.504429828,
					"retransmits":	0,
					"snd_cwnd":	53576,
					"rtt":	34279,
					"rttvar":	656,
					"pmtu":	1500,
					"omitted":	false,
					"sender":	true
				}],
			"sum":	{
				"start":	38.000852,
				"end":	39.000661,
				"seconds":	0.99980902671813965,
				"bytes":	2345760,
				"bits_per_second":	18769664.504429828,
				"retransmits":	0,
				"omitted":	false,
				"sender":	true
			}
		}, {
			"streams":	[{
					"socket":	5,
					"start":	39.000661,
					"end":	40.00095,
					"seconds":	1.0002889633178711,
					"bytes":	1172880,
					"bits_per_second":	9380329.4288855046,
					"retransmits":	0,
					"snd_cwnd":	68056,
					"rtt":	32415,
					"rttvar":	998,
					"pmtu":	1500,
					"omitted":	false,
					"sender":	true
				}],
			"sum":	{
				"start":	39.000661,
				"end":	40.00095,
				"seconds":	1.0002889633178711,
				"bytes":	1172880,
				"bits_per_second":	9380329.4288855046,
				"retransmits":	0,
				"omitted":	false,
				"sender":	true
			}
		}, {
			"streams":	[{
					"socket":	5,
					"start":	40.00095,
					"end":	41.000732,
					"seconds":	0.9997820258140564,
					"bytes":	2345760,
					"bits_per_second":	18770171.412833735,
					"retransmits":	0,
					"snd_cwnd":	55024,
					"rtt":	28114,
					"rttvar":	204,
					"pmtu":	1500,
					"omitted":	false,
					"sender":	true
				}],
			"sum":	{
				"start":	40.00095,
				"end":	41.000732,
				"seconds":	0.9997820258140564,
				"bytes":	2345760,
				"bits_per_second":	18770171.412833735,
				"retransmits":	0,
				"omitted":	false,
				"sender":	true
			}
		}, {
			"streams":	[{
					"socket":	5,
					"start":	41.000732,
					"end":	42.001034,
					"seconds":	1.0003019571304321,
					"bytes":	1172880,
					"bits_per_second":	9380207.5794364549,
					"retransmits":	0,
					"snd_cwnd":	56472,
					"rtt":	15913,
					"rttvar":	1400,
					"pmtu":	1500,
					"omitted":	false,
					"sender":	true
				}],
			"sum":	{
				"start":	41.000732,
				"end":	42.001034,
				"seconds":	1.0003019571304321,
				"bytes":	1172880,
				"bits_per_second":	9380207.5794364549,
				"retransmits":	0,
				"omitted":	false,
				"sender":	true
			}
		}, {
			"streams":	[{
					"socket":	5,
					"start":	42.001034,
					"end":	43.000306,
					"seconds":	0.99927198886871338,
					"bytes":	2345760,
					"bits_per_second":	18779751.868403,
					"retransmits":	0,
					"snd_cwnd":	56472,
					"rtt":	33013,
					"rttvar":	299,
					"pmtu":	1500,
					"omitted":	false,
					"sender":	true
				}],
			"sum":	{
				"start":	42.001034,
				"end":	43.000306,
				"seconds":	0.99927198886871338,
				"bytes":	2345760,
				"bits_per_second":	18779751.868403,
				"retransmits":	0,
				"omitted":	false,
				"sender":	true
			}
		}, {
			"streams":	[{
					"socket":	5,
					"start":	43.000306,
					"end":	44.000648,
					"seconds":	1.0003420114517212,
					"bytes":	1172880,
					"bits_per_second":	9379831.990044184,
					"retransmits":	0,
					"snd_cwnd":	57920,
					"rtt":	27807,
					"rttvar":	282,
					"pmtu":	1500,
					"omitted":	false,
					"sender":	true
				}],
			"sum":	{
				"start":	43.000306,
				"end":	44.000648,
				"seconds":	1.0003420114517212,
				"bytes":	1172880,
				"bits_per_second":	9379831.990044184,
				"retransmits":	0,
				"omitted":	false,
				"sender":	true
			}
		}, {
			"streams":	[{
					"socket":	5,
					"start":	44.000648,
					"end":	45.000407,
					"seconds":	0.999759018421173,
					"bytes":	2345760,
					"bits_per_second":	18770603.369635548,
					"retransmits":	0,
					"snd_cwnd":	56472,
					"rtt":	31692,
					"rttvar":	489,
					"pmtu":	1500,
					"omitted":	false,
					"sender":	true
				}],
			"sum":	{
				"start":	44.000648,
				"end":	45.000407,
				"seconds":	0.999759018421173,
				"bytes":	2345760,
				"bits_per_second":	18770603.369635548,
				"retransmits":	0,
				"omitted":	false,
				"sender":	true
			}
		}, {
			"streams":	[{
					"socket":	5,
					"start":	45.000407,
					"end":	46.000721,
					"seconds":	1.0003139972686768,
					"bytes":	1172880,
					"bits_per_second":	9380094.67589184,
					"retransmits":	0,
					"snd_cwnd":	55024,
					"rtt":	35925,
					"rttvar":	392,
					"pmtu":	1500,
					"omitted":	false,
					"sender":	true
				}],
			"sum":	{
				"start":	45.000407,
				"end":	46.000721,
				"seconds":	1.0003139972686768,
				"bytes":	1172880,
				"bits_per_second":	9380094.67589184,
				"retransmits":	0,
				"omitted":	false,
				"sender":	true
			}
		}, {
			"streams":	[{
					"socket":	5,
					"start":	46.000721,
					"end":	47.000496,
					"seconds":	0.999774992465973,
					"bytes":	2345760,
					"bits_per_second":	18770303.459694408,
					"retransmits":	0,
					"snd_cwnd":	11584,
					"rtt":	19451,
					"rttvar":	2832,
					"pmtu":	1500,
					"omitted":	false,
					"sender":	true
				}],
			"sum":	{
				"start":	46.000721,
				"end":	47.000496,
				"seconds":	0.999774992465973,
				"bytes":	2345760,
				"bits_per_second":	18770303.459694408,
				"retransmits":	0,
				"omitted":	false,
				"sender":	true
			}
		}, {
			"streams":	[{
					"socket":	5,
					"start":	47.000496,
					"end":	48.000365,
					"seconds":	0.99986898899078369,
					"bytes":	1172880,
					"bits_per_second":	9384269.4426104333,
					"retransmits":	0,
					"snd_cwnd":	53576,
					"rtt":	31158,
					"rttvar":	192,
					"pmtu":	1500,
					"omitted":	false,
					"sender":	true
				}],
			"sum":	{
				"start":	47.000496,
				"end":	48.000365,
				"seconds":	0.99986898899078369,
				"bytes":	1172880,
				"bits_per_second":	9384269.4426104333,
				"retransmits":	0,
				"omitted":	false,
				"sender":	true
			}
		}, {
			"streams":	[{
					"socket":	5,
					"start":	48.000365,
					"end":	49.000671,
					"seconds":	1.0003060102462769,
					"bytes":	1172880,
					"bits_per_second":	9380169.5719991531,
					"retransmits":	0,
					"snd_cwnd":	44888,
					"rtt":	28705,
					"rttvar":	201,
					"pmtu":	1500,
					"omitted":	false,
					"sender":	true
				}],
			"sum":	{
				"start":	48.000365,
				"end":	49.000671,
				"seconds":	1.0003060102462769,
				"bytes":	1172880,
				"bits_per_second":	9380169.5719991531,
				"retransmits":	0,
				"omitted":	false,
				"sender":	true
			}
		}, {
			"streams":	[{
					"socket":	5,
					"start":	49.000671,
					"end":	50.000978,
					"seconds":	1.0003069639205933,
					"bytes":	1172880,
					"bits_per_second":	9380160.62911749,
					"retransmits":	0,
					"snd_cwnd":	47784,
					"rtt":	33422,
					"rttvar":	799,
					"pmtu":	1500,
					"omitted":	false,
					"sender":	true
				}],
			"sum":	{
				"start":	49.000671,
				"end":	50.000978,
				"seconds":	1.0003069639205933,
				"bytes":	1172880,
				"bits_per_second":	9380160.62911749,
				"retransmits":	0,
				"omitted":	false,
				"sender":	true
			}
		}, {
			"streams":	[{
					"socket":	5,
					"start":	50.000978,
					"end":	51.001303,
					"seconds":	1.0003249645233154,
					"bytes":	1172880,
					"bits_per_second":	9379991.8354245,
					"retransmits":	0,
					"snd_cwnd":	52128,
					"rtt":	34146,
					"rttvar":	1029,
					"pmtu":	1500,
					"omitted":	false,
					"sender":	true
				}],
			"sum":	{
				"start":	50.000978,
				"end":	51.001303,
				"seconds":	1.0003249645233154,
				"bytes":	1172880,
				"bits_per_second":	9379991.8354245,
				"retransmits":	0,
				"omitted":	false,
				"sender":	true
			}
		}, {
			"streams":	[{
					"socket":	5,
					"start":	51.001303,
					"end":	52.000567,
					"seconds":	0.99926400184631348,
					"bytes":	2345760,
					"bits_per_second":	18779901.973178674,
					"retransmits":	0,
					"snd_cwnd":	43440,
					"rtt":	30521,
					"rttvar":	169,
					"pmtu":	1500,
					"omitted":	false,
					"sender":	true
				}],
			"sum":	{
				"start":	51.001303,
				"end":	52.000567,
				"seconds":	0.99926400184631348,
				"bytes":	2345760,
				"bits_per_second":	18779901.973178674,
				"retransmits":	0,
				"omitted":	false,
				"sender":	true
			}
		}, {
			"streams":	[{
					"socket":	5,
					"start":	52.000567,
					"end":	53.000455,
					"seconds":	0.999888002872467,
					"bytes":	1172880,
					"bits_per_second":	9384090.9912355263,
					"retransmits":	0,
					"snd_cwnd":	47784,
					"rtt":	33105,
					"rttvar":	895,
					"pmtu":	1500,
					"omitted":	false,
					"sender":	true
				}],
			"sum":	{
				"start":	52.000567,
				"end":	53.000455,
				"seconds":	0.999888002872467,
				"bytes":	1172880,
				"bits_per_second":	9384090.9912355263,
				"retransmits":	0,
				"omitted":	false,
				"sender":	true
			}
		}, {
			"streams":	[{
					"socket":	5,
					"start":	53.000455,
					"end":	54.000742,
					"seconds":	1.0002870559692383,
					"bytes":	1172880,
					"bits_per_second":	9380347.31530961,
					"retransmits":	0,
					"snd_cwnd":	55024,
					"rtt":	36158,
					"rttvar":	671,
					"pmtu":	1500,
					"omitted":	false,
					"sender":	true
				}],
			"sum":	{
				"start":	53.000455,
				"end":	54.000742,
				"seconds":	1.0002870559692383,
				"bytes":	1172880,
				"bits_per_second":	9380347.31530961,
				"retransmits":	0,
				"omitted":	false,
				"sender":	true
			}
		}, {
			"streams":	[{
					"socket":	5,
					"start":	54.000742,
					"end":	55.000551,
					"seconds":	0.99980902671813965,
					"bytes":	1172880,
					"bits_per_second":	9384832.2522149142,
					"retransmits":	0,
					"snd_cwnd":	41992,
					"rtt":	30647,
					"rttvar":	175,
					"pmtu":	1500,
					"omitted":	false,
					"sender":	true
				}],
			"sum":	{
				"start":	54.000742,
				"end":	55.000551,
				"seconds":	0.99980902671813965,
				"bytes":	1172880,
				"bits_per_second":	9384832.2522149142,
				"retransmits":	0,
				"omitted":	false,
				"sender":	true
			}
		}, {
			"streams":	[{
					"socket":	5,
					"start":	55.000551,
					"end":	56.00083,
					"seconds":	1.0002789497375488,
					"bytes":	1172880,
					"bits_per_second":	9380423.33337306,
					"retransmits":	0,
					"snd_cwnd":	46336,
					"rtt":	28189,
					"rttvar":	403,
					"pmtu":	1500,
					"omitted":	false,
					"sender":	true
				}],
			"sum":	{
				"start":	55.000551,
				"end":	56.00083,
				"seconds":	1.0002789497375488,
				"bytes":	1172880,
				"bits_per_second":	9380423.33337306,
				"retransmits":	0,
				"omitted":	false,
				"sender":	true
			}
		}, {
			"streams":	[{
					"socket":	5,
					"start":	56.00083,
					"end":	57.00011,
					"seconds":	0.99927997589111328,
					"bytes":	2345760,
					"bits_per_second":	18779601.766026832,
					"retransmits":	0,
					"snd_cwnd":	76744,
					"rtt":	22304,
					"rttvar":	1867,
					"pmtu":	1500,
					"omitted":	false,
					"sender":	true
				}],
			"sum":	{
				"start":	56.00083,
				"end":	57.00011,
				"seconds":	0.99927997589111328,
				"bytes":	2345760,
				"bits_per_second":	18779601.766026832,
				"retransmits":	0,
				"omitted":	false,
				"sender":	true
			}
		}, {
			"streams":	[{
					"socket":	5,
					"start":	57.00011,
					"end":	58.000413,
					"seconds":	1.0003030300140381,
					"bytes":	1172880,
					"bits_per_second":	9380197.5186142549,
					"retransmits":	0,
					"snd_cwnd":	68056,
					"rtt":	33140,
					"rttvar":	327,
					"pmtu":	1500,
					"omitted":	false,
					"sender":	true
				}],
			"sum":	{
				"start":	57.00011,
				"end":	58.000413,
				"seconds":	1.0003030300140381,
				"bytes":	1172880,
				"bits_per_second":	9380197.5186142549,
				"retransmits":	0,
				"omitted":	false,
				"sender":	true
			}
		}, {
			"streams":	[{
					"socket":	5,
					"start":	58.000413,
					"end":	59.000727,
					"seconds":	1.0003139972686768,
					"bytes":	2345760,
					"bits_per_second":	18760189.351783682,
					"retransmits":	0,
					"snd_cwnd":	128872,
					"rtt":	19418,
					"rttvar":	251,
					"pmtu":	1500,
					"omitted":	false,
					"sender":	true
				}],
			"sum":	{
				"start":	58.000413,
				"end":	59.000727,
				"seconds":	1.0003139972686768,
				"bytes":	2345760,
				"bits_per_second":	18760189.351783682,
				"retransmits":	0,
				"omitted":	false,
				"sender":	true
			}
		}, {
			"streams":	[{
					"socket":	5,
					"start":	59.000727,
					"end":	60.000518,
					"seconds":	0.99979102611541748,
					"bytes":	4691520,
					"bits_per_second":	37540004.880647153,
					"retransmits":	0,
					"snd_cwnd":	144800,
					"rtt":	32096,
					"rttvar":	229,
					"pmtu":	1500,
					"omitted":	false,
					"sender":	true
				}],
			"sum":	{
				"start":	59.000727,
				"end":	60.000518,
				"seconds":	0.99979102611541748,
				"bytes":	4691520,
				"bits_per_second":	37540004.880647153,
				"retransmits":	0,
				"omitted":	false,
				"sender":	true
			}
		}],
	"end":	{
		"streams":	[{
				"sender":	{
					"socket":	5,
					"start":	0,
					"end":	60.000518,
					"seconds":	60.000518,
					"bytes":	111251288,
					"bits_per_second":	14833377.005178522,
					"retransmits":	0,
					"max_snd_cwnd":	344624,
					"max_rtt":	165629,
					"min_rtt":	12950,
					"mean_rtt":	45282,
					"sender":	true
				},
				"receiver":	{
					"socket":	5,
					"start":	0,
					"end":	60.033158,
					"seconds":	60.000518,
					"bytes":	108527616,
					"bits_per_second":	14462356.419763891,
					"sender":	true
				}
			}],
		"sum_sent":	{
			"start":	0,
			"end":	60.000518,
			"seconds":	60.000518,
			"bytes":	111251288,
			"bits_per_second":	14833377.005178522,
			"retransmits":	0,
			"sender":	true
		},
		"sum_received":	{
			"start":	0,
			"end":	60.033158,
			"seconds":	60.033158,
			"bytes":	108527616,
			"bits_per_second":	14462356.419763891,
			"sender":	true
		},
		"cpu_utilization_percent":	{
			"host_total":	0.10611113362774473,
			"host_user":	0,
			"host_system":	0.10611113362774473,
			"remote_total":	1.9201994763230139,
			"remote_user":	0.0035030622227471167,
			"remote_system":	1.9166964141002669
		},
		"sender_tcp_congestion":	"bbr",
		"receiver_tcp_congestion":	"cubic"
	}
}
