{
	"start":	{
		"connected":	[{
				"socket":	4,
				"local_host":	"192.168.179.151",
				"local_port":	36060,
				"remote_host":	"192.168.120.131",
				"remote_port":	5201
			}],
		"version":	"iperf 3.1.3",
		"system_info":	"Linux a 4.15.0-213-generic #224-Ubuntu SMP Mon Jun 19 13:30:12 UTC 2023 x86_64",
		"timestamp":	{
			"time":	"Mon, 05 May 2025 10:43:15 GMT",
			"timesecs":	1746441795
		},
		"connecting_to":	{
			"host":	"192.168.120.131",
			"port":	5201
		},
		"cookie":	"a.1746441795.181826.2cd03c2d0e741aa3",
		"tcp_mss_default":	1448,
		"test_start":	{
			"protocol":	"TCP",
			"num_streams":	1,
			"blksize":	131072,
			"omit":	0,
			"duration":	60,
			"bytes":	0,
			"blocks":	0,
			"reverse":	0
		}
	},
	"intervals":	[{
			"streams":	[{
					"socket":	4,
					"start":	0,
					"end":	1.000661,
					"seconds":	1.000661,
					"bytes":	8465008,
					"bits_per_second":	67675321.495283,
					"retransmits":	0,
					"snd_cwnd":	761648,
					"rtt":	154459,
					"omitted":	false
				}],
			"sum":	{
				"start":	0,
				"end":	1.000661,
				"seconds":	1.000661,
				"bytes":	8465008,
				"bits_per_second":	67675321.495283,
				"retransmits":	0,
				"omitted":	false
			}
		}, {
			"streams":	[{
					"socket":	4,
					"start":	1.000661,
					"end":	2.000239,
					"seconds":	0.999578,
					"bytes":	4561200,
					"bits_per_second":	36505005.144478,
					"retransmits":	0,
					"snd_cwnd":	990432,
					"rtt":	203900,
					"omitted":	false
				}],
			"sum":	{
				"start":	1.000661,
				"end":	2.000239,
				"seconds":	0.999578,
				"bytes":	4561200,
				"bits_per_second":	36505005.144478,
				"retransmits":	0,
				"omitted":	false
			}
		}, {
			"streams":	[{
					"socket":	4,
					"start":	2.000239,
					"end":	3.000225,
					"seconds":	0.999986,
					"bytes":	4496040,
					"bits_per_second":	35968825.962546,
					"retransmits":	0,
					"snd_cwnd":	1219216,
					"rtt":	253197,
					"omitted":	false
				}],
			"sum":	{
				"start":	2.000239,
				"end":	3.000225,
				"seconds":	0.999986,
				"bytes":	4496040,
				"bits_per_second":	35968825.962546,
				"retransmits":	0,
				"omitted":	false
			}
		}, {
			"streams":	[{
					"socket":	4,
					"start":	3.000225,
					"end":	4.000204,
					"seconds":	0.999979,
					"bytes":	4430880,
					"bits_per_second":	35447783.724100,
					"retransmits":	0,
					"snd_cwnd":	1443656,
					"rtt":	310073,
					"omitted":	false
				}],
			"sum":	{
				"start":	3.000225,
				"end":	4.000204,
				"seconds":	0.999979,
				"bytes":	4430880,
				"bits_per_second":	35447783.724100,
				"retransmits":	0,
				"omitted":	false
			}
		}, {
			"streams":	[{
					"socket":	4,
					"start":	4.000204,
					"end":	5.000431,
					"seconds":	1.000227,
					"bytes":	4300560,
					"bits_per_second":	34396672.832819,
					"retransmits":	0,
					"snd_cwnd":	1660856,
					"rtt":	364564,
					"omitted":	false
				}],
			"sum":	{
				"start":	4.000204,
				"end":	5.000431,
				"seconds":	1.000227,
				"bytes":	4300560,
				"bits_per_second":	34396672.832819,
				"retransmits":	0,
				"omitted":	false
			}
		}, {
			"streams":	[{
					"socket":	4,
					"start":	5.000431,
					"end":	6.000514,
					"seconds":	1.000083,
					"bytes":	4300560,
					"bits_per_second":	34401625.708621,
					"retransmits":	0,
					"snd_cwnd":	1879504,
					"rtt":	416687,
					"omitted":	false
				}],
			"sum":	{
				"start":	5.000431,
				"end":	6.000514,
				"seconds":	1.000083,
				"bytes":	4300560,
				"bits_per_second":	34401625.708621,
				"retransmits":	0,
				"omitted":	false
			}
		}, {
			"streams":	[{
					"socket":	4,
					"start":	6.000514,
					"end":	7.000221,
					"seconds":	0.999707,
					"bytes":	4105080,
					"bits_per_second":	32850265.667693,
					"retransmits":	0,
					"snd_cwnd":	2088016,
					"rtt":	479146,
					"omitted":	false
				}],
			"sum":	{
				"start":	6.000514,
				"end":	7.000221,
				"seconds":	0.999707,
				"bytes":	4105080,
				"bits_per_second":	32850265.667693,
				"retransmits":	0,
				"omitted":	false
			}
		}, {
			"streams":	[{
					"socket":	4,
					"start":	7.000221,
					"end":	8.000095,
					"seconds":	0.999874,
					"bytes":	4067712,
					"bits_per_second":	32545793.027473,
					"retransmits":	0,
					"snd_cwnd":	2295080,
					"rtt":	527126,
					"omitted":	false
				}],
			"sum":	{
				"start":	7.000221,
				"end":	8.000095,
				"seconds":	0.999874,
				"bytes":	4067712,
				"bits_per_second":	32545793.027473,
				"retransmits":	0,
				"omitted":	false
			}
		}, {
			"streams":	[{
					"socket":	4,
					"start":	8.000095,
					"end":	9.000613,
					"seconds":	1.000518,
					"bytes":	4132872,
					"bits_per_second":	33045863.359806,
					"retransmits":	0,
					"snd_cwnd":	2503592,
					"rtt":	575924,
					"omitted":	false
				}],
			"sum":	{
				"start":	8.000095,
				"end":	9.000613,
				"seconds":	1.000518,
				"bytes":	4132872,
				"bits_per_second":	33045863.359806,
				"retransmits":	0,
				"omitted":	false
			}
		}, {
			"streams":	[{
					"socket":	4,
					"start":	9.000613,
					"end":	10.000123,
					"seconds":	0.999510,
					"bytes":	4015584,
					"bits_per_second":	32140419.204176,
					"retransmits":	0,
					"snd_cwnd":	2704864,
					"rtt":	623677,
					"omitted":	false
				}],
			"sum":	{
				"start":	9.000613,
				"end":	10.000123,
				"seconds":	0.999510,
				"bytes":	4015584,
				"bits_per_second":	32140419.204176,
				"retransmits":	0,
				"omitted":	false
			}
		}, {
			"streams":	[{
					"socket":	4,
					"start":	10.000123,
					"end":	11.000221,
					"seconds":	1.000098,
					"bytes":	4067712,
					"bits_per_second":	32538507.550473,
					"retransmits":	0,
					"snd_cwnd":	2914824,
					"rtt":	674614,
					"omitted":	false
				}],
			"sum":	{
				"start":	10.000123,
				"end":	11.000221,
				"seconds":	1.000098,
				"bytes":	4067712,
				"bits_per_second":	32538507.550473,
				"retransmits":	0,
				"omitted":	false
			}
		}, {
			"streams":	[{
					"socket":	4,
					"start":	11.000221,
					"end":	12.000376,
					"seconds":	1.000155,
					"bytes":	3937392,
					"bits_per_second":	31494255.269866,
					"retransmits":	0,
					"snd_cwnd":	3107408,
					"rtt":	662944,
					"omitted":	false
				}],
			"sum":	{
				"start":	11.000221,
				"end":	12.000376,
				"seconds":	1.000155,
				"bytes":	3937392,
				"bits_per_second":	31494255.269866,
				"retransmits":	0,
				"omitted":	false
			}
		}, {
			"streams":	[{
					"socket":	4,
					"start":	12.000376,
					"end":	13.000385,
					"seconds":	1.000009,
					"bytes":	3998208,
					"bits_per_second":	31985374.215516,
					"retransmits":	0,
					"snd_cwnd":	3308680,
					"rtt":	708376,
					"omitted":	false
				}],
			"sum":	{
				"start":	12.000376,
				"end":	13.000385,
				"seconds":	1.000009,
				"bytes":	3998208,
				"bits_per_second":	31985374.215516,
				"retransmits":	0,
				"omitted":	false
			}
		}, {
			"streams":	[{
					"socket":	4,
					"start":	13.000385,
					"end":	14.000743,
					"seconds":	1.000358,
					"bytes":	3416112,
					"bits_per_second":	27319112.897113,
					"retransmits":	0,
					"snd_cwnd":	3478096,
					"rtt":	861823,
					"omitted":	false
				}],
			"sum":	{
				"start":	13.000385,
				"end":	14.000743,
				"seconds":	1.000358,
				"bytes":	3416112,
				"bits_per_second":	27319112.897113,
				"retransmits":	0,
				"omitted":	false
			}
		}, {
			"streams":	[{
					"socket":	4,
					"start":	14.000743,
					"end":	15.000874,
					"seconds":	1.000131,
					"bytes":	3416112,
					"bits_per_second":	27325319.339768,
					"retransmits":	0,
					"snd_cwnd":	3608416,
					"rtt":	937556,
					"omitted":	false
				}],
			"sum":	{
				"start":	14.000743,
				"end":	15.000874,
				"seconds":	1.000131,
				"bytes":	3416112,
				"bits_per_second":	27325319.339768,
				"retransmits":	0,
				"omitted":	false
			}
		}, {
			"streams":	[{
					"socket":	4,
					"start":	15.000874,
					"end":	16.000945,
					"seconds":	1.000071,
					"bytes":	3411768,
					"bits_per_second":	27292204.923322,
					"retransmits":	0,
					"snd_cwnd":	3608416,
					"rtt":	985721,
					"omitted":	false
				}],
			"sum":	{
				"start":	15.000874,
				"end":	16.000945,
				"seconds":	1.000071,
				"bytes":	3411768,
				"bits_per_second":	27292204.923322,
				"retransmits":	0,
				"omitted":	false
			}
		}, {
			"streams":	[{
					"socket":	4,
					"start":	16.000945,
					"end":	17.000635,
					"seconds":	0.999690,
					"bytes":	2825328,
					"bits_per_second":	22609631.723150,
					"retransmits":	0,
					"snd_cwnd":	3608416,
					"rtt":	979107,
					"omitted":	false
				}],
			"sum":	{
				"start":	16.000945,
				"end":	17.000635,
				"seconds":	0.999690,
				"bytes":	2825328,
				"bits_per_second":	22609631.723150,
				"retransmits":	0,
				"omitted":	false
			}
		}, {
			"streams":	[{
					"socket":	4,
					"start":	17.000635,
					"end":	18.000684,
					"seconds":	1.000049,
					"bytes":	2955648,
					"bits_per_second":	23644028.378992,
					"retransmits":	0,
					"snd_cwnd":	3608416,
					"rtt":	1055449,
					"omitted":	false
				}],
			"sum":	{
				"start":	17.000635,
				"end":	18.000684,
				"seconds":	1.000049,
				"bytes":	2955648,
				"bits_per_second":	23644028.378992,
				"retransmits":	0,
				"omitted":	false
			}
		}, {
			"streams":	[{
					"socket":	4,
					"start":	18.000684,
					"end":	19.001291,
					"seconds":	1.000607,
					"bytes":	2231648,
					"bits_per_second":	17842353.446975,
					"retransmits":	0,
					"snd_cwnd":	3608416,
					"rtt":	1086599,
					"omitted":	false
				}],
			"sum":	{
				"start":	18.000684,
				"end":	19.001291,
				"seconds":	1.000607,
				"bytes":	2231648,
				"bits_per_second":	17842353.446975,
				"retransmits":	0,
				"omitted":	false
			}
		}, {
			"streams":	[{
					"socket":	4,
					"start":	19.001291,
					"end":	20.001425,
					"seconds":	1.000134,
					"bytes":	2231648,
					"bits_per_second":	17850792.150199,
					"retransmits":	0,
					"snd_cwnd":	3608416,
					"rtt":	1194270,
					"omitted":	false
				}],
			"sum":	{
				"start":	19.001291,
				"end":	20.001425,
				"seconds":	1.000134,
				"bytes":	2231648,
				"bits_per_second":	17850792.150199,
				"retransmits":	0,
				"omitted":	false
			}
		}, {
			"streams":	[{
					"socket":	4,
					"start":	20.001425,
					"end":	21.001167,
					"seconds":	0.999742,
					"bytes":	847080,
					"bits_per_second":	6778388.613472,
					"retransmits":	407,
					"snd_cwnd":	1510264,
					"rtt":	1146918,
					"omitted":	false
				}],
			"sum":	{
				"start":	20.001425,
				"end":	21.001167,
				"seconds":	0.999742,
				"bytes":	847080,
				"bits_per_second":	6778388.613472,
				"retransmits":	407,
				"omitted":	false
			}
		}, {
			"streams":	[{
					"socket":	4,
					"start":	21.001167,
					"end":	22.001208,
					"seconds":	1.000041,
					"bytes":	1694160,
					"bits_per_second":	13552724.229944,
					"retransmits":	592,
					"snd_cwnd":	1293064,
					"rtt":	919594,
					"omitted":	false
				}],
			"sum":	{
				"start":	21.001167,
				"end":	22.001208,
				"seconds":	1.000041,
				"bytes":	1694160,
				"bits_per_second":	13552724.229944,
				"retransmits":	592,
				"omitted":	false
			}
		}, {
			"streams":	[{
					"socket":	4,
					"start":	22.001208,
					"end":	23.001408,
					"seconds":	1.000200,
					"bytes":	847080,
					"bits_per_second":	6775284.718199,
					"retransmits":	50,
					"snd_cwnd":	1445104,
					"rtt":	855600,
					"omitted":	false
				}],
			"sum":	{
				"start":	22.001208,
				"end":	23.001408,
				"seconds":	1.000200,
				"bytes":	847080,
				"bits_per_second":	6775284.718199,
				"retransmits":	50,
				"omitted":	false
			}
		}, {
			"streams":	[{
					"socket":	4,
					"start":	23.001408,
					"end":	24.000763,
					"seconds":	0.999355,
					"bytes":	1889640,
					"bits_per_second":	15126875.658783,
					"retransmits":	0,
					"snd_cwnd":	1471168,
					"rtt":	1079560,
					"omitted":	false
				}],
			"sum":	{
				"start":	23.001408,
				"end":	24.000763,
				"seconds":	0.999355,
				"bytes":	1889640,
				"bits_per_second":	15126875.658783,
				"retransmits":	0,
				"omitted":	false
			}
		}, {
			"streams":	[{
					"socket":	4,
					"start":	24.000763,
					"end":	25.001462,
					"seconds":	1.000699,
					"bytes":	1310720,
					"bits_per_second":	10478437.616917,
					"retransmits":	0,
					"snd_cwnd":	1769456,
					"rtt":	1059967,
					"omitted":	false
				}],
			"sum":	{
				"start":	24.000763,
				"end":	25.001462,
				"seconds":	1.000699,
				"bytes":	1310720,
				"bits_per_second":	10478437.616917,
				"retransmits":	0,
				"omitted":	false
			}
		}, {
			"streams":	[{
					"socket":	4,
					"start":	25.001462,
					"end":	26.001508,
					"seconds":	1.000046,
					"bytes":	1310720,
					"bits_per_second":	10485277.522201,
					"retransmits":	153,
					"snd_cwnd":	1492888,
					"rtt":	1146690,
					"omitted":	false
				}],
			"sum":	{
				"start":	25.001462,
				"end":	26.001508,
				"seconds":	1.000046,
				"bytes":	1310720,
				"bits_per_second":	10485277.522201,
				"retransmits":	153,
				"omitted":	false
			}
		}, {
			"streams":	[{
					"socket":	4,
					"start":	26.001508,
					"end":	27.000538,
					"seconds":	0.999030,
					"bytes":	1483640,
					"bits_per_second":	11880642.878463,
					"retransmits":	24,
					"snd_cwnd":	1274240,
					"rtt":	1085926,
					"omitted":	false
				}],
			"sum":	{
				"start":	26.001508,
				"end":	27.000538,
				"seconds":	0.999030,
				"bytes":	1483640,
				"bits_per_second":	11880642.878463,
				"retransmits":	24,
				"omitted":	false
			}
		}, {
			"streams":	[{
					"socket":	4,
					"start":	27.000538,
					"end":	28.000600,
					"seconds":	1.000062,
					"bytes":	1889640,
					"bits_per_second":	15116182.965495,
					"retransmits":	0,
					"snd_cwnd":	1280032,
					"rtt":	765798,
					"omitted":	false
				}],
			"sum":	{
				"start":	27.000538,
				"end":	28.000600,
				"seconds":	1.000062,
				"bytes":	1889640,
				"bits_per_second":	15116182.965495,
				"retransmits":	0,
				"omitted":	false
			}
		}, {
			"streams":	[{
					"socket":	4,
					"start":	28.000600,
					"end":	29.000510,
					"seconds":	0.999910,
					"bytes":	1629000,
					"bits_per_second":	13033174.578664,
					"retransmits":	0,
					"snd_cwnd":	1342296,
					"rtt":	896372,
					"omitted":	false
				}],
			"sum":	{
				"start":	28.000600,
				"end":	29.000510,
				"seconds":	0.999910,
				"bytes":	1629000,
				"bits_per_second":	13033174.578664,
				"retransmits":	0,
				"omitted":	false
			}
		}, {
			"streams":	[{
					"socket":	4,
					"start":	29.000510,
					"end":	30.001183,
					"seconds":	1.000673,
					"bytes":	1310720,
					"bits_per_second":	10478707.246895,
					"retransmits":	0,
					"snd_cwnd":	1404560,
					"rtt":	931385,
					"omitted":	false
				}],
			"sum":	{
				"start":	29.000510,
				"end":	30.001183,
				"seconds":	1.000673,
				"bytes":	1310720,
				"bits_per_second":	10478707.246895,
				"retransmits":	0,
				"omitted":	false
			}
		}, {
			"streams":	[{
					"socket":	4,
					"start":	30.001183,
					"end":	31.000584,
					"seconds":	0.999401,
					"bytes":	1426000,
					"bits_per_second":	11414836.430815,
					"retransmits":	0,
					"snd_cwnd":	1455240,
					"rtt":	974830,
					"omitted":	false
				}],
			"sum":	{
				"start":	30.001183,
				"end":	31.000584,
				"seconds":	0.999401,
				"bytes":	1426000,
				"bits_per_second":	11414836.430815,
				"retransmits":	0,
				"omitted":	false
			}
		}, {
			"streams":	[{
					"socket":	4,
					"start":	31.000584,
					"end":	32.000437,
					"seconds":	0.999853,
					"bytes":	1433520,
					"bits_per_second":	11469847.263432,
					"retransmits":	0,
					"snd_cwnd":	1492888,
					"rtt":	1009589,
					"omitted":	false
				}],
			"sum":	{
				"start":	31.000584,
				"end":	32.000437,
				"seconds":	0.999853,
				"bytes":	1433520,
				"bits_per_second":	11469847.263432,
				"retransmits":	0,
				"omitted":	false
			}
		}, {
			"streams":	[{
					"socket":	4,
					"start":	32.000437,
					"end":	33.000467,
					"seconds":	1.000030,
					"bytes":	1498680,
					"bits_per_second":	11989079.839158,
					"retransmits":	0,
					"snd_cwnd":	1520400,
					"rtt":	1036712,
					"omitted":	false
				}],
			"sum":	{
				"start":	32.000437,
				"end":	33.000467,
				"seconds":	1.000030,
				"bytes":	1498680,
				"bits_per_second":	11989079.839158,
				"retransmits":	0,
				"omitted":	false
			}
		}, {
			"streams":	[{
					"socket":	4,
					"start":	33.000467,
					"end":	34.001400,
					"seconds":	1.000933,
					"bytes":	977400,
					"bits_per_second":	7811912.018078,
					"retransmits":	22,
					"snd_cwnd":	1346640,
					"rtt":	1046739,
					"omitted":	false
				}],
			"sum":	{
				"start":	33.000467,
				"end":	34.001400,
				"seconds":	1.000933,
				"bytes":	977400,
				"bits_per_second":	7811912.018078,
				"retransmits":	22,
				"omitted":	false
			}
		}, {
			"streams":	[{
					"socket":	4,
					"start":	34.001400,
					"end":	35.001591,
					"seconds":	1.000191,
					"bytes":	781920,
					"bits_per_second":	6254165.621466,
					"retransmits":	21,
					"snd_cwnd":	1071520,
					"rtt":	983269,
					"omitted":	false
				}],
			"sum":	{
				"start":	34.001400,
				"end":	35.001591,
				"seconds":	1.000191,
				"bytes":	781920,
				"bits_per_second":	6254165.621466,
				"retransmits":	21,
				"omitted":	false
			}
		}, {
			"streams":	[{
					"socket":	4,
					"start":	35.001591,
					"end":	36.001330,
					"seconds":	0.999739,
					"bytes":	2280600,
					"bits_per_second":	18249560.031384,
					"retransmits":	0,
					"snd_cwnd":	1084552,
					"rtt":	739572,
					"omitted":	false
				}],
			"sum":	{
				"start":	35.001591,
				"end":	36.001330,
				"seconds":	0.999739,
				"bytes":	2280600,
				"bits_per_second":	18249560.031384,
				"retransmits":	0,
				"omitted":	false
			}
		}, {
			"streams":	[{
					"socket":	4,
					"start":	36.001330,
					"end":	37.000485,
					"seconds":	0.999155,
					"bytes":	1694160,
					"bits_per_second":	13564744.839090,
					"retransmits":	0,
					"snd_cwnd":	1152608,
					"rtt":	764033,
					"omitted":	false
				}],
			"sum":	{
				"start":	36.001330,
				"end":	37.000485,
				"seconds":	0.999155,
				"bytes":	1694160,
				"bits_per_second":	13564744.839090,
				"retransmits":	0,
				"omitted":	false
			}
		}, {
			"streams":	[{
					"socket":	4,
					"start":	37.000485,
					"end":	38.001219,
					"seconds":	1.000734,
					"bytes":	1310720,
					"bits_per_second":	10478068.146519,
					"retransmits":	0,
					"snd_cwnd":	1203288,
					"rtt":	804163,
					"omitted":	false
				}],
			"sum":	{
				"start":	37.000485,
				"end":	38.001219,
				"seconds":	1.000734,
				"bytes":	1310720,
				"bits_per_second":	10478068.146519,
				"retransmits":	0,
				"omitted":	false
			}
		}, {
			"streams":	[{
					"socket":	4,
					"start":	38.001219,
					"end":	39.000630,
					"seconds":	0.999411,
					"bytes":	1556320,
					"bits_per_second":	12457896.379065,
					"retransmits":	0,
					"snd_cwnd":	1243832,
					"rtt":	837498,
					"omitted":	false
				}],
			"sum":	{
				"start":	38.001219,
				"end":	39.000630,
				"seconds":	0.999411,
				"bytes":	1556320,
				"bits_per_second":	12457896.379065,
				"retransmits":	0,
				"omitted":	false
			}
		}, {
			"streams":	[{
					"socket":	4,
					"start":	39.000630,
					"end":	40.001186,
					"seconds":	1.000556,
					"bytes":	1172880,
					"bits_per_second":	9377826.002579,
					"retransmits":	0,
					"snd_cwnd":	1268448,
					"rtt":	863787,
					"omitted":	false
				}],
			"sum":	{
				"start":	39.000630,
				"end":	40.001186,
				"seconds":	1.000556,
				"bytes":	1172880,
				"bits_per_second":	9377826.002579,
				"retransmits":	0,
				"omitted":	false
			}
		}, {
			"streams":	[{
					"socket":	4,
					"start":	40.001186,
					"end":	41.000419,
					"seconds":	0.999233,
					"bytes":	1498680,
					"bits_per_second":	11998642.869919,
					"retransmits":	0,
					"snd_cwnd":	1287272,
					"rtt":	886574,
					"omitted":	false
				}],
			"sum":	{
				"start":	40.001186,
				"end":	41.000419,
				"seconds":	0.999233,
				"bytes":	1498680,
				"bits_per_second":	11998642.869919,
				"retransmits":	0,
				"omitted":	false
			}
		}, {
			"streams":	[{
					"socket":	4,
					"start":	41.000419,
					"end":	42.000421,
					"seconds":	1.000002,
					"bytes":	1629000,
					"bits_per_second":	13031975.143480,
					"retransmits":	0,
					"snd_cwnd":	1295960,
					"rtt":	897398,
					"omitted":	false
				}],
			"sum":	{
				"start":	41.000419,
				"end":	42.000421,
				"seconds":	1.000002,
				"bytes":	1629000,
				"bits_per_second":	13031975.143480,
				"retransmits":	0,
				"omitted":	false
			}
		}, {
			"streams":	[{
					"socket":	4,
					"start":	42.000421,
					"end":	43.000325,
					"seconds":	0.999904,
					"bytes":	1498680,
					"bits_per_second":	11990592.088311,
					"retransmits":	0,
					"snd_cwnd":	1298856,
					"rtt":	901834,
					"omitted":	false
				}],
			"sum":	{
				"start":	42.000421,
				"end":	43.000325,
				"seconds":	0.999904,
				"bytes":	1498680,
				"bits_per_second":	11990592.088311,
				"retransmits":	0,
				"omitted":	false
			}
		}, {
			"streams":	[{
					"socket":	4,
					"start":	43.000325,
					"end":	44.001243,
					"seconds":	1.000918,
					"bytes":	1303200,
					"bits_per_second":	10416036.516613,
					"retransmits":	0,
					"snd_cwnd":	1300304,
					"rtt":	908333,
					"omitted":	false
				}],
			"sum":	{
				"start":	43.000325,
				"end":	44.001243,
				"seconds":	1.000918,
				"bytes":	1303200,
				"bits_per_second":	10416036.516613,
				"retransmits":	0,
				"omitted":	false
			}
		}, {
			"streams":	[{
					"socket":	4,
					"start":	44.001243,
					"end":	45.001615,
					"seconds":	1.000372,
					"bytes":	1303200,
					"bits_per_second":	10421723.817169,
					"retransmits":	0,
					"snd_cwnd":	1303200,
					"rtt":	909328,
					"omitted":	false
				}],
			"sum":	{
				"start":	44.001243,
				"end":	45.001615,
				"seconds":	1.000372,
				"bytes":	1303200,
				"bits_per_second":	10421723.817169,
				"retransmits":	0,
				"omitted":	false
			}
		}, {
			"streams":	[{
					"socket":	4,
					"start":	45.001615,
					"end":	46.000157,
					"seconds":	0.998542,
					"bytes":	1498680,
					"bits_per_second":	12006945.281065,
					"retransmits":	0,
					"snd_cwnd":	1311888,
					"rtt":	912694,
					"omitted":	false
				}],
			"sum":	{
				"start":	45.001615,
				"end":	46.000157,
				"seconds":	0.998542,
				"bytes":	1498680,
				"bits_per_second":	12006945.281065,
				"retransmits":	0,
				"omitted":	false
			}
		}, {
			"streams":	[{
					"socket":	4,
					"start":	46.000157,
					"end":	47.000284,
					"seconds":	1.000127,
					"bytes":	1629000,
					"bits_per_second":	13030347.247902,
					"retransmits":	0,
					"snd_cwnd":	1329264,
					"rtt":	915355,
					"omitted":	false
				}],
			"sum":	{
				"start":	46.000157,
				"end":	47.000284,
				"seconds":	1.000127,
				"bytes":	1629000,
				"bits_per_second":	13030347.247902,
				"retransmits":	0,
				"omitted":	false
			}
		}, {
			"streams":	[{
					"socket":	4,
					"start":	47.000284,
					"end":	48.001496,
					"seconds":	1.001212,
					"bytes":	1303200,
					"bits_per_second":	10412978.220255,
					"retransmits":	0,
					"snd_cwnd":	1356776,
					"rtt":	926776,
					"omitted":	false
				}],
			"sum":	{
				"start":	47.000284,
				"end":	48.001496,
				"seconds":	1.001212,
				"bytes":	1303200,
				"bits_per_second":	10412978.220255,
				"retransmits":	0,
				"omitted":	false
			}
		}, {
			"streams":	[{
					"socket":	4,
					"start":	48.001496,
					"end":	49.001185,
					"seconds":	0.999689,
					"bytes":	1310720,
					"bits_per_second":	10489021.013842,
					"retransmits":	0,
					"snd_cwnd":	1397320,
					"rtt":	944164,
					"omitted":	false
				}],
			"sum":	{
				"start":	48.001496,
				"end":	49.001185,
				"seconds":	0.999689,
				"bytes":	1310720,
				"bits_per_second":	10489021.013842,
				"retransmits":	0,
				"omitted":	false
			}
		}, {
			"streams":	[{
					"socket":	4,
					"start":	49.001185,
					"end":	50.000297,
					"seconds":	0.999112,
					"bytes":	1426000,
					"bits_per_second":	11418140.555756,
					"retransmits":	0,
					"snd_cwnd":	1453792,
					"rtt":	965029,
					"omitted":	false
				}],
			"sum":	{
				"start":	49.001185,
				"end":	50.000297,
				"seconds":	0.999112,
				"bytes":	1426000,
				"bits_per_second":	11418140.555756,
				"retransmits":	0,
				"omitted":	false
			}
		}, {
			"streams":	[{
					"socket":	4,
					"start":	50.000297,
					"end":	51.001299,
					"seconds":	1.001002,
					"bytes":	1107720,
					"bits_per_second":	8852888.756656,
					"retransmits":	8,
					"snd_cwnd":	1406008,
					"rtt":	993839,
					"omitted":	false
				}],
			"sum":	{
				"start":	50.000297,
				"end":	51.001299,
				"seconds":	1.001002,
				"bytes":	1107720,
				"bits_per_second":	8852888.756656,
				"retransmits":	8,
				"omitted":	false
			}
		}, {
			"streams":	[{
					"socket":	4,
					"start":	51.001299,
					"end":	52.001226,
					"seconds":	0.999927,
					"bytes":	456120,
					"bits_per_second":	3649227.103367,
					"retransmits":	22,
					"snd_cwnd":	1061384,
					"rtt":	959154,
					"omitted":	false
				}],
			"sum":	{
				"start":	51.001299,
				"end":	52.001226,
				"seconds":	0.999927,
				"bytes":	456120,
				"bits_per_second":	3649227.103367,
				"retransmits":	22,
				"omitted":	false
			}
		}, {
			"streams":	[{
					"socket":	4,
					"start":	52.001226,
					"end":	53.000532,
					"seconds":	0.999306,
					"bytes":	3062520,
					"bits_per_second":	24517169.965086,
					"retransmits":	0,
					"snd_cwnd":	1086000,
					"rtt":	661975,
					"omitted":	false
				}],
			"sum":	{
				"start":	52.001226,
				"end":	53.000532,
				"seconds":	0.999306,
				"bytes":	3062520,
				"bits_per_second":	24517169.965086,
				"retransmits":	0,
				"omitted":	false
			}
		}, {
			"streams":	[{
					"socket":	4,
					"start":	53.000532,
					"end":	54.000222,
					"seconds":	0.999690,
					"bytes":	1563840,
					"bits_per_second":	12514601.811370,
					"retransmits":	0,
					"snd_cwnd":	1184464,
					"rtt":	669391,
					"omitted":	false
				}],
			"sum":	{
				"start":	53.000532,
				"end":	54.000222,
				"seconds":	0.999690,
				"bytes":	1563840,
				"bits_per_second":	12514601.811370,
				"retransmits":	0,
				"omitted":	false
			}
		}, {
			"streams":	[{
					"socket":	4,
					"start":	54.000222,
					"end":	55.000247,
					"seconds":	1.000025,
					"bytes":	1824480,
					"bits_per_second":	14595474.617606,
					"retransmits":	0,
					"snd_cwnd":	1288720,
					"rtt":	728373,
					"omitted":	false
				}],
			"sum":	{
				"start":	54.000222,
				"end":	55.000247,
				"seconds":	1.000025,
				"bytes":	1824480,
				"bits_per_second":	14595474.617606,
				"retransmits":	0,
				"omitted":	false
			}
		}, {
			"streams":	[{
					"socket":	4,
					"start":	55.000247,
					"end":	56.001532,
					"seconds":	1.001285,
					"bytes":	1303200,
					"bits_per_second":	10412219.505135,
					"retransmits":	0,
					"snd_cwnd":	1353880,
					"rtt":	772003,
					"omitted":	false
				}],
			"sum":	{
				"start":	55.000247,
				"end":	56.001532,
				"seconds":	1.001285,
				"bytes":	1303200,
				"bits_per_second":	10412219.505135,
				"retransmits":	0,
				"omitted":	false
			}
		}, {
			"streams":	[{
					"socket":	4,
					"start":	56.001532,
					"end":	57.000683,
					"seconds":	0.999151,
					"bytes":	1889640,
					"bits_per_second":	15129965.470199,
					"retransmits":	0,
					"snd_cwnd":	1419040,
					"rtt":	810342,
					"omitted":	false
				}],
			"sum":	{
				"start":	56.001532,
				"end":	57.000683,
				"seconds":	0.999151,
				"bytes":	1889640,
				"bits_per_second":	15129965.470199,
				"retransmits":	0,
				"omitted":	false
			}
		}, {
			"streams":	[{
					"socket":	4,
					"start":	57.000683,
					"end":	58.000134,
					"seconds":	0.999451,
					"bytes":	1498680,
					"bits_per_second":	11996026.754230,
					"retransmits":	0,
					"snd_cwnd":	1458136,
					"rtt":	840139,
					"omitted":	false
				}],
			"sum":	{
				"start":	57.000683,
				"end":	58.000134,
				"seconds":	0.999451,
				"bytes":	1498680,
				"bits_per_second":	11996026.754230,
				"retransmits":	0,
				"omitted":	false
			}
		}, {
			"streams":	[{
					"socket":	4,
					"start":	58.000134,
					"end":	59.000329,
					"seconds":	1.000195,
					"bytes":	1954800,
					"bits_per_second":	15635350.693877,
					"retransmits":	0,
					"snd_cwnd":	1488544,
					"rtt":	861131,
					"omitted":	false
				}],
			"sum":	{
				"start":	58.000134,
				"end":	59.000329,
				"seconds":	1.000195,
				"bytes":	1954800,
				"bits_per_second":	15635350.693877,
				"retransmits":	0,
				"omitted":	false
			}
		}, {
			"streams":	[{
					"socket":	4,
					"start":	59.000329,
					"end":	60.000708,
					"seconds":	1.000379,
					"bytes":	1694160,
					"bits_per_second":	13548144.094469,
					"retransmits":	0,
					"snd_cwnd":	1504472,
					"rtt":	872614,
					"omitted":	false
				}],
			"sum":	{
				"start":	59.000329,
				"end":	60.000708,
				"seconds":	1.000379,
				"bytes":	1694160,
				"bits_per_second":	13548144.094469,
				"retransmits":	0,
				"omitted":	false
			}
		}],
	"end":	{
		"streams":	[{
				"sender":	{
					"socket":	4,
					"start":	0,
					"end":	60.000708,
					"seconds":	60.000708,
					"bytes":	138467192,
					"bits_per_second":	18462074.382440,
					"retransmits":	1299,
					"max_snd_cwnd":	3608416,
					"max_rtt":	1194270,
					"min_rtt":	154459,
					"mean_rtt":	822327
				},
				"receiver":	{
					"socket":	4,
					"start":	0,
					"end":	60.000708,
					"seconds":	60.000708,
					"bytes":	136445952,
					"bits_per_second":	18192578.896284
				}
			}],
		"sum_sent":	{
			"start":	0,
			"end":	60.000708,
			"seconds":	60.000708,
			"bytes":	138467192,
			"bits_per_second":	18462074.382440,
			"retransmits":	1299
		},
		"sum_received":	{
			"start":	0,
			"end":	60.000708,
			"seconds":	60.000708,
			"bytes":	136445952,
			"bits_per_second":	18192578.896284
		},
		"cpu_utilization_percent":	{
			"host_total":	0.068428,
			"host_user":	0.018926,
			"host_system":	0.049503,
			"remote_total":	1.291930,
			"remote_user":	0,
			"remote_system":	1.291930
		}
	}
}
