{
	"start":	{
		"connected":	[{
				"socket":	4,
				"local_host":	"192.168.179.151",
				"local_port":	48736,
				"remote_host":	"192.168.120.131",
				"remote_port":	5201
			}],
		"version":	"iperf 3.1.3",
		"system_info":	"Linux a 4.15.0-213-generic #224-Ubuntu SMP Mon Jun 19 13:30:12 UTC 2023 x86_64",
		"timestamp":	{
			"time":	"Mon, 05 May 2025 10:38:00 GMT",
			"timesecs":	1746441480
		},
		"connecting_to":	{
			"host":	"192.168.120.131",
			"port":	5201
		},
		"cookie":	"a.1746441480.172330.72c56ed419c40487",
		"tcp_mss_default":	1448,
		"test_start":	{
			"protocol":	"TCP",
			"num_streams":	1,
			"blksize":	131072,
			"omit":	0,
			"duration":	60,
			"bytes":	0,
			"blocks":	0,
			"reverse":	0
		}
	},
	"intervals":	[{
			"streams":	[{
					"socket":	4,
					"start":	0,
					"end":	1.000249,
					"seconds":	1.000249,
					"bytes":	543000,
					"bits_per_second":	4342919.008387,
					"retransmits":	0,
					"snd_cwnd":	83984,
					"rtt":	330949,
					"omitted":	false
				}],
			"sum":	{
				"start":	0,
				"end":	1.000249,
				"seconds":	1.000249,
				"bytes":	543000,
				"bits_per_second":	4342919.008387,
				"retransmits":	0,
				"omitted":	false
			}
		}, {
			"streams":	[{
					"socket":	4,
					"start":	1.000249,
					"end":	2.000695,
					"seconds":	1.000446,
					"bytes":	330144,
					"bits_per_second":	2639974.357172,
					"retransmits":	0,
					"snd_cwnd":	99912,
					"rtt":	397057,
					"omitted":	false
				}],
			"sum":	{
				"start":	1.000249,
				"end":	2.000695,
				"seconds":	1.000446,
				"bytes":	330144,
				"bits_per_second":	2639974.357172,
				"retransmits":	0,
				"omitted":	false
			}
		}, {
			"streams":	[{
					"socket":	4,
					"start":	2.000695,
					"end":	3.000744,
					"seconds":	1.000049,
					"bytes":	260640,
					"bits_per_second":	2085018.093055,
					"retransmits":	0,
					"snd_cwnd":	110048,
					"rtt":	440839,
					"omitted":	false
				}],
			"sum":	{
				"start":	2.000695,
				"end":	3.000744,
				"seconds":	1.000049,
				"bytes":	260640,
				"bits_per_second":	2085018.093055,
				"retransmits":	0,
				"omitted":	false
			}
		}, {
			"streams":	[{
					"socket":	4,
					"start":	3.000744,
					"end":	4.000564,
					"seconds":	0.999820,
					"bytes":	260640,
					"bits_per_second":	2085495.401742,
					"retransmits":	0,
					"snd_cwnd":	121632,
					"rtt":	490611,
					"omitted":	false
				}],
			"sum":	{
				"start":	3.000744,
				"end":	4.000564,
				"seconds":	0.999820,
				"bytes":	260640,
				"bits_per_second":	2085495.401742,
				"retransmits":	0,
				"omitted":	false
			}
		}, {
			"streams":	[{
					"socket":	4,
					"start":	4.000564,
					"end":	5.000596,
					"seconds":	1.000032,
					"bytes":	325800,
					"bits_per_second":	2606316.111785,
					"retransmits":	0,
					"snd_cwnd":	133216,
					"rtt":	538686,
					"omitted":	false
				}],
			"sum":	{
				"start":	4.000564,
				"end":	5.000596,
				"seconds":	1.000032,
				"bytes":	325800,
				"bits_per_second":	2606316.111785,
				"retransmits":	0,
				"omitted":	false
			}
		}, {
			"streams":	[{
					"socket":	4,
					"start":	5.000596,
					"end":	6.000735,
					"seconds":	1.000139,
					"bytes":	390960,
					"bits_per_second":	3127245.319056,
					"retransmits":	0,
					"snd_cwnd":	156384,
					"rtt":	593621,
					"omitted":	false
				}],
			"sum":	{
				"start":	5.000596,
				"end":	6.000735,
				"seconds":	1.000139,
				"bytes":	390960,
				"bits_per_second":	3127245.319056,
				"retransmits":	0,
				"omitted":	false
			}
		}, {
			"streams":	[{
					"socket":	4,
					"start":	6.000735,
					"end":	7.001473,
					"seconds":	1.000738,
					"bytes":	325800,
					"bits_per_second":	2604478.141249,
					"retransmits":	0,
					"snd_cwnd":	183896,
					"rtt":	623663,
					"omitted":	false
				}],
			"sum":	{
				"start":	6.000735,
				"end":	7.001473,
				"seconds":	1.000738,
				"bytes":	325800,
				"bits_per_second":	2604478.141249,
				"retransmits":	0,
				"omitted":	false
			}
		}, {
			"streams":	[{
					"socket":	4,
					"start":	7.001473,
					"end":	8.000686,
					"seconds":	0.999213,
					"bytes":	847080,
					"bits_per_second":	6781977.550138,
					"retransmits":	0,
					"snd_cwnd":	270776,
					"rtt":	720259,
					"omitted":	false
				}],
			"sum":	{
				"start":	7.001473,
				"end":	8.000686,
				"seconds":	0.999213,
				"bytes":	847080,
				"bits_per_second":	6781977.550138,
				"retransmits":	0,
				"omitted":	false
			}
		}, {
			"streams":	[{
					"socket":	4,
					"start":	8.000686,
					"end":	9.001226,
					"seconds":	1.000540,
					"bytes":	651600,
					"bits_per_second":	5209986.513078,
					"retransmits":	0,
					"snd_cwnd":	338832,
					"rtt":	776606,
					"omitted":	false
				}],
			"sum":	{
				"start":	8.000686,
				"end":	9.001226,
				"seconds":	1.000540,
				"bytes":	651600,
				"bits_per_second":	5209986.513078,
				"retransmits":	0,
				"omitted":	false
			}
		}, {
			"streams":	[{
					"socket":	4,
					"start":	9.001226,
					"end":	10.001481,
					"seconds":	1.000255,
					"bytes":	847080,
					"bits_per_second":	6774913.281503,
					"retransmits":	0,
					"snd_cwnd":	425712,
					"rtt":	850918,
					"omitted":	false
				}],
			"sum":	{
				"start":	9.001226,
				"end":	10.001481,
				"seconds":	1.000255,
				"bytes":	847080,
				"bits_per_second":	6774913.281503,
				"retransmits":	0,
				"omitted":	false
			}
		}, {
			"streams":	[{
					"socket":	4,
					"start":	10.001481,
					"end":	11.001633,
					"seconds":	1.000152,
					"bytes":	1042560,
					"bits_per_second":	8339211.513752,
					"retransmits":	0,
					"snd_cwnd":	544448,
					"rtt":	918671,
					"omitted":	false
				}],
			"sum":	{
				"start":	10.001481,
				"end":	11.001633,
				"seconds":	1.000152,
				"bytes":	1042560,
				"bits_per_second":	8339211.513752,
				"retransmits":	0,
				"omitted":	false
			}
		}, {
			"streams":	[{
					"socket":	4,
					"start":	11.001633,
					"end":	12.000504,
					"seconds":	0.998871,
					"bytes":	1563840,
					"bits_per_second":	12524859.463797,
					"retransmits":	0,
					"snd_cwnd":	751512,
					"rtt":	814282,
					"omitted":	false
				}],
			"sum":	{
				"start":	11.001633,
				"end":	12.000504,
				"seconds":	0.998871,
				"bytes":	1563840,
				"bits_per_second":	12524859.463797,
				"retransmits":	0,
				"omitted":	false
			}
		}, {
			"streams":	[{
					"socket":	4,
					"start":	12.000504,
					"end":	13.001240,
					"seconds":	1.000736,
					"bytes":	456120,
					"bits_per_second":	3646276.347341,
					"retransmits":	0,
					"snd_cwnd":	842736,
					"rtt":	839121,
					"omitted":	false
				}],
			"sum":	{
				"start":	12.000504,
				"end":	13.001240,
				"seconds":	1.000736,
				"bytes":	456120,
				"bits_per_second":	3646276.347341,
				"retransmits":	0,
				"omitted":	false
			}
		}, {
			"streams":	[{
					"socket":	4,
					"start":	13.001240,
					"end":	14.001344,
					"seconds":	1.000104,
					"bytes":	781920,
					"bits_per_second":	6254709.819784,
					"retransmits":	0,
					"snd_cwnd":	1072968,
					"rtt":	1125421,
					"omitted":	false
				}],
			"sum":	{
				"start":	13.001240,
				"end":	14.001344,
				"seconds":	1.000104,
				"bytes":	781920,
				"bits_per_second":	6254709.819784,
				"retransmits":	0,
				"omitted":	false
			}
		}, {
			"streams":	[{
					"socket":	4,
					"start":	14.001344,
					"end":	15.001342,
					"seconds":	0.999998,
					"bytes":	912240,
					"bits_per_second":	7297935.659671,
					"retransmits":	0,
					"snd_cwnd":	1368360,
					"rtt":	1156618,
					"omitted":	false
				}],
			"sum":	{
				"start":	14.001344,
				"end":	15.001342,
				"seconds":	0.999998,
				"bytes":	912240,
				"bits_per_second":	7297935.659671,
				"retransmits":	0,
				"omitted":	false
			}
		}, {
			"streams":	[{
					"socket":	4,
					"start":	15.001342,
					"end":	16.001349,
					"seconds":	1.000007,
					"bytes":	130320,
					"bits_per_second":	1042552.543083,
					"retransmits":	205,
					"snd_cwnd":	889072,
					"rtt":	1126560,
					"omitted":	false
				}],
			"sum":	{
				"start":	15.001342,
				"end":	16.001349,
				"seconds":	1.000007,
				"bytes":	130320,
				"bits_per_second":	1042552.543083,
				"retransmits":	205,
				"omitted":	false
			}
		}, {
			"streams":	[{
					"socket":	4,
					"start":	16.001349,
					"end":	17.000948,
					"seconds":	0.999599,
					"bytes":	2085120,
					"bits_per_second":	16687652.083074,
					"retransmits":	0,
					"snd_cwnd":	980296,
					"rtt":	674989,
					"omitted":	false
				}],
			"sum":	{
				"start":	16.001349,
				"end":	17.000948,
				"seconds":	0.999599,
				"bytes":	2085120,
				"bits_per_second":	16687652.083074,
				"retransmits":	0,
				"omitted":	false
			}
		}, {
			"streams":	[{
					"socket":	4,
					"start":	17.000948,
					"end":	18.001526,
					"seconds":	1.000578,
					"bytes":	977400,
					"bits_per_second":	7814683.686148,
					"retransmits":	0,
					"snd_cwnd":	1062832,
					"rtt":	1094939,
					"omitted":	false
				}],
			"sum":	{
				"start":	17.000948,
				"end":	18.001526,
				"seconds":	1.000578,
				"bytes":	977400,
				"bits_per_second":	7814683.686148,
				"retransmits":	0,
				"omitted":	false
			}
		}, {
			"streams":	[{
					"socket":	4,
					"start":	18.001526,
					"end":	19.001317,
					"seconds":	0.999791,
					"bytes":	912240,
					"bits_per_second":	7299444.523116,
					"retransmits":	0,
					"snd_cwnd":	1143920,
					"rtt":	1137443,
					"omitted":	false
				}],
			"sum":	{
				"start":	18.001526,
				"end":	19.001317,
				"seconds":	0.999791,
				"bytes":	912240,
				"bits_per_second":	7299444.523116,
				"retransmits":	0,
				"omitted":	false
			}
		}, {
			"streams":	[{
					"socket":	4,
					"start":	19.001317,
					"end":	20.001510,
					"seconds":	1.000193,
					"bytes":	1107720,
					"bits_per_second":	8860051.067764,
					"retransmits":	0,
					"snd_cwnd":	1227904,
					"rtt":	1140141,
					"omitted":	false
				}],
			"sum":	{
				"start":	19.001317,
				"end":	20.001510,
				"seconds":	1.000193,
				"bytes":	1107720,
				"bits_per_second":	8860051.067764,
				"retransmits":	0,
				"omitted":	false
			}
		}, {
			"streams":	[{
					"socket":	4,
					"start":	20.001510,
					"end":	21.001230,
					"seconds":	0.999720,
					"bytes":	1172880,
					"bits_per_second":	9385667.080238,
					"retransmits":	0,
					"snd_cwnd":	1287272,
					"rtt":	995886,
					"omitted":	false
				}],
			"sum":	{
				"start":	20.001510,
				"end":	21.001230,
				"seconds":	0.999720,
				"bytes":	1172880,
				"bits_per_second":	9385667.080238,
				"retransmits":	0,
				"omitted":	false
			}
		}, {
			"streams":	[{
					"socket":	4,
					"start":	21.001230,
					"end":	22.001242,
					"seconds":	1.000012,
					"bytes":	1303200,
					"bits_per_second":	10425475.718645,
					"retransmits":	0,
					"snd_cwnd":	1329264,
					"rtt":	1089048,
					"omitted":	false
				}],
			"sum":	{
				"start":	21.001230,
				"end":	22.001242,
				"seconds":	1.000012,
				"bytes":	1303200,
				"bits_per_second":	10425475.718645,
				"retransmits":	0,
				"omitted":	false
			}
		}, {
			"streams":	[{
					"socket":	4,
					"start":	22.001242,
					"end":	23.001158,
					"seconds":	0.999916,
					"bytes":	390960,
					"bits_per_second":	3127942.507382,
					"retransmits":	36,
					"snd_cwnd":	994776,
					"rtt":	1077759,
					"omitted":	false
				}],
			"sum":	{
				"start":	22.001242,
				"end":	23.001158,
				"seconds":	0.999916,
				"bytes":	390960,
				"bits_per_second":	3127942.507382,
				"retransmits":	36,
				"omitted":	false
			}
		}, {
			"streams":	[{
					"socket":	4,
					"start":	23.001158,
					"end":	24.000619,
					"seconds":	0.999461,
					"bytes":	2150280,
					"bits_per_second":	17211518.116813,
					"retransmits":	0,
					"snd_cwnd":	945544,
					"rtt":	766287,
					"omitted":	false
				}],
			"sum":	{
				"start":	23.001158,
				"end":	24.000619,
				"seconds":	0.999461,
				"bytes":	2150280,
				"bits_per_second":	17211518.116813,
				"retransmits":	0,
				"omitted":	false
			}
		}, {
			"streams":	[{
					"socket":	4,
					"start":	24.000619,
					"end":	25.001585,
					"seconds":	1.000966,
					"bytes":	912240,
					"bits_per_second":	7290876.487768,
					"retransmits":	0,
					"snd_cwnd":	991880,
					"rtt":	842203,
					"omitted":	false
				}],
			"sum":	{
				"start":	24.000619,
				"end":	25.001585,
				"seconds":	1.000966,
				"bytes":	912240,
				"bits_per_second":	7290876.487768,
				"retransmits":	0,
				"omitted":	false
			}
		}, {
			"streams":	[{
					"socket":	4,
					"start":	25.001585,
					"end":	26.001275,
					"seconds":	0.999690,
					"bytes":	1310720,
					"bits_per_second":	10489013.509182,
					"retransmits":	0,
					"snd_cwnd":	1055592,
					"rtt":	889005,
					"omitted":	false
				}],
			"sum":	{
				"start":	25.001585,
				"end":	26.001275,
				"seconds":	0.999690,
				"bytes":	1310720,
				"bits_per_second":	10489013.509182,
				"retransmits":	0,
				"omitted":	false
			}
		}, {
			"streams":	[{
					"socket":	4,
					"start":	26.001275,
					"end":	27.000221,
					"seconds":	0.998946,
					"bytes":	1426000,
					"bits_per_second":	11420034.547973,
					"retransmits":	0,
					"snd_cwnd":	1096136,
					"rtt":	927071,
					"omitted":	false
				}],
			"sum":	{
				"start":	26.001275,
				"end":	27.000221,
				"seconds":	0.998946,
				"bytes":	1426000,
				"bits_per_second":	11420034.547973,
				"retransmits":	0,
				"omitted":	false
			}
		}, {
			"streams":	[{
					"socket":	4,
					"start":	27.000221,
					"end":	28.001263,
					"seconds":	1.001042,
					"bytes":	1238040,
					"bits_per_second":	9894011.536328,
					"retransmits":	0,
					"snd_cwnd":	1117856,
					"rtt":	964020,
					"omitted":	false
				}],
			"sum":	{
				"start":	27.000221,
				"end":	28.001263,
				"seconds":	1.001042,
				"bytes":	1238040,
				"bits_per_second":	9894011.536328,
				"retransmits":	0,
				"omitted":	false
			}
		}, {
			"streams":	[{
					"socket":	4,
					"start":	28.001263,
					"end":	29.001237,
					"seconds":	0.999974,
					"bytes":	1107720,
					"bits_per_second":	8861990.302082,
					"retransmits":	0,
					"snd_cwnd":	1129440,
					"rtt":	984363,
					"omitted":	false
				}],
			"sum":	{
				"start":	28.001263,
				"end":	29.001237,
				"seconds":	0.999974,
				"bytes":	1107720,
				"bits_per_second":	8861990.302082,
				"retransmits":	0,
				"omitted":	false
			}
		}, {
			"streams":	[{
					"socket":	4,
					"start":	29.001237,
					"end":	30.001600,
					"seconds":	1.000363,
					"bytes":	1107720,
					"bits_per_second":	8858543.361068,
					"retransmits":	0,
					"snd_cwnd":	1133784,
					"rtt":	996836,
					"omitted":	false
				}],
			"sum":	{
				"start":	29.001237,
				"end":	30.001600,
				"seconds":	1.000363,
				"bytes":	1107720,
				"bits_per_second":	8858543.361068,
				"retransmits":	0,
				"omitted":	false
			}
		}, {
			"streams":	[{
					"socket":	4,
					"start":	30.001600,
					"end":	31.001433,
					"seconds":	0.999833,
					"bytes":	390960,
					"bits_per_second":	3128202.820992,
					"retransmits":	25,
					"snd_cwnd":	871696,
					"rtt":	1002375,
					"omitted":	false
				}],
			"sum":	{
				"start":	30.001600,
				"end":	31.001433,
				"seconds":	0.999833,
				"bytes":	390960,
				"bits_per_second":	3128202.820992,
				"retransmits":	25,
				"omitted":	false
			}
		}, {
			"streams":	[{
					"socket":	4,
					"start":	31.001433,
					"end":	32.000476,
					"seconds":	0.999043,
					"bytes":	1694160,
					"bits_per_second":	13566263.078956,
					"retransmits":	0,
					"snd_cwnd":	796400,
					"rtt":	931981,
					"omitted":	false
				}],
			"sum":	{
				"start":	31.001433,
				"end":	32.000476,
				"seconds":	0.999043,
				"bytes":	1694160,
				"bits_per_second":	13566263.078956,
				"retransmits":	0,
				"omitted":	false
			}
		}, {
			"streams":	[{
					"socket":	4,
					"start":	32.000476,
					"end":	33.001374,
					"seconds":	1.000898,
					"bytes":	847080,
					"bits_per_second":	6770559.206493,
					"retransmits":	0,
					"snd_cwnd":	838392,
					"rtt":	826001,
					"omitted":	false
				}],
			"sum":	{
				"start":	32.000476,
				"end":	33.001374,
				"seconds":	1.000898,
				"bytes":	847080,
				"bits_per_second":	6770559.206493,
				"retransmits":	0,
				"omitted":	false
			}
		}, {
			"streams":	[{
					"socket":	4,
					"start":	33.001374,
					"end":	34.001330,
					"seconds":	0.999956,
					"bytes":	912240,
					"bits_per_second":	7298241.906746,
					"retransmits":	0,
					"snd_cwnd":	883280,
					"rtt":	770390,
					"omitted":	false
				}],
			"sum":	{
				"start":	33.001374,
				"end":	34.001330,
				"seconds":	0.999956,
				"bytes":	912240,
				"bits_per_second":	7298241.906746,
				"retransmits":	0,
				"omitted":	false
			}
		}, {
			"streams":	[{
					"socket":	4,
					"start":	34.001330,
					"end":	35.000520,
					"seconds":	0.999190,
					"bytes":	1433520,
					"bits_per_second":	11477455.682180,
					"retransmits":	0,
					"snd_cwnd":	926720,
					"rtt":	774606,
					"omitted":	false
				}],
			"sum":	{
				"start":	34.001330,
				"end":	35.000520,
				"seconds":	0.999190,
				"bytes":	1433520,
				"bits_per_second":	11477455.682180,
				"retransmits":	0,
				"omitted":	false
			}
		}, {
			"streams":	[{
					"socket":	4,
					"start":	35.000520,
					"end":	36.001390,
					"seconds":	1.000870,
					"bytes":	1172880,
					"bits_per_second":	9374883.950382,
					"retransmits":	0,
					"snd_cwnd":	946992,
					"rtt":	791414,
					"omitted":	false
				}],
			"sum":	{
				"start":	35.000520,
				"end":	36.001390,
				"seconds":	1.000870,
				"bytes":	1172880,
				"bits_per_second":	9374883.950382,
				"retransmits":	0,
				"omitted":	false
			}
		}, {
			"streams":	[{
					"socket":	4,
					"start":	36.001390,
					"end":	37.001196,
					"seconds":	0.999806,
					"bytes":	912240,
					"bits_per_second":	7299336.602133,
					"retransmits":	0,
					"snd_cwnd":	957128,
					"rtt":	804991,
					"omitted":	false
				}],
			"sum":	{
				"start":	36.001390,
				"end":	37.001196,
				"seconds":	0.999806,
				"bytes":	912240,
				"bits_per_second":	7299336.602133,
				"retransmits":	0,
				"omitted":	false
			}
		}, {
			"streams":	[{
					"socket":	4,
					"start":	37.001196,
					"end":	38.001337,
					"seconds":	1.000141,
					"bytes":	1107720,
					"bits_per_second":	8860509.394045,
					"retransmits":	0,
					"snd_cwnd":	961472,
					"rtt":	822179,
					"omitted":	false
				}],
			"sum":	{
				"start":	37.001196,
				"end":	38.001337,
				"seconds":	1.000141,
				"bytes":	1107720,
				"bits_per_second":	8860509.394045,
				"retransmits":	0,
				"omitted":	false
			}
		}, {
			"streams":	[{
					"socket":	4,
					"start":	38.001337,
					"end":	39.001255,
					"seconds":	0.999918,
					"bytes":	1172880,
					"bits_per_second":	9383809.622448,
					"retransmits":	0,
					"snd_cwnd":	964368,
					"rtt":	841557,
					"omitted":	false
				}],
			"sum":	{
				"start":	38.001337,
				"end":	39.001255,
				"seconds":	0.999918,
				"bytes":	1172880,
				"bits_per_second":	9383809.622448,
				"retransmits":	0,
				"omitted":	false
			}
		}, {
			"streams":	[{
					"socket":	4,
					"start":	39.001255,
					"end":	40.000518,
					"seconds":	0.999263,
					"bytes":	1498680,
					"bits_per_second":	11998285.018691,
					"retransmits":	0,
					"snd_cwnd":	965816,
					"rtt":	853798,
					"omitted":	false
				}],
			"sum":	{
				"start":	39.001255,
				"end":	40.000518,
				"seconds":	0.999263,
				"bytes":	1498680,
				"bits_per_second":	11998285.018691,
				"retransmits":	0,
				"omitted":	false
			}
		}, {
			"streams":	[{
					"socket":	4,
					"start":	40.000518,
					"end":	41.001396,
					"seconds":	1.000878,
					"bytes":	1042560,
					"bits_per_second":	8333162.686287,
					"retransmits":	0,
					"snd_cwnd":	971608,
					"rtt":	869079,
					"omitted":	false
				}],
			"sum":	{
				"start":	40.000518,
				"end":	41.001396,
				"seconds":	1.000878,
				"bytes":	1042560,
				"bits_per_second":	8333162.686287,
				"retransmits":	0,
				"omitted":	false
			}
		}, {
			"streams":	[{
					"socket":	4,
					"start":	41.001396,
					"end":	42.001561,
					"seconds":	1.000165,
					"bytes":	977400,
					"bits_per_second":	7817910.156958,
					"retransmits":	0,
					"snd_cwnd":	981744,
					"rtt":	885449,
					"omitted":	false
				}],
			"sum":	{
				"start":	41.001396,
				"end":	42.001561,
				"seconds":	1.000165,
				"bytes":	977400,
				"bits_per_second":	7817910.156958,
				"retransmits":	0,
				"omitted":	false
			}
		}, {
			"streams":	[{
					"socket":	4,
					"start":	42.001561,
					"end":	43.001333,
					"seconds":	0.999772,
					"bytes":	977400,
					"bits_per_second":	7820982.622191,
					"retransmits":	0,
					"snd_cwnd":	999120,
					"rtt":	912840,
					"omitted":	false
				}],
			"sum":	{
				"start":	42.001561,
				"end":	43.001333,
				"seconds":	0.999772,
				"bytes":	977400,
				"bits_per_second":	7820982.622191,
				"retransmits":	0,
				"omitted":	false
			}
		}, {
			"streams":	[{
					"socket":	4,
					"start":	43.001333,
					"end":	44.001467,
					"seconds":	1.000134,
					"bytes":	977400,
					"bits_per_second":	7818152.436049,
					"retransmits":	0,
					"snd_cwnd":	1029528,
					"rtt":	946499,
					"omitted":	false
				}],
			"sum":	{
				"start":	43.001333,
				"end":	44.001467,
				"seconds":	1.000134,
				"bytes":	977400,
				"bits_per_second":	7818152.436049,
				"retransmits":	0,
				"omitted":	false
			}
		}, {
			"streams":	[{
					"socket":	4,
					"start":	44.001467,
					"end":	45.001532,
					"seconds":	1.000065,
					"bytes":	977400,
					"bits_per_second":	7818692.958907,
					"retransmits":	0,
					"snd_cwnd":	1075864,
					"rtt":	959533,
					"omitted":	false
				}],
			"sum":	{
				"start":	44.001467,
				"end":	45.001532,
				"seconds":	1.000065,
				"bytes":	977400,
				"bits_per_second":	7818692.958907,
				"retransmits":	0,
				"omitted":	false
			}
		}, {
			"streams":	[{
					"socket":	4,
					"start":	45.001532,
					"end":	46.001216,
					"seconds":	0.999684,
					"bytes":	1042560,
					"bits_per_second":	8343115.628750,
					"retransmits":	0,
					"snd_cwnd":	1142472,
					"rtt":	1034501,
					"omitted":	false
				}],
			"sum":	{
				"start":	45.001532,
				"end":	46.001216,
				"seconds":	0.999684,
				"bytes":	1042560,
				"bits_per_second":	8343115.628750,
				"retransmits":	0,
				"omitted":	false
			}
		}, {
			"streams":	[{
					"socket":	4,
					"start":	46.001216,
					"end":	47.001500,
					"seconds":	1.000284,
					"bytes":	1303200,
					"bits_per_second":	10422640.423216,
					"retransmits":	0,
					"snd_cwnd":	1248176,
					"rtt":	778133,
					"omitted":	false
				}],
			"sum":	{
				"start":	46.001216,
				"end":	47.001500,
				"seconds":	1.000284,
				"bytes":	1303200,
				"bits_per_second":	10422640.423216,
				"retransmits":	0,
				"omitted":	false
			}
		}, {
			"streams":	[{
					"socket":	4,
					"start":	47.001500,
					"end":	48.001590,
					"seconds":	1.000090,
					"bytes":	1238040,
					"bits_per_second":	9903427.481101,
					"retransmits":	0,
					"snd_cwnd":	1352432,
					"rtt":	975551,
					"omitted":	false
				}],
			"sum":	{
				"start":	47.001500,
				"end":	48.001590,
				"seconds":	1.000090,
				"bytes":	1238040,
				"bits_per_second":	9903427.481101,
				"retransmits":	0,
				"omitted":	false
			}
		}, {
			"streams":	[{
					"socket":	4,
					"start":	48.001590,
					"end":	49.001265,
					"seconds":	0.999675,
					"bytes":	1238040,
					"bits_per_second":	9907539.598883,
					"retransmits":	0,
					"snd_cwnd":	1494336,
					"rtt":	1036127,
					"omitted":	false
				}],
			"sum":	{
				"start":	48.001590,
				"end":	49.001265,
				"seconds":	0.999675,
				"bytes":	1238040,
				"bits_per_second":	9907539.598883,
				"retransmits":	0,
				"omitted":	false
			}
		}, {
			"streams":	[{
					"socket":	4,
					"start":	49.001265,
					"end":	50.001412,
					"seconds":	1.000147,
					"bytes":	1238040,
					"bits_per_second":	9902865.607277,
					"retransmits":	2,
					"snd_cwnd":	1573976,
					"rtt":	1066542,
					"omitted":	false
				}],
			"sum":	{
				"start":	49.001265,
				"end":	50.001412,
				"seconds":	1.000147,
				"bytes":	1238040,
				"bits_per_second":	9902865.607277,
				"retransmits":	2,
				"omitted":	false
			}
		}, {
			"streams":	[{
					"socket":	4,
					"start":	50.001412,
					"end":	51.001263,
					"seconds":	0.999851,
					"bytes":	390960,
					"bits_per_second":	3128146.130097,
					"retransmits":	53,
					"snd_cwnd":	1152608,
					"rtt":	991269,
					"omitted":	false
				}],
			"sum":	{
				"start":	50.001412,
				"end":	51.001263,
				"seconds":	0.999851,
				"bytes":	390960,
				"bits_per_second":	3128146.130097,
				"retransmits":	53,
				"omitted":	false
			}
		}, {
			"streams":	[{
					"socket":	4,
					"start":	51.001263,
					"end":	52.001168,
					"seconds":	0.999905,
					"bytes":	2621440,
					"bits_per_second":	20973510.188850,
					"retransmits":	0,
					"snd_cwnd":	1175776,
					"rtt":	830908,
					"omitted":	false
				}],
			"sum":	{
				"start":	51.001263,
				"end":	52.001168,
				"seconds":	0.999905,
				"bytes":	2621440,
				"bits_per_second":	20973510.188850,
				"retransmits":	0,
				"omitted":	false
			}
		}, {
			"streams":	[{
					"socket":	4,
					"start":	52.001168,
					"end":	53.000269,
					"seconds":	0.999101,
					"bytes":	1809440,
					"bits_per_second":	14488546.310954,
					"retransmits":	0,
					"snd_cwnd":	1314784,
					"rtt":	866882,
					"omitted":	false
				}],
			"sum":	{
				"start":	52.001168,
				"end":	53.000269,
				"seconds":	0.999101,
				"bytes":	1809440,
				"bits_per_second":	14488546.310954,
				"retransmits":	0,
				"omitted":	false
			}
		}, {
			"streams":	[{
					"socket":	4,
					"start":	53.000269,
					"end":	54.000326,
					"seconds":	1.000057,
					"bytes":	1563840,
					"bits_per_second":	12510007.154267,
					"retransmits":	0,
					"snd_cwnd":	1419040,
					"rtt":	926352,
					"omitted":	false
				}],
			"sum":	{
				"start":	53.000269,
				"end":	54.000326,
				"seconds":	1.000057,
				"bytes":	1563840,
				"bits_per_second":	12510007.154267,
				"retransmits":	0,
				"omitted":	false
			}
		}, {
			"streams":	[{
					"socket":	4,
					"start":	54.000326,
					"end":	55.000423,
					"seconds":	1.000097,
					"bytes":	1433520,
					"bits_per_second":	11467047.279453,
					"retransmits":	0,
					"snd_cwnd":	1494336,
					"rtt":	975884,
					"omitted":	false
				}],
			"sum":	{
				"start":	54.000326,
				"end":	55.000423,
				"seconds":	1.000097,
				"bytes":	1433520,
				"bits_per_second":	11467047.279453,
				"retransmits":	0,
				"omitted":	false
			}
		}, {
			"streams":	[{
					"socket":	4,
					"start":	55.000423,
					"end":	56.000244,
					"seconds":	0.999821,
					"bytes":	1433520,
					"bits_per_second":	11470213.768764,
					"retransmits":	0,
					"snd_cwnd":	1550808,
					"rtt":	1020375,
					"omitted":	false
				}],
			"sum":	{
				"start":	55.000423,
				"end":	56.000244,
				"seconds":	0.999821,
				"bytes":	1433520,
				"bits_per_second":	11470213.768764,
				"retransmits":	0,
				"omitted":	false
			}
		}, {
			"streams":	[{
					"socket":	4,
					"start":	56.000244,
					"end":	57.001079,
					"seconds":	1.000835,
					"bytes":	586440,
					"bits_per_second":	4687606.121407,
					"retransmits":	62,
					"snd_cwnd":	1210528,
					"rtt":	1038604,
					"omitted":	false
				}],
			"sum":	{
				"start":	56.000244,
				"end":	57.001079,
				"seconds":	1.000835,
				"bytes":	586440,
				"bits_per_second":	4687606.121407,
				"retransmits":	62,
				"omitted":	false
			}
		}, {
			"streams":	[{
					"socket":	4,
					"start":	57.001079,
					"end":	58.000576,
					"seconds":	0.999497,
					"bytes":	2541240,
					"bits_per_second":	20340147.530275,
					"retransmits":	10,
					"snd_cwnd":	1103376,
					"rtt":	499289,
					"omitted":	false
				}],
			"sum":	{
				"start":	57.001079,
				"end":	58.000576,
				"seconds":	0.999497,
				"bytes":	2541240,
				"bits_per_second":	20340147.530275,
				"retransmits":	10,
				"omitted":	false
			}
		}, {
			"streams":	[{
					"socket":	4,
					"start":	58.000576,
					"end":	59.000684,
					"seconds":	1.000108,
					"bytes":	2215440,
					"bits_per_second":	17721606.002465,
					"retransmits":	0,
					"snd_cwnd":	1172880,
					"rtt":	465791,
					"omitted":	false
				}],
			"sum":	{
				"start":	58.000576,
				"end":	59.000684,
				"seconds":	1.000108,
				"bytes":	2215440,
				"bits_per_second":	17721606.002465,
				"retransmits":	0,
				"omitted":	false
			}
		}, {
			"streams":	[{
					"socket":	4,
					"start":	59.000684,
					"end":	60.000576,
					"seconds":	0.999892,
					"bytes":	4496040,
					"bits_per_second":	35972205.128241,
					"retransmits":	0,
					"snd_cwnd":	1245280,
					"rtt":	271505,
					"omitted":	false
				}],
			"sum":	{
				"start":	59.000684,
				"end":	60.000576,
				"seconds":	0.999892,
				"bytes":	4496040,
				"bits_per_second":	35972205.128241,
				"retransmits":	0,
				"omitted":	false
			}
		}],
	"end":	{
		"streams":	[{
				"sender":	{
					"socket":	4,
					"start":	0,
					"end":	60.000576,
					"seconds":	60.000576,
					"bytes":	68118264,
					"bits_per_second":	9082348.006540,
					"retransmits":	393,
					"max_snd_cwnd":	1573976,
					"max_rtt":	1156618,
					"min_rtt":	271505,
					"mean_rtt":	851571
				},
				"receiver":	{
					"socket":	4,
					"start":	0,
					"end":	60.000576,
					"seconds":	60.000576,
					"bytes":	65404928,
					"bits_per_second":	8720573.346359
				}
			}],
		"sum_sent":	{
			"start":	0,
			"end":	60.000576,
			"seconds":	60.000576,
			"bytes":	68118264,
			"bits_per_second":	9082348.006540,
			"retransmits":	393
		},
		"sum_received":	{
			"start":	0,
			"end":	60.000576,
			"seconds":	60.000576,
			"bytes":	65404928,
			"bits_per_second":	8720573.346359
		},
		"cpu_utilization_percent":	{
			"host_total":	0.502898,
			"host_user":	0.099519,
			"host_system":	0.403377,
			"remote_total":	0.681906,
			"remote_user":	0,
			"remote_system":	0.681906
		}
	}
}
