{
	"start":	{
		"connected":	[{
				"socket":	4,
				"local_host":	"192.168.179.151",
				"local_port":	48784,
				"remote_host":	"192.168.120.131",
				"remote_port":	5201
			}],
		"version":	"iperf 3.1.3",
		"system_info":	"Linux a 4.15.0-213-generic #224-Ubuntu SMP Mon Jun 19 13:30:12 UTC 2023 x86_64",
		"timestamp":	{
			"time":	"Mon, 05 May 2025 11:10:30 GMT",
			"timesecs":	1746443430
		},
		"connecting_to":	{
			"host":	"192.168.120.131",
			"port":	5201
		},
		"cookie":	"a.1746443430.400019.3a65c3f8724e4134",
		"tcp_mss_default":	1448,
		"test_start":	{
			"protocol":	"TCP",
			"num_streams":	1,
			"blksize":	131072,
			"omit":	0,
			"duration":	60,
			"bytes":	0,
			"blocks":	0,
			"reverse":	0
		}
	},
	"intervals":	[{
			"streams":	[{
					"socket":	4,
					"start":	0,
					"end":	1.000451,
					"seconds":	1.000451,
					"bytes":	605264,
					"bits_per_second":	4839928.766447,
					"retransmits":	0,
					"snd_cwnd":	14480,
					"rtt":	12885,
					"omitted":	false
				}],
			"sum":	{
				"start":	0,
				"end":	1.000451,
				"seconds":	1.000451,
				"bytes":	605264,
				"bits_per_second":	4839928.766447,
				"retransmits":	0,
				"omitted":	false
			}
		}, {
			"streams":	[{
					"socket":	4,
					"start":	1.000451,
					"end":	2.000186,
					"seconds":	0.999735,
					"bytes":	852872,
					"bits_per_second":	6824785.397068,
					"retransmits":	0,
					"snd_cwnd":	28960,
					"rtt":	12947,
					"omitted":	false
				}],
			"sum":	{
				"start":	1.000451,
				"end":	2.000186,
				"seconds":	0.999735,
				"bytes":	852872,
				"bits_per_second":	6824785.397068,
				"retransmits":	0,
				"omitted":	false
			}
		}, {
			"streams":	[{
					"socket":	4,
					"start":	2.000186,
					"end":	3.000284,
					"seconds":	1.000098,
					"bytes":	2377616,
					"bits_per_second":	19019064.321202,
					"retransmits":	0,
					"snd_cwnd":	112944,
					"rtt":	12746,
					"omitted":	false
				}],
			"sum":	{
				"start":	2.000186,
				"end":	3.000284,
				"seconds":	1.000098,
				"bytes":	2377616,
				"bits_per_second":	19019064.321202,
				"retransmits":	0,
				"omitted":	false
			}
		}, {
			"streams":	[{
					"socket":	4,
					"start":	3.000284,
					"end":	4.000572,
					"seconds":	1.000288,
					"bytes":	7167600,
					"bits_per_second":	57324290.051655,
					"retransmits":	0,
					"snd_cwnd":	3214560,
					"rtt":	230759,
					"omitted":	false
				}],
			"sum":	{
				"start":	3.000284,
				"end":	4.000572,
				"seconds":	1.000288,
				"bytes":	7167600,
				"bits_per_second":	57324290.051655,
				"retransmits":	0,
				"omitted":	false
			}
		}, {
			"streams":	[{
					"socket":	4,
					"start":	4.000572,
					"end":	5.000459,
					"seconds":	0.999887,
					"bytes":	3604352,
					"bits_per_second":	28838075.002579,
					"retransmits":	0,
					"snd_cwnd":	7955312,
					"rtt":	543933,
					"omitted":	false
				}],
			"sum":	{
				"start":	4.000572,
				"end":	5.000459,
				"seconds":	0.999887,
				"bytes":	3604352,
				"bits_per_second":	28838075.002579,
				"retransmits":	0,
				"omitted":	false
			}
		}, {
			"streams":	[{
					"socket":	4,
					"start":	5.000459,
					"end":	6.000759,
					"seconds":	1.000300,
					"bytes":	3605800,
					"bits_per_second":	28837750.676930,
					"retransmits":	0,
					"snd_cwnd":	12302208,
					"rtt":	800995,
					"omitted":	false
				}],
			"sum":	{
				"start":	5.000459,
				"end":	6.000759,
				"seconds":	1.000300,
				"bytes":	3605800,
				"bits_per_second":	28837750.676930,
				"retransmits":	0,
				"omitted":	false
			}
		}, {
			"streams":	[{
					"socket":	4,
					"start":	6.000759,
					"end":	7.000813,
					"seconds":	1.000054,
					"bytes":	3540640,
					"bits_per_second":	28323587.098648,
					"retransmits":	0,
					"snd_cwnd":	13521424,
					"rtt":	880315,
					"omitted":	false
				}],
			"sum":	{
				"start":	6.000759,
				"end":	7.000813,
				"seconds":	1.000054,
				"bytes":	3540640,
				"bits_per_second":	28323587.098648,
				"retransmits":	0,
				"omitted":	false
			}
		}, {
			"streams":	[{
					"socket":	4,
					"start":	7.000813,
					"end":	8.000618,
					"seconds":	0.999805,
					"bytes":	3280000,
					"bits_per_second":	26245118.490917,
					"retransmits":	0,
					"snd_cwnd":	14821728,
					"rtt":	919069,
					"omitted":	false
				}],
			"sum":	{
				"start":	7.000813,
				"end":	8.000618,
				"seconds":	0.999805,
				"bytes":	3280000,
				"bits_per_second":	26245118.490917,
				"retransmits":	0,
				"omitted":	false
			}
		}, {
			"streams":	[{
					"socket":	4,
					"start":	8.000618,
					"end":	9.000395,
					"seconds":	0.999777,
					"bytes":	3337920,
					"bits_per_second":	26709314.076925,
					"retransmits":	0,
					"snd_cwnd":	15371968,
					"rtt":	953245,
					"omitted":	false
				}],
			"sum":	{
				"start":	8.000618,
				"end":	9.000395,
				"seconds":	0.999777,
				"bytes":	3337920,
				"bits_per_second":	26709314.076925,
				"retransmits":	0,
				"omitted":	false
			}
		}, {
			"streams":	[{
					"socket":	4,
					"start":	9.000395,
					"end":	10.000200,
					"seconds":	0.999805,
					"bytes":	3272760,
					"bits_per_second":	26187187.192784,
					"retransmits":	0,
					"snd_cwnd":	16197328,
					"rtt":	956531,
					"omitted":	false
				}],
			"sum":	{
				"start":	9.000395,
				"end":	10.000200,
				"seconds":	0.999805,
				"bytes":	3272760,
				"bits_per_second":	26187187.192784,
				"retransmits":	0,
				"omitted":	false
			}
		}, {
			"streams":	[{
					"socket":	4,
					"start":	10.000200,
					"end":	11.000513,
					"seconds":	1.000313,
					"bytes":	3207600,
					"bits_per_second":	25652769.564810,
					"retransmits":	0,
					"snd_cwnd":	16110448,
					"rtt":	951453,
					"omitted":	false
				}],
			"sum":	{
				"start":	10.000200,
				"end":	11.000513,
				"seconds":	1.000313,
				"bytes":	3207600,
				"bits_per_second":	25652769.564810,
				"retransmits":	0,
				"omitted":	false
			}
		}, {
			"streams":	[{
					"socket":	4,
					"start":	11.000513,
					"end":	12.000225,
					"seconds":	0.999712,
					"bytes":	3142440,
					"bits_per_second":	25146762.510107,
					"retransmits":	0,
					"snd_cwnd":	16843136,
					"rtt":	947328,
					"omitted":	false
				}],
			"sum":	{
				"start":	11.000513,
				"end":	12.000225,
				"seconds":	0.999712,
				"bytes":	3142440,
				"bits_per_second":	25146762.510107,
				"retransmits":	0,
				"omitted":	false
			}
		}, {
			"streams":	[{
					"socket":	4,
					"start":	12.000225,
					"end":	13.000350,
					"seconds":	1.000125,
					"bytes":	3207600,
					"bits_per_second":	25657594.562447,
					"retransmits":	0,
					"snd_cwnd":	16750464,
					"rtt":	942113,
					"omitted":	false
				}],
			"sum":	{
				"start":	12.000225,
				"end":	13.000350,
				"seconds":	1.000125,
				"bytes":	3207600,
				"bits_per_second":	25657594.562447,
				"retransmits":	0,
				"omitted":	false
			}
		}, {
			"streams":	[{
					"socket":	4,
					"start":	13.000350,
					"end":	14.000131,
					"seconds":	0.999781,
					"bytes":	3078728,
					"bits_per_second":	24635221.741504,
					"retransmits":	0,
					"snd_cwnd":	17952304,
					"rtt":	961616,
					"omitted":	false
				}],
			"sum":	{
				"start":	13.000350,
				"end":	14.000131,
				"seconds":	0.999781,
				"bytes":	3078728,
				"bits_per_second":	24635221.741504,
				"retransmits":	0,
				"omitted":	false
			}
		}, {
			"streams":	[{
					"socket":	4,
					"start":	14.000131,
					"end":	15.001386,
					"seconds":	1.001255,
					"bytes":	660288,
					"bits_per_second":	5275682.831286,
					"retransmits":	90,
					"snd_cwnd":	18117376,
					"rtt":	970386,
					"omitted":	false
				}],
			"sum":	{
				"start":	14.000131,
				"end":	15.001386,
				"seconds":	1.001255,
				"bytes":	660288,
				"bits_per_second":	5275682.831286,
				"retransmits":	90,
				"omitted":	false
			}
		}, {
			"streams":	[{
					"socket":	4,
					"start":	15.001386,
					"end":	16.000476,
					"seconds":	0.999090,
					"bytes":	4852808,
					"bits_per_second":	38857826.320677,
					"retransmits":	0,
					"snd_cwnd":	12015504,
					"rtt":	612922,
					"omitted":	false
				}],
			"sum":	{
				"start":	15.001386,
				"end":	16.000476,
				"seconds":	0.999090,
				"bytes":	4852808,
				"bits_per_second":	38857826.320677,
				"retransmits":	0,
				"omitted":	false
			}
		}, {
			"streams":	[{
					"socket":	4,
					"start":	16.000476,
					"end":	17.000382,
					"seconds":	0.999906,
					"bytes":	3542088,
					"bits_per_second":	28339366.112772,
					"retransmits":	0,
					"snd_cwnd":	18771872,
					"rtt":	912021,
					"omitted":	false
				}],
			"sum":	{
				"start":	16.000476,
				"end":	17.000382,
				"seconds":	0.999906,
				"bytes":	3542088,
				"bits_per_second":	28339366.112772,
				"retransmits":	0,
				"omitted":	false
			}
		}, {
			"streams":	[{
					"socket":	4,
					"start":	17.000382,
					"end":	18.000318,
					"seconds":	0.999936,
					"bytes":	3065696,
					"bits_per_second":	24527135.190225,
					"retransmits":	0,
					"snd_cwnd":	19742032,
					"rtt":	959100,
					"omitted":	false
				}],
			"sum":	{
				"start":	17.000382,
				"end":	18.000318,
				"seconds":	0.999936,
				"bytes":	3065696,
				"bits_per_second":	24527135.190225,
				"retransmits":	0,
				"omitted":	false
			}
		}, {
			"streams":	[{
					"socket":	4,
					"start":	18.000318,
					"end":	19.000480,
					"seconds":	1.000162,
					"bytes":	3217736,
					"bits_per_second":	25737721.417692,
					"retransmits":	0,
					"snd_cwnd":	21702624,
					"rtt":	1004163,
					"omitted":	false
				}],
			"sum":	{
				"start":	18.000318,
				"end":	19.000480,
				"seconds":	1.000162,
				"bytes":	3217736,
				"bits_per_second":	25737721.417692,
				"retransmits":	0,
				"omitted":	false
			}
		}, {
			"streams":	[{
					"socket":	4,
					"start":	19.000480,
					"end":	20.000267,
					"seconds":	0.999787,
					"bytes":	3015016,
					"bits_per_second":	24125264.456766,
					"retransmits":	0,
					"snd_cwnd":	22125440,
					"rtt":	1023712,
					"omitted":	false
				}],
			"sum":	{
				"start":	19.000480,
				"end":	20.000267,
				"seconds":	0.999787,
				"bytes":	3015016,
				"bits_per_second":	24125264.456766,
				"retransmits":	0,
				"omitted":	false
			}
		}, {
			"streams":	[{
					"socket":	4,
					"start":	20.000267,
					"end":	21.001537,
					"seconds":	1.001270,
					"bytes":	855768,
					"bits_per_second":	6837460.044412,
					"retransmits":	65,
					"snd_cwnd":	20211184,
					"rtt":	991857,
					"omitted":	false
				}],
			"sum":	{
				"start":	20.000267,
				"end":	21.001537,
				"seconds":	1.001270,
				"bytes":	855768,
				"bits_per_second":	6837460.044412,
				"retransmits":	65,
				"omitted":	false
			}
		}, {
			"streams":	[{
					"socket":	4,
					"start":	21.001537,
					"end":	22.000375,
					"seconds":	0.998838,
					"bytes":	3984896,
					"bits_per_second":	31916256.354462,
					"retransmits":	117,
					"snd_cwnd":	13220240,
					"rtt":	635957,
					"omitted":	false
				}],
			"sum":	{
				"start":	21.001537,
				"end":	22.000375,
				"seconds":	0.998838,
				"bytes":	3984896,
				"bits_per_second":	31916256.354462,
				"retransmits":	117,
				"omitted":	false
			}
		}, {
			"streams":	[{
					"socket":	4,
					"start":	22.000375,
					"end":	23.000871,
					"seconds":	1.000496,
					"bytes":	3608696,
					"bits_per_second":	28855258.370224,
					"retransmits":	0,
					"snd_cwnd":	15064992,
					"rtt":	724723,
					"omitted":	false
				}],
			"sum":	{
				"start":	22.000375,
				"end":	23.000871,
				"seconds":	1.000496,
				"bytes":	3608696,
				"bits_per_second":	28855258.370224,
				"retransmits":	0,
				"omitted":	false
			}
		}, {
			"streams":	[{
					"socket":	4,
					"start":	23.000871,
					"end":	24.000344,
					"seconds":	0.999473,
					"bytes":	3346608,
					"bits_per_second":	26786978.194348,
					"retransmits":	0,
					"snd_cwnd":	19070160,
					"rtt":	926504,
					"omitted":	false
				}],
			"sum":	{
				"start":	23.000871,
				"end":	24.000344,
				"seconds":	0.999473,
				"bytes":	3346608,
				"bits_per_second":	26786978.194348,
				"retransmits":	0,
				"omitted":	false
			}
		}, {
			"streams":	[{
					"socket":	4,
					"start":	24.000344,
					"end":	25.000381,
					"seconds":	1.000037,
					"bytes":	3087416,
					"bits_per_second":	24698415.273033,
					"retransmits":	0,
					"snd_cwnd":	21386960,
					"rtt":	1008509,
					"omitted":	false
				}],
			"sum":	{
				"start":	24.000344,
				"end":	25.000381,
				"seconds":	1.000037,
				"bytes":	3087416,
				"bits_per_second":	24698415.273033,
				"retransmits":	0,
				"omitted":	false
			}
		}, {
			"streams":	[{
					"socket":	4,
					"start":	25.000381,
					"end":	26.000263,
					"seconds":	0.999882,
					"bytes":	3015016,
					"bits_per_second":	24122974.925876,
					"retransmits":	0,
					"snd_cwnd":	21951680,
					"rtt":	1035193,
					"omitted":	false
				}],
			"sum":	{
				"start":	25.000381,
				"end":	26.000263,
				"seconds":	0.999882,
				"bytes":	3015016,
				"bits_per_second":	24122974.925876,
				"retransmits":	0,
				"omitted":	false
			}
		}, {
			"streams":	[{
					"socket":	4,
					"start":	26.000263,
					"end":	27.001596,
					"seconds":	1.001333,
					"bytes":	725448,
					"bits_per_second":	5795858.131105,
					"retransmits":	107,
					"snd_cwnd":	20379152,
					"rtt":	990100,
					"omitted":	false
				}],
			"sum":	{
				"start":	26.000263,
				"end":	27.001596,
				"seconds":	1.001333,
				"bytes":	725448,
				"bits_per_second":	5795858.131105,
				"retransmits":	107,
				"omitted":	false
			}
		}, {
			"streams":	[{
					"socket":	4,
					"start":	27.001596,
					"end":	28.000696,
					"seconds":	0.999100,
					"bytes":	3984896,
					"bits_per_second":	31907886.059033,
					"retransmits":	122,
					"snd_cwnd":	13431648,
					"rtt":	639766,
					"omitted":	false
				}],
			"sum":	{
				"start":	27.001596,
				"end":	28.000696,
				"seconds":	0.999100,
				"bytes":	3984896,
				"bits_per_second":	31907886.059033,
				"retransmits":	122,
				"omitted":	false
			}
		}, {
			"streams":	[{
					"socket":	4,
					"start":	28.000696,
					"end":	29.000362,
					"seconds":	0.999666,
					"bytes":	3411768,
					"bits_per_second":	27303263.957162,
					"retransmits":	0,
					"snd_cwnd":	16072800,
					"rtt":	780939,
					"omitted":	false
				}],
			"sum":	{
				"start":	28.000696,
				"end":	29.000362,
				"seconds":	0.999666,
				"bytes":	3411768,
				"bits_per_second":	27303263.957162,
				"retransmits":	0,
				"omitted":	false
			}
		}, {
			"streams":	[{
					"socket":	4,
					"start":	29.000362,
					"end":	30.000363,
					"seconds":	1.000001,
					"bytes":	3152576,
					"bits_per_second":	25220583.947777,
					"retransmits":	0,
					"snd_cwnd":	20135888,
					"rtt":	968610,
					"omitted":	false
				}],
			"sum":	{
				"start":	29.000362,
				"end":	30.000363,
				"seconds":	1.000001,
				"bytes":	3152576,
				"bits_per_second":	25220583.947777,
				"retransmits":	0,
				"omitted":	false
			}
		}, {
			"streams":	[{
					"socket":	4,
					"start":	30.000363,
					"end":	31.000525,
					"seconds":	1.000162,
					"bytes":	3015016,
					"bits_per_second":	24116218.166961,
					"retransmits":	0,
					"snd_cwnd":	22113856,
					"rtt":	1032557,
					"omitted":	false
				}],
			"sum":	{
				"start":	30.000363,
				"end":	31.000525,
				"seconds":	1.000162,
				"bytes":	3015016,
				"bits_per_second":	24116218.166961,
				"retransmits":	0,
				"omitted":	false
			}
		}, {
			"streams":	[{
					"socket":	4,
					"start":	31.000525,
					"end":	32.001385,
					"seconds":	1.000860,
					"bytes":	726896,
					"bits_per_second":	5810171.393122,
					"retransmits":	104,
					"snd_cwnd":	21291392,
					"rtt":	994154,
					"omitted":	false
				}],
			"sum":	{
				"start":	31.000525,
				"end":	32.001385,
				"seconds":	1.000860,
				"bytes":	726896,
				"bits_per_second":	5810171.393122,
				"retransmits":	104,
				"omitted":	false
			}
		}, {
			"streams":	[{
					"socket":	4,
					"start":	32.001385,
					"end":	33.000324,
					"seconds":	0.998939,
					"bytes":	3984896,
					"bits_per_second":	31913026.530059,
					"retransmits":	79,
					"snd_cwnd":	13376624,
					"rtt":	643476,
					"omitted":	false
				}],
			"sum":	{
				"start":	32.001385,
				"end":	33.000324,
				"seconds":	0.998939,
				"bytes":	3984896,
				"bits_per_second":	31913026.530059,
				"retransmits":	79,
				"omitted":	false
			}
		}, {
			"streams":	[{
					"socket":	4,
					"start":	33.000324,
					"end":	34.000579,
					"seconds":	1.000255,
					"bytes":	3543536,
					"bits_per_second":	28341064.728107,
					"retransmits":	0,
					"snd_cwnd":	16585392,
					"rtt":	782051,
					"omitted":	false
				}],
			"sum":	{
				"start":	33.000324,
				"end":	34.000579,
				"seconds":	1.000255,
				"bytes":	3543536,
				"bits_per_second":	28341064.728107,
				"retransmits":	0,
				"omitted":	false
			}
		}, {
			"streams":	[{
					"socket":	4,
					"start":	34.000579,
					"end":	35.000509,
					"seconds":	0.999930,
					"bytes":	3152576,
					"bits_per_second":	25222369.950110,
					"retransmits":	0,
					"snd_cwnd":	20028736,
					"rtt":	963508,
					"omitted":	false
				}],
			"sum":	{
				"start":	34.000579,
				"end":	35.000509,
				"seconds":	0.999930,
				"bytes":	3152576,
				"bits_per_second":	25222369.950110,
				"retransmits":	0,
				"omitted":	false
			}
		}, {
			"streams":	[{
					"socket":	4,
					"start":	35.000509,
					"end":	36.000208,
					"seconds":	0.999699,
					"bytes":	3015016,
					"bits_per_second":	24127393.304981,
					"retransmits":	0,
					"snd_cwnd":	21879280,
					"rtt":	1041959,
					"omitted":	false
				}],
			"sum":	{
				"start":	35.000509,
				"end":	36.000208,
				"seconds":	0.999699,
				"bytes":	3015016,
				"bits_per_second":	24127393.304981,
				"retransmits":	0,
				"omitted":	false
			}
		}, {
			"streams":	[{
					"socket":	4,
					"start":	36.000208,
					"end":	37.001160,
					"seconds":	1.000952,
					"bytes":	987536,
					"bits_per_second":	7892774.036604,
					"retransmits":	28,
					"snd_cwnd":	21711312,
					"rtt":	1003749,
					"omitted":	false
				}],
			"sum":	{
				"start":	36.000208,
				"end":	37.001160,
				"seconds":	1.000952,
				"bytes":	987536,
				"bits_per_second":	7892774.036604,
				"retransmits":	28,
				"omitted":	false
			}
		}, {
			"streams":	[{
					"socket":	4,
					"start":	37.001160,
					"end":	38.000638,
					"seconds":	0.999478,
					"bytes":	4253056,
					"bits_per_second":	34042214.572881,
					"retransmits":	142,
					"snd_cwnd":	15899040,
					"rtt":	713618,
					"omitted":	false
				}],
			"sum":	{
				"start":	37.001160,
				"end":	38.000638,
				"seconds":	0.999478,
				"bytes":	4253056,
				"bits_per_second":	34042214.572881,
				"retransmits":	142,
				"omitted":	false
			}
		}, {
			"streams":	[{
					"socket":	4,
					"start":	38.000638,
					"end":	39.000295,
					"seconds":	0.999657,
					"bytes":	3142440,
					"bits_per_second":	25148147.935619,
					"retransmits":	0,
					"snd_cwnd":	20358880,
					"rtt":	913774,
					"omitted":	false
				}],
			"sum":	{
				"start":	38.000638,
				"end":	39.000295,
				"seconds":	0.999657,
				"bytes":	3142440,
				"bits_per_second":	25148147.935619,
				"retransmits":	0,
				"omitted":	false
			}
		}, {
			"streams":	[{
					"socket":	4,
					"start":	39.000295,
					"end":	40.000405,
					"seconds":	1.000110,
					"bytes":	3080176,
					"bits_per_second":	24638694.063038,
					"retransmits":	0,
					"snd_cwnd":	23425744,
					"rtt":	1010941,
					"omitted":	false
				}],
			"sum":	{
				"start":	39.000295,
				"end":	40.000405,
				"seconds":	1.000110,
				"bytes":	3080176,
				"bits_per_second":	24638694.063038,
				"retransmits":	0,
				"omitted":	false
			}
		}, {
			"streams":	[{
					"socket":	4,
					"start":	40.000405,
					"end":	41.000504,
					"seconds":	1.000099,
					"bytes":	2884696,
					"bits_per_second":	23075284.845701,
					"retransmits":	0,
					"snd_cwnd":	23501040,
					"rtt":	1014155,
					"omitted":	false
				}],
			"sum":	{
				"start":	40.000405,
				"end":	41.000504,
				"seconds":	1.000099,
				"bytes":	2884696,
				"bits_per_second":	23075284.845701,
				"retransmits":	0,
				"omitted":	false
			}
		}, {
			"streams":	[{
					"socket":	4,
					"start":	41.000504,
					"end":	42.001357,
					"seconds":	1.000853,
					"bytes":	726896,
					"bits_per_second":	5810211.531213,
					"retransmits":	178,
					"snd_cwnd":	21595472,
					"rtt":	959706,
					"omitted":	false
				}],
			"sum":	{
				"start":	41.000504,
				"end":	42.001357,
				"seconds":	1.000853,
				"bytes":	726896,
				"bits_per_second":	5810211.531213,
				"retransmits":	178,
				"omitted":	false
			}
		}, {
			"streams":	[{
					"socket":	4,
					"start":	42.001357,
					"end":	43.000223,
					"seconds":	0.998866,
					"bytes":	3984896,
					"bits_per_second":	31915365.040438,
					"retransmits":	84,
					"snd_cwnd":	13973200,
					"rtt":	633531,
					"omitted":	false
				}],
			"sum":	{
				"start":	42.001357,
				"end":	43.000223,
				"seconds":	0.998866,
				"bytes":	3984896,
				"bits_per_second":	31915365.040438,
				"retransmits":	84,
				"omitted":	false
			}
		}, {
			"streams":	[{
					"socket":	4,
					"start":	43.000223,
					"end":	44.000348,
					"seconds":	1.000125,
					"bytes":	3478376,
					"bits_per_second":	27823525.336177,
					"retransmits":	0,
					"snd_cwnd":	17567136,
					"rtt":	780646,
					"omitted":	false
				}],
			"sum":	{
				"start":	43.000223,
				"end":	44.000348,
				"seconds":	1.000125,
				"bytes":	3478376,
				"bits_per_second":	27823525.336177,
				"retransmits":	0,
				"omitted":	false
			}
		}, {
			"streams":	[{
					"socket":	4,
					"start":	44.000348,
					"end":	45.000581,
					"seconds":	1.000233,
					"bytes":	3152576,
					"bits_per_second":	25214734.607010,
					"retransmits":	0,
					"snd_cwnd":	21525968,
					"rtt":	966075,
					"omitted":	false
				}],
			"sum":	{
				"start":	44.000348,
				"end":	45.000581,
				"seconds":	1.000233,
				"bytes":	3152576,
				"bits_per_second":	25214734.607010,
				"retransmits":	0,
				"omitted":	false
			}
		}, {
			"streams":	[{
					"socket":	4,
					"start":	45.000581,
					"end":	46.000177,
					"seconds":	0.999596,
					"bytes":	3080176,
					"bits_per_second":	24651370.099151,
					"retransmits":	0,
					"snd_cwnd":	23970192,
					"rtt":	1044320,
					"omitted":	false
				}],
			"sum":	{
				"start":	45.000581,
				"end":	46.000177,
				"seconds":	0.999596,
				"bytes":	3080176,
				"bits_per_second":	24651370.099151,
				"retransmits":	0,
				"omitted":	false
			}
		}, {
			"streams":	[{
					"socket":	4,
					"start":	46.000177,
					"end":	47.001526,
					"seconds":	1.001349,
					"bytes":	857216,
					"bits_per_second":	6848489.577123,
					"retransmits":	45,
					"snd_cwnd":	23194064,
					"rtt":	1010537,
					"omitted":	false
				}],
			"sum":	{
				"start":	46.000177,
				"end":	47.001526,
				"seconds":	1.001349,
				"bytes":	857216,
				"bits_per_second":	6848489.577123,
				"retransmits":	45,
				"omitted":	false
			}
		}, {
			"streams":	[{
					"socket":	4,
					"start":	47.001526,
					"end":	48.000444,
					"seconds":	0.998918,
					"bytes":	4195136,
					"bits_per_second":	33597438.530637,
					"retransmits":	164,
					"snd_cwnd":	14870960,
					"rtt":	654344,
					"omitted":	false
				}],
			"sum":	{
				"start":	47.001526,
				"end":	48.000444,
				"seconds":	0.998918,
				"bytes":	4195136,
				"bits_per_second":	33597438.530637,
				"retransmits":	164,
				"omitted":	false
			}
		}, {
			"streams":	[{
					"socket":	4,
					"start":	48.000444,
					"end":	49.000326,
					"seconds":	0.999882,
					"bytes":	3348056,
					"bits_per_second":	26787609.398566,
					"retransmits":	0,
					"snd_cwnd":	20758528,
					"rtt":	931813,
					"omitted":	false
				}],
			"sum":	{
				"start":	48.000444,
				"end":	49.000326,
				"seconds":	0.999882,
				"bytes":	3348056,
				"bits_per_second":	26787609.398566,
				"retransmits":	0,
				"omitted":	false
			}
		}, {
			"streams":	[{
					"socket":	4,
					"start":	49.000326,
					"end":	50.000532,
					"seconds":	1.000206,
					"bytes":	3080176,
					"bits_per_second":	24636333.071770,
					"retransmits":	0,
					"snd_cwnd":	23558960,
					"rtt":	1036561,
					"omitted":	false
				}],
			"sum":	{
				"start":	49.000326,
				"end":	50.000532,
				"seconds":	1.000206,
				"bytes":	3080176,
				"bits_per_second":	24636333.071770,
				"retransmits":	0,
				"omitted":	false
			}
		}, {
			"streams":	[{
					"socket":	4,
					"start":	50.000532,
					"end":	51.000154,
					"seconds":	0.999622,
					"bytes":	2819536,
					"bits_per_second":	22564815.095777,
					"retransmits":	0,
					"snd_cwnd":	22956592,
					"rtt":	1020179,
					"omitted":	false
				}],
			"sum":	{
				"start":	50.000532,
				"end":	51.000154,
				"seconds":	0.999622,
				"bytes":	2819536,
				"bits_per_second":	22564815.095777,
				"retransmits":	0,
				"omitted":	false
			}
		}, {
			"streams":	[{
					"socket":	4,
					"start":	51.000154,
					"end":	52.001158,
					"seconds":	1.001004,
					"bytes":	661736,
					"bits_per_second":	5288578.369722,
					"retransmits":	197,
					"snd_cwnd":	21728688,
					"rtt":	956047,
					"omitted":	false
				}],
			"sum":	{
				"start":	51.000154,
				"end":	52.001158,
				"seconds":	1.001004,
				"bytes":	661736,
				"bits_per_second":	5288578.369722,
				"retransmits":	197,
				"omitted":	false
			}
		}, {
			"streams":	[{
					"socket":	4,
					"start":	52.001158,
					"end":	53.000330,
					"seconds":	0.999172,
					"bytes":	3984896,
					"bits_per_second":	31905586.710386,
					"retransmits":	163,
					"snd_cwnd":	13692288,
					"rtt":	614575,
					"omitted":	false
				}],
			"sum":	{
				"start":	52.001158,
				"end":	53.000330,
				"seconds":	0.999172,
				"bytes":	3984896,
				"bits_per_second":	31905586.710386,
				"retransmits":	163,
				"omitted":	false
			}
		}, {
			"streams":	[{
					"socket":	4,
					"start":	53.000330,
					"end":	54.000542,
					"seconds":	1.000212,
					"bytes":	3543536,
					"bits_per_second":	28342280.736918,
					"retransmits":	0,
					"snd_cwnd":	17995744,
					"rtt":	791768,
					"omitted":	false
				}],
			"sum":	{
				"start":	53.000330,
				"end":	54.000542,
				"seconds":	1.000212,
				"bytes":	3543536,
				"bits_per_second":	28342280.736918,
				"retransmits":	0,
				"omitted":	false
			}
		}, {
			"streams":	[{
					"socket":	4,
					"start":	54.000542,
					"end":	55.000305,
					"seconds":	0.999763,
					"bytes":	3087416,
					"bits_per_second":	24705182.833540,
					"retransmits":	0,
					"snd_cwnd":	21688144,
					"rtt":	963836,
					"omitted":	false
				}],
			"sum":	{
				"start":	54.000542,
				"end":	55.000305,
				"seconds":	0.999763,
				"bytes":	3087416,
				"bits_per_second":	24705182.833540,
				"retransmits":	0,
				"omitted":	false
			}
		}, {
			"streams":	[{
					"socket":	4,
					"start":	55.000305,
					"end":	56.000647,
					"seconds":	1.000342,
					"bytes":	3080176,
					"bits_per_second":	24632980.302167,
					"retransmits":	0,
					"snd_cwnd":	23993360,
					"rtt":	1045232,
					"omitted":	false
				}],
			"sum":	{
				"start":	55.000305,
				"end":	56.000647,
				"seconds":	1.000342,
				"bytes":	3080176,
				"bits_per_second":	24632980.302167,
				"retransmits":	0,
				"omitted":	false
			}
		}, {
			"streams":	[{
					"socket":	4,
					"start":	56.000647,
					"end":	57.001147,
					"seconds":	1.000500,
					"bytes":	857216,
					"bits_per_second":	6854301.097848,
					"retransmits":	69,
					"snd_cwnd":	23283840,
					"rtt":	1014350,
					"omitted":	false
				}],
			"sum":	{
				"start":	56.000647,
				"end":	57.001147,
				"seconds":	1.000500,
				"bytes":	857216,
				"bits_per_second":	6854301.097848,
				"retransmits":	69,
				"omitted":	false
			}
		}, {
			"streams":	[{
					"socket":	4,
					"start":	57.001147,
					"end":	58.000389,
					"seconds":	0.999242,
					"bytes":	3984896,
					"bits_per_second":	31903356.202077,
					"retransmits":	263,
					"snd_cwnd":	15652880,
					"rtt":	695704,
					"omitted":	false
				}],
			"sum":	{
				"start":	57.001147,
				"end":	58.000389,
				"seconds":	0.999242,
				"bytes":	3984896,
				"bits_per_second":	31903356.202077,
				"retransmits":	263,
				"omitted":	false
			}
		}, {
			"streams":	[{
					"socket":	4,
					"start":	58.000389,
					"end":	59.000280,
					"seconds":	0.999891,
					"bytes":	3145336,
					"bits_per_second":	25165429.957066,
					"retransmits":	0,
					"snd_cwnd":	17601888,
					"rtt":	766836,
					"omitted":	false
				}],
			"sum":	{
				"start":	58.000389,
				"end":	59.000280,
				"seconds":	0.999891,
				"bytes":	3145336,
				"bits_per_second":	25165429.957066,
				"retransmits":	0,
				"omitted":	false
			}
		}, {
			"streams":	[{
					"socket":	4,
					"start":	59.000280,
					"end":	60.000409,
					"seconds":	1.000129,
					"bytes":	3217736,
					"bits_per_second":	25738568.124913,
					"retransmits":	0,
					"snd_cwnd":	22142816,
					"rtt":	984102,
					"omitted":	false
				}],
			"sum":	{
				"start":	59.000280,
				"end":	60.000409,
				"seconds":	1.000129,
				"bytes":	3217736,
				"bits_per_second":	25738568.124913,
				"retransmits":	0,
				"omitted":	false
			}
		}],
	"end":	{
		"streams":	[{
				"sender":	{
					"socket":	4,
					"start":	0,
					"end":	60.000409,
					"seconds":	60.000409,
					"bytes":	177879736,
					"bits_per_second":	23717136.505846,
					"retransmits":	2017,
					"max_snd_cwnd":	23993360,
					"max_rtt":	1045232,
					"min_rtt":	12746,
					"mean_rtt":	838241
				},
				"receiver":	{
					"socket":	4,
					"start":	0,
					"end":	60.000409,
					"seconds":	60.000409,
					"bytes":	177209344,
					"bits_per_second":	23627751.514986
				}
			}],
		"sum_sent":	{
			"start":	0,
			"end":	60.000409,
			"seconds":	60.000409,
			"bytes":	177879736,
			"bits_per_second":	23717136.505846,
			"retransmits":	2017
		},
		"sum_received":	{
			"start":	0,
			"end":	60.000409,
			"seconds":	60.000409,
			"bytes":	177209344,
			"bits_per_second":	23627751.514986
		},
		"cpu_utilization_percent":	{
			"host_total":	0.061083,
			"host_user":	0,
			"host_system":	0.061085,
			"remote_total":	1.151573,
			"remote_user":	0,
			"remote_system":	1.151574
		}
	}
}
