{
	"start":	{
		"connected":	[{
				"socket":	4,
				"local_host":	"192.168.179.151",
				"local_port":	50170,
				"remote_host":	"192.168.120.131",
				"remote_port":	5201
			}],
		"version":	"iperf 3.1.3",
		"system_info":	"Linux a 4.15.0-213-generic #224-Ubuntu SMP Mon Jun 19 13:30:12 UTC 2023 x86_64",
		"timestamp":	{
			"time":	"Mon, 05 May 2025 11:06:54 GMT",
			"timesecs":	1746443214
		},
		"connecting_to":	{
			"host":	"192.168.120.131",
			"port":	5201
		},
		"cookie":	"a.1746443214.707033.79c1dfd807d53922",
		"tcp_mss_default":	1448,
		"test_start":	{
			"protocol":	"TCP",
			"num_streams":	1,
			"blksize":	131072,
			"omit":	0,
			"duration":	60,
			"bytes":	0,
			"blocks":	0,
			"reverse":	0
		}
	},
	"intervals":	[{
			"streams":	[{
					"socket":	4,
					"start":	0,
					"end":	1.000519,
					"seconds":	1.000519,
					"bytes":	605264,
					"bits_per_second":	4839600.067306,
					"retransmits":	0,
					"snd_cwnd":	14480,
					"rtt":	12940,
					"omitted":	false
				}],
			"sum":	{
				"start":	0,
				"end":	1.000519,
				"seconds":	1.000519,
				"bytes":	605264,
				"bits_per_second":	4839600.067306,
				"retransmits":	0,
				"omitted":	false
			}
		}, {
			"streams":	[{
					"socket":	4,
					"start":	1.000519,
					"end":	2.000417,
					"seconds":	0.999898,
					"bytes":	852872,
					"bits_per_second":	6823672.309030,
					"retransmits":	0,
					"snd_cwnd":	28960,
					"rtt":	12973,
					"omitted":	false
				}],
			"sum":	{
				"start":	1.000519,
				"end":	2.000417,
				"seconds":	0.999898,
				"bytes":	852872,
				"bits_per_second":	6823672.309030,
				"retransmits":	0,
				"omitted":	false
			}
		}, {
			"streams":	[{
					"socket":	4,
					"start":	2.000417,
					"end":	3.000289,
					"seconds":	0.999872,
					"bytes":	2342864,
					"bits_per_second":	18745311.976857,
					"retransmits":	0,
					"snd_cwnd":	112944,
					"rtt":	12797,
					"omitted":	false
				}],
			"sum":	{
				"start":	2.000417,
				"end":	3.000289,
				"seconds":	0.999872,
				"bytes":	2342864,
				"bits_per_second":	18745311.976857,
				"retransmits":	0,
				"omitted":	false
			}
		}, {
			"streams":	[{
					"socket":	4,
					"start":	3.000289,
					"end":	4.000379,
					"seconds":	1.000090,
					"bytes":	7235656,
					"bits_per_second":	57880045.521314,
					"retransmits":	0,
					"snd_cwnd":	3252208,
					"rtt":	233425,
					"omitted":	false
				}],
			"sum":	{
				"start":	3.000289,
				"end":	4.000379,
				"seconds":	1.000090,
				"bytes":	7235656,
				"bits_per_second":	57880045.521314,
				"retransmits":	0,
				"omitted":	false
			}
		}, {
			"streams":	[{
					"socket":	4,
					"start":	4.000379,
					"end":	5.000714,
					"seconds":	1.000335,
					"bytes":	3669512,
					"bits_per_second":	29346265.643586,
					"retransmits":	0,
					"snd_cwnd":	7729424,
					"rtt":	528377,
					"omitted":	false
				}],
			"sum":	{
				"start":	4.000379,
				"end":	5.000714,
				"seconds":	1.000335,
				"bytes":	3669512,
				"bits_per_second":	29346265.643586,
				"retransmits":	0,
				"omitted":	false
			}
		}, {
			"streams":	[{
					"socket":	4,
					"start":	5.000714,
					"end":	6.000503,
					"seconds":	0.999789,
					"bytes":	3670960,
					"bits_per_second":	29373877.901235,
					"retransmits":	0,
					"snd_cwnd":	11804096,
					"rtt":	768514,
					"omitted":	false
				}],
			"sum":	{
				"start":	5.000714,
				"end":	6.000503,
				"seconds":	0.999789,
				"bytes":	3670960,
				"bits_per_second":	29373877.901235,
				"retransmits":	0,
				"omitted":	false
			}
		}, {
			"streams":	[{
					"socket":	4,
					"start":	6.000503,
					"end":	7.000586,
					"seconds":	1.000083,
					"bytes":	3605800,
					"bits_per_second":	28843999.946027,
					"retransmits":	0,
					"snd_cwnd":	13228928,
					"rtt":	861332,
					"omitted":	false
				}],
			"sum":	{
				"start":	6.000503,
				"end":	7.000586,
				"seconds":	1.000083,
				"bytes":	3605800,
				"bits_per_second":	28843999.946027,
				"retransmits":	0,
				"omitted":	false
			}
		}, {
			"streams":	[{
					"socket":	4,
					"start":	7.000586,
					"end":	8.000670,
					"seconds":	1.000084,
					"bytes":	3280000,
					"bits_per_second":	26237798.036359,
					"retransmits":	0,
					"snd_cwnd":	14674032,
					"rtt":	909951,
					"omitted":	false
				}],
			"sum":	{
				"start":	7.000586,
				"end":	8.000670,
				"seconds":	1.000084,
				"bytes":	3280000,
				"bits_per_second":	26237798.036359,
				"retransmits":	0,
				"omitted":	false
			}
		}, {
			"streams":	[{
					"socket":	4,
					"start":	8.000670,
					"end":	9.000468,
					"seconds":	0.999798,
					"bytes":	3345160,
					"bits_per_second":	26766685.278785,
					"retransmits":	0,
					"snd_cwnd":	16107552,
					"rtt":	951200,
					"omitted":	false
				}],
			"sum":	{
				"start":	8.000670,
				"end":	9.000468,
				"seconds":	0.999798,
				"bytes":	3345160,
				"bits_per_second":	26766685.278785,
				"retransmits":	0,
				"omitted":	false
			}
		}, {
			"streams":	[{
					"socket":	4,
					"start":	9.000468,
					"end":	10.000231,
					"seconds":	0.999763,
					"bytes":	3207600,
					"bits_per_second":	25666882.744944,
					"retransmits":	0,
					"snd_cwnd":	16206016,
					"rtt":	956950,
					"omitted":	false
				}],
			"sum":	{
				"start":	9.000468,
				"end":	10.000231,
				"seconds":	0.999763,
				"bytes":	3207600,
				"bits_per_second":	25666882.744944,
				"retransmits":	0,
				"omitted":	false
			}
		}, {
			"streams":	[{
					"socket":	4,
					"start":	10.000231,
					"end":	11.000277,
					"seconds":	1.000046,
					"bytes":	3207600,
					"bits_per_second":	25659619.278116,
					"retransmits":	0,
					"snd_cwnd":	17077712,
					"rtt":	960511,
					"omitted":	false
				}],
			"sum":	{
				"start":	10.000231,
				"end":	11.000277,
				"seconds":	1.000046,
				"bytes":	3207600,
				"bits_per_second":	25659619.278116,
				"retransmits":	0,
				"omitted":	false
			}
		}, {
			"streams":	[{
					"socket":	4,
					"start":	11.000277,
					"end":	12.000561,
					"seconds":	1.000284,
					"bytes":	3012120,
					"bits_per_second":	24090119.453328,
					"retransmits":	0,
					"snd_cwnd":	17202240,
					"rtt":	967466,
					"omitted":	false
				}],
			"sum":	{
				"start":	11.000277,
				"end":	12.000561,
				"seconds":	1.000284,
				"bytes":	3012120,
				"bits_per_second":	24090119.453328,
				"retransmits":	0,
				"omitted":	false
			}
		}, {
			"streams":	[{
					"socket":	4,
					"start":	12.000561,
					"end":	13.001185,
					"seconds":	1.000624,
					"bytes":	658840,
					"bits_per_second":	5267433.430098,
					"retransmits":	130,
					"snd_cwnd":	15899040,
					"rtt":	929654,
					"omitted":	false
				}],
			"sum":	{
				"start":	12.000561,
				"end":	13.001185,
				"seconds":	1.000624,
				"bytes":	658840,
				"bits_per_second":	5267433.430098,
				"retransmits":	130,
				"omitted":	false
			}
		}, {
			"streams":	[{
					"socket":	4,
					"start":	13.001185,
					"end":	14.000482,
					"seconds":	0.999297,
					"bytes":	4981680,
					"bits_per_second":	39881480.524976,
					"retransmits":	0,
					"snd_cwnd":	11749072,
					"rtt":	700889,
					"omitted":	false
				}],
			"sum":	{
				"start":	13.001185,
				"end":	14.000482,
				"seconds":	0.999297,
				"bytes":	4981680,
				"bits_per_second":	39881480.524976,
				"retransmits":	0,
				"omitted":	false
			}
		}, {
			"streams":	[{
					"socket":	4,
					"start":	14.000482,
					"end":	15.000767,
					"seconds":	1.000285,
					"bytes":	3345160,
					"bits_per_second":	26753651.233255,
					"retransmits":	0,
					"snd_cwnd":	15351696,
					"rtt":	897581,
					"omitted":	false
				}],
			"sum":	{
				"start":	14.000482,
				"end":	15.000767,
				"seconds":	1.000285,
				"bytes":	3345160,
				"bits_per_second":	26753651.233255,
				"retransmits":	0,
				"omitted":	false
			}
		}, {
			"streams":	[{
					"socket":	4,
					"start":	15.000767,
					"end":	16.000138,
					"seconds":	0.999371,
					"bytes":	3142440,
					"bits_per_second":	25155341.406992,
					"retransmits":	0,
					"snd_cwnd":	16475344,
					"rtt":	972984,
					"omitted":	false
				}],
			"sum":	{
				"start":	15.000767,
				"end":	16.000138,
				"seconds":	0.999371,
				"bytes":	3142440,
				"bits_per_second":	25155341.406992,
				"retransmits":	0,
				"omitted":	false
			}
		}, {
			"streams":	[{
					"socket":	4,
					"start":	16.000138,
					"end":	17.000170,
					"seconds":	1.000032,
					"bytes":	3012120,
					"bits_per_second":	24096190.172757,
					"retransmits":	0,
					"snd_cwnd":	17016896,
					"rtt":	975518,
					"omitted":	false
				}],
			"sum":	{
				"start":	16.000138,
				"end":	17.000170,
				"seconds":	1.000032,
				"bytes":	3012120,
				"bits_per_second":	24096190.172757,
				"retransmits":	0,
				"omitted":	false
			}
		}, {
			"streams":	[{
					"socket":	4,
					"start":	17.000170,
					"end":	18.001515,
					"seconds":	1.001345,
					"bytes":	593680,
					"bits_per_second":	4743060.966217,
					"retransmits":	130,
					"snd_cwnd":	16301584,
					"rtt":	934368,
					"omitted":	false
				}],
			"sum":	{
				"start":	17.000170,
				"end":	18.001515,
				"seconds":	1.001345,
				"bytes":	593680,
				"bits_per_second":	4743060.966217,
				"retransmits":	130,
				"omitted":	false
			}
		}, {
			"streams":	[{
					"socket":	4,
					"start":	18.001515,
					"end":	19.000831,
					"seconds":	0.999316,
					"bytes":	4787648,
					"bits_per_second":	38327400.819990,
					"retransmits":	0,
					"snd_cwnd":	11555040,
					"rtt":	643142,
					"omitted":	false
				}],
			"sum":	{
				"start":	18.001515,
				"end":	19.000831,
				"seconds":	0.999316,
				"bytes":	4787648,
				"bits_per_second":	38327400.819990,
				"retransmits":	0,
				"omitted":	false
			}
		}, {
			"streams":	[{
					"socket":	4,
					"start":	19.000831,
					"end":	20.000526,
					"seconds":	0.999695,
					"bytes":	3216288,
					"bits_per_second":	25738152.524351,
					"retransmits":	0,
					"snd_cwnd":	17746688,
					"rtt":	949604,
					"omitted":	false
				}],
			"sum":	{
				"start":	19.000831,
				"end":	20.000526,
				"seconds":	0.999695,
				"bytes":	3216288,
				"bits_per_second":	25738152.524351,
				"retransmits":	0,
				"omitted":	false
			}
		}, {
			"streams":	[{
					"socket":	4,
					"start":	20.000526,
					"end":	21.000161,
					"seconds":	0.999635,
					"bytes":	2818088,
					"bits_per_second":	22552936.246731,
					"retransmits":	60,
					"snd_cwnd":	19701488,
					"rtt":	1054314,
					"omitted":	false
				}],
			"sum":	{
				"start":	20.000526,
				"end":	21.000161,
				"seconds":	0.999635,
				"bytes":	2818088,
				"bits_per_second":	22552936.246731,
				"retransmits":	60,
				"omitted":	false
			}
		}, {
			"streams":	[{
					"socket":	4,
					"start":	21.000161,
					"end":	22.001215,
					"seconds":	1.001054,
					"bytes":	595128,
					"bits_per_second":	4756010.933628,
					"retransmits":	289,
					"snd_cwnd":	17210928,
					"rtt":	948280,
					"omitted":	false
				}],
			"sum":	{
				"start":	21.000161,
				"end":	22.001215,
				"seconds":	1.001054,
				"bytes":	595128,
				"bits_per_second":	4756010.933628,
				"retransmits":	289,
				"omitted":	false
			}
		}, {
			"streams":	[{
					"socket":	4,
					"start":	22.001215,
					"end":	23.000568,
					"seconds":	0.999353,
					"bytes":	3982000,
					"bits_per_second":	31876626.345611,
					"retransmits":	159,
					"snd_cwnd":	12455696,
					"rtt":	686401,
					"omitted":	false
				}],
			"sum":	{
				"start":	22.001215,
				"end":	23.000568,
				"seconds":	0.999353,
				"bytes":	3982000,
				"bits_per_second":	31876626.345611,
				"retransmits":	159,
				"omitted":	false
			}
		}, {
			"streams":	[{
					"socket":	4,
					"start":	23.000568,
					"end":	24.000365,
					"seconds":	0.999797,
					"bytes":	3143888,
					"bits_per_second":	25156208.048979,
					"retransmits":	0,
					"snd_cwnd":	13582240,
					"rtt":	755842,
					"omitted":	false
				}],
			"sum":	{
				"start":	23.000568,
				"end":	24.000365,
				"seconds":	0.999797,
				"bytes":	3143888,
				"bits_per_second":	25156208.048979,
				"retransmits":	0,
				"omitted":	false
			}
		}, {
			"streams":	[{
					"socket":	4,
					"start":	24.000365,
					"end":	25.000437,
					"seconds":	1.000072,
					"bytes":	3152576,
					"bits_per_second":	25218792.186163,
					"retransmits":	0,
					"snd_cwnd":	17781440,
					"rtt":	979853,
					"omitted":	false
				}],
			"sum":	{
				"start":	24.000365,
				"end":	25.000437,
				"seconds":	1.000072,
				"bytes":	3152576,
				"bits_per_second":	25218792.186163,
				"retransmits":	0,
				"omitted":	false
			}
		}, {
			"streams":	[{
					"socket":	4,
					"start":	25.000437,
					"end":	26.000586,
					"seconds":	1.000149,
					"bytes":	2621440,
					"bits_per_second":	20968395.465592,
					"retransmits":	104,
					"snd_cwnd":	18198464,
					"rtt":	1022952,
					"omitted":	false
				}],
			"sum":	{
				"start":	25.000437,
				"end":	26.000586,
				"seconds":	1.000149,
				"bytes":	2621440,
				"bits_per_second":	20968395.465592,
				"retransmits":	104,
				"omitted":	false
			}
		}, {
			"streams":	[{
					"socket":	4,
					"start":	26.000586,
					"end":	27.001144,
					"seconds":	1.000558,
					"bytes":	1179840,
					"bits_per_second":	9433457.079247,
					"retransmits":	304,
					"snd_cwnd":	15719488,
					"rtt":	883619,
					"omitted":	false
				}],
			"sum":	{
				"start":	26.000586,
				"end":	27.001144,
				"seconds":	1.000558,
				"bytes":	1179840,
				"bits_per_second":	9433457.079247,
				"retransmits":	304,
				"omitted":	false
			}
		}, {
			"streams":	[{
					"socket":	4,
					"start":	27.001144,
					"end":	28.000439,
					"seconds":	0.999295,
					"bytes":	3281448,
					"bits_per_second":	26270104.521896,
					"retransmits":	37,
					"snd_cwnd":	10581984,
					"rtt":	588933,
					"omitted":	false
				}],
			"sum":	{
				"start":	27.001144,
				"end":	28.000439,
				"seconds":	0.999295,
				"bytes":	3281448,
				"bits_per_second":	26270104.521896,
				"retransmits":	37,
				"omitted":	false
			}
		}, {
			"streams":	[{
					"socket":	4,
					"start":	28.000439,
					"end":	29.000667,
					"seconds":	1.000228,
					"bytes":	3737568,
					"bits_per_second":	29893730.376991,
					"retransmits":	0,
					"snd_cwnd":	16941600,
					"rtt":	924347,
					"omitted":	false
				}],
			"sum":	{
				"start":	28.000439,
				"end":	29.000667,
				"seconds":	1.000228,
				"bytes":	3737568,
				"bits_per_second":	29893730.376991,
				"retransmits":	0,
				"omitted":	false
			}
		}, {
			"streams":	[{
					"socket":	4,
					"start":	29.000667,
					"end":	30.000363,
					"seconds":	0.999696,
					"bytes":	2751480,
					"bits_per_second":	22018533.274957,
					"retransmits":	0,
					"snd_cwnd":	17874112,
					"rtt":	1015020,
					"omitted":	false
				}],
			"sum":	{
				"start":	29.000667,
				"end":	30.000363,
				"seconds":	0.999696,
				"bytes":	2751480,
				"bits_per_second":	22018533.274957,
				"retransmits":	0,
				"omitted":	false
			}
		}, {
			"streams":	[{
					"socket":	4,
					"start":	30.000363,
					"end":	31.000737,
					"seconds":	1.000374,
					"bytes":	2034440,
					"bits_per_second":	16269433.950475,
					"retransmits":	100,
					"snd_cwnd":	16721504,
					"rtt":	949649,
					"omitted":	false
				}],
			"sum":	{
				"start":	30.000363,
				"end":	31.000737,
				"seconds":	1.000374,
				"bytes":	2034440,
				"bits_per_second":	16269433.950475,
				"retransmits":	100,
				"omitted":	false
			}
		}, {
			"streams":	[{
					"socket":	4,
					"start":	31.000737,
					"end":	32.000243,
					"seconds":	0.999506,
					"bytes":	1637688,
					"bits_per_second":	13107979.385019,
					"retransmits":	335,
					"snd_cwnd":	16376880,
					"rtt":	893567,
					"omitted":	false
				}],
			"sum":	{
				"start":	31.000737,
				"end":	32.000243,
				"seconds":	0.999506,
				"bytes":	1637688,
				"bits_per_second":	13107979.385019,
				"retransmits":	335,
				"omitted":	false
			}
		}, {
			"streams":	[{
					"socket":	4,
					"start":	32.000243,
					"end":	33.000859,
					"seconds":	1.000616,
					"bytes":	3583800,
					"bits_per_second":	28652747.798273,
					"retransmits":	25,
					"snd_cwnd":	4483008,
					"rtt":	242250,
					"omitted":	false
				}],
			"sum":	{
				"start":	32.000243,
				"end":	33.000859,
				"seconds":	1.000616,
				"bytes":	3583800,
				"bits_per_second":	28652747.798273,
				"retransmits":	25,
				"omitted":	false
			}
		}, {
			"streams":	[{
					"socket":	4,
					"start":	33.000859,
					"end":	34.000750,
					"seconds":	0.999891,
					"bytes":	3672408,
					"bits_per_second":	29382472.439917,
					"retransmits":	0,
					"snd_cwnd":	15256128,
					"rtt":	808047,
					"omitted":	false
				}],
			"sum":	{
				"start":	33.000859,
				"end":	34.000750,
				"seconds":	0.999891,
				"bytes":	3672408,
				"bits_per_second":	29382472.439917,
				"retransmits":	0,
				"omitted":	false
			}
		}, {
			"streams":	[{
					"socket":	4,
					"start":	34.000750,
					"end":	35.000342,
					"seconds":	0.999592,
					"bytes":	2883248,
					"bits_per_second":	23075397.243457,
					"retransmits":	0,
					"snd_cwnd":	18378016,
					"rtt":	973281,
					"omitted":	false
				}],
			"sum":	{
				"start":	34.000750,
				"end":	35.000342,
				"seconds":	0.999592,
				"bytes":	2883248,
				"bits_per_second":	23075397.243457,
				"retransmits":	0,
				"omitted":	false
			}
		}, {
			"streams":	[{
					"socket":	4,
					"start":	35.000342,
					"end":	36.000707,
					"seconds":	1.000365,
					"bytes":	2035888,
					"bits_per_second":	16281161.069398,
					"retransmits":	150,
					"snd_cwnd":	19782576,
					"rtt":	1017155,
					"omitted":	false
				}],
			"sum":	{
				"start":	35.000342,
				"end":	36.000707,
				"seconds":	1.000365,
				"bytes":	2035888,
				"bits_per_second":	16281161.069398,
				"retransmits":	150,
				"omitted":	false
			}
		}, {
			"streams":	[{
					"socket":	4,
					"start":	36.000707,
					"end":	37.001188,
					"seconds":	1.000481,
					"bytes":	334488,
					"bits_per_second":	2674617.164940,
					"retransmits":	333,
					"snd_cwnd":	17639536,
					"rtt":	907071,
					"omitted":	false
				}],
			"sum":	{
				"start":	36.000707,
				"end":	37.001188,
				"seconds":	1.000481,
				"bytes":	334488,
				"bits_per_second":	2674617.164940,
				"retransmits":	333,
				"omitted":	false
			}
		}, {
			"streams":	[{
					"socket":	4,
					"start":	37.001188,
					"end":	38.000375,
					"seconds":	0.999187,
					"bytes":	4309248,
					"bits_per_second":	34502034.407727,
					"retransmits":	42,
					"snd_cwnd":	7034384,
					"rtt":	368841,
					"omitted":	false
				}],
			"sum":	{
				"start":	37.001188,
				"end":	38.000375,
				"seconds":	0.999187,
				"bytes":	4309248,
				"bits_per_second":	34502034.407727,
				"retransmits":	42,
				"omitted":	false
			}
		}, {
			"streams":	[{
					"socket":	4,
					"start":	38.000375,
					"end":	39.000785,
					"seconds":	1.000410,
					"bytes":	3802728,
					"bits_per_second":	30409360.980742,
					"retransmits":	0,
					"snd_cwnd":	17179072,
					"rtt":	919024,
					"omitted":	false
				}],
			"sum":	{
				"start":	38.000375,
				"end":	39.000785,
				"seconds":	1.000410,
				"bytes":	3802728,
				"bits_per_second":	30409360.980742,
				"retransmits":	0,
				"omitted":	false
			}
		}, {
			"streams":	[{
					"socket":	4,
					"start":	39.000785,
					"end":	40.000285,
					"seconds":	0.999500,
					"bytes":	2752928,
					"bits_per_second":	22034440.421691,
					"retransmits":	0,
					"snd_cwnd":	18855856,
					"rtt":	988780,
					"omitted":	false
				}],
			"sum":	{
				"start":	39.000785,
				"end":	40.000285,
				"seconds":	0.999500,
				"bytes":	2752928,
				"bits_per_second":	22034440.421691,
				"retransmits":	0,
				"omitted":	false
			}
		}, {
			"streams":	[{
					"socket":	4,
					"start":	40.000285,
					"end":	41.001208,
					"seconds":	1.000923,
					"bytes":	1181568,
					"bits_per_second":	9443828.118022,
					"retransmits":	159,
					"snd_cwnd":	17920448,
					"rtt":	949052,
					"omitted":	false
				}],
			"sum":	{
				"start":	40.000285,
				"end":	41.001208,
				"seconds":	1.000923,
				"bytes":	1181568,
				"bits_per_second":	9443828.118022,
				"retransmits":	159,
				"omitted":	false
			}
		}, {
			"streams":	[{
					"socket":	4,
					"start":	41.001208,
					"end":	42.000517,
					"seconds":	0.999309,
					"bytes":	3860648,
					"bits_per_second":	30906538.472278,
					"retransmits":	243,
					"snd_cwnd":	15085264,
					"rtt":	791099,
					"omitted":	false
				}],
			"sum":	{
				"start":	41.001208,
				"end":	42.000517,
				"seconds":	0.999309,
				"bytes":	3860648,
				"bits_per_second":	30906538.472278,
				"retransmits":	243,
				"omitted":	false
			}
		}, {
			"streams":	[{
					"socket":	4,
					"start":	42.000517,
					"end":	43.000325,
					"seconds":	0.999808,
					"bytes":	2818088,
					"bits_per_second":	22549031.767032,
					"retransmits":	0,
					"snd_cwnd":	17112464,
					"rtt":	897288,
					"omitted":	false
				}],
			"sum":	{
				"start":	42.000517,
				"end":	43.000325,
				"seconds":	0.999808,
				"bytes":	2818088,
				"bits_per_second":	22549031.767032,
				"retransmits":	0,
				"omitted":	false
			}
		}, {
			"streams":	[{
					"socket":	4,
					"start":	43.000325,
					"end":	44.000603,
					"seconds":	1.000278,
					"bytes":	2621440,
					"bits_per_second":	20965691.620267,
					"retransmits":	0,
					"snd_cwnd":	18152128,
					"rtt":	971129,
					"omitted":	false
				}],
			"sum":	{
				"start":	43.000325,
				"end":	44.000603,
				"seconds":	1.000278,
				"bytes":	2621440,
				"bits_per_second":	20965691.620267,
				"retransmits":	0,
				"omitted":	false
			}
		}, {
			"streams":	[{
					"socket":	4,
					"start":	44.000603,
					"end":	45.001450,
					"seconds":	1.000847,
					"bytes":	594848,
					"bits_per_second":	4754757.372891,
					"retransmits":	297,
					"snd_cwnd":	17358624,
					"rtt":	919362,
					"omitted":	false
				}],
			"sum":	{
				"start":	44.000603,
				"end":	45.001450,
				"seconds":	1.000847,
				"bytes":	594848,
				"bits_per_second":	4754757.372891,
				"retransmits":	297,
				"omitted":	false
			}
		}, {
			"streams":	[{
					"socket":	4,
					"start":	45.001450,
					"end":	46.000676,
					"seconds":	0.999226,
					"bytes":	3983448,
					"bits_per_second":	31892265.638303,
					"retransmits":	165,
					"snd_cwnd":	12464384,
					"rtt":	673559,
					"omitted":	false
				}],
			"sum":	{
				"start":	45.001450,
				"end":	46.000676,
				"seconds":	0.999226,
				"bytes":	3983448,
				"bits_per_second":	31892265.638303,
				"retransmits":	165,
				"omitted":	false
			}
		}, {
			"streams":	[{
					"socket":	4,
					"start":	46.000676,
					"end":	47.000135,
					"seconds":	0.999459,
					"bytes":	3143888,
					"bits_per_second":	25164717.401361,
					"retransmits":	0,
					"snd_cwnd":	14485792,
					"rtt":	782858,
					"omitted":	false
				}],
			"sum":	{
				"start":	46.000676,
				"end":	47.000135,
				"seconds":	0.999459,
				"bytes":	3143888,
				"bits_per_second":	25164717.401361,
				"retransmits":	0,
				"omitted":	false
			}
		}, {
			"streams":	[{
					"socket":	4,
					"start":	47.000135,
					"end":	48.000550,
					"seconds":	1.000415,
					"bytes":	3078728,
					"bits_per_second":	24619604.728380,
					"retransmits":	0,
					"snd_cwnd":	19243920,
					"rtt":	999220,
					"omitted":	false
				}],
			"sum":	{
				"start":	47.000135,
				"end":	48.000550,
				"seconds":	1.000415,
				"bytes":	3078728,
				"bits_per_second":	24619604.728380,
				"retransmits":	0,
				"omitted":	false
			}
		}, {
			"streams":	[{
					"socket":	4,
					"start":	48.000550,
					"end":	49.000434,
					"seconds":	0.999884,
					"bytes":	847080,
					"bits_per_second":	6777426.926010,
					"retransmits":	201,
					"snd_cwnd":	18881920,
					"rtt":	999985,
					"omitted":	false
				}],
			"sum":	{
				"start":	48.000550,
				"end":	49.000434,
				"seconds":	0.999884,
				"bytes":	847080,
				"bits_per_second":	6777426.926010,
				"retransmits":	201,
				"omitted":	false
			}
		}, {
			"streams":	[{
					"socket":	4,
					"start":	49.000434,
					"end":	50.000823,
					"seconds":	1.000389,
					"bytes":	3802728,
					"bits_per_second":	30409991.499035,
					"retransmits":	279,
					"snd_cwnd":	13819712,
					"rtt":	710594,
					"omitted":	false
				}],
			"sum":	{
				"start":	49.000434,
				"end":	50.000823,
				"seconds":	1.000389,
				"bytes":	3802728,
				"bits_per_second":	30409991.499035,
				"retransmits":	279,
				"omitted":	false
			}
		}, {
			"streams":	[{
					"socket":	4,
					"start":	50.000823,
					"end":	51.000368,
					"seconds":	0.999545,
					"bytes":	3143888,
					"bits_per_second":	25162556.512832,
					"retransmits":	0,
					"snd_cwnd":	17900176,
					"rtt":	920461,
					"omitted":	false
				}],
			"sum":	{
				"start":	50.000823,
				"end":	51.000368,
				"seconds":	0.999545,
				"bytes":	3143888,
				"bits_per_second":	25162556.512832,
				"retransmits":	0,
				"omitted":	false
			}
		}, {
			"streams":	[{
					"socket":	4,
					"start":	51.000368,
					"end":	52.000356,
					"seconds":	0.999988,
					"bytes":	2883248,
					"bits_per_second":	23066258.971234,
					"retransmits":	0,
					"snd_cwnd":	18806624,
					"rtt":	1026851,
					"omitted":	false
				}],
			"sum":	{
				"start":	51.000368,
				"end":	52.000356,
				"seconds":	0.999988,
				"bytes":	2883248,
				"bits_per_second":	23066258.971234,
				"retransmits":	0,
				"omitted":	false
			}
		}, {
			"streams":	[{
					"socket":	4,
					"start":	52.000356,
					"end":	53.001345,
					"seconds":	1.000989,
					"bytes":	529968,
					"bits_per_second":	4235555.204198,
					"retransmits":	348,
					"snd_cwnd":	17830672,
					"rtt":	944329,
					"omitted":	false
				}],
			"sum":	{
				"start":	52.000356,
				"end":	53.001345,
				"seconds":	1.000989,
				"bytes":	529968,
				"bits_per_second":	4235555.204198,
				"retransmits":	348,
				"omitted":	false
			}
		}, {
			"streams":	[{
					"socket":	4,
					"start":	53.001345,
					"end":	54.000741,
					"seconds":	0.999396,
					"bytes":	3853128,
					"bits_per_second":	30843650.920648,
					"retransmits":	180,
					"snd_cwnd":	13796544,
					"rtt":	702594,
					"omitted":	false
				}],
			"sum":	{
				"start":	53.001345,
				"end":	54.000741,
				"seconds":	0.999396,
				"bytes":	3853128,
				"bits_per_second":	30843650.920648,
				"retransmits":	180,
				"omitted":	false
			}
		}, {
			"streams":	[{
					"socket":	4,
					"start":	54.000741,
					"end":	55.000647,
					"seconds":	0.999906,
					"bytes":	3281448,
					"bits_per_second":	26254056.484663,
					"retransmits":	0,
					"snd_cwnd":	15137392,
					"rtt":	835130,
					"omitted":	false
				}],
			"sum":	{
				"start":	54.000741,
				"end":	55.000647,
				"seconds":	0.999906,
				"bytes":	3281448,
				"bits_per_second":	26254056.484663,
				"retransmits":	0,
				"omitted":	false
			}
		}, {
			"streams":	[{
					"socket":	4,
					"start":	55.000647,
					"end":	56.000739,
					"seconds":	1.000092,
					"bytes":	3013568,
					"bits_per_second":	24106325.505193,
					"retransmits":	0,
					"snd_cwnd":	20150368,
					"rtt":	1026099,
					"omitted":	false
				}],
			"sum":	{
				"start":	55.000647,
				"end":	56.000739,
				"seconds":	1.000092,
				"bytes":	3013568,
				"bits_per_second":	24106325.505193,
				"retransmits":	0,
				"omitted":	false
			}
		}, {
			"streams":	[{
					"socket":	4,
					"start":	56.000739,
					"end":	57.001470,
					"seconds":	1.000731,
					"bytes":	529968,
					"bits_per_second":	4236647.047598,
					"retransmits":	342,
					"snd_cwnd":	18320096,
					"rtt":	970205,
					"omitted":	false
				}],
			"sum":	{
				"start":	56.000739,
				"end":	57.001470,
				"seconds":	1.000731,
				"bytes":	529968,
				"bits_per_second":	4236647.047598,
				"retransmits":	342,
				"omitted":	false
			}
		}, {
			"streams":	[{
					"socket":	4,
					"start":	57.001470,
					"end":	58.000665,
					"seconds":	0.999195,
					"bytes":	3983448,
					"bits_per_second":	31893254.916700,
					"retransmits":	306,
					"snd_cwnd":	13741520,
					"rtt":	693118,
					"omitted":	false
				}],
			"sum":	{
				"start":	57.001470,
				"end":	58.000665,
				"seconds":	0.999195,
				"bytes":	3983448,
				"bits_per_second":	31893254.916700,
				"retransmits":	306,
				"omitted":	false
			}
		}, {
			"streams":	[{
					"socket":	4,
					"start":	58.000665,
					"end":	59.000431,
					"seconds":	0.999766,
					"bytes":	3078728,
					"bits_per_second":	24635591.858316,
					"retransmits":	0,
					"snd_cwnd":	15537040,
					"rtt":	783685,
					"omitted":	false
				}],
			"sum":	{
				"start":	58.000665,
				"end":	59.000431,
				"seconds":	0.999766,
				"bytes":	3078728,
				"bits_per_second":	24635591.858316,
				"retransmits":	0,
				"omitted":	false
			}
		}, {
			"streams":	[{
					"socket":	4,
					"start":	59.000431,
					"end":	60.000487,
					"seconds":	1.000056,
					"bytes":	2948408,
					"bits_per_second":	23585942.518178,
					"retransmits":	0,
					"snd_cwnd":	17824880,
					"rtt":	993646,
					"omitted":	false
				}],
			"sum":	{
				"start":	59.000431,
				"end":	60.000487,
				"seconds":	1.000056,
				"bytes":	2948408,
				"bits_per_second":	23585942.518178,
				"retransmits":	0,
				"omitted":	false
			}
		}],
	"end":	{
		"streams":	[{
				"sender":	{
					"socket":	4,
					"start":	0,
					"end":	60.000487,
					"seconds":	60.000487,
					"bytes":	169261848,
					"bits_per_second":	22568063.278695,
					"retransmits":	4718,
					"max_snd_cwnd":	20150368,
					"max_rtt":	1054314,
					"min_rtt":	12797,
					"mean_rtt":	811627
				},
				"receiver":	{
					"socket":	4,
					"start":	0,
					"end":	60.000487,
					"seconds":	60.000487,
					"bytes":	166068224,
					"bits_per_second":	22142250.200486
				}
			}],
		"sum_sent":	{
			"start":	0,
			"end":	60.000487,
			"seconds":	60.000487,
			"bytes":	169261848,
			"bits_per_second":	22568063.278695,
			"retransmits":	4718
		},
		"sum_received":	{
			"start":	0,
			"end":	60.000487,
			"seconds":	60.000487,
			"bytes":	166068224,
			"bits_per_second":	22142250.200486
		},
		"cpu_utilization_percent":	{
			"host_total":	0.058978,
			"host_user":	0.011087,
			"host_system":	0.047893,
			"remote_total":	1.081744,
			"remote_user":	0,
			"remote_system":	1.081744
		}
	}
}
