{
	"start":	{
		"connected":	[{
				"socket":	4,
				"local_host":	"192.168.179.151",
				"local_port":	43470,
				"remote_host":	"192.168.120.131",
				"remote_port":	5201
			}],
		"version":	"iperf 3.1.3",
		"system_info":	"Linux a 4.15.0-213-generic #224-Ubuntu SMP Mon Jun 19 13:30:12 UTC 2023 x86_64",
		"timestamp":	{
			"time":	"Mon, 05 May 2025 11:02:48 GMT",
			"timesecs":	1746442968
		},
		"connecting_to":	{
			"host":	"192.168.120.131",
			"port":	5201
		},
		"cookie":	"a.1746442968.930881.40a150fa1936b69c",
		"tcp_mss_default":	1448,
		"test_start":	{
			"protocol":	"TCP",
			"num_streams":	1,
			"blksize":	131072,
			"omit":	0,
			"duration":	60,
			"bytes":	0,
			"blocks":	0,
			"reverse":	0
		}
	},
	"intervals":	[{
			"streams":	[{
					"socket":	4,
					"start":	0,
					"end":	1.000293,
					"seconds":	1.000293,
					"bytes":	605264,
					"bits_per_second":	4840693.597225,
					"retransmits":	0,
					"snd_cwnd":	14480,
					"rtt":	13022,
					"omitted":	false
				}],
			"sum":	{
				"start":	0,
				"end":	1.000293,
				"seconds":	1.000293,
				"bytes":	605264,
				"bits_per_second":	4840693.597225,
				"retransmits":	0,
				"omitted":	false
			}
		}, {
			"streams":	[{
					"socket":	4,
					"start":	1.000293,
					"end":	2.000215,
					"seconds":	0.999922,
					"bytes":	807984,
					"bits_per_second":	6464375.981339,
					"retransmits":	0,
					"snd_cwnd":	28960,
					"rtt":	12873,
					"omitted":	false
				}],
			"sum":	{
				"start":	1.000293,
				"end":	2.000215,
				"seconds":	0.999922,
				"bytes":	807984,
				"bits_per_second":	6464375.981339,
				"retransmits":	0,
				"omitted":	false
			}
		}, {
			"streams":	[{
					"socket":	4,
					"start":	2.000215,
					"end":	3.000382,
					"seconds":	1.000167,
					"bytes":	2413816,
					"bits_per_second":	19307305.745718,
					"retransmits":	0,
					"snd_cwnd":	112944,
					"rtt":	12892,
					"omitted":	false
				}],
			"sum":	{
				"start":	2.000215,
				"end":	3.000382,
				"seconds":	1.000167,
				"bytes":	2413816,
				"bits_per_second":	19307305.745718,
				"retransmits":	0,
				"omitted":	false
			}
		}, {
			"streams":	[{
					"socket":	4,
					"start":	3.000382,
					"end":	4.000512,
					"seconds":	1.000130,
					"bytes":	7102440,
					"bits_per_second":	56812137.937285,
					"retransmits":	0,
					"snd_cwnd":	3147952,
					"rtt":	237253,
					"omitted":	false
				}],
			"sum":	{
				"start":	3.000382,
				"end":	4.000512,
				"seconds":	1.000130,
				"bytes":	7102440,
				"bits_per_second":	56812137.937285,
				"retransmits":	0,
				"omitted":	false
			}
		}, {
			"streams":	[{
					"socket":	4,
					"start":	4.000512,
					"end":	5.000939,
					"seconds":	1.000427,
					"bytes":	3669512,
					"bits_per_second":	29343566.072070,
					"retransmits":	0,
					"snd_cwnd":	7477472,
					"rtt":	536692,
					"omitted":	false
				}],
			"sum":	{
				"start":	4.000512,
				"end":	5.000939,
				"seconds":	1.000427,
				"bytes":	3669512,
				"bits_per_second":	29343566.072070,
				"retransmits":	0,
				"omitted":	false
			}
		}, {
			"streams":	[{
					"socket":	4,
					"start":	5.000939,
					"end":	6.000812,
					"seconds":	0.999873,
					"bytes":	3669512,
					"bits_per_second":	29359819.960929,
					"retransmits":	0,
					"snd_cwnd":	9498880,
					"rtt":	649429,
					"omitted":	false
				}],
			"sum":	{
				"start":	5.000939,
				"end":	6.000812,
				"seconds":	0.999873,
				"bytes":	3669512,
				"bits_per_second":	29359819.960929,
				"retransmits":	0,
				"omitted":	false
			}
		}, {
			"streams":	[{
					"socket":	4,
					"start":	6.000812,
					"end":	7.000602,
					"seconds":	0.999790,
					"bytes":	3605800,
					"bits_per_second":	28852460.366054,
					"retransmits":	0,
					"snd_cwnd":	12643936,
					"rtt":	823138,
					"omitted":	false
				}],
			"sum":	{
				"start":	6.000812,
				"end":	7.000602,
				"seconds":	0.999790,
				"bytes":	3605800,
				"bits_per_second":	28852460.366054,
				"retransmits":	0,
				"omitted":	false
			}
		}, {
			"streams":	[{
					"socket":	4,
					"start":	7.000602,
					"end":	8.000203,
					"seconds":	0.999601,
					"bytes":	3207600,
					"bits_per_second":	25671045.640374,
					"retransmits":	0,
					"snd_cwnd":	14173024,
					"rtt":	922724,
					"omitted":	false
				}],
			"sum":	{
				"start":	7.000602,
				"end":	8.000203,
				"seconds":	0.999601,
				"bytes":	3207600,
				"bits_per_second":	25671045.640374,
				"retransmits":	0,
				"omitted":	false
			}
		}, {
			"streams":	[{
					"socket":	4,
					"start":	8.000203,
					"end":	9.000319,
					"seconds":	1.000116,
					"bytes":	3207600,
					"bits_per_second":	25657820.874318,
					"retransmits":	0,
					"snd_cwnd":	15745552,
					"rtt":	976272,
					"omitted":	false
				}],
			"sum":	{
				"start":	8.000203,
				"end":	9.000319,
				"seconds":	1.000116,
				"bytes":	3207600,
				"bits_per_second":	25657820.874318,
				"retransmits":	0,
				"omitted":	false
			}
		}, {
			"streams":	[{
					"socket":	4,
					"start":	9.000319,
					"end":	10.001683,
					"seconds":	1.001364,
					"bytes":	789160,
					"bits_per_second":	6304680.461931,
					"retransmits":	30,
					"snd_cwnd":	15531248,
					"rtt":	963120,
					"omitted":	false
				}],
			"sum":	{
				"start":	9.000319,
				"end":	10.001683,
				"seconds":	1.001364,
				"bytes":	789160,
				"bits_per_second":	6304680.461931,
				"retransmits":	30,
				"omitted":	false
			}
		}, {
			"streams":	[{
					"socket":	4,
					"start":	10.001683,
					"end":	11.000421,
					"seconds":	0.998738,
					"bytes":	4786200,
					"bits_per_second":	38337980.596948,
					"retransmits":	75,
					"snd_cwnd":	9875360,
					"rtt":	649462,
					"omitted":	false
				}],
			"sum":	{
				"start":	10.001683,
				"end":	11.000421,
				"seconds":	0.998738,
				"bytes":	4786200,
				"bits_per_second":	38337980.596948,
				"retransmits":	75,
				"omitted":	false
			}
		}, {
			"streams":	[{
					"socket":	4,
					"start":	11.000421,
					"end":	12.000504,
					"seconds":	1.000083,
					"bytes":	3475480,
					"bits_per_second":	27801533.316080,
					"retransmits":	0,
					"snd_cwnd":	14051392,
					"rtt":	905788,
					"omitted":	false
				}],
			"sum":	{
				"start":	11.000421,
				"end":	12.000504,
				"seconds":	1.000083,
				"bytes":	3475480,
				"bits_per_second":	27801533.316080,
				"retransmits":	0,
				"omitted":	false
			}
		}, {
			"streams":	[{
					"socket":	4,
					"start":	12.000504,
					"end":	13.000233,
					"seconds":	0.999729,
					"bytes":	3142440,
					"bits_per_second":	25146336.717350,
					"retransmits":	0,
					"snd_cwnd":	14529232,
					"rtt":	955429,
					"omitted":	false
				}],
			"sum":	{
				"start":	12.000504,
				"end":	13.000233,
				"seconds":	0.999729,
				"bytes":	3142440,
				"bits_per_second":	25146336.717350,
				"retransmits":	0,
				"omitted":	false
			}
		}, {
			"streams":	[{
					"socket":	4,
					"start":	13.000233,
					"end":	14.000552,
					"seconds":	1.000319,
					"bytes":	3077280,
					"bits_per_second":	24610389.185960,
					"retransmits":	0,
					"snd_cwnd":	15038928,
					"rtt":	979194,
					"omitted":	false
				}],
			"sum":	{
				"start":	13.000233,
				"end":	14.000552,
				"seconds":	1.000319,
				"bytes":	3077280,
				"bits_per_second":	24610389.185960,
				"retransmits":	0,
				"omitted":	false
			}
		}, {
			"streams":	[{
					"socket":	4,
					"start":	14.000552,
					"end":	15.001360,
					"seconds":	1.000808,
					"bytes":	528520,
					"bits_per_second":	4224746.402522,
					"retransmits":	124,
					"snd_cwnd":	14810144,
					"rtt":	935992,
					"omitted":	false
				}],
			"sum":	{
				"start":	14.000552,
				"end":	15.001360,
				"seconds":	1.000808,
				"bytes":	528520,
				"bits_per_second":	4224746.402522,
				"retransmits":	124,
				"omitted":	false
			}
		}, {
			"streams":	[{
					"socket":	4,
					"start":	15.001360,
					"end":	16.000393,
					"seconds":	0.999033,
					"bytes":	4851360,
					"bits_per_second":	38848447.449297,
					"retransmits":	5,
					"snd_cwnd":	9756624,
					"rtt":	598642,
					"omitted":	false
				}],
			"sum":	{
				"start":	15.001360,
				"end":	16.000393,
				"seconds":	0.999033,
				"bytes":	4851360,
				"bits_per_second":	38848447.449297,
				"retransmits":	5,
				"omitted":	false
			}
		}, {
			"streams":	[{
					"socket":	4,
					"start":	16.000393,
					"end":	17.000530,
					"seconds":	1.000137,
					"bytes":	3540640,
					"bits_per_second":	28321237.422219,
					"retransmits":	0,
					"snd_cwnd":	14575568,
					"rtt":	894239,
					"omitted":	false
				}],
			"sum":	{
				"start":	16.000393,
				"end":	17.000530,
				"seconds":	1.000137,
				"bytes":	3540640,
				"bits_per_second":	28321237.422219,
				"retransmits":	0,
				"omitted":	false
			}
		}, {
			"streams":	[{
					"socket":	4,
					"start":	17.000530,
					"end":	18.000264,
					"seconds":	0.999734,
					"bytes":	3077280,
					"bits_per_second":	24624792.044850,
					"retransmits":	0,
					"snd_cwnd":	16185744,
					"rtt":	954833,
					"omitted":	false
				}],
			"sum":	{
				"start":	17.000530,
				"end":	18.000264,
				"seconds":	0.999734,
				"bytes":	3077280,
				"bits_per_second":	24624792.044850,
				"retransmits":	0,
				"omitted":	false
			}
		}, {
			"streams":	[{
					"socket":	4,
					"start":	18.000264,
					"end":	19.000263,
					"seconds":	0.999999,
					"bytes":	3077280,
					"bits_per_second":	24618263.477806,
					"retransmits":	0,
					"snd_cwnd":	16489824,
					"rtt":	972937,
					"omitted":	false
				}],
			"sum":	{
				"start":	18.000264,
				"end":	19.000263,
				"seconds":	0.999999,
				"bytes":	3077280,
				"bits_per_second":	24618263.477806,
				"retransmits":	0,
				"omitted":	false
			}
		}, {
			"streams":	[{
					"socket":	4,
					"start":	19.000263,
					"end":	20.001589,
					"seconds":	1.001326,
					"bytes":	593680,
					"bits_per_second":	4743150.183782,
					"retransmits":	90,
					"snd_cwnd":	15204000,
					"rtt":	942349,
					"omitted":	false
				}],
			"sum":	{
				"start":	19.000263,
				"end":	20.001589,
				"seconds":	1.001326,
				"bytes":	593680,
				"bits_per_second":	4743150.183782,
				"retransmits":	90,
				"omitted":	false
			}
		}, {
			"streams":	[{
					"socket":	4,
					"start":	20.001589,
					"end":	21.000335,
					"seconds":	0.998746,
					"bytes":	4242640,
					"bits_per_second":	33983738.385293,
					"retransmits":	25,
					"snd_cwnd":	4147072,
					"rtt":	257031,
					"omitted":	false
				}],
			"sum":	{
				"start":	20.001589,
				"end":	21.000335,
				"seconds":	0.998746,
				"bytes":	4242640,
				"bits_per_second":	33983738.385293,
				"retransmits":	25,
				"omitted":	false
			}
		}, {
			"streams":	[{
					"socket":	4,
					"start":	21.000335,
					"end":	22.000707,
					"seconds":	1.000372,
					"bytes":	3736120,
					"bits_per_second":	29877847.443063,
					"retransmits":	0,
					"snd_cwnd":	11948896,
					"rtt":	725899,
					"omitted":	false
				}],
			"sum":	{
				"start":	21.000335,
				"end":	22.000707,
				"seconds":	1.000372,
				"bytes":	3736120,
				"bits_per_second":	29877847.443063,
				"retransmits":	0,
				"omitted":	false
			}
		}, {
			"streams":	[{
					"socket":	4,
					"start":	22.000707,
					"end":	23.000723,
					"seconds":	1.000016,
					"bytes":	3272760,
					"bits_per_second":	26181661.772962,
					"retransmits":	0,
					"snd_cwnd":	15114224,
					"rtt":	900215,
					"omitted":	false
				}],
			"sum":	{
				"start":	22.000707,
				"end":	23.000723,
				"seconds":	1.000016,
				"bytes":	3272760,
				"bits_per_second":	26181661.772962,
				"retransmits":	0,
				"omitted":	false
			}
		}, {
			"streams":	[{
					"socket":	4,
					"start":	23.000723,
					"end":	24.000472,
					"seconds":	0.999749,
					"bytes":	3077280,
					"bits_per_second":	24624416.206076,
					"retransmits":	0,
					"snd_cwnd":	16345024,
					"rtt":	974376,
					"omitted":	false
				}],
			"sum":	{
				"start":	23.000723,
				"end":	24.000472,
				"seconds":	0.999749,
				"bytes":	3077280,
				"bits_per_second":	24624416.206076,
				"retransmits":	0,
				"omitted":	false
			}
		}, {
			"streams":	[{
					"socket":	4,
					"start":	24.000472,
					"end":	25.001366,
					"seconds":	1.000894,
					"bytes":	658840,
					"bits_per_second":	5266013.072936,
					"retransmits":	100,
					"snd_cwnd":	15563104,
					"rtt":	954976,
					"omitted":	false
				}],
			"sum":	{
				"start":	24.000472,
				"end":	25.001366,
				"seconds":	1.000894,
				"bytes":	658840,
				"bits_per_second":	5266013.072936,
				"retransmits":	100,
				"omitted":	false
			}
		}, {
			"streams":	[{
					"socket":	4,
					"start":	25.001366,
					"end":	26.000375,
					"seconds":	0.999009,
					"bytes":	4112320,
					"bits_per_second":	32931190.450132,
					"retransmits":	125,
					"snd_cwnd":	4474320,
					"rtt":	269216,
					"omitted":	false
				}],
			"sum":	{
				"start":	25.001366,
				"end":	26.000375,
				"seconds":	0.999009,
				"bytes":	4112320,
				"bits_per_second":	32931190.450132,
				"retransmits":	125,
				"omitted":	false
			}
		}, {
			"streams":	[{
					"socket":	4,
					"start":	26.000375,
					"end":	27.000901,
					"seconds":	1.000526,
					"bytes":	3736120,
					"bits_per_second":	29873248.123760,
					"retransmits":	0,
					"snd_cwnd":	11992336,
					"rtt":	735994,
					"omitted":	false
				}],
			"sum":	{
				"start":	26.000375,
				"end":	27.000901,
				"seconds":	1.000526,
				"bytes":	3736120,
				"bits_per_second":	29873248.123760,
				"retransmits":	0,
				"omitted":	false
			}
		}, {
			"streams":	[{
					"socket":	4,
					"start":	27.000901,
					"end":	28.000630,
					"seconds":	0.999729,
					"bytes":	3272760,
					"bits_per_second":	26189179.413155,
					"retransmits":	0,
					"snd_cwnd":	15264816,
					"rtt":	900202,
					"omitted":	false
				}],
			"sum":	{
				"start":	27.000901,
				"end":	28.000630,
				"seconds":	0.999729,
				"bytes":	3272760,
				"bits_per_second":	26189179.413155,
				"retransmits":	0,
				"omitted":	false
			}
		}, {
			"streams":	[{
					"socket":	4,
					"start":	28.000630,
					"end":	29.000404,
					"seconds":	0.999774,
					"bytes":	3077280,
					"bits_per_second":	24623805.492536,
					"retransmits":	0,
					"snd_cwnd":	16495616,
					"rtt":	972688,
					"omitted":	false
				}],
			"sum":	{
				"start":	28.000630,
				"end":	29.000404,
				"seconds":	0.999774,
				"bytes":	3077280,
				"bits_per_second":	24623805.492536,
				"retransmits":	0,
				"omitted":	false
			}
		}, {
			"streams":	[{
					"socket":	4,
					"start":	29.000404,
					"end":	30.001247,
					"seconds":	1.000843,
					"bytes":	593680,
					"bits_per_second":	4745439.366379,
					"retransmits":	90,
					"snd_cwnd":	15780304,
					"rtt":	958797,
					"omitted":	false
				}],
			"sum":	{
				"start":	29.000404,
				"end":	30.001247,
				"seconds":	1.000843,
				"bytes":	593680,
				"bits_per_second":	4745439.366379,
				"retransmits":	90,
				"omitted":	false
			}
		}, {
			"streams":	[{
					"socket":	4,
					"start":	30.001247,
					"end":	31.000508,
					"seconds":	0.999261,
					"bytes":	4177480,
					"bits_per_second":	33444550.813277,
					"retransmits":	140,
					"snd_cwnd":	4427984,
					"rtt":	269140,
					"omitted":	false
				}],
			"sum":	{
				"start":	30.001247,
				"end":	31.000508,
				"seconds":	0.999261,
				"bytes":	4177480,
				"bits_per_second":	33444550.813277,
				"retransmits":	140,
				"omitted":	false
			}
		}, {
			"streams":	[{
					"socket":	4,
					"start":	31.000508,
					"end":	32.000923,
					"seconds":	1.000415,
					"bytes":	3736120,
					"bits_per_second":	29876565.756660,
					"retransmits":	0,
					"snd_cwnd":	12415152,
					"rtt":	739446,
					"omitted":	false
				}],
			"sum":	{
				"start":	31.000508,
				"end":	32.000923,
				"seconds":	1.000415,
				"bytes":	3736120,
				"bits_per_second":	29876565.756660,
				"retransmits":	0,
				"omitted":	false
			}
		}, {
			"streams":	[{
					"socket":	4,
					"start":	32.000923,
					"end":	33.000661,
					"seconds":	0.999738,
					"bytes":	3207600,
					"bits_per_second":	25667525.456828,
					"retransmits":	0,
					"snd_cwnd":	15470432,
					"rtt":	903182,
					"omitted":	false
				}],
			"sum":	{
				"start":	32.000923,
				"end":	33.000661,
				"seconds":	0.999738,
				"bytes":	3207600,
				"bits_per_second":	25667525.456828,
				"retransmits":	0,
				"omitted":	false
			}
		}, {
			"streams":	[{
					"socket":	4,
					"start":	33.000661,
					"end":	34.000096,
					"seconds":	0.999435,
					"bytes":	2946960,
					"bits_per_second":	23589003.390253,
					"retransmits":	30,
					"snd_cwnd":	16889472,
					"rtt":	986082,
					"omitted":	false
				}],
			"sum":	{
				"start":	33.000661,
				"end":	34.000096,
				"seconds":	0.999435,
				"bytes":	2946960,
				"bits_per_second":	23589003.390253,
				"retransmits":	30,
				"omitted":	false
			}
		}, {
			"streams":	[{
					"socket":	4,
					"start":	34.000096,
					"end":	35.001581,
					"seconds":	1.001485,
					"bytes":	593680,
					"bits_per_second":	4742398.150939,
					"retransmits":	320,
					"snd_cwnd":	15754240,
					"rtt":	928954,
					"omitted":	false
				}],
			"sum":	{
				"start":	34.000096,
				"end":	35.001581,
				"seconds":	1.001485,
				"bytes":	593680,
				"bits_per_second":	4742398.150939,
				"retransmits":	320,
				"omitted":	false
			}
		}, {
			"streams":	[{
					"socket":	4,
					"start":	35.001581,
					"end":	36.000300,
					"seconds":	0.998719,
					"bytes":	4127360,
					"bits_per_second":	33061232.199700,
					"retransmits":	50,
					"snd_cwnd":	6182960,
					"rtt":	371976,
					"omitted":	false
				}],
			"sum":	{
				"start":	35.001581,
				"end":	36.000300,
				"seconds":	0.998719,
				"bytes":	4127360,
				"bits_per_second":	33061232.199700,
				"retransmits":	50,
				"omitted":	false
			}
		}, {
			"streams":	[{
					"socket":	4,
					"start":	36.000300,
					"end":	37.000689,
					"seconds":	1.000389,
					"bytes":	3670960,
					"bits_per_second":	29356257.506006,
					"retransmits":	0,
					"snd_cwnd":	13831296,
					"rtt":	815467,
					"omitted":	false
				}],
			"sum":	{
				"start":	36.000300,
				"end":	37.000689,
				"seconds":	1.000389,
				"bytes":	3670960,
				"bits_per_second":	29356257.506006,
				"retransmits":	0,
				"omitted":	false
			}
		}, {
			"streams":	[{
					"socket":	4,
					"start":	37.000689,
					"end":	38.000437,
					"seconds":	0.999748,
					"bytes":	3077280,
					"bits_per_second":	24624445.568067,
					"retransmits":	0,
					"snd_cwnd":	15539936,
					"rtt":	925403,
					"omitted":	false
				}],
			"sum":	{
				"start":	37.000689,
				"end":	38.000437,
				"seconds":	0.999748,
				"bytes":	3077280,
				"bits_per_second":	24624445.568067,
				"retransmits":	0,
				"omitted":	false
			}
		}, {
			"streams":	[{
					"socket":	4,
					"start":	38.000437,
					"end":	39.000200,
					"seconds":	0.999763,
					"bytes":	3142440,
					"bits_per_second":	25145479.178520,
					"retransmits":	0,
					"snd_cwnd":	17216720,
					"rtt":	995240,
					"omitted":	false
				}],
			"sum":	{
				"start":	38.000437,
				"end":	39.000200,
				"seconds":	0.999763,
				"bytes":	3142440,
				"bits_per_second":	25145479.178520,
				"retransmits":	0,
				"omitted":	false
			}
		}, {
			"streams":	[{
					"socket":	4,
					"start":	39.000200,
					"end":	40.001397,
					"seconds":	1.001197,
					"bytes":	333040,
					"bits_per_second":	2661134.990603,
					"retransmits":	405,
					"snd_cwnd":	16177056,
					"rtt":	935218,
					"omitted":	false
				}],
			"sum":	{
				"start":	39.000200,
				"end":	40.001397,
				"seconds":	1.001197,
				"bytes":	333040,
				"bits_per_second":	2661134.990603,
				"retransmits":	405,
				"omitted":	false
			}
		}, {
			"streams":	[{
					"socket":	4,
					"start":	40.001397,
					"end":	41.000746,
					"seconds":	0.999349,
					"bytes":	3932160,
					"bits_per_second":	31477768.335504,
					"retransmits":	75,
					"snd_cwnd":	5977344,
					"rtt":	349001,
					"omitted":	false
				}],
			"sum":	{
				"start":	40.001397,
				"end":	41.000746,
				"seconds":	0.999349,
				"bytes":	3932160,
				"bits_per_second":	31477768.335504,
				"retransmits":	75,
				"omitted":	false
			}
		}, {
			"streams":	[{
					"socket":	4,
					"start":	41.000746,
					"end":	42.000588,
					"seconds":	0.999842,
					"bytes":	3736120,
					"bits_per_second":	29893685.340219,
					"retransmits":	0,
					"snd_cwnd":	13941344,
					"rtt":	813857,
					"omitted":	false
				}],
			"sum":	{
				"start":	41.000746,
				"end":	42.000588,
				"seconds":	0.999842,
				"bytes":	3736120,
				"bits_per_second":	29893685.340219,
				"retransmits":	0,
				"omitted":	false
			}
		}, {
			"streams":	[{
					"socket":	4,
					"start":	42.000588,
					"end":	43.000615,
					"seconds":	1.000027,
					"bytes":	3077280,
					"bits_per_second":	24617576.770493,
					"retransmits":	0,
					"snd_cwnd":	15577584,
					"rtt":	927707,
					"omitted":	false
				}],
			"sum":	{
				"start":	42.000588,
				"end":	43.000615,
				"seconds":	1.000027,
				"bytes":	3077280,
				"bits_per_second":	24617576.770493,
				"retransmits":	0,
				"omitted":	false
			}
		}, {
			"streams":	[{
					"socket":	4,
					"start":	43.000615,
					"end":	44.000141,
					"seconds":	0.999526,
					"bytes":	3012120,
					"bits_per_second":	24108386.800003,
					"retransmits":	0,
					"snd_cwnd":	16373984,
					"rtt":	965541,
					"omitted":	false
				}],
			"sum":	{
				"start":	43.000615,
				"end":	44.000141,
				"seconds":	0.999526,
				"bytes":	3012120,
				"bits_per_second":	24108386.800003,
				"retransmits":	0,
				"omitted":	false
			}
		}, {
			"streams":	[{
					"socket":	4,
					"start":	44.000141,
					"end":	45.001237,
					"seconds":	1.001096,
					"bytes":	398200,
					"bits_per_second":	3182112.372356,
					"retransmits":	210,
					"snd_cwnd":	16495616,
					"rtt":	944054,
					"omitted":	false
				}],
			"sum":	{
				"start":	44.000141,
				"end":	45.001237,
				"seconds":	1.001096,
				"bytes":	398200,
				"bits_per_second":	3182112.372356,
				"retransmits":	210,
				"omitted":	false
			}
		}, {
			"streams":	[{
					"socket":	4,
					"start":	45.001237,
					"end":	46.000278,
					"seconds":	0.999041,
					"bytes":	3982000,
					"bits_per_second":	31886576.660950,
					"retransmits":	155,
					"snd_cwnd":	5997616,
					"rtt":	333342,
					"omitted":	false
				}],
			"sum":	{
				"start":	45.001237,
				"end":	46.000278,
				"seconds":	0.999041,
				"bytes":	3982000,
				"bits_per_second":	31886576.660950,
				"retransmits":	155,
				"omitted":	false
			}
		}, {
			"streams":	[{
					"socket":	4,
					"start":	46.000278,
					"end":	47.000586,
					"seconds":	1.000308,
					"bytes":	3672408,
					"bits_per_second":	29370216.892250,
					"retransmits":	0,
					"snd_cwnd":	15757136,
					"rtt":	841863,
					"omitted":	false
				}],
			"sum":	{
				"start":	46.000278,
				"end":	47.000586,
				"seconds":	1.000308,
				"bytes":	3672408,
				"bits_per_second":	29370216.892250,
				"retransmits":	0,
				"omitted":	false
			}
		}, {
			"streams":	[{
					"socket":	4,
					"start":	47.000586,
					"end":	48.000477,
					"seconds":	0.999891,
					"bytes":	2818088,
					"bits_per_second":	22547160.677539,
					"retransmits":	0,
					"snd_cwnd":	18267968,
					"rtt":	976037,
					"omitted":	false
				}],
			"sum":	{
				"start":	47.000586,
				"end":	48.000477,
				"seconds":	0.999891,
				"bytes":	2818088,
				"bits_per_second":	22547160.677539,
				"retransmits":	0,
				"omitted":	false
			}
		}, {
			"streams":	[{
					"socket":	4,
					"start":	48.000477,
					"end":	49.000097,
					"seconds":	0.999620,
					"bytes":	2883248,
					"bits_per_second":	23074753.311137,
					"retransmits":	0,
					"snd_cwnd":	19979504,
					"rtt":	1016624,
					"omitted":	false
				}],
			"sum":	{
				"start":	48.000477,
				"end":	49.000097,
				"seconds":	0.999620,
				"bytes":	2883248,
				"bits_per_second":	23074753.311137,
				"retransmits":	0,
				"omitted":	false
			}
		}, {
			"streams":	[{
					"socket":	4,
					"start":	49.000097,
					"end":	50.001348,
					"seconds":	1.001251,
					"bytes":	399648,
					"bits_per_second":	3193189.376659,
					"retransmits":	354,
					"snd_cwnd":	18679200,
					"rtt":	950469,
					"omitted":	false
				}],
			"sum":	{
				"start":	49.000097,
				"end":	50.001348,
				"seconds":	1.001251,
				"bytes":	399648,
				"bits_per_second":	3193189.376659,
				"retransmits":	354,
				"omitted":	false
			}
		}, {
			"streams":	[{
					"socket":	4,
					"start":	50.001348,
					"end":	51.000391,
					"seconds":	0.999043,
					"bytes":	3983448,
					"bits_per_second":	31898110.880520,
					"retransmits":	171,
					"snd_cwnd":	12710544,
					"rtt":	686076,
					"omitted":	false
				}],
			"sum":	{
				"start":	50.001348,
				"end":	51.000391,
				"seconds":	0.999043,
				"bytes":	3983448,
				"bits_per_second":	31898110.880520,
				"retransmits":	171,
				"omitted":	false
			}
		}, {
			"streams":	[{
					"socket":	4,
					"start":	51.000391,
					"end":	52.000680,
					"seconds":	1.000289,
					"bytes":	3281448,
					"bits_per_second":	26244000.446557,
					"retransmits":	0,
					"snd_cwnd":	14749328,
					"rtt":	796092,
					"omitted":	false
				}],
			"sum":	{
				"start":	51.000391,
				"end":	52.000680,
				"seconds":	1.000289,
				"bytes":	3281448,
				"bits_per_second":	26244000.446557,
				"retransmits":	0,
				"omitted":	false
			}
		}, {
			"streams":	[{
					"socket":	4,
					"start":	52.000680,
					"end":	53.000431,
					"seconds":	0.999751,
					"bytes":	3013568,
					"bits_per_second":	24114546.327529,
					"retransmits":	0,
					"snd_cwnd":	19139664,
					"rtt":	1012566,
					"omitted":	false
				}],
			"sum":	{
				"start":	52.000680,
				"end":	53.000431,
				"seconds":	0.999751,
				"bytes":	3013568,
				"bits_per_second":	24114546.327529,
				"retransmits":	0,
				"omitted":	false
			}
		}, {
			"streams":	[{
					"socket":	4,
					"start":	53.000431,
					"end":	54.001174,
					"seconds":	1.000743,
					"bytes":	855768,
					"bits_per_second":	6841061.691176,
					"retransmits":	228,
					"snd_cwnd":	18615488,
					"rtt":	994593,
					"omitted":	false
				}],
			"sum":	{
				"start":	53.000431,
				"end":	54.001174,
				"seconds":	1.000743,
				"bytes":	855768,
				"bits_per_second":	6841061.691176,
				"retransmits":	228,
				"omitted":	false
			}
		}, {
			"streams":	[{
					"socket":	4,
					"start":	54.001174,
					"end":	55.000401,
					"seconds":	0.999227,
					"bytes":	4063088,
					"bits_per_second":	32529848.044724,
					"retransmits":	300,
					"snd_cwnd":	13842880,
					"rtt":	747114,
					"omitted":	false
				}],
			"sum":	{
				"start":	54.001174,
				"end":	55.000401,
				"seconds":	0.999227,
				"bytes":	4063088,
				"bits_per_second":	32529848.044724,
				"retransmits":	300,
				"omitted":	false
			}
		}, {
			"streams":	[{
					"socket":	4,
					"start":	55.000401,
					"end":	56.000158,
					"seconds":	0.999757,
					"bytes":	2948408,
					"bits_per_second":	23592995.883718,
					"retransmits":	0,
					"snd_cwnd":	17300704,
					"rtt":	933732,
					"omitted":	false
				}],
			"sum":	{
				"start":	55.000401,
				"end":	56.000158,
				"seconds":	0.999757,
				"bytes":	2948408,
				"bits_per_second":	23592995.883718,
				"retransmits":	0,
				"omitted":	false
			}
		}, {
			"streams":	[{
					"socket":	4,
					"start":	56.000158,
					"end":	57.000649,
					"seconds":	1.000491,
					"bytes":	2752928,
					"bits_per_second":	22012617.921018,
					"retransmits":	0,
					"snd_cwnd":	18896400,
					"rtt":	999574,
					"omitted":	false
				}],
			"sum":	{
				"start":	56.000158,
				"end":	57.000649,
				"seconds":	1.000491,
				"bytes":	2752928,
				"bits_per_second":	22012617.921018,
				"retransmits":	0,
				"omitted":	false
			}
		}, {
			"streams":	[{
					"socket":	4,
					"start":	57.000649,
					"end":	58.001380,
					"seconds":	1.000731,
					"bytes":	725448,
					"bits_per_second":	5799344.729089,
					"retransmits":	345,
					"snd_cwnd":	17144320,
					"rtt":	916077,
					"omitted":	false
				}],
			"sum":	{
				"start":	57.000649,
				"end":	58.001380,
				"seconds":	1.000731,
				"bytes":	725448,
				"bits_per_second":	5799344.729089,
				"retransmits":	345,
				"omitted":	false
			}
		}, {
			"streams":	[{
					"socket":	4,
					"start":	58.001380,
					"end":	59.000357,
					"seconds":	0.998977,
					"bytes":	3922632,
					"bits_per_second":	31413193.397019,
					"retransmits":	99,
					"snd_cwnd":	13895008,
					"rtt":	727802,
					"omitted":	false
				}],
			"sum":	{
				"start":	58.001380,
				"end":	59.000357,
				"seconds":	0.998977,
				"bytes":	3922632,
				"bits_per_second":	31413193.397019,
				"retransmits":	99,
				"omitted":	false
			}
		}, {
			"streams":	[{
					"socket":	4,
					"start":	59.000357,
					"end":	60.000506,
					"seconds":	1.000149,
					"bytes":	2948408,
					"bits_per_second":	23583749.747435,
					"retransmits":	0,
					"snd_cwnd":	15371968,
					"rtt":	789423,
					"omitted":	false
				}],
			"sum":	{
				"start":	59.000357,
				"end":	60.000506,
				"seconds":	1.000149,
				"bytes":	2948408,
				"bits_per_second":	23583749.747435,
				"retransmits":	0,
				"omitted":	false
			}
		}],
	"end":	{
		"streams":	[{
				"sender":	{
					"socket":	4,
					"start":	0,
					"end":	60.000506,
					"seconds":	60.000506,
					"bytes":	174427984,
					"bits_per_second":	23256868.429781,
					"retransmits":	3546,
					"max_snd_cwnd":	19979504,
					"max_rtt":	1016624,
					"min_rtt":	12873,
					"mean_rtt":	769622
				},
				"receiver":	{
					"socket":	4,
					"start":	0,
					"end":	60.000506,
					"seconds":	60.000506,
					"bytes":	173408256,
					"bits_per_second":	23120905.842894
				}
			}],
		"sum_sent":	{
			"start":	0,
			"end":	60.000506,
			"seconds":	60.000506,
			"bytes":	174427984,
			"bits_per_second":	23256868.429781,
			"retransmits":	3546
		},
		"sum_received":	{
			"start":	0,
			"end":	60.000506,
			"seconds":	60.000506,
			"bytes":	173408256,
			"bits_per_second":	23120905.842894
		},
		"cpu_utilization_percent":	{
			"host_total":	0.057866,
			"host_user":	0.008793,
			"host_system":	0.049075,
			"remote_total":	1.083679,
			"remote_user":	0,
			"remote_system":	1.083679
		}
	}
}
