{
	"start":	{
		"connected":	[{
				"socket":	4,
				"local_host":	"192.168.179.151",
				"local_port":	35018,
				"remote_host":	"192.168.120.131",
				"remote_port":	5201
			}],
		"version":	"iperf 3.1.3",
		"system_info":	"Linux a 4.15.0-213-generic #224-Ubuntu SMP Mon Jun 19 13:30:12 UTC 2023 x86_64",
		"timestamp":	{
			"time":	"Mon, 05 May 2025 11:04:59 GMT",
			"timesecs":	1746443099
		},
		"connecting_to":	{
			"host":	"192.168.120.131",
			"port":	5201
		},
		"cookie":	"a.1746443098.884096.4e40d90a7a4161b7",
		"tcp_mss_default":	1448,
		"test_start":	{
			"protocol":	"TCP",
			"num_streams":	1,
			"blksize":	131072,
			"omit":	0,
			"duration":	60,
			"bytes":	0,
			"blocks":	0,
			"reverse":	0
		}
	},
	"intervals":	[{
			"streams":	[{
					"socket":	4,
					"start":	0,
					"end":	1.000787,
					"seconds":	1.000787,
					"bytes":	4096392,
					"bits_per_second":	32745364.751887,
					"retransmits":	0,
					"snd_cwnd":	816672,
					"rtt":	713888,
					"omitted":	false
				}],
			"sum":	{
				"start":	0,
				"end":	1.000787,
				"seconds":	1.000787,
				"bytes":	4096392,
				"bits_per_second":	32745364.751887,
				"retransmits":	0,
				"omitted":	false
			}
		}, {
			"streams":	[{
					"socket":	4,
					"start":	1.000787,
					"end":	2.001118,
					"seconds":	1.000331,
					"bytes":	85432,
					"bits_per_second":	683229.902153,
					"retransmits":	0,
					"snd_cwnd":	767440,
					"rtt":	670310,
					"omitted":	false
				}],
			"sum":	{
				"start":	1.000787,
				"end":	2.001118,
				"seconds":	1.000331,
				"bytes":	85432,
				"bits_per_second":	683229.902153,
				"retransmits":	0,
				"omitted":	false
			}
		}, {
			"streams":	[{
					"socket":	4,
					"start":	2.001118,
					"end":	3.001446,
					"seconds":	1.000328,
					"bytes":	325800,
					"bits_per_second":	2605545.214506,
					"retransmits":	0,
					"snd_cwnd":	819568,
					"rtt":	790243,
					"omitted":	false
				}],
			"sum":	{
				"start":	2.001118,
				"end":	3.001446,
				"seconds":	1.000328,
				"bytes":	325800,
				"bits_per_second":	2605545.214506,
				"retransmits":	0,
				"omitted":	false
			}
		}, {
			"streams":	[{
					"socket":	4,
					"start":	3.001446,
					"end":	4.001115,
					"seconds":	0.999669,
					"bytes":	390960,
					"bits_per_second":	3128715.370096,
					"retransmits":	0,
					"snd_cwnd":	915136,
					"rtt":	864567,
					"omitted":	false
				}],
			"sum":	{
				"start":	3.001446,
				"end":	4.001115,
				"seconds":	0.999669,
				"bytes":	390960,
				"bits_per_second":	3128715.370096,
				"retransmits":	0,
				"omitted":	false
			}
		}, {
			"streams":	[{
					"socket":	4,
					"start":	4.001115,
					"end":	5.001425,
					"seconds":	1.000310,
					"bytes":	456120,
					"bits_per_second":	3647829.376614,
					"retransmits":	0,
					"snd_cwnd":	955680,
					"rtt":	922269,
					"omitted":	false
				}],
			"sum":	{
				"start":	4.001115,
				"end":	5.001425,
				"seconds":	1.000310,
				"bytes":	456120,
				"bits_per_second":	3647829.376614,
				"retransmits":	0,
				"omitted":	false
			}
		}, {
			"streams":	[{
					"socket":	4,
					"start":	5.001425,
					"end":	6.000437,
					"seconds":	0.999012,
					"bytes":	456120,
					"bits_per_second":	3652568.762014,
					"retransmits":	0,
					"snd_cwnd":	999120,
					"rtt":	954131,
					"omitted":	false
				}],
			"sum":	{
				"start":	5.001425,
				"end":	6.000437,
				"seconds":	0.999012,
				"bytes":	456120,
				"bits_per_second":	3652568.762014,
				"retransmits":	0,
				"omitted":	false
			}
		}, {
			"streams":	[{
					"socket":	4,
					"start":	6.000437,
					"end":	7.001344,
					"seconds":	1.000907,
					"bytes":	456120,
					"bits_per_second":	3645653.595343,
					"retransmits":	0,
					"snd_cwnd":	1042560,
					"rtt":	967411,
					"omitted":	false
				}],
			"sum":	{
				"start":	6.000437,
				"end":	7.001344,
				"seconds":	1.000907,
				"bytes":	456120,
				"bits_per_second":	3645653.595343,
				"retransmits":	0,
				"omitted":	false
			}
		}, {
			"streams":	[{
					"socket":	4,
					"start":	7.001344,
					"end":	8.000624,
					"seconds":	0.999280,
					"bytes":	521280,
					"bits_per_second":	4173244.836895,
					"retransmits":	0,
					"snd_cwnd":	1042560,
					"rtt":	965899,
					"omitted":	false
				}],
			"sum":	{
				"start":	7.001344,
				"end":	8.000624,
				"seconds":	0.999280,
				"bytes":	521280,
				"bits_per_second":	4173244.836895,
				"retransmits":	0,
				"omitted":	false
			}
		}, {
			"streams":	[{
					"socket":	4,
					"start":	8.000624,
					"end":	9.001180,
					"seconds":	1.000556,
					"bytes":	521280,
					"bits_per_second":	4167922.667813,
					"retransmits":	0,
					"snd_cwnd":	1068624,
					"rtt":	962867,
					"omitted":	false
				}],
			"sum":	{
				"start":	8.000624,
				"end":	9.001180,
				"seconds":	1.000556,
				"bytes":	521280,
				"bits_per_second":	4167922.667813,
				"retransmits":	0,
				"omitted":	false
			}
		}, {
			"streams":	[{
					"socket":	4,
					"start":	9.001180,
					"end":	10.000643,
					"seconds":	0.999463,
					"bytes":	521280,
					"bits_per_second":	4172480.282439,
					"retransmits":	0,
					"snd_cwnd":	1062832,
					"rtt":	957756,
					"omitted":	false
				}],
			"sum":	{
				"start":	9.001180,
				"end":	10.000643,
				"seconds":	0.999463,
				"bytes":	521280,
				"bits_per_second":	4172480.282439,
				"retransmits":	0,
				"omitted":	false
			}
		}, {
			"streams":	[{
					"socket":	4,
					"start":	10.000643,
					"end":	11.000698,
					"seconds":	1.000055,
					"bytes":	521280,
					"bits_per_second":	4170010.337966,
					"retransmits":	0,
					"snd_cwnd":	1100480,
					"rtt":	952751,
					"omitted":	false
				}],
			"sum":	{
				"start":	10.000643,
				"end":	11.000698,
				"seconds":	1.000055,
				"bytes":	521280,
				"bits_per_second":	4170010.337966,
				"retransmits":	0,
				"omitted":	false
			}
		}, {
			"streams":	[{
					"socket":	4,
					"start":	11.000698,
					"end":	12.000258,
					"seconds":	0.999560,
					"bytes":	521280,
					"bits_per_second":	4172076.217093,
					"retransmits":	0,
					"snd_cwnd":	1126544,
					"rtt":	974602,
					"omitted":	false
				}],
			"sum":	{
				"start":	11.000698,
				"end":	12.000258,
				"seconds":	0.999560,
				"bytes":	521280,
				"bits_per_second":	4172076.217093,
				"retransmits":	0,
				"omitted":	false
			}
		}, {
			"streams":	[{
					"socket":	4,
					"start":	12.000258,
					"end":	13.001561,
					"seconds":	1.001303,
					"bytes":	521280,
					"bits_per_second":	4164813.424967,
					"retransmits":	0,
					"snd_cwnd":	1187360,
					"rtt":	977408,
					"omitted":	false
				}],
			"sum":	{
				"start":	12.000258,
				"end":	13.001561,
				"seconds":	1.001303,
				"bytes":	521280,
				"bits_per_second":	4164813.424967,
				"retransmits":	0,
				"omitted":	false
			}
		}, {
			"streams":	[{
					"socket":	4,
					"start":	13.001561,
					"end":	14.001191,
					"seconds":	0.999630,
					"bytes":	521280,
					"bits_per_second":	4171783.666899,
					"retransmits":	0,
					"snd_cwnd":	1181568,
					"rtt":	973200,
					"omitted":	false
				}],
			"sum":	{
				"start":	13.001561,
				"end":	14.001191,
				"seconds":	0.999630,
				"bytes":	521280,
				"bits_per_second":	4171783.666899,
				"retransmits":	0,
				"omitted":	false
			}
		}, {
			"streams":	[{
					"socket":	4,
					"start":	14.001191,
					"end":	15.001347,
					"seconds":	1.000156,
					"bytes":	65160,
					"bits_per_second":	521198.607452,
					"retransmits":	6,
					"snd_cwnd":	1123648,
					"rtt":	962944,
					"omitted":	false
				}],
			"sum":	{
				"start":	14.001191,
				"end":	15.001347,
				"seconds":	1.000156,
				"bytes":	65160,
				"bits_per_second":	521198.607452,
				"retransmits":	6,
				"omitted":	false
			}
		}, {
			"streams":	[{
					"socket":	4,
					"start":	15.001347,
					"end":	16.001427,
					"seconds":	1.000080,
					"bytes":	1310720,
					"bits_per_second":	10484922.566886,
					"retransmits":	0,
					"snd_cwnd":	703728,
					"rtt":	614557,
					"omitted":	false
				}],
			"sum":	{
				"start":	15.001347,
				"end":	16.001427,
				"seconds":	1.000080,
				"bytes":	1310720,
				"bits_per_second":	10484922.566886,
				"retransmits":	0,
				"omitted":	false
			}
		}, {
			"streams":	[{
					"socket":	4,
					"start":	16.001427,
					"end":	17.001142,
					"seconds":	0.999715,
					"bytes":	383440,
					"bits_per_second":	3068394.216816,
					"retransmits":	0,
					"snd_cwnd":	1036768,
					"rtt":	887919,
					"omitted":	false
				}],
			"sum":	{
				"start":	16.001427,
				"end":	17.001142,
				"seconds":	0.999715,
				"bytes":	383440,
				"bits_per_second":	3068394.216816,
				"retransmits":	0,
				"omitted":	false
			}
		}, {
			"streams":	[{
					"socket":	4,
					"start":	17.001142,
					"end":	18.001378,
					"seconds":	1.000236,
					"bytes":	521280,
					"bits_per_second":	4169255.912210,
					"retransmits":	0,
					"snd_cwnd":	1141024,
					"rtt":	986516,
					"omitted":	false
				}],
			"sum":	{
				"start":	17.001142,
				"end":	18.001378,
				"seconds":	1.000236,
				"bytes":	521280,
				"bits_per_second":	4169255.912210,
				"retransmits":	0,
				"omitted":	false
			}
		}, {
			"streams":	[{
					"socket":	4,
					"start":	18.001378,
					"end":	19.001538,
					"seconds":	1.000160,
					"bytes":	456120,
					"bits_per_second":	3648376.336889,
					"retransmits":	0,
					"snd_cwnd":	1190256,
					"rtt":	999424,
					"omitted":	false
				}],
			"sum":	{
				"start":	18.001378,
				"end":	19.001538,
				"seconds":	1.000160,
				"bytes":	456120,
				"bits_per_second":	3648376.336889,
				"retransmits":	0,
				"omitted":	false
			}
		}, {
			"streams":	[{
					"socket":	4,
					"start":	19.001538,
					"end":	20.001183,
					"seconds":	0.999645,
					"bytes":	586440,
					"bits_per_second":	4693186.105774,
					"retransmits":	0,
					"snd_cwnd":	1175776,
					"rtt":	986384,
					"omitted":	false
				}],
			"sum":	{
				"start":	19.001538,
				"end":	20.001183,
				"seconds":	0.999645,
				"bytes":	586440,
				"bits_per_second":	4693186.105774,
				"retransmits":	0,
				"omitted":	false
			}
		}, {
			"streams":	[{
					"socket":	4,
					"start":	20.001183,
					"end":	21.001433,
					"seconds":	1.000250,
					"bytes":	0,
					"bits_per_second":	0,
					"retransmits":	12,
					"snd_cwnd":	1135232,
					"rtt":	961752,
					"omitted":	false
				}],
			"sum":	{
				"start":	20.001183,
				"end":	21.001433,
				"seconds":	1.000250,
				"bytes":	0,
				"bits_per_second":	0,
				"retransmits":	12,
				"omitted":	false
			}
		}, {
			"streams":	[{
					"socket":	4,
					"start":	21.001433,
					"end":	22.000263,
					"seconds":	0.998830,
					"bytes":	1498680,
					"bits_per_second":	12003483.114577,
					"retransmits":	18,
					"snd_cwnd":	628432,
					"rtt":	544309,
					"omitted":	false
				}],
			"sum":	{
				"start":	21.001433,
				"end":	22.000263,
				"seconds":	0.998830,
				"bytes":	1498680,
				"bits_per_second":	12003483.114577,
				"retransmits":	18,
				"omitted":	false
			}
		}, {
			"streams":	[{
					"socket":	4,
					"start":	22.000263,
					"end":	23.001306,
					"seconds":	1.001043,
					"bytes":	325800,
					"bits_per_second":	2603684.145799,
					"retransmits":	0,
					"snd_cwnd":	851424,
					"rtt":	722394,
					"omitted":	false
				}],
			"sum":	{
				"start":	22.000263,
				"end":	23.001306,
				"seconds":	1.001043,
				"bytes":	325800,
				"bits_per_second":	2603684.145799,
				"retransmits":	0,
				"omitted":	false
			}
		}, {
			"streams":	[{
					"socket":	4,
					"start":	23.001306,
					"end":	24.001429,
					"seconds":	1.000123,
					"bytes":	390960,
					"bits_per_second":	3127295.267668,
					"retransmits":	0,
					"snd_cwnd":	1138128,
					"rtt":	974272,
					"omitted":	false
				}],
			"sum":	{
				"start":	23.001306,
				"end":	24.001429,
				"seconds":	1.000123,
				"bytes":	390960,
				"bits_per_second":	3127295.267668,
				"retransmits":	0,
				"omitted":	false
			}
		}, {
			"streams":	[{
					"socket":	4,
					"start":	24.001429,
					"end":	25.001316,
					"seconds":	0.999887,
					"bytes":	521280,
					"bits_per_second":	4170711.333783,
					"retransmits":	0,
					"snd_cwnd":	1201840,
					"rtt":	998746,
					"omitted":	false
				}],
			"sum":	{
				"start":	24.001429,
				"end":	25.001316,
				"seconds":	0.999887,
				"bytes":	521280,
				"bits_per_second":	4170711.333783,
				"retransmits":	0,
				"omitted":	false
			}
		}, {
			"streams":	[{
					"socket":	4,
					"start":	25.001316,
					"end":	26.001078,
					"seconds":	0.999762,
					"bytes":	65160,
					"bits_per_second":	521404.188133,
					"retransmits":	10,
					"snd_cwnd":	1149712,
					"rtt":	956276,
					"omitted":	false
				}],
			"sum":	{
				"start":	25.001316,
				"end":	26.001078,
				"seconds":	0.999762,
				"bytes":	65160,
				"bits_per_second":	521404.188133,
				"retransmits":	10,
				"omitted":	false
			}
		}, {
			"streams":	[{
					"socket":	4,
					"start":	26.001078,
					"end":	27.000231,
					"seconds":	0.999153,
					"bytes":	1498680,
					"bits_per_second":	11999602.016478,
					"retransmits":	15,
					"snd_cwnd":	590784,
					"rtt":	496467,
					"omitted":	false
				}],
			"sum":	{
				"start":	26.001078,
				"end":	27.000231,
				"seconds":	0.999153,
				"bytes":	1498680,
				"bits_per_second":	11999602.016478,
				"retransmits":	15,
				"omitted":	false
			}
		}, {
			"streams":	[{
					"socket":	4,
					"start":	27.000231,
					"end":	28.001285,
					"seconds":	1.001054,
					"bytes":	325800,
					"bits_per_second":	2603655.620599,
					"retransmits":	0,
					"snd_cwnd":	863008,
					"rtt":	726242,
					"omitted":	false
				}],
			"sum":	{
				"start":	27.000231,
				"end":	28.001285,
				"seconds":	1.001054,
				"bytes":	325800,
				"bits_per_second":	2603655.620599,
				"retransmits":	0,
				"omitted":	false
			}
		}, {
			"streams":	[{
					"socket":	4,
					"start":	28.001285,
					"end":	29.001111,
					"seconds":	0.999826,
					"bytes":	390960,
					"bits_per_second":	3128224.453585,
					"retransmits":	0,
					"snd_cwnd":	1172880,
					"rtt":	994908,
					"omitted":	false
				}],
			"sum":	{
				"start":	28.001285,
				"end":	29.001111,
				"seconds":	0.999826,
				"bytes":	390960,
				"bits_per_second":	3128224.453585,
				"retransmits":	0,
				"omitted":	false
			}
		}, {
			"streams":	[{
					"socket":	4,
					"start":	29.001111,
					"end":	30.000867,
					"seconds":	0.999756,
					"bytes":	521280,
					"bits_per_second":	4171258.373626,
					"retransmits":	5,
					"snd_cwnd":	1230800,
					"rtt":	1013142,
					"omitted":	false
				}],
			"sum":	{
				"start":	29.001111,
				"end":	30.000867,
				"seconds":	0.999756,
				"bytes":	521280,
				"bits_per_second":	4171258.373626,
				"retransmits":	5,
				"omitted":	false
			}
		}, {
			"streams":	[{
					"socket":	4,
					"start":	30.000867,
					"end":	31.001530,
					"seconds":	1.000663,
					"bytes":	65160,
					"bits_per_second":	520934.598446,
					"retransmits":	22,
					"snd_cwnd":	1094688,
					"rtt":	900862,
					"omitted":	false
				}],
			"sum":	{
				"start":	30.000867,
				"end":	31.001530,
				"seconds":	1.000663,
				"bytes":	65160,
				"bits_per_second":	520934.598446,
				"retransmits":	22,
				"omitted":	false
			}
		}, {
			"streams":	[{
					"socket":	4,
					"start":	31.001530,
					"end":	32.001141,
					"seconds":	0.999611,
					"bytes":	1238040,
					"bits_per_second":	9908172.899074,
					"retransmits":	0,
					"snd_cwnd":	926720,
					"rtt":	740953,
					"omitted":	false
				}],
			"sum":	{
				"start":	31.001530,
				"end":	32.001141,
				"seconds":	0.999611,
				"bytes":	1238040,
				"bits_per_second":	9908172.899074,
				"retransmits":	0,
				"omitted":	false
			}
		}, {
			"streams":	[{
					"socket":	4,
					"start":	32.001141,
					"end":	33.000765,
					"seconds":	0.999624,
					"bytes":	456120,
					"bits_per_second":	3650332.474268,
					"retransmits":	0,
					"snd_cwnd":	1169984,
					"rtt":	934651,
					"omitted":	false
				}],
			"sum":	{
				"start":	32.001141,
				"end":	33.000765,
				"seconds":	0.999624,
				"bytes":	456120,
				"bits_per_second":	3650332.474268,
				"retransmits":	0,
				"omitted":	false
			}
		}, {
			"streams":	[{
					"socket":	4,
					"start":	33.000765,
					"end":	34.001265,
					"seconds":	1.000500,
					"bytes":	260640,
					"bits_per_second":	2084078.036508,
					"retransmits":	4,
					"snd_cwnd":	1280032,
					"rtt":	984186,
					"omitted":	false
				}],
			"sum":	{
				"start":	33.000765,
				"end":	34.001265,
				"seconds":	1.000500,
				"bytes":	260640,
				"bits_per_second":	2084078.036508,
				"retransmits":	4,
				"omitted":	false
			}
		}, {
			"streams":	[{
					"socket":	4,
					"start":	34.001265,
					"end":	35.001146,
					"seconds":	0.999881,
					"bytes":	260640,
					"bits_per_second":	2085368.098059,
					"retransmits":	33,
					"snd_cwnd":	1187360,
					"rtt":	913113,
					"omitted":	false
				}],
			"sum":	{
				"start":	34.001265,
				"end":	35.001146,
				"seconds":	0.999881,
				"bytes":	260640,
				"bits_per_second":	2085368.098059,
				"retransmits":	33,
				"omitted":	false
			}
		}, {
			"streams":	[{
					"socket":	4,
					"start":	35.001146,
					"end":	36.000408,
					"seconds":	0.999262,
					"bytes":	1824480,
					"bits_per_second":	14606621.789078,
					"retransmits":	8,
					"snd_cwnd":	315664,
					"rtt":	249725,
					"omitted":	false
				}],
			"sum":	{
				"start":	35.001146,
				"end":	36.000408,
				"seconds":	0.999262,
				"bytes":	1824480,
				"bits_per_second":	14606621.789078,
				"retransmits":	8,
				"omitted":	false
			}
		}, {
			"streams":	[{
					"socket":	4,
					"start":	36.000408,
					"end":	37.001247,
					"seconds":	1.000839,
					"bytes":	130320,
					"bits_per_second":	1041686.030650,
					"retransmits":	0,
					"snd_cwnd":	1013600,
					"rtt":	817941,
					"omitted":	false
				}],
			"sum":	{
				"start":	36.000408,
				"end":	37.001247,
				"seconds":	1.000839,
				"bytes":	130320,
				"bits_per_second":	1041686.030650,
				"retransmits":	0,
				"omitted":	false
			}
		}, {
			"streams":	[{
					"socket":	4,
					"start":	37.001247,
					"end":	38.001278,
					"seconds":	1.000031,
					"bytes":	456120,
					"bits_per_second":	3648846.906124,
					"retransmits":	0,
					"snd_cwnd":	1207632,
					"rtt":	965557,
					"omitted":	false
				}],
			"sum":	{
				"start":	37.001247,
				"end":	38.001278,
				"seconds":	1.000031,
				"bytes":	456120,
				"bits_per_second":	3648846.906124,
				"retransmits":	0,
				"omitted":	false
			}
		}, {
			"streams":	[{
					"socket":	4,
					"start":	38.001278,
					"end":	39.000494,
					"seconds":	0.999216,
					"bytes":	521280,
					"bits_per_second":	4173511.700495,
					"retransmits":	0,
					"snd_cwnd":	1277136,
					"rtt":	989777,
					"omitted":	false
				}],
			"sum":	{
				"start":	38.001278,
				"end":	39.000494,
				"seconds":	0.999216,
				"bytes":	521280,
				"bits_per_second":	4173511.700495,
				"retransmits":	0,
				"omitted":	false
			}
		}, {
			"streams":	[{
					"socket":	4,
					"start":	39.000494,
					"end":	40.000074,
					"seconds":	0.999580,
					"bytes":	0,
					"bits_per_second":	0,
					"retransmits":	37,
					"snd_cwnd":	1172880,
					"rtt":	909396,
					"omitted":	false
				}],
			"sum":	{
				"start":	39.000494,
				"end":	40.000074,
				"seconds":	0.999580,
				"bytes":	0,
				"bits_per_second":	0,
				"retransmits":	37,
				"omitted":	false
			}
		}, {
			"streams":	[{
					"socket":	4,
					"start":	40.000074,
					"end":	41.000334,
					"seconds":	1.000260,
					"bytes":	1563840,
					"bits_per_second":	12507466.624449,
					"retransmits":	16,
					"snd_cwnd":	640016,
					"rtt":	502578,
					"omitted":	false
				}],
			"sum":	{
				"start":	40.000074,
				"end":	41.000334,
				"seconds":	1.000260,
				"bytes":	1563840,
				"bits_per_second":	12507466.624449,
				"retransmits":	16,
				"omitted":	false
			}
		}, {
			"streams":	[{
					"socket":	4,
					"start":	41.000334,
					"end":	42.001178,
					"seconds":	1.000844,
					"bytes":	260640,
					"bits_per_second":	2083361.639089,
					"retransmits":	0,
					"snd_cwnd":	938304,
					"rtt":	751317,
					"omitted":	false
				}],
			"sum":	{
				"start":	41.000334,
				"end":	42.001178,
				"seconds":	1.000844,
				"bytes":	260640,
				"bits_per_second":	2083361.639089,
				"retransmits":	0,
				"omitted":	false
			}
		}, {
			"streams":	[{
					"socket":	4,
					"start":	42.001178,
					"end":	43.001548,
					"seconds":	1.000370,
					"bytes":	456120,
					"bits_per_second":	3647610.290687,
					"retransmits":	0,
					"snd_cwnd":	1268448,
					"rtt":	993977,
					"omitted":	false
				}],
			"sum":	{
				"start":	42.001178,
				"end":	43.001548,
				"seconds":	1.000370,
				"bytes":	456120,
				"bits_per_second":	3647610.290687,
				"retransmits":	0,
				"omitted":	false
			}
		}, {
			"streams":	[{
					"socket":	4,
					"start":	43.001548,
					"end":	44.001291,
					"seconds":	0.999743,
					"bytes":	456120,
					"bits_per_second":	3649898.079388,
					"retransmits":	14,
					"snd_cwnd":	1291616,
					"rtt":	1021232,
					"omitted":	false
				}],
			"sum":	{
				"start":	43.001548,
				"end":	44.001291,
				"seconds":	0.999743,
				"bytes":	456120,
				"bits_per_second":	3649898.079388,
				"retransmits":	14,
				"omitted":	false
			}
		}, {
			"streams":	[{
					"socket":	4,
					"start":	44.001291,
					"end":	45.000562,
					"seconds":	0.999271,
					"bytes":	130320,
					"bits_per_second":	1043320.668422,
					"retransmits":	28,
					"snd_cwnd":	1143920,
					"rtt":	914018,
					"omitted":	false
				}],
			"sum":	{
				"start":	44.001291,
				"end":	45.000562,
				"seconds":	0.999271,
				"bytes":	130320,
				"bits_per_second":	1043320.668422,
				"retransmits":	28,
				"omitted":	false
			}
		}, {
			"streams":	[{
					"socket":	4,
					"start":	45.000562,
					"end":	46.000214,
					"seconds":	0.999652,
					"bytes":	1694160,
					"bits_per_second":	13557996.185673,
					"retransmits":	17,
					"snd_cwnd":	338832,
					"rtt":	265845,
					"omitted":	false
				}],
			"sum":	{
				"start":	45.000562,
				"end":	46.000214,
				"seconds":	0.999652,
				"bytes":	1694160,
				"bits_per_second":	13557996.185673,
				"retransmits":	17,
				"omitted":	false
			}
		}, {
			"streams":	[{
					"socket":	4,
					"start":	46.000214,
					"end":	47.001230,
					"seconds":	1.001016,
					"bytes":	65160,
					"bits_per_second":	520750.968276,
					"retransmits":	0,
					"snd_cwnd":	1025184,
					"rtt":	819616,
					"omitted":	false
				}],
			"sum":	{
				"start":	46.000214,
				"end":	47.001230,
				"seconds":	1.001016,
				"bytes":	65160,
				"bits_per_second":	520750.968276,
				"retransmits":	0,
				"omitted":	false
			}
		}, {
			"streams":	[{
					"socket":	4,
					"start":	47.001230,
					"end":	48.000980,
					"seconds":	0.999750,
					"bytes":	456120,
					"bits_per_second":	3649872.837173,
					"retransmits":	0,
					"snd_cwnd":	1216320,
					"rtt":	963549,
					"omitted":	false
				}],
			"sum":	{
				"start":	47.001230,
				"end":	48.000980,
				"seconds":	0.999750,
				"bytes":	456120,
				"bits_per_second":	3649872.837173,
				"retransmits":	0,
				"omitted":	false
			}
		}, {
			"streams":	[{
					"socket":	4,
					"start":	48.000980,
					"end":	49.000523,
					"seconds":	0.999543,
					"bytes":	325800,
					"bits_per_second":	2607591.173718,
					"retransmits":	44,
					"snd_cwnd":	1245280,
					"rtt":	967183,
					"omitted":	false
				}],
			"sum":	{
				"start":	48.000980,
				"end":	49.000523,
				"seconds":	0.999543,
				"bytes":	325800,
				"bits_per_second":	2607591.173718,
				"retransmits":	44,
				"omitted":	false
			}
		}, {
			"streams":	[{
					"socket":	4,
					"start":	49.000523,
					"end":	50.001101,
					"seconds":	1.000578,
					"bytes":	260640,
					"bits_per_second":	2083915.649639,
					"retransmits":	67,
					"snd_cwnd":	1169984,
					"rtt":	908751,
					"omitted":	false
				}],
			"sum":	{
				"start":	49.000523,
				"end":	50.001101,
				"seconds":	1.000578,
				"bytes":	260640,
				"bits_per_second":	2083915.649639,
				"retransmits":	67,
				"omitted":	false
			}
		}, {
			"streams":	[{
					"socket":	4,
					"start":	50.001101,
					"end":	51.000648,
					"seconds":	0.999547,
					"bytes":	1433520,
					"bits_per_second":	11473357.376970,
					"retransmits":	0,
					"snd_cwnd":	515488,
					"rtt":	400444,
					"omitted":	false
				}],
			"sum":	{
				"start":	50.001101,
				"end":	51.000648,
				"seconds":	0.999547,
				"bytes":	1433520,
				"bits_per_second":	11473357.376970,
				"retransmits":	0,
				"omitted":	false
			}
		}, {
			"streams":	[{
					"socket":	4,
					"start":	51.000648,
					"end":	52.001531,
					"seconds":	1.000883,
					"bytes":	195480,
					"bits_per_second":	1562460.559823,
					"retransmits":	0,
					"snd_cwnd":	1106272,
					"rtt":	875240,
					"omitted":	false
				}],
			"sum":	{
				"start":	51.000648,
				"end":	52.001531,
				"seconds":	1.000883,
				"bytes":	195480,
				"bits_per_second":	1562460.559823,
				"retransmits":	0,
				"omitted":	false
			}
		}, {
			"streams":	[{
					"socket":	4,
					"start":	52.001531,
					"end":	53.001182,
					"seconds":	0.999651,
					"bytes":	521280,
					"bits_per_second":	4171695.113876,
					"retransmits":	0,
					"snd_cwnd":	1314784,
					"rtt":	1021037,
					"omitted":	false
				}],
			"sum":	{
				"start":	52.001531,
				"end":	53.001182,
				"seconds":	0.999651,
				"bytes":	521280,
				"bits_per_second":	4171695.113876,
				"retransmits":	0,
				"omitted":	false
			}
		}, {
			"streams":	[{
					"socket":	4,
					"start":	53.001182,
					"end":	54.000874,
					"seconds":	0.999692,
					"bytes":	390960,
					"bits_per_second":	3128643.737418,
					"retransmits":	27,
					"snd_cwnd":	1317680,
					"rtt":	1032661,
					"omitted":	false
				}],
			"sum":	{
				"start":	53.001182,
				"end":	54.000874,
				"seconds":	0.999692,
				"bytes":	390960,
				"bits_per_second":	3128643.737418,
				"retransmits":	27,
				"omitted":	false
			}
		}, {
			"streams":	[{
					"socket":	4,
					"start":	54.000874,
					"end":	55.001235,
					"seconds":	1.000361,
					"bytes":	130320,
					"bits_per_second":	1042183.807362,
					"retransmits":	72,
					"snd_cwnd":	1181568,
					"rtt":	934764,
					"omitted":	false
				}],
			"sum":	{
				"start":	54.000874,
				"end":	55.001235,
				"seconds":	1.000361,
				"bytes":	130320,
				"bits_per_second":	1042183.807362,
				"retransmits":	72,
				"omitted":	false
			}
		}, {
			"streams":	[{
					"socket":	4,
					"start":	55.001235,
					"end":	56.000433,
					"seconds":	0.999198,
					"bytes":	1824480,
					"bits_per_second":	14607555.845553,
					"retransmits":	20,
					"snd_cwnd":	104256,
					"rtt":	83709,
					"omitted":	false
				}],
			"sum":	{
				"start":	55.001235,
				"end":	56.000433,
				"seconds":	0.999198,
				"bytes":	1824480,
				"bits_per_second":	14607555.845553,
				"retransmits":	20,
				"omitted":	false
			}
		}, {
			"streams":	[{
					"socket":	4,
					"start":	56.000433,
					"end":	57.001289,
					"seconds":	1.000856,
					"bytes":	781920,
					"bits_per_second":	6250010.474166,
					"retransmits":	0,
					"snd_cwnd":	28960,
					"rtt":	12842,
					"omitted":	false
				}],
			"sum":	{
				"start":	56.000433,
				"end":	57.001289,
				"seconds":	1.000856,
				"bytes":	781920,
				"bits_per_second":	6250010.474166,
				"retransmits":	0,
				"omitted":	false
			}
		}, {
			"streams":	[{
					"socket":	4,
					"start":	57.001289,
					"end":	58.000125,
					"seconds":	0.998836,
					"bytes":	1889640,
					"bits_per_second":	15134736.220051,
					"retransmits":	0,
					"snd_cwnd":	112944,
					"rtt":	12613,
					"omitted":	false
				}],
			"sum":	{
				"start":	57.001289,
				"end":	58.000125,
				"seconds":	0.998836,
				"bytes":	1889640,
				"bits_per_second":	15134736.220051,
				"retransmits":	0,
				"omitted":	false
			}
		}, {
			"streams":	[{
					"socket":	4,
					"start":	58.000125,
					"end":	59.000539,
					"seconds":	1.000414,
					"bytes":	4430880,
					"bits_per_second":	35432366.285306,
					"retransmits":	0,
					"snd_cwnd":	3648960,
					"rtt":	223449,
					"omitted":	false
				}],
			"sum":	{
				"start":	58.000125,
				"end":	59.000539,
				"seconds":	1.000414,
				"bytes":	4430880,
				"bits_per_second":	35432366.285306,
				"retransmits":	0,
				"omitted":	false
			}
		}, {
			"streams":	[{
					"socket":	4,
					"start":	59.000539,
					"end":	60.000324,
					"seconds":	0.999785,
					"bytes":	4583200,
					"bits_per_second":	36673486.763826,
					"retransmits":	0,
					"snd_cwnd":	9539424,
					"rtt":	556362,
					"omitted":	false
				}],
			"sum":	{
				"start":	59.000539,
				"end":	60.000324,
				"seconds":	0.999785,
				"bytes":	4583200,
				"bits_per_second":	36673486.763826,
				"retransmits":	0,
				"omitted":	false
			}
		}],
	"end":	{
		"streams":	[{
				"sender":	{
					"socket":	4,
					"start":	0,
					"end":	60.000324,
					"seconds":	60.000324,
					"bytes":	45841064,
					"bits_per_second":	6112108.860174,
					"retransmits":	475,
					"max_snd_cwnd":	9539424,
					"max_rtt":	1032661,
					"min_rtt":	12613,
					"mean_rtt":	802348
				},
				"receiver":	{
					"socket":	4,
					"start":	0,
					"end":	60.000324,
					"seconds":	60.000324,
					"bytes":	44695552,
					"bits_per_second":	5959374.751632
				}
			}],
		"sum_sent":	{
			"start":	0,
			"end":	60.000324,
			"seconds":	60.000324,
			"bytes":	45841064,
			"bits_per_second":	6112108.860174,
			"retransmits":	475
		},
		"sum_received":	{
			"start":	0,
			"end":	60.000324,
			"seconds":	60.000324,
			"bytes":	44695552,
			"bits_per_second":	5959374.751632
		},
		"cpu_utilization_percent":	{
			"host_total":	1.033989,
			"host_user":	0.199644,
			"host_system":	0.834344,
			"remote_total":	0.575140,
			"remote_user":	0,
			"remote_system":	0.575140
		}
	}
}
