{
	"start":	{
		"connected":	[{
				"socket":	4,
				"local_host":	"192.168.179.151",
				"local_port":	37318,
				"remote_host":	"192.168.120.131",
				"remote_port":	5201
			}],
		"version":	"iperf 3.1.3",
		"system_info":	"Linux a 4.15.0-213-generic #224-Ubuntu SMP Mon Jun 19 13:30:12 UTC 2023 x86_64",
		"timestamp":	{
			"time":	"Mon, 05 May 2025 11:08:55 GMT",
			"timesecs":	1746443335
		},
		"connecting_to":	{
			"host":	"192.168.120.131",
			"port":	5201
		},
		"cookie":	"a.1746443335.673161.29827a8e633e7da9",
		"tcp_mss_default":	1448,
		"test_start":	{
			"protocol":	"TCP",
			"num_streams":	1,
			"blksize":	131072,
			"omit":	0,
			"duration":	60,
			"bytes":	0,
			"blocks":	0,
			"reverse":	0
		}
	},
	"intervals":	[{
			"streams":	[{
					"socket":	4,
					"start":	0,
					"end":	1.000279,
					"seconds":	1.000279,
					"bytes":	2510832,
					"bits_per_second":	20081054.395147,
					"retransmits":	0,
					"snd_cwnd":	382272,
					"rtt":	362686,
					"omitted":	false
				}],
			"sum":	{
				"start":	0,
				"end":	1.000279,
				"seconds":	1.000279,
				"bytes":	2510832,
				"bits_per_second":	20081054.395147,
				"retransmits":	0,
				"omitted":	false
			}
		}, {
			"streams":	[{
					"socket":	4,
					"start":	1.000279,
					"end":	2.000615,
					"seconds":	1.000336,
					"bytes":	2150280,
					"bits_per_second":	17196459.062977,
					"retransmits":	0,
					"snd_cwnd":	695040,
					"rtt":	671327,
					"omitted":	false
				}],
			"sum":	{
				"start":	1.000279,
				"end":	2.000615,
				"seconds":	1.000336,
				"bytes":	2150280,
				"bits_per_second":	17196459.062977,
				"retransmits":	0,
				"omitted":	false
			}
		}, {
			"streams":	[{
					"socket":	4,
					"start":	2.000615,
					"end":	3.001100,
					"seconds":	1.000485,
					"bytes":	456120,
					"bits_per_second":	3647191.318678,
					"retransmits":	0,
					"snd_cwnd":	807984,
					"rtt":	765311,
					"omitted":	false
				}],
			"sum":	{
				"start":	2.000615,
				"end":	3.001100,
				"seconds":	1.000485,
				"bytes":	456120,
				"bits_per_second":	3647191.318678,
				"retransmits":	0,
				"omitted":	false
			}
		}, {
			"streams":	[{
					"socket":	4,
					"start":	3.001100,
					"end":	4.001186,
					"seconds":	1.000086,
					"bytes":	390960,
					"bits_per_second":	3127410.826543,
					"retransmits":	0,
					"snd_cwnd":	822464,
					"rtt":	785000,
					"omitted":	false
				}],
			"sum":	{
				"start":	3.001100,
				"end":	4.001186,
				"seconds":	1.000086,
				"bytes":	390960,
				"bits_per_second":	3127410.826543,
				"retransmits":	0,
				"omitted":	false
			}
		}, {
			"streams":	[{
					"socket":	4,
					"start":	4.001186,
					"end":	5.001472,
					"seconds":	1.000286,
					"bytes":	456120,
					"bits_per_second":	3647917.192251,
					"retransmits":	0,
					"snd_cwnd":	889072,
					"rtt":	824482,
					"omitted":	false
				}],
			"sum":	{
				"start":	4.001186,
				"end":	5.001472,
				"seconds":	1.000286,
				"bytes":	456120,
				"bits_per_second":	3647917.192251,
				"retransmits":	0,
				"omitted":	false
			}
		}, {
			"streams":	[{
					"socket":	4,
					"start":	5.001472,
					"end":	6.001445,
					"seconds":	0.999973,
					"bytes":	521280,
					"bits_per_second":	4170352.354712,
					"retransmits":	0,
					"snd_cwnd":	926720,
					"rtt":	833296,
					"omitted":	false
				}],
			"sum":	{
				"start":	5.001472,
				"end":	6.001445,
				"seconds":	0.999973,
				"bytes":	521280,
				"bits_per_second":	4170352.354712,
				"retransmits":	0,
				"omitted":	false
			}
		}, {
			"streams":	[{
					"socket":	4,
					"start":	6.001445,
					"end":	7.001237,
					"seconds":	0.999792,
					"bytes":	521280,
					"bits_per_second":	4171108.172034,
					"retransmits":	0,
					"snd_cwnd":	923824,
					"rtt":	832568,
					"omitted":	false
				}],
			"sum":	{
				"start":	6.001445,
				"end":	7.001237,
				"seconds":	0.999792,
				"bytes":	521280,
				"bits_per_second":	4171108.172034,
				"retransmits":	0,
				"omitted":	false
			}
		}, {
			"streams":	[{
					"socket":	4,
					"start":	7.001237,
					"end":	8.001358,
					"seconds":	1.000121,
					"bytes":	521280,
					"bits_per_second":	4169734.975718,
					"retransmits":	0,
					"snd_cwnd":	964368,
					"rtt":	834511,
					"omitted":	false
				}],
			"sum":	{
				"start":	7.001237,
				"end":	8.001358,
				"seconds":	1.000121,
				"bytes":	521280,
				"bits_per_second":	4169734.975718,
				"retransmits":	0,
				"omitted":	false
			}
		}, {
			"streams":	[{
					"socket":	4,
					"start":	8.001358,
					"end":	9.001128,
					"seconds":	0.999770,
					"bytes":	521280,
					"bits_per_second":	4171199.684299,
					"retransmits":	0,
					"snd_cwnd":	961472,
					"rtt":	832203,
					"omitted":	false
				}],
			"sum":	{
				"start":	8.001358,
				"end":	9.001128,
				"seconds":	0.999770,
				"bytes":	521280,
				"bits_per_second":	4171199.684299,
				"retransmits":	0,
				"omitted":	false
			}
		}, {
			"streams":	[{
					"socket":	4,
					"start":	9.001128,
					"end":	10.001419,
					"seconds":	1.000291,
					"bytes":	521280,
					"bits_per_second":	4169026.358551,
					"retransmits":	0,
					"snd_cwnd":	1013600,
					"rtt":	835395,
					"omitted":	false
				}],
			"sum":	{
				"start":	9.001128,
				"end":	10.001419,
				"seconds":	1.000291,
				"bytes":	521280,
				"bits_per_second":	4169026.358551,
				"retransmits":	0,
				"omitted":	false
			}
		}, {
			"streams":	[{
					"socket":	4,
					"start":	10.001419,
					"end":	11.001330,
					"seconds":	0.999911,
					"bytes":	521280,
					"bits_per_second":	4170610.892969,
					"retransmits":	0,
					"snd_cwnd":	1028080,
					"rtt":	846821,
					"omitted":	false
				}],
			"sum":	{
				"start":	10.001419,
				"end":	11.001330,
				"seconds":	0.999911,
				"bytes":	521280,
				"bits_per_second":	4170610.892969,
				"retransmits":	0,
				"omitted":	false
			}
		}, {
			"streams":	[{
					"socket":	4,
					"start":	11.001330,
					"end":	12.001071,
					"seconds":	0.999741,
					"bytes":	325800,
					"bits_per_second":	2607075.652321,
					"retransmits":	2,
					"snd_cwnd":	1114960,
					"rtt":	874737,
					"omitted":	false
				}],
			"sum":	{
				"start":	11.001330,
				"end":	12.001071,
				"seconds":	0.999741,
				"bytes":	325800,
				"bits_per_second":	2607075.652321,
				"retransmits":	2,
				"omitted":	false
			}
		}, {
			"streams":	[{
					"socket":	4,
					"start":	12.001071,
					"end":	13.001436,
					"seconds":	1.000365,
					"bytes":	586440,
					"bits_per_second":	4689808.131654,
					"retransmits":	14,
					"snd_cwnd":	958576,
					"rtt":	752556,
					"omitted":	false
				}],
			"sum":	{
				"start":	12.001071,
				"end":	13.001436,
				"seconds":	1.000365,
				"bytes":	586440,
				"bits_per_second":	4689808.131654,
				"retransmits":	14,
				"omitted":	false
			}
		}, {
			"streams":	[{
					"socket":	4,
					"start":	13.001436,
					"end":	14.001143,
					"seconds":	0.999707,
					"bytes":	781920,
					"bits_per_second":	6257193.460513,
					"retransmits":	0,
					"snd_cwnd":	1135232,
					"rtt":	849350,
					"omitted":	false
				}],
			"sum":	{
				"start":	13.001436,
				"end":	14.001143,
				"seconds":	0.999707,
				"bytes":	781920,
				"bits_per_second":	6257193.460513,
				"retransmits":	0,
				"omitted":	false
			}
		}, {
			"streams":	[{
					"socket":	4,
					"start":	14.001143,
					"end":	15.001199,
					"seconds":	1.000056,
					"bytes":	586440,
					"bits_per_second":	4691257.156527,
					"retransmits":	0,
					"snd_cwnd":	1207632,
					"rtt":	902475,
					"omitted":	false
				}],
			"sum":	{
				"start":	14.001143,
				"end":	15.001199,
				"seconds":	1.000056,
				"bytes":	586440,
				"bits_per_second":	4691257.156527,
				"retransmits":	0,
				"omitted":	false
			}
		}, {
			"streams":	[{
					"socket":	4,
					"start":	15.001199,
					"end":	16.001261,
					"seconds":	1.000062,
					"bytes":	325800,
					"bits_per_second":	2606238.442327,
					"retransmits":	10,
					"snd_cwnd":	1233696,
					"rtt":	877594,
					"omitted":	false
				}],
			"sum":	{
				"start":	15.001199,
				"end":	16.001261,
				"seconds":	1.000062,
				"bytes":	325800,
				"bits_per_second":	2606238.442327,
				"retransmits":	10,
				"omitted":	false
			}
		}, {
			"streams":	[{
					"socket":	4,
					"start":	16.001261,
					"end":	17.001369,
					"seconds":	1.000108,
					"bytes":	65160,
					"bits_per_second":	521223.705955,
					"retransmits":	30,
					"snd_cwnd":	981744,
					"rtt":	742254,
					"omitted":	false
				}],
			"sum":	{
				"start":	16.001261,
				"end":	17.001369,
				"seconds":	1.000108,
				"bytes":	65160,
				"bits_per_second":	521223.705955,
				"retransmits":	30,
				"omitted":	false
			}
		}, {
			"streams":	[{
					"socket":	4,
					"start":	17.001369,
					"end":	18.000418,
					"seconds":	0.999049,
					"bytes":	1824480,
					"bits_per_second":	14609734.613116,
					"retransmits":	0,
					"snd_cwnd":	593680,
					"rtt":	439613,
					"omitted":	false
				}],
			"sum":	{
				"start":	17.001369,
				"end":	18.000418,
				"seconds":	0.999049,
				"bytes":	1824480,
				"bits_per_second":	14609734.613116,
				"retransmits":	0,
				"omitted":	false
			}
		}, {
			"streams":	[{
					"socket":	4,
					"start":	18.000418,
					"end":	19.001238,
					"seconds":	1.000820,
					"bytes":	325800,
					"bits_per_second":	2604264.086995,
					"retransmits":	0,
					"snd_cwnd":	1077312,
					"rtt":	813319,
					"omitted":	false
				}],
			"sum":	{
				"start":	18.000418,
				"end":	19.001238,
				"seconds":	1.000820,
				"bytes":	325800,
				"bits_per_second":	2604264.086995,
				"retransmits":	0,
				"omitted":	false
			}
		}, {
			"streams":	[{
					"socket":	4,
					"start":	19.001238,
					"end":	20.001135,
					"seconds":	0.999897,
					"bytes":	651600,
					"bits_per_second":	5213336.957160,
					"retransmits":	0,
					"snd_cwnd":	1132336,
					"rtt":	846564,
					"omitted":	false
				}],
			"sum":	{
				"start":	19.001238,
				"end":	20.001135,
				"seconds":	0.999897,
				"bytes":	651600,
				"bits_per_second":	5213336.957160,
				"retransmits":	0,
				"omitted":	false
			}
		}, {
			"streams":	[{
					"socket":	4,
					"start":	20.001135,
					"end":	21.001430,
					"seconds":	1.000295,
					"bytes":	325800,
					"bits_per_second":	2605631.537292,
					"retransmits":	21,
					"snd_cwnd":	1112064,
					"rtt":	807340,
					"omitted":	false
				}],
			"sum":	{
				"start":	20.001135,
				"end":	21.001430,
				"seconds":	1.000295,
				"bytes":	325800,
				"bits_per_second":	2605631.537292,
				"retransmits":	21,
				"omitted":	false
			}
		}, {
			"streams":	[{
					"socket":	4,
					"start":	21.001430,
					"end":	22.001266,
					"seconds":	0.999836,
					"bytes":	912240,
					"bits_per_second":	7299117.288679,
					"retransmits":	0,
					"snd_cwnd":	1213424,
					"rtt":	881224,
					"omitted":	false
				}],
			"sum":	{
				"start":	21.001430,
				"end":	22.001266,
				"seconds":	0.999836,
				"bytes":	912240,
				"bits_per_second":	7299117.288679,
				"retransmits":	0,
				"omitted":	false
			}
		}, {
			"streams":	[{
					"socket":	4,
					"start":	22.001266,
					"end":	23.001586,
					"seconds":	1.000320,
					"bytes":	521280,
					"bits_per_second":	4168906.126246,
					"retransmits":	0,
					"snd_cwnd":	1291616,
					"rtt":	910691,
					"omitted":	false
				}],
			"sum":	{
				"start":	22.001266,
				"end":	23.001586,
				"seconds":	1.000320,
				"bytes":	521280,
				"bits_per_second":	4168906.126246,
				"retransmits":	0,
				"omitted":	false
			}
		}, {
			"streams":	[{
					"socket":	4,
					"start":	23.001586,
					"end":	24.001396,
					"seconds":	0.999810,
					"bytes":	651600,
					"bits_per_second":	5213790.722467,
					"retransmits":	0,
					"snd_cwnd":	1384288,
					"rtt":	937301,
					"omitted":	false
				}],
			"sum":	{
				"start":	23.001586,
				"end":	24.001396,
				"seconds":	0.999810,
				"bytes":	651600,
				"bits_per_second":	5213790.722467,
				"retransmits":	0,
				"omitted":	false
			}
		}, {
			"streams":	[{
					"socket":	4,
					"start":	24.001396,
					"end":	25.001233,
					"seconds":	0.999837,
					"bytes":	390960,
					"bits_per_second":	3128189.394015,
					"retransmits":	20,
					"snd_cwnd":	1291616,
					"rtt":	874489,
					"omitted":	false
				}],
			"sum":	{
				"start":	24.001396,
				"end":	25.001233,
				"seconds":	0.999837,
				"bytes":	390960,
				"bits_per_second":	3128189.394015,
				"retransmits":	20,
				"omitted":	false
			}
		}, {
			"streams":	[{
					"socket":	4,
					"start":	25.001233,
					"end":	26.001263,
					"seconds":	1.000030,
					"bytes":	0,
					"bits_per_second":	0,
					"retransmits":	30,
					"snd_cwnd":	1132336,
					"rtt":	790543,
					"omitted":	false
				}],
			"sum":	{
				"start":	25.001233,
				"end":	26.001263,
				"seconds":	1.000030,
				"bytes":	0,
				"bits_per_second":	0,
				"retransmits":	30,
				"omitted":	false
			}
		}, {
			"streams":	[{
					"socket":	4,
					"start":	26.001263,
					"end":	27.001094,
					"seconds":	0.999831,
					"bytes":	2085120,
					"bits_per_second":	16683780.205728,
					"retransmits":	0,
					"snd_cwnd":	593680,
					"rtt":	414679,
					"omitted":	false
				}],
			"sum":	{
				"start":	26.001263,
				"end":	27.001094,
				"seconds":	0.999831,
				"bytes":	2085120,
				"bits_per_second":	16683780.205728,
				"retransmits":	0,
				"omitted":	false
			}
		}, {
			"streams":	[{
					"socket":	4,
					"start":	27.001094,
					"end":	28.001560,
					"seconds":	1.000466,
					"bytes":	260640,
					"bits_per_second":	2084149.057679,
					"retransmits":	0,
					"snd_cwnd":	1117856,
					"rtt":	795411,
					"omitted":	false
				}],
			"sum":	{
				"start":	27.001094,
				"end":	28.001560,
				"seconds":	1.000466,
				"bytes":	260640,
				"bits_per_second":	2084149.057679,
				"retransmits":	0,
				"omitted":	false
			}
		}, {
			"streams":	[{
					"socket":	4,
					"start":	28.001560,
					"end":	29.000750,
					"seconds":	0.999190,
					"bytes":	586440,
					"bits_per_second":	4695322.779074,
					"retransmits":	0,
					"snd_cwnd":	1262656,
					"rtt":	888497,
					"omitted":	false
				}],
			"sum":	{
				"start":	28.001560,
				"end":	29.000750,
				"seconds":	0.999190,
				"bytes":	586440,
				"bits_per_second":	4695322.779074,
				"retransmits":	0,
				"omitted":	false
			}
		}, {
			"streams":	[{
					"socket":	4,
					"start":	29.000750,
					"end":	30.001148,
					"seconds":	1.000398,
					"bytes":	325800,
					"bits_per_second":	2605363.272261,
					"retransmits":	24,
					"snd_cwnd":	1245280,
					"rtt":	851573,
					"omitted":	false
				}],
			"sum":	{
				"start":	29.000750,
				"end":	30.001148,
				"seconds":	1.000398,
				"bytes":	325800,
				"bits_per_second":	2605363.272261,
				"retransmits":	24,
				"omitted":	false
			}
		}, {
			"streams":	[{
					"socket":	4,
					"start":	30.001148,
					"end":	31.001263,
					"seconds":	1.000115,
					"bytes":	0,
					"bits_per_second":	0,
					"retransmits":	24,
					"snd_cwnd":	1187360,
					"rtt":	811728,
					"omitted":	false
				}],
			"sum":	{
				"start":	30.001148,
				"end":	31.001263,
				"seconds":	1.000115,
				"bytes":	0,
				"bits_per_second":	0,
				"retransmits":	24,
				"omitted":	false
			}
		}, {
			"streams":	[{
					"socket":	4,
					"start":	31.001263,
					"end":	32.000157,
					"seconds":	0.998894,
					"bytes":	2019960,
					"bits_per_second":	16177572.780334,
					"retransmits":	0,
					"snd_cwnd":	593680,
					"rtt":	418572,
					"omitted":	false
				}],
			"sum":	{
				"start":	31.001263,
				"end":	32.000157,
				"seconds":	0.998894,
				"bytes":	2019960,
				"bits_per_second":	16177572.780334,
				"retransmits":	0,
				"omitted":	false
			}
		}, {
			"streams":	[{
					"socket":	4,
					"start":	32.000157,
					"end":	33.001296,
					"seconds":	1.001139,
					"bytes":	325800,
					"bits_per_second":	2603434.881490,
					"retransmits":	0,
					"snd_cwnd":	1178672,
					"rtt":	814491,
					"omitted":	false
				}],
			"sum":	{
				"start":	32.000157,
				"end":	33.001296,
				"seconds":	1.001139,
				"bytes":	325800,
				"bits_per_second":	2603434.881490,
				"retransmits":	0,
				"omitted":	false
			}
		}, {
			"streams":	[{
					"socket":	4,
					"start":	33.001296,
					"end":	34.001598,
					"seconds":	1.000302,
					"bytes":	586440,
					"bits_per_second":	4690103.230783,
					"retransmits":	0,
					"snd_cwnd":	1288720,
					"rtt":	898180,
					"omitted":	false
				}],
			"sum":	{
				"start":	33.001296,
				"end":	34.001598,
				"seconds":	1.000302,
				"bytes":	586440,
				"bits_per_second":	4690103.230783,
				"retransmits":	0,
				"omitted":	false
			}
		}, {
			"streams":	[{
					"socket":	4,
					"start":	34.001598,
					"end":	35.001176,
					"seconds":	0.999578,
					"bytes":	325800,
					"bits_per_second":	2607500.367463,
					"retransmits":	27,
					"snd_cwnd":	1210528,
					"rtt":	852640,
					"omitted":	false
				}],
			"sum":	{
				"start":	34.001598,
				"end":	35.001176,
				"seconds":	0.999578,
				"bytes":	325800,
				"bits_per_second":	2607500.367463,
				"retransmits":	27,
				"omitted":	false
			}
		}, {
			"streams":	[{
					"socket":	4,
					"start":	35.001176,
					"end":	36.001481,
					"seconds":	1.000305,
					"bytes":	65160,
					"bits_per_second":	521121.090709,
					"retransmits":	19,
					"snd_cwnd":	1120752,
					"rtt":	773362,
					"omitted":	false
				}],
			"sum":	{
				"start":	35.001176,
				"end":	36.001481,
				"seconds":	1.000305,
				"bytes":	65160,
				"bits_per_second":	521121.090709,
				"retransmits":	19,
				"omitted":	false
			}
		}, {
			"streams":	[{
					"socket":	4,
					"start":	36.001481,
					"end":	37.000746,
					"seconds":	0.999265,
					"bytes":	1824480,
					"bits_per_second":	14606576.483407,
					"retransmits":	0,
					"snd_cwnd":	619744,
					"rtt":	436546,
					"omitted":	false
				}],
			"sum":	{
				"start":	36.001481,
				"end":	37.000746,
				"seconds":	0.999265,
				"bytes":	1824480,
				"bits_per_second":	14606576.483407,
				"retransmits":	0,
				"omitted":	false
			}
		}, {
			"streams":	[{
					"socket":	4,
					"start":	37.000746,
					"end":	38.000533,
					"seconds":	0.999787,
					"bytes":	260640,
					"bits_per_second":	2085564.032832,
					"retransmits":	0,
					"snd_cwnd":	1196048,
					"rtt":	833495,
					"omitted":	false
				}],
			"sum":	{
				"start":	37.000746,
				"end":	38.000533,
				"seconds":	0.999787,
				"bytes":	260640,
				"bits_per_second":	2085564.032832,
				"retransmits":	0,
				"omitted":	false
			}
		}, {
			"streams":	[{
					"socket":	4,
					"start":	38.000533,
					"end":	39.001119,
					"seconds":	1.000586,
					"bytes":	651600,
					"bits_per_second":	5209746.917076,
					"retransmits":	0,
					"snd_cwnd":	1245280,
					"rtt":	852071,
					"omitted":	false
				}],
			"sum":	{
				"start":	38.000533,
				"end":	39.001119,
				"seconds":	1.000586,
				"bytes":	651600,
				"bits_per_second":	5209746.917076,
				"retransmits":	0,
				"omitted":	false
			}
		}, {
			"streams":	[{
					"socket":	4,
					"start":	39.001119,
					"end":	40.001191,
					"seconds":	1.000072,
					"bytes":	390960,
					"bits_per_second":	3127454.815713,
					"retransmits":	25,
					"snd_cwnd":	1225008,
					"rtt":	837358,
					"omitted":	false
				}],
			"sum":	{
				"start":	39.001119,
				"end":	40.001191,
				"seconds":	1.000072,
				"bytes":	390960,
				"bits_per_second":	3127454.815713,
				"retransmits":	25,
				"omitted":	false
			}
		}, {
			"streams":	[{
					"socket":	4,
					"start":	40.001191,
					"end":	41.001357,
					"seconds":	1.000166,
					"bytes":	0,
					"bits_per_second":	0,
					"retransmits":	10,
					"snd_cwnd":	1213424,
					"rtt":	846168,
					"omitted":	false
				}],
			"sum":	{
				"start":	40.001191,
				"end":	41.001357,
				"seconds":	1.000166,
				"bytes":	0,
				"bits_per_second":	0,
				"retransmits":	10,
				"omitted":	false
			}
		}, {
			"streams":	[{
					"socket":	4,
					"start":	41.001357,
					"end":	42.001088,
					"seconds":	0.999731,
					"bytes":	2085120,
					"bits_per_second":	16685447.320084,
					"retransmits":	0,
					"snd_cwnd":	570512,
					"rtt":	397890,
					"omitted":	false
				}],
			"sum":	{
				"start":	41.001357,
				"end":	42.001088,
				"seconds":	0.999731,
				"bytes":	2085120,
				"bits_per_second":	16685447.320084,
				"retransmits":	0,
				"omitted":	false
			}
		}, {
			"streams":	[{
					"socket":	4,
					"start":	42.001088,
					"end":	43.000515,
					"seconds":	0.999427,
					"bytes":	260640,
					"bits_per_second":	2086315.789136,
					"retransmits":	0,
					"snd_cwnd":	1161296,
					"rtt":	801420,
					"omitted":	false
				}],
			"sum":	{
				"start":	42.001088,
				"end":	43.000515,
				"seconds":	0.999427,
				"bytes":	260640,
				"bits_per_second":	2086315.789136,
				"retransmits":	0,
				"omitted":	false
			}
		}, {
			"streams":	[{
					"socket":	4,
					"start":	43.000515,
					"end":	44.001338,
					"seconds":	1.000823,
					"bytes":	521280,
					"bits_per_second":	4166810.627621,
					"retransmits":	0,
					"snd_cwnd":	1337952,
					"rtt":	896646,
					"omitted":	false
				}],
			"sum":	{
				"start":	43.000515,
				"end":	44.001338,
				"seconds":	1.000823,
				"bytes":	521280,
				"bits_per_second":	4166810.627621,
				"retransmits":	0,
				"omitted":	false
			}
		}, {
			"streams":	[{
					"socket":	4,
					"start":	44.001338,
					"end":	45.001446,
					"seconds":	1.000108,
					"bytes":	390960,
					"bits_per_second":	3127342.235729,
					"retransmits":	39,
					"snd_cwnd":	1291616,
					"rtt":	866040,
					"omitted":	false
				}],
			"sum":	{
				"start":	44.001338,
				"end":	45.001446,
				"seconds":	1.000108,
				"bytes":	390960,
				"bits_per_second":	3127342.235729,
				"retransmits":	39,
				"omitted":	false
			}
		}, {
			"streams":	[{
					"socket":	4,
					"start":	45.001446,
					"end":	46.001381,
					"seconds":	0.999935,
					"bytes":	0,
					"bits_per_second":	0,
					"retransmits":	41,
					"snd_cwnd":	1204736,
					"rtt":	831842,
					"omitted":	false
				}],
			"sum":	{
				"start":	45.001446,
				"end":	46.001381,
				"seconds":	0.999935,
				"bytes":	0,
				"bits_per_second":	0,
				"retransmits":	41,
				"omitted":	false
			}
		}, {
			"streams":	[{
					"socket":	4,
					"start":	46.001381,
					"end":	47.001058,
					"seconds":	0.999677,
					"bytes":	2019960,
					"bits_per_second":	16164898.332372,
					"retransmits":	0,
					"snd_cwnd":	703728,
					"rtt":	475973,
					"omitted":	false
				}],
			"sum":	{
				"start":	46.001381,
				"end":	47.001058,
				"seconds":	0.999677,
				"bytes":	2019960,
				"bits_per_second":	16164898.332372,
				"retransmits":	0,
				"omitted":	false
			}
		}, {
			"streams":	[{
					"socket":	4,
					"start":	47.001058,
					"end":	48.001549,
					"seconds":	1.000491,
					"bytes":	390960,
					"bits_per_second":	3126145.363192,
					"retransmits":	0,
					"snd_cwnd":	1239488,
					"rtt":	847963,
					"omitted":	false
				}],
			"sum":	{
				"start":	47.001058,
				"end":	48.001549,
				"seconds":	1.000491,
				"bytes":	390960,
				"bits_per_second":	3126145.363192,
				"retransmits":	0,
				"omitted":	false
			}
		}, {
			"streams":	[{
					"socket":	4,
					"start":	48.001549,
					"end":	49.001554,
					"seconds":	1.000005,
					"bytes":	586440,
					"bits_per_second":	4691496.510661,
					"retransmits":	0,
					"snd_cwnd":	1372704,
					"rtt":	910497,
					"omitted":	false
				}],
			"sum":	{
				"start":	48.001549,
				"end":	49.001554,
				"seconds":	1.000005,
				"bytes":	586440,
				"bits_per_second":	4691496.510661,
				"retransmits":	0,
				"omitted":	false
			}
		}, {
			"streams":	[{
					"socket":	4,
					"start":	49.001554,
					"end":	50.001490,
					"seconds":	0.999936,
					"bytes":	390960,
					"bits_per_second":	3127879.859572,
					"retransmits":	30,
					"snd_cwnd":	1274240,
					"rtt":	846112,
					"omitted":	false
				}],
			"sum":	{
				"start":	49.001554,
				"end":	50.001490,
				"seconds":	0.999936,
				"bytes":	390960,
				"bits_per_second":	3127879.859572,
				"retransmits":	30,
				"omitted":	false
			}
		}, {
			"streams":	[{
					"socket":	4,
					"start":	50.001490,
					"end":	51.001239,
					"seconds":	0.999749,
					"bytes":	0,
					"bits_per_second":	0,
					"retransmits":	43,
					"snd_cwnd":	1193152,
					"rtt":	815669,
					"omitted":	false
				}],
			"sum":	{
				"start":	50.001490,
				"end":	51.001239,
				"seconds":	0.999749,
				"bytes":	0,
				"bits_per_second":	0,
				"retransmits":	43,
				"omitted":	false
			}
		}, {
			"streams":	[{
					"socket":	4,
					"start":	51.001239,
					"end":	52.000663,
					"seconds":	0.999424,
					"bytes":	2085120,
					"bits_per_second":	16690574.092590,
					"retransmits":	0,
					"snd_cwnd":	640016,
					"rtt":	428573,
					"omitted":	false
				}],
			"sum":	{
				"start":	51.001239,
				"end":	52.000663,
				"seconds":	0.999424,
				"bytes":	2085120,
				"bits_per_second":	16690574.092590,
				"retransmits":	0,
				"omitted":	false
			}
		}, {
			"streams":	[{
					"socket":	4,
					"start":	52.000663,
					"end":	53.001450,
					"seconds":	1.000787,
					"bytes":	390960,
					"bits_per_second":	3125220.389894,
					"retransmits":	0,
					"snd_cwnd":	1161296,
					"rtt":	793586,
					"omitted":	false
				}],
			"sum":	{
				"start":	52.000663,
				"end":	53.001450,
				"seconds":	1.000787,
				"bytes":	390960,
				"bits_per_second":	3125220.389894,
				"retransmits":	0,
				"omitted":	false
			}
		}, {
			"streams":	[{
					"socket":	4,
					"start":	53.001450,
					"end":	54.001570,
					"seconds":	1.000120,
					"bytes":	586440,
					"bits_per_second":	4690957.439062,
					"retransmits":	0,
					"snd_cwnd":	1343744,
					"rtt":	909082,
					"omitted":	false
				}],
			"sum":	{
				"start":	53.001450,
				"end":	54.001570,
				"seconds":	1.000120,
				"bytes":	586440,
				"bits_per_second":	4690957.439062,
				"retransmits":	0,
				"omitted":	false
			}
		}, {
			"streams":	[{
					"socket":	4,
					"start":	54.001570,
					"end":	55.000636,
					"seconds":	0.999066,
					"bytes":	390960,
					"bits_per_second":	3130603.625565,
					"retransmits":	35,
					"snd_cwnd":	1190256,
					"rtt":	782394,
					"omitted":	false
				}],
			"sum":	{
				"start":	54.001570,
				"end":	55.000636,
				"seconds":	0.999066,
				"bytes":	390960,
				"bits_per_second":	3130603.625565,
				"retransmits":	35,
				"omitted":	false
			}
		}, {
			"streams":	[{
					"socket":	4,
					"start":	55.000636,
					"end":	56.001036,
					"seconds":	1.000400,
					"bytes":	1238040,
					"bits_per_second":	9900361.558663,
					"retransmits":	0,
					"snd_cwnd":	1045456,
					"rtt":	686845,
					"omitted":	false
				}],
			"sum":	{
				"start":	55.000636,
				"end":	56.001036,
				"seconds":	1.000400,
				"bytes":	1238040,
				"bits_per_second":	9900361.558663,
				"retransmits":	0,
				"omitted":	false
			}
		}, {
			"streams":	[{
					"socket":	4,
					"start":	56.001036,
					"end":	57.001525,
					"seconds":	1.000489,
					"bytes":	521280,
					"bits_per_second":	4168201.763902,
					"retransmits":	0,
					"snd_cwnd":	1343744,
					"rtt":	856287,
					"omitted":	false
				}],
			"sum":	{
				"start":	56.001036,
				"end":	57.001525,
				"seconds":	1.000489,
				"bytes":	521280,
				"bits_per_second":	4168201.763902,
				"retransmits":	0,
				"omitted":	false
			}
		}, {
			"streams":	[{
					"socket":	4,
					"start":	57.001525,
					"end":	58.001225,
					"seconds":	0.999700,
					"bytes":	781920,
					"bits_per_second":	6257236.736597,
					"retransmits":	0,
					"snd_cwnd":	1277136,
					"rtt":	815423,
					"omitted":	false
				}],
			"sum":	{
				"start":	57.001525,
				"end":	58.001225,
				"seconds":	0.999700,
				"bytes":	781920,
				"bits_per_second":	6257236.736597,
				"retransmits":	0,
				"omitted":	false
			}
		}, {
			"streams":	[{
					"socket":	4,
					"start":	58.001225,
					"end":	59.000699,
					"seconds":	0.999474,
					"bytes":	1629000,
					"bits_per_second":	13038857.805328,
					"retransmits":	0,
					"snd_cwnd":	28960,
					"rtt":	13054,
					"omitted":	false
				}],
			"sum":	{
				"start":	58.001225,
				"end":	59.000699,
				"seconds":	0.999474,
				"bytes":	1629000,
				"bits_per_second":	13038857.805328,
				"retransmits":	0,
				"omitted":	false
			}
		}, {
			"streams":	[{
					"socket":	4,
					"start":	59.000699,
					"end":	60.000365,
					"seconds":	0.999666,
					"bytes":	1759320,
					"bits_per_second":	14079262.817728,
					"retransmits":	0,
					"snd_cwnd":	107152,
					"rtt":	12653,
					"omitted":	false
				}],
			"sum":	{
				"start":	59.000699,
				"end":	60.000365,
				"seconds":	0.999666,
				"bytes":	1759320,
				"bits_per_second":	14079262.817728,
				"retransmits":	0,
				"omitted":	false
			}
		}],
	"end":	{
		"streams":	[{
				"sender":	{
					"socket":	4,
					"start":	0,
					"end":	60.000365,
					"seconds":	60.000365,
					"bytes":	43105512,
					"bits_per_second":	5747366.635048,
					"retransmits":	444,
					"max_snd_cwnd":	1384288,
					"max_rtt":	937301,
					"min_rtt":	12653,
					"mean_rtt":	750606
				},
				"receiver":	{
					"socket":	4,
					"start":	0,
					"end":	60.000365,
					"seconds":	60.000365,
					"bytes":	38928384,
					"bits_per_second":	5190419.623317
				}
			}],
		"sum_sent":	{
			"start":	0,
			"end":	60.000365,
			"seconds":	60.000365,
			"bytes":	43105512,
			"bits_per_second":	5747366.635048,
			"retransmits":	444
		},
		"sum_received":	{
			"start":	0,
			"end":	60.000365,
			"seconds":	60.000365,
			"bytes":	38928384,
			"bits_per_second":	5190419.623317
		},
		"cpu_utilization_percent":	{
			"host_total":	0.114859,
			"host_user":	0.007235,
			"host_system":	0.107624,
			"remote_total":	0.571604,
			"remote_user":	0,
			"remote_system":	0.571604
		}
	}
}
