{
	"start":	{
		"connected":	[{
				"socket":	4,
				"local_host":	"192.168.179.134",
				"local_port":	35350,
				"remote_host":	"192.168.120.128",
				"remote_port":	5201
			}],
		"version":	"iperf 3.1.3",
		"system_info":	"Linux a 4.15.0-213-generic #224-Ubuntu SMP Mon Jun 19 13:30:12 UTC 2023 x86_64",
		"timestamp":	{
			"time":	"Mon, 05 May 2025 08:09:35 GMT",
			"timesecs":	1746432575
		},
		"connecting_to":	{
			"host":	"192.168.120.128",
			"port":	5201
		},
		"cookie":	"a.1746432575.431881.65eccd580939d19f",
		"tcp_mss_default":	1448,
		"test_start":	{
			"protocol":	"TCP",
			"num_streams":	1,
			"blksize":	131072,
			"omit":	0,
			"duration":	180,
			"bytes":	0,
			"blocks":	0,
			"reverse":	0
		}
	},
	"intervals":	[{
			"streams":	[{
					"socket":	4,
					"start":	0,
					"end":	1.000553,
					"seconds":	1.000553,
					"bytes":	605264,
					"bits_per_second":	4839435.157891,
					"retransmits":	0,
					"snd_cwnd":	14480,
					"rtt":	12992,
					"omitted":	false
				}],
			"sum":	{
				"start":	0,
				"end":	1.000553,
				"seconds":	1.000553,
				"bytes":	605264,
				"bits_per_second":	4839435.157891,
				"retransmits":	0,
				"omitted":	false
			}
		}, {
			"streams":	[{
					"socket":	4,
					"start":	1.000553,
					"end":	2.000543,
					"seconds":	0.999990,
					"bytes":	807984,
					"bits_per_second":	6463936.727150,
					"retransmits":	0,
					"snd_cwnd":	28960,
					"rtt":	13047,
					"omitted":	false
				}],
			"sum":	{
				"start":	1.000553,
				"end":	2.000543,
				"seconds":	0.999990,
				"bytes":	807984,
				"bits_per_second":	6463936.727150,
				"retransmits":	0,
				"omitted":	false
			}
		}, {
			"streams":	[{
					"socket":	4,
					"start":	2.000543,
					"end":	3.000067,
					"seconds":	0.999524,
					"bytes":	2334176,
					"bits_per_second":	18682303.053672,
					"retransmits":	0,
					"snd_cwnd":	107152,
					"rtt":	12564,
					"omitted":	false
				}],
			"sum":	{
				"start":	2.000543,
				"end":	3.000067,
				"seconds":	0.999524,
				"bytes":	2334176,
				"bits_per_second":	18682303.053672,
				"retransmits":	0,
				"omitted":	false
			}
		}, {
			"streams":	[{
					"socket":	4,
					"start":	3.000067,
					"end":	4.000732,
					"seconds":	1.000665,
					"bytes":	7779496,
					"bits_per_second":	62194611.729183,
					"retransmits":	0,
					"snd_cwnd":	3631584,
					"rtt":	225231,
					"omitted":	false
				}],
			"sum":	{
				"start":	3.000067,
				"end":	4.000732,
				"seconds":	1.000665,
				"bytes":	7779496,
				"bits_per_second":	62194611.729183,
				"retransmits":	0,
				"omitted":	false
			}
		}, {
			"streams":	[{
					"socket":	4,
					"start":	4.000732,
					"end":	5.000673,
					"seconds":	0.999941,
					"bytes":	4648640,
					"bits_per_second":	37191310.173534,
					"retransmits":	0,
					"snd_cwnd":	9472816,
					"rtt":	559402,
					"omitted":	false
				}],
			"sum":	{
				"start":	4.000732,
				"end":	5.000673,
				"seconds":	0.999941,
				"bytes":	4648640,
				"bits_per_second":	37191310.173534,
				"retransmits":	0,
				"omitted":	false
			}
		}, {
			"streams":	[{
					"socket":	4,
					"start":	5.000673,
					"end":	6.000322,
					"seconds":	0.999649,
					"bytes":	4778680,
					"bits_per_second":	38242861.414376,
					"retransmits":	0,
					"snd_cwnd":	10107040,
					"rtt":	568528,
					"omitted":	false
				}],
			"sum":	{
				"start":	5.000673,
				"end":	6.000322,
				"seconds":	0.999649,
				"bytes":	4778680,
				"bits_per_second":	38242861.414376,
				"retransmits":	0,
				"omitted":	false
			}
		}, {
			"streams":	[{
					"socket":	4,
					"start":	6.000322,
					"end":	7.000576,
					"seconds":	1.000254,
					"bytes":	4787368,
					"bits_per_second":	38289221.762132,
					"retransmits":	0,
					"snd_cwnd":	10946880,
					"rtt":	586318,
					"omitted":	false
				}],
			"sum":	{
				"start":	6.000322,
				"end":	7.000576,
				"seconds":	1.000254,
				"bytes":	4787368,
				"bits_per_second":	38289221.762132,
				"retransmits":	0,
				"omitted":	false
			}
		}, {
			"streams":	[{
					"socket":	4,
					"start":	7.000576,
					"end":	8.000226,
					"seconds":	0.999650,
					"bytes":	4584648,
					"bits_per_second":	36690025.452924,
					"retransmits":	0,
					"snd_cwnd":	11835952,
					"rtt":	603870,
					"omitted":	false
				}],
			"sum":	{
				"start":	7.000576,
				"end":	8.000226,
				"seconds":	0.999650,
				"bytes":	4584648,
				"bits_per_second":	36690025.452924,
				"retransmits":	0,
				"omitted":	false
			}
		}, {
			"streams":	[{
					"socket":	4,
					"start":	8.000226,
					"end":	9.000672,
					"seconds":	1.000446,
					"bytes":	4628088,
					"bits_per_second":	37008195.341237,
					"retransmits":	0,
					"snd_cwnd":	12470176,
					"rtt":	605859,
					"omitted":	false
				}],
			"sum":	{
				"start":	8.000226,
				"end":	9.000672,
				"seconds":	1.000446,
				"bytes":	4628088,
				"bits_per_second":	37008195.341237,
				"retransmits":	0,
				"omitted":	false
			}
		}, {
			"streams":	[{
					"socket":	4,
					"start":	9.000672,
					"end":	10.000440,
					"seconds":	0.999768,
					"bytes":	4658496,
					"bits_per_second":	37276615.476878,
					"retransmits":	0,
					"snd_cwnd":	13107296,
					"rtt":	606519,
					"omitted":	false
				}],
			"sum":	{
				"start":	9.000672,
				"end":	10.000440,
				"seconds":	0.999768,
				"bytes":	4658496,
				"bits_per_second":	37276615.476878,
				"retransmits":	0,
				"omitted":	false
			}
		}, {
			"streams":	[{
					"socket":	4,
					"start":	10.000440,
					"end":	11.000749,
					"seconds":	1.000309,
					"bytes":	4723656,
					"bits_per_second":	37777575.088996,
					"retransmits":	0,
					"snd_cwnd":	13973200,
					"rtt":	615698,
					"omitted":	false
				}],
			"sum":	{
				"start":	10.000440,
				"end":	11.000749,
				"seconds":	1.000309,
				"bytes":	4723656,
				"bits_per_second":	37777575.088996,
				"retransmits":	0,
				"omitted":	false
			}
		}, {
			"streams":	[{
					"socket":	4,
					"start":	11.000749,
					"end":	12.000621,
					"seconds":	0.999872,
					"bytes":	4658496,
					"bits_per_second":	37272740.057870,
					"retransmits":	0,
					"snd_cwnd":	13900800,
					"rtt":	612626,
					"omitted":	false
				}],
			"sum":	{
				"start":	11.000749,
				"end":	12.000621,
				"seconds":	0.999872,
				"bytes":	4658496,
				"bits_per_second":	37272740.057870,
				"retransmits":	0,
				"omitted":	false
			}
		}, {
			"streams":	[{
					"socket":	4,
					"start":	12.000621,
					"end":	13.000375,
					"seconds":	0.999754,
					"bytes":	4790264,
					"bits_per_second":	38331543.398579,
					"retransmits":	0,
					"snd_cwnd":	14885440,
					"rtt":	624684,
					"omitted":	false
				}],
			"sum":	{
				"start":	12.000621,
				"end":	13.000375,
				"seconds":	0.999754,
				"bytes":	4790264,
				"bits_per_second":	38331543.398579,
				"retransmits":	0,
				"omitted":	false
			}
		}, {
			"streams":	[{
					"socket":	4,
					"start":	13.000375,
					"end":	14.000410,
					"seconds":	1.000035,
					"bytes":	4594784,
					"bits_per_second":	36756983.758468,
					"retransmits":	0,
					"snd_cwnd":	15629712,
					"rtt":	624759,
					"omitted":	false
				}],
			"sum":	{
				"start":	13.000375,
				"end":	14.000410,
				"seconds":	1.000035,
				"bytes":	4594784,
				"bits_per_second":	36756983.758468,
				"retransmits":	0,
				"omitted":	false
			}
		}, {
			"streams":	[{
					"socket":	4,
					"start":	14.000410,
					"end":	15.000761,
					"seconds":	1.000351,
					"bytes":	4725104,
					"bits_per_second":	37787570.370994,
					"retransmits":	0,
					"snd_cwnd":	16527472,
					"rtt":	629193,
					"omitted":	false
				}],
			"sum":	{
				"start":	14.000410,
				"end":	15.000761,
				"seconds":	1.000351,
				"bytes":	4725104,
				"bits_per_second":	37787570.370994,
				"retransmits":	0,
				"omitted":	false
			}
		}, {
			"streams":	[{
					"socket":	4,
					"start":	15.000761,
					"end":	16.000755,
					"seconds":	0.999994,
					"bytes":	4661392,
					"bits_per_second":	37291358.273816,
					"retransmits":	0,
					"snd_cwnd":	17245680,
					"rtt":	625235,
					"omitted":	false
				}],
			"sum":	{
				"start":	15.000761,
				"end":	16.000755,
				"seconds":	0.999994,
				"bytes":	4661392,
				"bits_per_second":	37291358.273816,
				"retransmits":	0,
				"omitted":	false
			}
		}, {
			"streams":	[{
					"socket":	4,
					"start":	16.000755,
					"end":	17.000651,
					"seconds":	0.999896,
					"bytes":	4726552,
					"bits_per_second":	37816347.028200,
					"retransmits":	0,
					"snd_cwnd":	17491840,
					"rtt":	634124,
					"omitted":	false
				}],
			"sum":	{
				"start":	16.000755,
				"end":	17.000651,
				"seconds":	0.999896,
				"bytes":	4726552,
				"bits_per_second":	37816347.028200,
				"retransmits":	0,
				"omitted":	false
			}
		}, {
			"streams":	[{
					"socket":	4,
					"start":	17.000651,
					"end":	18.000369,
					"seconds":	0.999718,
					"bytes":	4726552,
					"bits_per_second":	37823083.969784,
					"retransmits":	0,
					"snd_cwnd":	18351952,
					"rtt":	633615,
					"omitted":	false
				}],
			"sum":	{
				"start":	17.000651,
				"end":	18.000369,
				"seconds":	0.999718,
				"bytes":	4726552,
				"bits_per_second":	37823083.969784,
				"retransmits":	0,
				"omitted":	false
			}
		}, {
			"streams":	[{
					"socket":	4,
					"start":	18.000369,
					"end":	19.000535,
					"seconds":	1.000166,
					"bytes":	4728000,
					"bits_per_second":	37817724.552086,
					"retransmits":	0,
					"snd_cwnd":	19330800,
					"rtt":	635649,
					"omitted":	false
				}],
			"sum":	{
				"start":	18.000369,
				"end":	19.000535,
				"seconds":	1.000166,
				"bytes":	4728000,
				"bits_per_second":	37817724.552086,
				"retransmits":	0,
				"omitted":	false
			}
		}, {
			"streams":	[{
					"socket":	4,
					"start":	19.000535,
					"end":	20.000680,
					"seconds":	1.000145,
					"bytes":	4728000,
					"bits_per_second":	37818517.884523,
					"retransmits":	0,
					"snd_cwnd":	19371344,
					"rtt":	636991,
					"omitted":	false
				}],
			"sum":	{
				"start":	19.000535,
				"end":	20.000680,
				"seconds":	1.000145,
				"bytes":	4728000,
				"bits_per_second":	37818517.884523,
				"retransmits":	0,
				"omitted":	false
			}
		}, {
			"streams":	[{
					"socket":	4,
					"start":	20.000680,
					"end":	21.000348,
					"seconds":	0.999668,
					"bytes":	4793160,
					"bits_per_second":	38358010.205108,
					"retransmits":	0,
					"snd_cwnd":	20480512,
					"rtt":	641346,
					"omitted":	false
				}],
			"sum":	{
				"start":	20.000680,
				"end":	21.000348,
				"seconds":	0.999668,
				"bytes":	4793160,
				"bits_per_second":	38358010.205108,
				"retransmits":	0,
				"omitted":	false
			}
		}, {
			"streams":	[{
					"socket":	4,
					"start":	21.000348,
					"end":	22.000628,
					"seconds":	1.000280,
					"bytes":	4729448,
					"bits_per_second":	37824996.654383,
					"retransmits":	0,
					"snd_cwnd":	21415920,
					"rtt":	638769,
					"omitted":	false
				}],
			"sum":	{
				"start":	21.000348,
				"end":	22.000628,
				"seconds":	1.000280,
				"bytes":	4729448,
				"bits_per_second":	37824996.654383,
				"retransmits":	0,
				"omitted":	false
			}
		}, {
			"streams":	[{
					"socket":	4,
					"start":	22.000628,
					"end":	23.000367,
					"seconds":	0.999739,
					"bytes":	4729448,
					"bits_per_second":	37845455.227269,
					"retransmits":	0,
					"snd_cwnd":	22556944,
					"rtt":	640729,
					"omitted":	false
				}],
			"sum":	{
				"start":	22.000628,
				"end":	23.000367,
				"seconds":	0.999739,
				"bytes":	4729448,
				"bits_per_second":	37845455.227269,
				"retransmits":	0,
				"omitted":	false
			}
		}, {
			"streams":	[{
					"socket":	4,
					"start":	23.000367,
					"end":	24.000657,
					"seconds":	1.000290,
					"bytes":	4664288,
					"bits_per_second":	37303489.084646,
					"retransmits":	0,
					"snd_cwnd":	22325264,
					"rtt":	634188,
					"omitted":	false
				}],
			"sum":	{
				"start":	23.000367,
				"end":	24.000657,
				"seconds":	1.000290,
				"bytes":	4664288,
				"bits_per_second":	37303489.084646,
				"retransmits":	0,
				"omitted":	false
			}
		}, {
			"streams":	[{
					"socket":	4,
					"start":	24.000657,
					"end":	25.000711,
					"seconds":	1.000054,
					"bytes":	4730896,
					"bits_per_second":	37845128.806105,
					"retransmits":	0,
					"snd_cwnd":	23640048,
					"rtt":	639531,
					"omitted":	false
				}],
			"sum":	{
				"start":	24.000657,
				"end":	25.000711,
				"seconds":	1.000054,
				"bytes":	4730896,
				"bits_per_second":	37845128.806105,
				"retransmits":	0,
				"omitted":	false
			}
		}, {
			"streams":	[{
					"socket":	4,
					"start":	25.000711,
					"end":	26.000762,
					"seconds":	1.000051,
					"bytes":	4732344,
					"bits_per_second":	37856820.485359,
					"retransmits":	0,
					"snd_cwnd":	25114112,
					"rtt":	647077,
					"omitted":	false
				}],
			"sum":	{
				"start":	25.000711,
				"end":	26.000762,
				"seconds":	1.000051,
				"bytes":	4732344,
				"bits_per_second":	37856820.485359,
				"retransmits":	0,
				"omitted":	false
			}
		}, {
			"streams":	[{
					"socket":	4,
					"start":	26.000762,
					"end":	27.000663,
					"seconds":	0.999901,
					"bytes":	4732344,
					"bits_per_second":	37862498.256060,
					"retransmits":	0,
					"snd_cwnd":	26576592,
					"rtt":	652137,
					"omitted":	false
				}],
			"sum":	{
				"start":	26.000762,
				"end":	27.000663,
				"seconds":	0.999901,
				"bytes":	4732344,
				"bits_per_second":	37862498.256060,
				"retransmits":	0,
				"omitted":	false
			}
		}, {
			"streams":	[{
					"socket":	4,
					"start":	27.000663,
					"end":	28.000581,
					"seconds":	0.999918,
					"bytes":	4667184,
					"bits_per_second":	37340534.520951,
					"retransmits":	0,
					"snd_cwnd":	26428896,
					"rtt":	648489,
					"omitted":	false
				}],
			"sum":	{
				"start":	27.000663,
				"end":	28.000581,
				"seconds":	0.999918,
				"bytes":	4667184,
				"bits_per_second":	37340534.520951,
				"retransmits":	0,
				"omitted":	false
			}
		}, {
			"streams":	[{
					"socket":	4,
					"start":	28.000581,
					"end":	29.000384,
					"seconds":	0.999803,
					"bytes":	4733792,
					"bits_per_second":	37877795.416154,
					"retransmits":	0,
					"snd_cwnd":	27940608,
					"rtt":	652903,
					"omitted":	false
				}],
			"sum":	{
				"start":	28.000581,
				"end":	29.000384,
				"seconds":	0.999803,
				"bytes":	4733792,
				"bits_per_second":	37877795.416154,
				"retransmits":	0,
				"omitted":	false
			}
		}, {
			"streams":	[{
					"socket":	4,
					"start":	29.000384,
					"end":	30.000694,
					"seconds":	1.000310,
					"bytes":	4800400,
					"bits_per_second":	38391300.840785,
					"retransmits":	0,
					"snd_cwnd":	29136656,
					"rtt":	648473,
					"omitted":	false
				}],
			"sum":	{
				"start":	29.000384,
				"end":	30.000694,
				"seconds":	1.000310,
				"bytes":	4800400,
				"bits_per_second":	38391300.840785,
				"retransmits":	0,
				"omitted":	false
			}
		}, {
			"streams":	[{
					"socket":	4,
					"start":	30.000694,
					"end":	31.000362,
					"seconds":	0.999668,
					"bytes":	4735240,
					"bits_per_second":	37894496.374758,
					"retransmits":	0,
					"snd_cwnd":	30512256,
					"rtt":	646751,
					"omitted":	false
				}],
			"sum":	{
				"start":	30.000694,
				"end":	31.000362,
				"seconds":	0.999668,
				"bytes":	4735240,
				"bits_per_second":	37894496.374758,
				"retransmits":	0,
				"omitted":	false
			}
		}, {
			"streams":	[{
					"socket":	4,
					"start":	31.000362,
					"end":	32.000699,
					"seconds":	1.000337,
					"bytes":	4735240,
					"bits_per_second":	37869162.430088,
					"retransmits":	0,
					"snd_cwnd":	30662848,
					"rtt":	649897,
					"omitted":	false
				}],
			"sum":	{
				"start":	31.000362,
				"end":	32.000699,
				"seconds":	1.000337,
				"bytes":	4735240,
				"bits_per_second":	37869162.430088,
				"retransmits":	0,
				"omitted":	false
			}
		}, {
			"streams":	[{
					"socket":	4,
					"start":	32.000699,
					"end":	33.000728,
					"seconds":	1.000029,
					"bytes":	4736688,
					"bits_per_second":	37892401.821183,
					"retransmits":	0,
					"snd_cwnd":	32235376,
					"rtt":	650746,
					"omitted":	false
				}],
			"sum":	{
				"start":	32.000699,
				"end":	33.000728,
				"seconds":	1.000029,
				"bytes":	4736688,
				"bits_per_second":	37892401.821183,
				"retransmits":	0,
				"omitted":	false
			}
		}, {
			"streams":	[{
					"socket":	4,
					"start":	33.000728,
					"end":	34.000493,
					"seconds":	0.999765,
					"bytes":	4738136,
					"bits_per_second":	37914000.850580,
					"retransmits":	0,
					"snd_cwnd":	34091712,
					"rtt":	655395,
					"omitted":	false
				}],
			"sum":	{
				"start":	33.000728,
				"end":	34.000493,
				"seconds":	0.999765,
				"bytes":	4738136,
				"bits_per_second":	37914000.850580,
				"retransmits":	0,
				"omitted":	false
			}
		}, {
			"streams":	[{
					"socket":	4,
					"start":	34.000493,
					"end":	35.000752,
					"seconds":	1.000259,
					"bytes":	4674424,
					"bits_per_second":	37385711.995111,
					"retransmits":	0,
					"snd_cwnd":	35420976,
					"rtt":	648546,
					"omitted":	false
				}],
			"sum":	{
				"start":	34.000493,
				"end":	35.000752,
				"seconds":	1.000259,
				"bytes":	4674424,
				"bits_per_second":	37385711.995111,
				"retransmits":	0,
				"omitted":	false
			}
		}, {
			"streams":	[{
					"socket":	4,
					"start":	35.000752,
					"end":	36.000322,
					"seconds":	0.999570,
					"bytes":	4739584,
					"bits_per_second":	37932978.199955,
					"retransmits":	0,
					"snd_cwnd":	36118912,
					"rtt":	661323,
					"omitted":	false
				}],
			"sum":	{
				"start":	35.000752,
				"end":	36.000322,
				"seconds":	0.999570,
				"bytes":	4739584,
				"bits_per_second":	37932978.199955,
				"retransmits":	0,
				"omitted":	false
			}
		}, {
			"streams":	[{
					"socket":	4,
					"start":	36.000322,
					"end":	37.000709,
					"seconds":	1.000387,
					"bytes":	4806192,
					"bits_per_second":	38434663.578023,
					"retransmits":	0,
					"snd_cwnd":	38067920,
					"rtt":	663837,
					"omitted":	false
				}],
			"sum":	{
				"start":	36.000322,
				"end":	37.000709,
				"seconds":	1.000387,
				"bytes":	4806192,
				"bits_per_second":	38434663.578023,
				"retransmits":	0,
				"omitted":	false
			}
		}, {
			"streams":	[{
					"socket":	4,
					"start":	37.000709,
					"end":	38.000496,
					"seconds":	0.999787,
					"bytes":	4677320,
					"bits_per_second":	37426528.399491,
					"retransmits":	0,
					"snd_cwnd":	39365328,
					"rtt":	653763,
					"omitted":	false
				}],
			"sum":	{
				"start":	37.000709,
				"end":	38.000496,
				"seconds":	0.999787,
				"bytes":	4677320,
				"bits_per_second":	37426528.399491,
				"retransmits":	0,
				"omitted":	false
			}
		}, {
			"streams":	[{
					"socket":	4,
					"start":	38.000496,
					"end":	39.000756,
					"seconds":	1.000260,
					"bytes":	4809088,
					"bits_per_second":	38462708.455515,
					"retransmits":	0,
					"snd_cwnd":	41931184,
					"rtt":	663190,
					"omitted":	false
				}],
			"sum":	{
				"start":	38.000496,
				"end":	39.000756,
				"seconds":	1.000260,
				"bytes":	4809088,
				"bits_per_second":	38462708.455515,
				"retransmits":	0,
				"omitted":	false
			}
		}, {
			"streams":	[{
					"socket":	4,
					"start":	39.000756,
					"end":	40.000512,
					"seconds":	0.999756,
					"bytes":	4678768,
					"bits_per_second":	37439275.521907,
					"retransmits":	0,
					"snd_cwnd":	41551808,
					"rtt":	657217,
					"omitted":	false
				}],
			"sum":	{
				"start":	39.000756,
				"end":	40.000512,
				"seconds":	0.999756,
				"bytes":	4678768,
				"bits_per_second":	37439275.521907,
				"retransmits":	0,
				"omitted":	false
			}
		}, {
			"streams":	[{
					"socket":	4,
					"start":	40.000512,
					"end":	41.000496,
					"seconds":	0.999984,
					"bytes":	4680216,
					"bits_per_second":	37442326.105395,
					"retransmits":	0,
					"snd_cwnd":	43668784,
					"rtt":	657812,
					"omitted":	false
				}],
			"sum":	{
				"start":	40.000512,
				"end":	41.000496,
				"seconds":	0.999984,
				"bytes":	4680216,
				"bits_per_second":	37442326.105395,
				"retransmits":	0,
				"omitted":	false
			}
		}, {
			"streams":	[{
					"socket":	4,
					"start":	41.000496,
					"end":	42.000571,
					"seconds":	1.000075,
					"bytes":	4811984,
					"bits_per_second":	38492990.282569,
					"retransmits":	0,
					"snd_cwnd":	45690192,
					"rtt":	655477,
					"omitted":	false
				}],
			"sum":	{
				"start":	41.000496,
				"end":	42.000571,
				"seconds":	1.000075,
				"bytes":	4811984,
				"bits_per_second":	38492990.282569,
				"retransmits":	0,
				"omitted":	false
			}
		}, {
			"streams":	[{
					"socket":	4,
					"start":	42.000571,
					"end":	43.000402,
					"seconds":	0.999831,
					"bytes":	4748272,
					"bits_per_second":	37992598.222171,
					"retransmits":	0,
					"snd_cwnd":	48548544,
					"rtt":	663306,
					"omitted":	false
				}],
			"sum":	{
				"start":	42.000571,
				"end":	43.000402,
				"seconds":	0.999831,
				"bytes":	4748272,
				"bits_per_second":	37992598.222171,
				"retransmits":	0,
				"omitted":	false
			}
		}, {
			"streams":	[{
					"socket":	4,
					"start":	43.000402,
					"end":	44.000403,
					"seconds":	1.000001,
					"bytes":	4748272,
					"bits_per_second":	37986130.717003,
					"retransmits":	0,
					"snd_cwnd":	48638320,
					"rtt":	664523,
					"omitted":	false
				}],
			"sum":	{
				"start":	43.000402,
				"end":	44.000403,
				"seconds":	1.000001,
				"bytes":	4748272,
				"bits_per_second":	37986130.717003,
				"retransmits":	0,
				"omitted":	false
			}
		}, {
			"streams":	[{
					"socket":	4,
					"start":	44.000403,
					"end":	45.000406,
					"seconds":	1.000003,
					"bytes":	4749720,
					"bits_per_second":	37997651.287848,
					"retransmits":	0,
					"snd_cwnd":	50795840,
					"rtt":	660969,
					"omitted":	false
				}],
			"sum":	{
				"start":	44.000403,
				"end":	45.000406,
				"seconds":	1.000003,
				"bytes":	4749720,
				"bits_per_second":	37997651.287848,
				"retransmits":	0,
				"omitted":	false
			}
		}, {
			"streams":	[{
					"socket":	4,
					"start":	45.000406,
					"end":	46.000680,
					"seconds":	1.000274,
					"bytes":	4752616,
					"bits_per_second":	38010515.287410,
					"retransmits":	0,
					"snd_cwnd":	53413824,
					"rtt":	661940,
					"omitted":	false
				}],
			"sum":	{
				"start":	45.000406,
				"end":	46.000680,
				"seconds":	1.000274,
				"bytes":	4752616,
				"bits_per_second":	38010515.287410,
				"retransmits":	0,
				"omitted":	false
			}
		}, {
			"streams":	[{
					"socket":	4,
					"start":	46.000680,
					"end":	47.000345,
					"seconds":	0.999665,
					"bytes":	4754064,
					"bits_per_second":	38045256.327817,
					"retransmits":	0,
					"snd_cwnd":	56286656,
					"rtt":	664310,
					"omitted":	false
				}],
			"sum":	{
				"start":	46.000680,
				"end":	47.000345,
				"seconds":	0.999665,
				"bytes":	4754064,
				"bits_per_second":	38045256.327817,
				"retransmits":	0,
				"omitted":	false
			}
		}, {
			"streams":	[{
					"socket":	4,
					"start":	47.000345,
					"end":	48.000282,
					"seconds":	0.999937,
					"bytes":	4754064,
					"bits_per_second":	38034906.012257,
					"retransmits":	0,
					"snd_cwnd":	56199776,
					"rtt":	663276,
					"omitted":	false
				}],
			"sum":	{
				"start":	47.000345,
				"end":	48.000282,
				"seconds":	0.999937,
				"bytes":	4754064,
				"bits_per_second":	38034906.012257,
				"retransmits":	0,
				"omitted":	false
			}
		}, {
			"streams":	[{
					"socket":	4,
					"start":	48.000282,
					"end":	49.000691,
					"seconds":	1.000409,
					"bytes":	4756960,
					"bits_per_second":	38040125.854225,
					"retransmits":	0,
					"snd_cwnd":	59443296,
					"rtt":	668153,
					"omitted":	false
				}],
			"sum":	{
				"start":	48.000282,
				"end":	49.000691,
				"seconds":	1.000409,
				"bytes":	4756960,
				"bits_per_second":	38040125.854225,
				"retransmits":	0,
				"omitted":	false
			}
		}, {
			"streams":	[{
					"socket":	4,
					"start":	49.000691,
					"end":	50.000529,
					"seconds":	0.999838,
					"bytes":	4758408,
					"bits_per_second":	38073427.563088,
					"retransmits":	0,
					"snd_cwnd":	62211872,
					"rtt":	665976,
					"omitted":	false
				}],
			"sum":	{
				"start":	49.000691,
				"end":	50.000529,
				"seconds":	0.999838,
				"bytes":	4758408,
				"bits_per_second":	38073427.563088,
				"retransmits":	0,
				"omitted":	false
			}
		}, {
			"streams":	[{
					"socket":	4,
					"start":	50.000529,
					"end":	51.000551,
					"seconds":	1.000022,
					"bytes":	4761304,
					"bits_per_second":	38089596.523392,
					"retransmits":	0,
					"snd_cwnd":	65585712,
					"rtt":	668674,
					"omitted":	false
				}],
			"sum":	{
				"start":	50.000529,
				"end":	51.000551,
				"seconds":	1.000022,
				"bytes":	4761304,
				"bits_per_second":	38089596.523392,
				"retransmits":	0,
				"omitted":	false
			}
		}, {
			"streams":	[{
					"socket":	4,
					"start":	51.000551,
					"end":	52.000541,
					"seconds":	0.999990,
					"bytes":	4761304,
					"bits_per_second":	38090813.425420,
					"retransmits":	0,
					"snd_cwnd":	65293216,
					"rtt":	665684,
					"omitted":	false
				}],
			"sum":	{
				"start":	51.000551,
				"end":	52.000541,
				"seconds":	0.999990,
				"bytes":	4761304,
				"bits_per_second":	38090813.425420,
				"retransmits":	0,
				"omitted":	false
			}
		}, {
			"streams":	[{
					"socket":	4,
					"start":	52.000541,
					"end":	53.000521,
					"seconds":	0.999980,
					"bytes":	4762752,
					"bits_per_second":	38102779.090478,
					"retransmits":	0,
					"snd_cwnd":	68432480,
					"rtt":	664465,
					"omitted":	false
				}],
			"sum":	{
				"start":	52.000541,
				"end":	53.000521,
				"seconds":	0.999980,
				"bytes":	4762752,
				"bits_per_second":	38102779.090478,
				"retransmits":	0,
				"omitted":	false
			}
		}, {
			"streams":	[{
					"socket":	4,
					"start":	53.000521,
					"end":	54.000748,
					"seconds":	1.000227,
					"bytes":	4765648,
					"bits_per_second":	38116523.433948,
					"retransmits":	0,
					"snd_cwnd":	72194384,
					"rtt":	667605,
					"omitted":	false
				}],
			"sum":	{
				"start":	53.000521,
				"end":	54.000748,
				"seconds":	1.000227,
				"bytes":	4765648,
				"bits_per_second":	38116523.433948,
				"retransmits":	0,
				"omitted":	false
			}
		}, {
			"streams":	[{
					"socket":	4,
					"start":	54.000748,
					"end":	55.000337,
					"seconds":	0.999589,
					"bytes":	4703384,
					"bits_per_second":	37642544.351661,
					"retransmits":	0,
					"snd_cwnd":	75078800,
					"rtt":	661234,
					"omitted":	false
				}],
			"sum":	{
				"start":	54.000748,
				"end":	55.000337,
				"seconds":	0.999589,
				"bytes":	4703384,
				"bits_per_second":	37642544.351661,
				"retransmits":	0,
				"omitted":	false
			}
		}, {
			"streams":	[{
					"socket":	4,
					"start":	55.000337,
					"end":	56.000495,
					"seconds":	1.000158,
					"bytes":	4768544,
					"bits_per_second":	38142331.877543,
					"retransmits":	0,
					"snd_cwnd":	75594288,
					"rtt":	665755,
					"omitted":	false
				}],
			"sum":	{
				"start":	55.000337,
				"end":	56.000495,
				"seconds":	1.000158,
				"bytes":	4768544,
				"bits_per_second":	38142331.877543,
				"retransmits":	0,
				"omitted":	false
			}
		}, {
			"streams":	[{
					"socket":	4,
					"start":	56.000495,
					"end":	57.000347,
					"seconds":	0.999852,
					"bytes":	4771440,
					"bits_per_second":	38177163.329922,
					"retransmits":	0,
					"snd_cwnd":	79440176,
					"rtt":	666318,
					"omitted":	false
				}],
			"sum":	{
				"start":	56.000495,
				"end":	57.000347,
				"seconds":	0.999852,
				"bytes":	4771440,
				"bits_per_second":	38177163.329922,
				"retransmits":	0,
				"omitted":	false
			}
		}, {
			"streams":	[{
					"socket":	4,
					"start":	57.000347,
					"end":	58.000362,
					"seconds":	1.000015,
					"bytes":	4774336,
					"bits_per_second":	38194114.310253,
					"retransmits":	0,
					"snd_cwnd":	83115200,
					"rtt":	663939,
					"omitted":	false
				}],
			"sum":	{
				"start":	57.000347,
				"end":	58.000362,
				"seconds":	1.000015,
				"bytes":	4774336,
				"bits_per_second":	38194114.310253,
				"retransmits":	0,
				"omitted":	false
			}
		}, {
			"streams":	[{
					"socket":	4,
					"start":	58.000362,
					"end":	59.000738,
					"seconds":	1.000376,
					"bytes":	4712072,
					"bits_per_second":	37682407.938429,
					"retransmits":	0,
					"snd_cwnd":	87143536,
					"rtt":	662973,
					"omitted":	false
				}],
			"sum":	{
				"start":	58.000362,
				"end":	59.000738,
				"seconds":	1.000376,
				"bytes":	4712072,
				"bits_per_second":	37682407.938429,
				"retransmits":	0,
				"omitted":	false
			}
		}, {
			"streams":	[{
					"socket":	4,
					"start":	59.000738,
					"end":	60.000805,
					"seconds":	1.000067,
					"bytes":	4777232,
					"bits_per_second":	38215295.742540,
					"retransmits":	0,
					"snd_cwnd":	88892720,
					"rtt":	676281,
					"omitted":	false
				}],
			"sum":	{
				"start":	59.000738,
				"end":	60.000805,
				"seconds":	1.000067,
				"bytes":	4777232,
				"bits_per_second":	38215295.742540,
				"retransmits":	0,
				"omitted":	false
			}
		}, {
			"streams":	[{
					"socket":	4,
					"start":	60.000805,
					"end":	61.000816,
					"seconds":	1.000011,
					"bytes":	4843840,
					"bits_per_second":	38750295.015647,
					"retransmits":	0,
					"snd_cwnd":	94858480,
					"rtt":	687309,
					"omitted":	false
				}],
			"sum":	{
				"start":	60.000805,
				"end":	61.000816,
				"seconds":	1.000011,
				"bytes":	4843840,
				"bits_per_second":	38750295.015647,
				"retransmits":	0,
				"omitted":	false
			}
		}, {
			"streams":	[{
					"socket":	4,
					"start":	61.000816,
					"end":	62.000553,
					"seconds":	0.999737,
					"bytes":	4778680,
					"bits_per_second":	38239496.057966,
					"retransmits":	0,
					"snd_cwnd":	99025824,
					"rtt":	683326,
					"omitted":	false
				}],
			"sum":	{
				"start":	61.000816,
				"end":	62.000553,
				"seconds":	0.999737,
				"bytes":	4778680,
				"bits_per_second":	38239496.057966,
				"retransmits":	0,
				"omitted":	false
			}
		}, {
			"streams":	[{
					"socket":	4,
					"start":	62.000553,
					"end":	63.000488,
					"seconds":	0.999935,
					"bytes":	4713520,
					"bits_per_second":	37710614.518739,
					"retransmits":	0,
					"snd_cwnd":	99214064,
					"rtt":	684627,
					"omitted":	false
				}],
			"sum":	{
				"start":	62.000553,
				"end":	63.000488,
				"seconds":	0.999935,
				"bytes":	4713520,
				"bits_per_second":	37710614.518739,
				"retransmits":	0,
				"omitted":	false
			}
		}, {
			"streams":	[{
					"socket":	4,
					"start":	63.000488,
					"end":	64.000369,
					"seconds":	0.999881,
					"bytes":	4778680,
					"bits_per_second":	38233988.730940,
					"retransmits":	0,
					"snd_cwnd":	104001152,
					"rtt":	683482,
					"omitted":	false
				}],
			"sum":	{
				"start":	63.000488,
				"end":	64.000369,
				"seconds":	0.999881,
				"bytes":	4778680,
				"bits_per_second":	38233988.730940,
				"retransmits":	0,
				"omitted":	false
			}
		}, {
			"streams":	[{
					"socket":	4,
					"start":	64.000369,
					"end":	65.000734,
					"seconds":	1.000365,
					"bytes":	4778680,
					"bits_per_second":	38215490.625766,
					"retransmits":	0,
					"snd_cwnd":	109355856,
					"rtt":	684453,
					"omitted":	false
				}],
			"sum":	{
				"start":	64.000369,
				"end":	65.000734,
				"seconds":	1.000365,
				"bytes":	4778680,
				"bits_per_second":	38215490.625766,
				"retransmits":	0,
				"omitted":	false
			}
		}, {
			"streams":	[{
					"socket":	4,
					"start":	65.000734,
					"end":	66.000375,
					"seconds":	0.999641,
					"bytes":	4778680,
					"bits_per_second":	38243171.531221,
					"retransmits":	0,
					"snd_cwnd":	109205264,
					"rtt":	683519,
					"omitted":	false
				}],
			"sum":	{
				"start":	65.000734,
				"end":	66.000375,
				"seconds":	0.999641,
				"bytes":	4778680,
				"bits_per_second":	38243171.531221,
				"retransmits":	0,
				"omitted":	false
			}
		}, {
			"streams":	[{
					"socket":	4,
					"start":	66.000375,
					"end":	67.000612,
					"seconds":	1.000237,
					"bytes":	4778680,
					"bits_per_second":	38220382.225472,
					"retransmits":	0,
					"snd_cwnd":	115223152,
					"rtt":	686842,
					"omitted":	false
				}],
			"sum":	{
				"start":	66.000375,
				"end":	67.000612,
				"seconds":	1.000237,
				"bytes":	4778680,
				"bits_per_second":	38220382.225472,
				"retransmits":	0,
				"omitted":	false
			}
		}, {
			"streams":	[{
					"socket":	4,
					"start":	67.000612,
					"end":	68.000552,
					"seconds":	0.999940,
					"bytes":	4778680,
					"bits_per_second":	38231737.019417,
					"retransmits":	0,
					"snd_cwnd":	120751616,
					"rtt":	685512,
					"omitted":	false
				}],
			"sum":	{
				"start":	67.000612,
				"end":	68.000552,
				"seconds":	0.999940,
				"bytes":	4778680,
				"bits_per_second":	38231737.019417,
				"retransmits":	0,
				"omitted":	false
			}
		}, {
			"streams":	[{
					"socket":	4,
					"start":	68.000552,
					"end":	69.000521,
					"seconds":	0.999969,
					"bytes":	4713520,
					"bits_per_second":	37709328.778596,
					"retransmits":	0,
					"snd_cwnd":	119407872,
					"rtt":	677895,
					"omitted":	false
				}],
			"sum":	{
				"start":	68.000552,
				"end":	69.000521,
				"seconds":	0.999969,
				"bytes":	4713520,
				"bits_per_second":	37709328.778596,
				"retransmits":	0,
				"omitted":	false
			}
		}, {
			"streams":	[{
					"socket":	4,
					"start":	69.000521,
					"end":	70.000315,
					"seconds":	0.999794,
					"bytes":	4778680,
					"bits_per_second":	38237316.644511,
					"retransmits":	0,
					"snd_cwnd":	126375648,
					"rtt":	683284,
					"omitted":	false
				}],
			"sum":	{
				"start":	69.000521,
				"end":	70.000315,
				"seconds":	0.999794,
				"bytes":	4778680,
				"bits_per_second":	38237316.644511,
				"retransmits":	0,
				"omitted":	false
			}
		}, {
			"streams":	[{
					"socket":	4,
					"start":	70.000315,
					"end":	71.000324,
					"seconds":	1.000009,
					"bytes":	4778680,
					"bits_per_second":	38229093.648005,
					"retransmits":	0,
					"snd_cwnd":	133065408,
					"rtt":	685185,
					"omitted":	false
				}],
			"sum":	{
				"start":	70.000315,
				"end":	71.000324,
				"seconds":	1.000009,
				"bytes":	4778680,
				"bits_per_second":	38229093.648005,
				"retransmits":	0,
				"omitted":	false
			}
		}, {
			"streams":	[{
					"socket":	4,
					"start":	71.000324,
					"end":	72.000482,
					"seconds":	1.000158,
					"bytes":	4778680,
					"bits_per_second":	38223397.969462,
					"retransmits":	0,
					"snd_cwnd":	132842416,
					"rtt":	684048,
					"omitted":	false
				}],
			"sum":	{
				"start":	71.000324,
				"end":	72.000482,
				"seconds":	1.000158,
				"bytes":	4778680,
				"bits_per_second":	38223397.969462,
				"retransmits":	0,
				"omitted":	false
			}
		}, {
			"streams":	[{
					"socket":	4,
					"start":	72.000482,
					"end":	73.000498,
					"seconds":	1.000016,
					"bytes":	4778680,
					"bits_per_second":	38228829.330968,
					"retransmits":	0,
					"snd_cwnd":	139419232,
					"rtt":	683723,
					"omitted":	false
				}],
			"sum":	{
				"start":	72.000482,
				"end":	73.000498,
				"seconds":	1.000016,
				"bytes":	4778680,
				"bits_per_second":	38228829.330968,
				"retransmits":	0,
				"omitted":	false
			}
		}, {
			"streams":	[{
					"socket":	4,
					"start":	73.000498,
					"end":	74.000350,
					"seconds":	0.999852,
					"bytes":	4778680,
					"bits_per_second":	38235101.010200,
					"retransmits":	0,
					"snd_cwnd":	146722944,
					"rtt":	685278,
					"omitted":	false
				}],
			"sum":	{
				"start":	73.000498,
				"end":	74.000350,
				"seconds":	0.999852,
				"bytes":	4778680,
				"bits_per_second":	38235101.010200,
				"retransmits":	0,
				"omitted":	false
			}
		}, {
			"streams":	[{
					"socket":	4,
					"start":	74.000350,
					"end":	75.000444,
					"seconds":	1.000094,
					"bytes":	4713520,
					"bits_per_second":	37704618.144295,
					"retransmits":	0,
					"snd_cwnd":	147261600,
					"rtt":	687788,
					"omitted":	false
				}],
			"sum":	{
				"start":	74.000350,
				"end":	75.000444,
				"seconds":	1.000094,
				"bytes":	4713520,
				"bits_per_second":	37704618.144295,
				"retransmits":	0,
				"omitted":	false
			}
		}, {
			"streams":	[{
					"socket":	4,
					"start":	75.000444,
					"end":	76.000722,
					"seconds":	1.000278,
					"bytes":	4778680,
					"bits_per_second":	38218806.210259,
					"retransmits":	0,
					"snd_cwnd":	152086336,
					"rtt":	676494,
					"omitted":	false
				}],
			"sum":	{
				"start":	75.000444,
				"end":	76.000722,
				"seconds":	1.000278,
				"bytes":	4778680,
				"bits_per_second":	38218806.210259,
				"retransmits":	0,
				"omitted":	false
			}
		}, {
			"streams":	[{
					"socket":	4,
					"start":	76.000722,
					"end":	77.000400,
					"seconds":	0.999678,
					"bytes":	4778680,
					"bits_per_second":	38241757.804049,
					"retransmits":	0,
					"snd_cwnd":	161460688,
					"rtt":	684002,
					"omitted":	false
				}],
			"sum":	{
				"start":	76.000722,
				"end":	77.000400,
				"seconds":	0.999678,
				"bytes":	4778680,
				"bits_per_second":	38241757.804049,
				"retransmits":	0,
				"omitted":	false
			}
		}, {
			"streams":	[{
					"socket":	4,
					"start":	77.000400,
					"end":	78.000793,
					"seconds":	1.000393,
					"bytes":	4778680,
					"bits_per_second":	38214425.024347,
					"retransmits":	0,
					"snd_cwnd":	161666304,
					"rtt":	684874,
					"omitted":	false
				}],
			"sum":	{
				"start":	77.000400,
				"end":	78.000793,
				"seconds":	1.000393,
				"bytes":	4778680,
				"bits_per_second":	38214425.024347,
				"retransmits":	0,
				"omitted":	false
			}
		}, {
			"streams":	[{
					"socket":	4,
					"start":	78.000793,
					"end":	79.000645,
					"seconds":	0.999852,
					"bytes":	4778680,
					"bits_per_second":	38235091.892894,
					"retransmits":	0,
					"snd_cwnd":	169980720,
					"rtt":	685801,
					"omitted":	false
				}],
			"sum":	{
				"start":	78.000793,
				"end":	79.000645,
				"seconds":	0.999852,
				"bytes":	4778680,
				"bits_per_second":	38235091.892894,
				"retransmits":	0,
				"omitted":	false
			}
		}, {
			"streams":	[{
					"socket":	4,
					"start":	79.000645,
					"end":	80.000519,
					"seconds":	0.999874,
					"bytes":	4713520,
					"bits_per_second":	37712916.482320,
					"retransmits":	0,
					"snd_cwnd":	177979472,
					"rtt":	683878,
					"omitted":	false
				}],
			"sum":	{
				"start":	79.000645,
				"end":	80.000519,
				"seconds":	0.999874,
				"bytes":	4713520,
				"bits_per_second":	37712916.482320,
				"retransmits":	0,
				"omitted":	false
			}
		}, {
			"streams":	[{
					"socket":	4,
					"start":	80.000519,
					"end":	81.000425,
					"seconds":	0.999906,
					"bytes":	4778680,
					"bits_per_second":	38233031.493227,
					"retransmits":	0,
					"snd_cwnd":	178109792,
					"rtt":	684380,
					"omitted":	false
				}],
			"sum":	{
				"start":	80.000519,
				"end":	81.000425,
				"seconds":	0.999906,
				"bytes":	4778680,
				"bits_per_second":	38233031.493227,
				"retransmits":	0,
				"omitted":	false
			}
		}, {
			"streams":	[{
					"socket":	4,
					"start":	81.000425,
					"end":	82.000666,
					"seconds":	1.000241,
					"bytes":	4778680,
					"bits_per_second":	38220227.351167,
					"retransmits":	0,
					"snd_cwnd":	187495728,
					"rtt":	686142,
					"omitted":	false
				}],
			"sum":	{
				"start":	81.000425,
				"end":	82.000666,
				"seconds":	1.000241,
				"bytes":	4778680,
				"bits_per_second":	38220227.351167,
				"retransmits":	0,
				"omitted":	false
			}
		}, {
			"streams":	[{
					"socket":	4,
					"start":	82.000666,
					"end":	83.000332,
					"seconds":	0.999666,
					"bytes":	4778680,
					"bits_per_second":	38242213.833652,
					"retransmits":	0,
					"snd_cwnd":	196925104,
					"rtt":	686327,
					"omitted":	false
				}],
			"sum":	{
				"start":	82.000666,
				"end":	83.000332,
				"seconds":	0.999666,
				"bytes":	4778680,
				"bits_per_second":	38242213.833652,
				"retransmits":	0,
				"omitted":	false
			}
		}, {
			"streams":	[{
					"socket":	4,
					"start":	83.000332,
					"end":	84.000434,
					"seconds":	1.000102,
					"bytes":	4778680,
					"bits_per_second":	38225539.345484,
					"retransmits":	0,
					"snd_cwnd":	195552400,
					"rtt":	681548,
					"omitted":	false
				}],
			"sum":	{
				"start":	83.000332,
				"end":	84.000434,
				"seconds":	1.000102,
				"bytes":	4778680,
				"bits_per_second":	38225539.345484,
				"retransmits":	0,
				"omitted":	false
			}
		}, {
			"streams":	[{
					"socket":	4,
					"start":	84.000434,
					"end":	85.000309,
					"seconds":	0.999875,
					"bytes":	4778680,
					"bits_per_second":	38234225.768635,
					"retransmits":	0,
					"snd_cwnd":	207252240,
					"rtt":	687919,
					"omitted":	false
				}],
			"sum":	{
				"start":	84.000434,
				"end":	85.000309,
				"seconds":	0.999875,
				"bytes":	4778680,
				"bits_per_second":	38234225.768635,
				"retransmits":	0,
				"omitted":	false
			}
		}, {
			"streams":	[{
					"socket":	4,
					"start":	85.000309,
					"end":	86.000323,
					"seconds":	1.000014,
					"bytes":	4713520,
					"bits_per_second":	37707629.578232,
					"retransmits":	0,
					"snd_cwnd":	217909520,
					"rtt":	688852,
					"omitted":	false
				}],
			"sum":	{
				"start":	85.000309,
				"end":	86.000323,
				"seconds":	1.000014,
				"bytes":	4713520,
				"bits_per_second":	37707629.578232,
				"retransmits":	0,
				"omitted":	false
			}
		}, {
			"streams":	[{
					"socket":	4,
					"start":	86.000323,
					"end":	87.000458,
					"seconds":	1.000135,
					"bytes":	4778680,
					"bits_per_second":	38224281.827508,
					"retransmits":	0,
					"snd_cwnd":	217758928,
					"rtt":	688376,
					"omitted":	false
				}],
			"sum":	{
				"start":	86.000323,
				"end":	87.000458,
				"seconds":	1.000135,
				"bytes":	4778680,
				"bits_per_second":	38224281.827508,
				"retransmits":	0,
				"omitted":	false
			}
		}, {
			"streams":	[{
					"socket":	4,
					"start":	87.000458,
					"end":	88.000312,
					"seconds":	0.999854,
					"bytes":	4778680,
					"bits_per_second":	38235018.954601,
					"retransmits":	0,
					"snd_cwnd":	228120816,
					"rtt":	686797,
					"omitted":	false
				}],
			"sum":	{
				"start":	87.000458,
				"end":	88.000312,
				"seconds":	0.999854,
				"bytes":	4778680,
				"bits_per_second":	38235018.954601,
				"retransmits":	0,
				"omitted":	false
			}
		}, {
			"streams":	[{
					"socket":	4,
					"start":	88.000312,
					"end":	89.000381,
					"seconds":	1.000069,
					"bytes":	4778680,
					"bits_per_second":	38226806.059553,
					"retransmits":	0,
					"snd_cwnd":	239189328,
					"rtt":	685830,
					"omitted":	false
				}],
			"sum":	{
				"start":	88.000312,
				"end":	89.000381,
				"seconds":	1.000069,
				"bytes":	4778680,
				"bits_per_second":	38226806.059553,
				"retransmits":	0,
				"omitted":	false
			}
		}, {
			"streams":	[{
					"socket":	4,
					"start":	89.000381,
					"end":	90.000658,
					"seconds":	1.000277,
					"bytes":	4778680,
					"bits_per_second":	38218851.758007,
					"retransmits":	0,
					"snd_cwnd":	239849616,
					"rtt":	687722,
					"omitted":	false
				}],
			"sum":	{
				"start":	89.000381,
				"end":	90.000658,
				"seconds":	1.000277,
				"bytes":	4778680,
				"bits_per_second":	38218851.758007,
				"retransmits":	0,
				"omitted":	false
			}
		}, {
			"streams":	[{
					"socket":	4,
					"start":	90.000658,
					"end":	91.000558,
					"seconds":	0.999900,
					"bytes":	4778680,
					"bits_per_second":	38233259.402621,
					"retransmits":	0,
					"snd_cwnd":	253000352,
					"rtt":	690881,
					"omitted":	false
				}],
			"sum":	{
				"start":	90.000658,
				"end":	91.000558,
				"seconds":	0.999900,
				"bytes":	4778680,
				"bits_per_second":	38233259.402621,
				"retransmits":	0,
				"omitted":	false
			}
		}, {
			"streams":	[{
					"socket":	4,
					"start":	91.000558,
					"end":	92.000547,
					"seconds":	0.999989,
					"bytes":	4713520,
					"bits_per_second":	37708573.559528,
					"retransmits":	0,
					"snd_cwnd":	264509056,
					"rtt":	687915,
					"omitted":	false
				}],
			"sum":	{
				"start":	91.000558,
				"end":	92.000547,
				"seconds":	0.999989,
				"bytes":	4713520,
				"bits_per_second":	37708573.559528,
				"retransmits":	0,
				"omitted":	false
			}
		}, {
			"streams":	[{
					"socket":	4,
					"start":	92.000547,
					"end":	93.000518,
					"seconds":	0.999971,
					"bytes":	4778680,
					"bits_per_second":	38230552.014615,
					"retransmits":	0,
					"snd_cwnd":	264375840,
					"rtt":	687570,
					"omitted":	false
				}],
			"sum":	{
				"start":	92.000547,
				"end":	93.000518,
				"seconds":	0.999971,
				"bytes":	4778680,
				"bits_per_second":	38230552.014615,
				"retransmits":	0,
				"omitted":	false
			}
		}, {
			"streams":	[{
					"socket":	4,
					"start":	93.000518,
					"end":	94.000770,
					"seconds":	1.000252,
					"bytes":	4778680,
					"bits_per_second":	38219808.285809,
					"retransmits":	0,
					"snd_cwnd":	277404944,
					"rtt":	687097,
					"omitted":	false
				}],
			"sum":	{
				"start":	93.000518,
				"end":	94.000770,
				"seconds":	1.000252,
				"bytes":	4778680,
				"bits_per_second":	38219808.285809,
				"retransmits":	0,
				"omitted":	false
			}
		}, {
			"streams":	[{
					"socket":	4,
					"start":	94.000770,
					"end":	95.000300,
					"seconds":	0.999530,
					"bytes":	4778680,
					"bits_per_second":	38247413.339961,
					"retransmits":	0,
					"snd_cwnd":	288673280,
					"rtt":	680959,
					"omitted":	false
				}],
			"sum":	{
				"start":	94.000770,
				"end":	95.000300,
				"seconds":	0.999530,
				"bytes":	4778680,
				"bits_per_second":	38247413.339961,
				"retransmits":	0,
				"omitted":	false
			}
		}, {
			"streams":	[{
					"socket":	4,
					"start":	95.000300,
					"end":	96.000835,
					"seconds":	1.000535,
					"bytes":	4778680,
					"bits_per_second":	38209006.859630,
					"retransmits":	0,
					"snd_cwnd":	291656160,
					"rtt":	687998,
					"omitted":	false
				}],
			"sum":	{
				"start":	95.000300,
				"end":	96.000835,
				"seconds":	1.000535,
				"bytes":	4778680,
				"bits_per_second":	38209006.859630,
				"retransmits":	0,
				"omitted":	false
			}
		}, {
			"streams":	[{
					"socket":	4,
					"start":	96.000835,
					"end":	97.000411,
					"seconds":	0.999576,
					"bytes":	4778680,
					"bits_per_second":	38245652.647058,
					"retransmits":	0,
					"snd_cwnd":	305739408,
					"rtt":	686872,
					"omitted":	false
				}],
			"sum":	{
				"start":	96.000835,
				"end":	97.000411,
				"seconds":	0.999576,
				"bytes":	4778680,
				"bits_per_second":	38245652.647058,
				"retransmits":	0,
				"omitted":	false
			}
		}, {
			"streams":	[{
					"socket":	4,
					"start":	97.000411,
					"end":	98.000400,
					"seconds":	0.999989,
					"bytes":	4713520,
					"bits_per_second":	37708573.559528,
					"retransmits":	0,
					"snd_cwnd":	321464688,
					"rtt":	687810,
					"omitted":	false
				}],
			"sum":	{
				"start":	97.000411,
				"end":	98.000400,
				"seconds":	0.999989,
				"bytes":	4713520,
				"bits_per_second":	37708573.559528,
				"retransmits":	0,
				"omitted":	false
			}
		}, {
			"streams":	[{
					"socket":	4,
					"start":	98.000400,
					"end":	99.000762,
					"seconds":	1.000362,
					"bytes":	4778680,
					"bits_per_second":	38215609.029592,
					"retransmits":	0,
					"snd_cwnd":	321125856,
					"rtt":	687088,
					"omitted":	false
				}],
			"sum":	{
				"start":	98.000400,
				"end":	99.000762,
				"seconds":	1.000362,
				"bytes":	4778680,
				"bits_per_second":	38215609.029592,
				"retransmits":	0,
				"omitted":	false
			}
		}, {
			"streams":	[{
					"socket":	4,
					"start":	99.000762,
					"end":	100.000524,
					"seconds":	0.999762,
					"bytes":	4778680,
					"bits_per_second":	38238538.544471,
					"retransmits":	0,
					"snd_cwnd":	337485360,
					"rtt":	687703,
					"omitted":	false
				}],
			"sum":	{
				"start":	99.000762,
				"end":	100.000524,
				"seconds":	0.999762,
				"bytes":	4778680,
				"bits_per_second":	38238538.544471,
				"retransmits":	0,
				"omitted":	false
			}
		}, {
			"streams":	[{
					"socket":	4,
					"start":	100.000524,
					"end":	101.000349,
					"seconds":	0.999825,
					"bytes":	4778680,
					"bits_per_second":	38236131.293805,
					"retransmits":	0,
					"snd_cwnd":	354357456,
					"rtt":	687702,
					"omitted":	false
				}],
			"sum":	{
				"start":	100.000524,
				"end":	101.000349,
				"seconds":	0.999825,
				"bytes":	4778680,
				"bits_per_second":	38236131.293805,
				"retransmits":	0,
				"omitted":	false
			}
		}, {
			"streams":	[{
					"socket":	4,
					"start":	101.000349,
					"end":	102.000645,
					"seconds":	1.000296,
					"bytes":	4778680,
					"bits_per_second":	38218123.007056,
					"retransmits":	0,
					"snd_cwnd":	354426960,
					"rtt":	687835,
					"omitted":	false
				}],
			"sum":	{
				"start":	101.000349,
				"end":	102.000645,
				"seconds":	1.000296,
				"bytes":	4778680,
				"bits_per_second":	38218123.007056,
				"retransmits":	0,
				"omitted":	false
			}
		}, {
			"streams":	[{
					"socket":	4,
					"start":	102.000645,
					"end":	103.000361,
					"seconds":	0.999716,
					"bytes":	4778680,
					"bits_per_second":	38240307.702193,
					"retransmits":	0,
					"snd_cwnd":	369237104,
					"rtt":	682452,
					"omitted":	false
				}],
			"sum":	{
				"start":	102.000645,
				"end":	103.000361,
				"seconds":	0.999716,
				"bytes":	4778680,
				"bits_per_second":	38240307.702193,
				"retransmits":	0,
				"omitted":	false
			}
		}, {
			"streams":	[{
					"socket":	4,
					"start":	103.000361,
					"end":	104.000462,
					"seconds":	1.000101,
					"bytes":	4713520,
					"bits_per_second":	37704348.487110,
					"retransmits":	0,
					"snd_cwnd":	392266096,
					"rtt":	690494,
					"omitted":	false
				}],
			"sum":	{
				"start":	103.000361,
				"end":	104.000462,
				"seconds":	1.000101,
				"bytes":	4713520,
				"bits_per_second":	37704348.487110,
				"retransmits":	0,
				"omitted":	false
			}
		}, {
			"streams":	[{
					"socket":	4,
					"start":	104.000462,
					"end":	105.000500,
					"seconds":	1.000038,
					"bytes":	4778680,
					"bits_per_second":	38227990.832142,
					"retransmits":	0,
					"snd_cwnd":	390360528,
					"rtt":	687140,
					"omitted":	false
				}],
			"sum":	{
				"start":	104.000462,
				"end":	105.000500,
				"seconds":	1.000038,
				"bytes":	4778680,
				"bits_per_second":	38227990.832142,
				"retransmits":	0,
				"omitted":	false
			}
		}, {
			"streams":	[{
					"socket":	4,
					"start":	105.000500,
					"end":	106.000610,
					"seconds":	1.000110,
					"bytes":	4778680,
					"bits_per_second":	38225229.514533,
					"retransmits":	0,
					"snd_cwnd":	410589088,
					"rtt":	688332,
					"omitted":	false
				}],
			"sum":	{
				"start":	105.000500,
				"end":	106.000610,
				"seconds":	1.000110,
				"bytes":	4778680,
				"bits_per_second":	38225229.514533,
				"retransmits":	0,
				"omitted":	false
			}
		}, {
			"streams":	[{
					"socket":	4,
					"start":	106.000610,
					"end":	107.000406,
					"seconds":	0.999796,
					"bytes":	4778680,
					"bits_per_second":	38237243.697730,
					"retransmits":	0,
					"snd_cwnd":	431101456,
					"rtt":	688303,
					"omitted":	false
				}],
			"sum":	{
				"start":	106.000610,
				"end":	107.000406,
				"seconds":	0.999796,
				"bytes":	4778680,
				"bits_per_second":	38237243.697730,
				"retransmits":	0,
				"omitted":	false
			}
		}, {
			"streams":	[{
					"socket":	4,
					"start":	107.000406,
					"end":	108.000600,
					"seconds":	1.000194,
					"bytes":	4778680,
					"bits_per_second":	38222022.148068,
					"retransmits":	0,
					"snd_cwnd":	431735680,
					"rtt":	689316,
					"omitted":	false
				}],
			"sum":	{
				"start":	107.000406,
				"end":	108.000600,
				"seconds":	1.000194,
				"bytes":	4778680,
				"bits_per_second":	38222022.148068,
				"retransmits":	0,
				"omitted":	false
			}
		}, {
			"streams":	[{
					"socket":	4,
					"start":	108.000600,
					"end":	109.000428,
					"seconds":	0.999828,
					"bytes":	4778680,
					"bits_per_second":	38236021.880521,
					"retransmits":	0,
					"snd_cwnd":	446039024,
					"rtt":	678241,
					"omitted":	false
				}],
			"sum":	{
				"start":	108.000600,
				"end":	109.000428,
				"seconds":	0.999828,
				"bytes":	4778680,
				"bits_per_second":	38236021.880521,
				"retransmits":	0,
				"omitted":	false
			}
		}, {
			"streams":	[{
					"socket":	4,
					"start":	109.000428,
					"end":	110.000583,
					"seconds":	1.000155,
					"bytes":	4713520,
					"bits_per_second":	37702317.193619,
					"retransmits":	0,
					"snd_cwnd":	469569024,
					"rtt":	680017,
					"omitted":	false
				}],
			"sum":	{
				"start":	109.000428,
				"end":	110.000583,
				"seconds":	1.000155,
				"bytes":	4713520,
				"bits_per_second":	37702317.193619,
				"retransmits":	0,
				"omitted":	false
			}
		}, {
			"streams":	[{
					"socket":	4,
					"start":	110.000583,
					"end":	111.000818,
					"seconds":	1.000235,
					"bytes":	4778680,
					"bits_per_second":	38220455.107933,
					"retransmits":	0,
					"snd_cwnd":	475786736,
					"rtt":	689022,
					"omitted":	false
				}],
			"sum":	{
				"start":	110.000583,
				"end":	111.000818,
				"seconds":	1.000235,
				"bytes":	4778680,
				"bits_per_second":	38220455.107933,
				"retransmits":	0,
				"omitted":	false
			}
		}, {
			"streams":	[{
					"socket":	4,
					"start":	111.000818,
					"end":	112.000810,
					"seconds":	0.999992,
					"bytes":	4778680,
					"bits_per_second":	38229740.784456,
					"retransmits":	0,
					"snd_cwnd":	497761584,
					"rtt":	686518,
					"omitted":	false
				}],
			"sum":	{
				"start":	111.000818,
				"end":	112.000810,
				"seconds":	0.999992,
				"bytes":	4778680,
				"bits_per_second":	38229740.784456,
				"retransmits":	0,
				"omitted":	false
			}
		}, {
			"streams":	[{
					"socket":	4,
					"start":	112.000810,
					"end":	113.000785,
					"seconds":	0.999975,
					"bytes":	4778680,
					"bits_per_second":	38230397.057879,
					"retransmits":	0,
					"snd_cwnd":	523226112,
					"rtt":	687275,
					"omitted":	false
				}],
			"sum":	{
				"start":	112.000810,
				"end":	113.000785,
				"seconds":	0.999975,
				"bytes":	4778680,
				"bits_per_second":	38230397.057879,
				"retransmits":	0,
				"omitted":	false
			}
		}, {
			"streams":	[{
					"socket":	4,
					"start":	113.000785,
					"end":	114.000558,
					"seconds":	0.999773,
					"bytes":	4778680,
					"bits_per_second":	38238119.077473,
					"retransmits":	0,
					"snd_cwnd":	525994688,
					"rtt":	690913,
					"omitted":	false
				}],
			"sum":	{
				"start":	113.000785,
				"end":	114.000558,
				"seconds":	0.999773,
				"bytes":	4778680,
				"bits_per_second":	38238119.077473,
				"retransmits":	0,
				"omitted":	false
			}
		}, {
			"streams":	[{
					"socket":	4,
					"start":	114.000558,
					"end":	115.000620,
					"seconds":	1.000062,
					"bytes":	4778680,
					"bits_per_second":	38227070.348613,
					"retransmits":	0,
					"snd_cwnd":	550086512,
					"rtt":	688152,
					"omitted":	false
				}],
			"sum":	{
				"start":	114.000558,
				"end":	115.000620,
				"seconds":	1.000062,
				"bytes":	4778680,
				"bits_per_second":	38227070.348613,
				"retransmits":	0,
				"omitted":	false
			}
		}, {
			"streams":	[{
					"socket":	4,
					"start":	115.000620,
					"end":	116.000593,
					"seconds":	0.999973,
					"bytes":	4778680,
					"bits_per_second":	38230479.093641,
					"retransmits":	0,
					"snd_cwnd":	578452832,
					"rtt":	689179,
					"omitted":	false
				}],
			"sum":	{
				"start":	115.000620,
				"end":	116.000593,
				"seconds":	0.999973,
				"bytes":	4778680,
				"bits_per_second":	38230479.093641,
				"retransmits":	0,
				"omitted":	false
			}
		}, {
			"streams":	[{
					"socket":	4,
					"start":	116.000593,
					"end":	117.000467,
					"seconds":	0.999874,
					"bytes":	4713520,
					"bits_per_second":	37712907.489728,
					"retransmits":	0,
					"snd_cwnd":	577789648,
					"rtt":	688387,
					"omitted":	false
				}],
			"sum":	{
				"start":	116.000593,
				"end":	117.000467,
				"seconds":	0.999874,
				"bytes":	4713520,
				"bits_per_second":	37712907.489728,
				"retransmits":	0,
				"omitted":	false
			}
		}, {
			"streams":	[{
					"socket":	4,
					"start":	117.000467,
					"end":	118.000655,
					"seconds":	1.000188,
					"bytes":	4778680,
					"bits_per_second":	38222259.037408,
					"retransmits":	0,
					"snd_cwnd":	605863472,
					"rtt":	687462,
					"omitted":	false
				}],
			"sum":	{
				"start":	117.000467,
				"end":	118.000655,
				"seconds":	1.000188,
				"bytes":	4778680,
				"bits_per_second":	38222259.037408,
				"retransmits":	0,
				"omitted":	false
			}
		}, {
			"streams":	[{
					"socket":	4,
					"start":	118.000655,
					"end":	119.000355,
					"seconds":	0.999700,
					"bytes":	4778680,
					"bits_per_second":	38240909.617915,
					"retransmits":	0,
					"snd_cwnd":	636346768,
					"rtt":	687669,
					"omitted":	false
				}],
			"sum":	{
				"start":	118.000655,
				"end":	119.000355,
				"seconds":	0.999700,
				"bytes":	4778680,
				"bits_per_second":	38240909.617915,
				"retransmits":	0,
				"omitted":	false
			}
		}, {
			"streams":	[{
					"socket":	4,
					"start":	119.000355,
					"end":	120.000403,
					"seconds":	1.000048,
					"bytes":	4778680,
					"bits_per_second":	38227598.937696,
					"retransmits":	0,
					"snd_cwnd":	638373968,
					"rtt":	689859,
					"omitted":	false
				}],
			"sum":	{
				"start":	119.000355,
				"end":	120.000403,
				"seconds":	1.000048,
				"bytes":	4778680,
				"bits_per_second":	38227598.937696,
				"retransmits":	0,
				"omitted":	false
			}
		}, {
			"streams":	[{
					"socket":	4,
					"start":	120.000403,
					"end":	121.000432,
					"seconds":	1.000029,
					"bytes":	4778680,
					"bits_per_second":	38228337.164155,
					"retransmits":	0,
					"snd_cwnd":	666077104,
					"rtt":	685520,
					"omitted":	false
				}],
			"sum":	{
				"start":	120.000403,
				"end":	121.000432,
				"seconds":	1.000029,
				"bytes":	4778680,
				"bits_per_second":	38228337.164155,
				"retransmits":	0,
				"omitted":	false
			}
		}, {
			"streams":	[{
					"socket":	4,
					"start":	121.000432,
					"end":	122.000771,
					"seconds":	1.000339,
					"bytes":	4778680,
					"bits_per_second":	38216483.419022,
					"retransmits":	0,
					"snd_cwnd":	704773456,
					"rtt":	690804,
					"omitted":	false
				}],
			"sum":	{
				"start":	121.000432,
				"end":	122.000771,
				"seconds":	1.000339,
				"bytes":	4778680,
				"bits_per_second":	38216483.419022,
				"retransmits":	0,
				"omitted":	false
			}
		}, {
			"streams":	[{
					"socket":	4,
					"start":	122.000771,
					"end":	123.000711,
					"seconds":	0.999940,
					"bytes":	4713520,
					"bits_per_second":	37710425.698260,
					"retransmits":	0,
					"snd_cwnd":	702251040,
					"rtt":	688332,
					"omitted":	false
				}],
			"sum":	{
				"start":	122.000771,
				"end":	123.000711,
				"seconds":	0.999940,
				"bytes":	4713520,
				"bits_per_second":	37710425.698260,
				"retransmits":	0,
				"omitted":	false
			}
		}, {
			"streams":	[{
					"socket":	4,
					"start":	123.000711,
					"end":	124.000406,
					"seconds":	0.999695,
					"bytes":	4778680,
					"bits_per_second":	38241101.140527,
					"retransmits":	0,
					"snd_cwnd":	739369072,
					"rtt":	690204,
					"omitted":	false
				}],
			"sum":	{
				"start":	123.000711,
				"end":	124.000406,
				"seconds":	0.999695,
				"bytes":	4778680,
				"bits_per_second":	38241101.140527,
				"retransmits":	0,
				"omitted":	false
			}
		}, {
			"streams":	[{
					"socket":	4,
					"start":	124.000406,
					"end":	125.000805,
					"seconds":	1.000399,
					"bytes":	4778680,
					"bits_per_second":	38214188.232102,
					"retransmits":	0,
					"snd_cwnd":	773460784,
					"rtt":	687647,
					"omitted":	false
				}],
			"sum":	{
				"start":	124.000406,
				"end":	125.000805,
				"seconds":	1.000399,
				"bytes":	4778680,
				"bits_per_second":	38214188.232102,
				"retransmits":	0,
				"omitted":	false
			}
		}, {
			"streams":	[{
					"socket":	4,
					"start":	125.000805,
					"end":	126.000583,
					"seconds":	0.999778,
					"bytes":	4778680,
					"bits_per_second":	38237936.703388,
					"retransmits":	0,
					"snd_cwnd":	774569952,
					"rtt":	688634,
					"omitted":	false
				}],
			"sum":	{
				"start":	125.000805,
				"end":	126.000583,
				"seconds":	0.999778,
				"bytes":	4778680,
				"bits_per_second":	38237936.703388,
				"retransmits":	0,
				"omitted":	false
			}
		}, {
			"streams":	[{
					"socket":	4,
					"start":	126.000583,
					"end":	127.000648,
					"seconds":	1.000065,
					"bytes":	4778680,
					"bits_per_second":	38226951.873755,
					"retransmits":	0,
					"snd_cwnd":	813014352,
					"rtt":	688393,
					"omitted":	false
				}],
			"sum":	{
				"start":	126.000583,
				"end":	127.000648,
				"seconds":	1.000065,
				"bytes":	4778680,
				"bits_per_second":	38226951.873755,
				"retransmits":	0,
				"omitted":	false
			}
		}, {
			"streams":	[{
					"socket":	4,
					"start":	127.000648,
					"end":	128.000739,
					"seconds":	1.000091,
					"bytes":	4778680,
					"bits_per_second":	38225958.536529,
					"retransmits":	0,
					"snd_cwnd":	854224432,
					"rtt":	688844,
					"omitted":	false
				}],
			"sum":	{
				"start":	127.000648,
				"end":	128.000739,
				"seconds":	1.000091,
				"bytes":	4778680,
				"bits_per_second":	38225958.536529,
				"retransmits":	0,
				"omitted":	false
			}
		}, {
			"streams":	[{
					"socket":	4,
					"start":	128.000739,
					"end":	129.000412,
					"seconds":	0.999673,
					"bytes":	4713520,
					"bits_per_second":	37720498.763309,
					"retransmits":	0,
					"snd_cwnd":	856309552,
					"rtt":	690526,
					"omitted":	false
				}],
			"sum":	{
				"start":	128.000739,
				"end":	129.000412,
				"seconds":	0.999673,
				"bytes":	4713520,
				"bits_per_second":	37720498.763309,
				"retransmits":	0,
				"omitted":	false
			}
		}, {
			"streams":	[{
					"socket":	4,
					"start":	129.000412,
					"end":	130.000730,
					"seconds":	1.000318,
					"bytes":	4778680,
					"bits_per_second":	38217284.977817,
					"retransmits":	0,
					"snd_cwnd":	896413360,
					"rtt":	688443,
					"omitted":	false
				}],
			"sum":	{
				"start":	129.000412,
				"end":	130.000730,
				"seconds":	1.000318,
				"bytes":	4778680,
				"bits_per_second":	38217284.977817,
				"retransmits":	0,
				"omitted":	false
			}
		}, {
			"streams":	[{
					"socket":	4,
					"start":	130.000730,
					"end":	131.000647,
					"seconds":	0.999917,
					"bytes":	4778680,
					"bits_per_second":	38232612.147042,
					"retransmits":	0,
					"snd_cwnd":	941495392,
					"rtt":	688634,
					"omitted":	false
				}],
			"sum":	{
				"start":	130.000730,
				"end":	131.000647,
				"seconds":	0.999917,
				"bytes":	4778680,
				"bits_per_second":	38232612.147042,
				"retransmits":	0,
				"omitted":	false
			}
		}, {
			"streams":	[{
					"socket":	4,
					"start":	131.000647,
					"end":	132.000571,
					"seconds":	0.999924,
					"bytes":	4778680,
					"bits_per_second":	38232347.781349,
					"retransmits":	0,
					"snd_cwnd":	940441248,
					"rtt":	687862,
					"omitted":	false
				}],
			"sum":	{
				"start":	131.000647,
				"end":	132.000571,
				"seconds":	0.999924,
				"bytes":	4778680,
				"bits_per_second":	38232347.781349,
				"retransmits":	0,
				"omitted":	false
			}
		}, {
			"streams":	[{
					"socket":	4,
					"start":	132.000571,
					"end":	133.000337,
					"seconds":	0.999766,
					"bytes":	4778680,
					"bits_per_second":	38238383.522986,
					"retransmits":	0,
					"snd_cwnd":	981130048,
					"rtt":	683451,
					"omitted":	false
				}],
			"sum":	{
				"start":	132.000571,
				"end":	133.000337,
				"seconds":	0.999766,
				"bytes":	4778680,
				"bits_per_second":	38238383.522986,
				"retransmits":	0,
				"omitted":	false
			}
		}, {
			"streams":	[{
					"socket":	4,
					"start":	133.000337,
					"end":	134.000577,
					"seconds":	1.000240,
					"bytes":	4778680,
					"bits_per_second":	38220272.902303,
					"retransmits":	0,
					"snd_cwnd":	1037613632,
					"rtt":	688378,
					"omitted":	false
				}],
			"sum":	{
				"start":	133.000337,
				"end":	134.000577,
				"seconds":	1.000240,
				"bytes":	4778680,
				"bits_per_second":	38220272.902303,
				"retransmits":	0,
				"omitted":	false
			}
		}, {
			"streams":	[{
					"socket":	4,
					"start":	134.000577,
					"end":	135.000802,
					"seconds":	1.000225,
					"bytes":	4778680,
					"bits_per_second":	38220837.745411,
					"retransmits":	0,
					"snd_cwnd":	1038160976,
					"rtt":	688742,
					"omitted":	false
				}],
			"sum":	{
				"start":	134.000577,
				"end":	135.000802,
				"seconds":	1.000225,
				"bytes":	4778680,
				"bits_per_second":	38220837.745411,
				"retransmits":	0,
				"omitted":	false
			}
		}, {
			"streams":	[{
					"socket":	4,
					"start":	135.000802,
					"end":	136.000836,
					"seconds":	1.000034,
					"bytes":	4713520,
					"bits_per_second":	37706874.427222,
					"retransmits":	0,
					"snd_cwnd":	1089026320,
					"rtt":	688083,
					"omitted":	false
				}],
			"sum":	{
				"start":	135.000802,
				"end":	136.000836,
				"seconds":	1.000034,
				"bytes":	4713520,
				"bits_per_second":	37706874.427222,
				"retransmits":	0,
				"omitted":	false
			}
		}, {
			"streams":	[{
					"socket":	4,
					"start":	136.000836,
					"end":	137.000609,
					"seconds":	0.999773,
					"bytes":	4778680,
					"bits_per_second":	38238119.077473,
					"retransmits":	0,
					"snd_cwnd":	1142208464,
					"rtt":	687319,
					"omitted":	false
				}],
			"sum":	{
				"start":	136.000836,
				"end":	137.000609,
				"seconds":	0.999773,
				"bytes":	4778680,
				"bits_per_second":	38238119.077473,
				"retransmits":	0,
				"omitted":	false
			}
		}, {
			"streams":	[{
					"socket":	4,
					"start":	137.000609,
					"end":	138.000666,
					"seconds":	1.000057,
					"bytes":	4778680,
					"bits_per_second":	38227261.732627,
					"retransmits":	0,
					"snd_cwnd":	1143227856,
					"rtt":	687933,
					"omitted":	false
				}],
			"sum":	{
				"start":	137.000609,
				"end":	138.000666,
				"seconds":	1.000057,
				"bytes":	4778680,
				"bits_per_second":	38227261.732627,
				"retransmits":	0,
				"omitted":	false
			}
		}, {
			"streams":	[{
					"socket":	4,
					"start":	138.000666,
					"end":	139.000666,
					"seconds":	1,
					"bytes":	4778680,
					"bits_per_second":	38229440,
					"retransmits":	0,
					"snd_cwnd":	1203664480,
					"rtt":	689809,
					"omitted":	false
				}],
			"sum":	{
				"start":	138.000666,
				"end":	139.000666,
				"seconds":	1,
				"bytes":	4778680,
				"bits_per_second":	38229440,
				"retransmits":	0,
				"omitted":	false
			}
		}, {
			"streams":	[{
					"socket":	4,
					"start":	139.000666,
					"end":	140.000764,
					"seconds":	1.000098,
					"bytes":	4778680,
					"bits_per_second":	38225694.262843,
					"retransmits":	0,
					"snd_cwnd":	1263435024,
					"rtt":	689584,
					"omitted":	false
				}],
			"sum":	{
				"start":	139.000666,
				"end":	140.000764,
				"seconds":	1.000098,
				"bytes":	4778680,
				"bits_per_second":	38225694.262843,
				"retransmits":	0,
				"omitted":	false
			}
		}, {
			"streams":	[{
					"socket":	4,
					"start":	140.000764,
					"end":	141.000792,
					"seconds":	1.000028,
					"bytes":	4778680,
					"bits_per_second":	38228373.620521,
					"retransmits":	0,
					"snd_cwnd":	1263029584,
					"rtt":	689362,
					"omitted":	false
				}],
			"sum":	{
				"start":	140.000764,
				"end":	141.000792,
				"seconds":	1.000028,
				"bytes":	4778680,
				"bits_per_second":	38228373.620521,
				"retransmits":	0,
				"omitted":	false
			}
		}, {
			"streams":	[{
					"socket":	4,
					"start":	141.000792,
					"end":	142.000329,
					"seconds":	0.999537,
					"bytes":	4713520,
					"bits_per_second":	37725627.300467,
					"retransmits":	0,
					"snd_cwnd":	1323544400,
					"rtt":	687992,
					"omitted":	false
				}],
			"sum":	{
				"start":	141.000792,
				"end":	142.000329,
				"seconds":	0.999537,
				"bytes":	4713520,
				"bits_per_second":	37725627.300467,
				"retransmits":	0,
				"omitted":	false
			}
		}, {
			"streams":	[{
					"socket":	4,
					"start":	142.000329,
					"end":	143.000331,
					"seconds":	1.000002,
					"bytes":	4778680,
					"bits_per_second":	38229357.968697,
					"retransmits":	0,
					"snd_cwnd":	1393025232,
					"rtt":	689627,
					"omitted":	false
				}],
			"sum":	{
				"start":	142.000329,
				"end":	143.000331,
				"seconds":	1.000002,
				"bytes":	4778680,
				"bits_per_second":	38229357.968697,
				"retransmits":	0,
				"omitted":	false
			}
		}, {
			"streams":	[{
					"socket":	4,
					"start":	143.000331,
					"end":	144.000525,
					"seconds":	1.000194,
					"bytes":	4778680,
					"bits_per_second":	38222031.259142,
					"retransmits":	0,
					"snd_cwnd":	1388209184,
					"rtt":	687243,
					"omitted":	false
				}],
			"sum":	{
				"start":	143.000331,
				"end":	144.000525,
				"seconds":	1.000194,
				"bytes":	4778680,
				"bits_per_second":	38222031.259142,
				"retransmits":	0,
				"omitted":	false
			}
		}, {
			"streams":	[{
					"socket":	4,
					"start":	144.000525,
					"end":	145.000503,
					"seconds":	0.999978,
					"bytes":	4778680,
					"bits_per_second":	38230278.562400,
					"retransmits":	0,
					"snd_cwnd":	1460780048,
					"rtt":	688733,
					"omitted":	false
				}],
			"sum":	{
				"start":	144.000525,
				"end":	145.000503,
				"seconds":	0.999978,
				"bytes":	4778680,
				"bits_per_second":	38230278.562400,
				"retransmits":	0,
				"omitted":	false
			}
		}, {
			"streams":	[{
					"socket":	4,
					"start":	145.000503,
					"end":	146.000415,
					"seconds":	0.999912,
					"bytes":	4778680,
					"bits_per_second":	38232803.586551,
					"retransmits":	0,
					"snd_cwnd":	1535334672,
					"rtt":	689414,
					"omitted":	false
				}],
			"sum":	{
				"start":	145.000503,
				"end":	146.000415,
				"seconds":	0.999912,
				"bytes":	4778680,
				"bits_per_second":	38232803.586551,
				"retransmits":	0,
				"omitted":	false
			}
		}, {
			"streams":	[{
					"socket":	4,
					"start":	146.000415,
					"end":	147.000823,
					"seconds":	1.000408,
					"bytes":	4779240,
					"bits_per_second":	38218329.436782,
					"retransmits":	0,
					"snd_cwnd":	1524494944,
					"rtt":	684547,
					"omitted":	false
				}],
			"sum":	{
				"start":	146.000415,
				"end":	147.000823,
				"seconds":	1.000408,
				"bytes":	4779240,
				"bits_per_second":	38218329.436782,
				"retransmits":	0,
				"omitted":	false
			}
		}, {
			"streams":	[{
					"socket":	4,
					"start":	147.000823,
					"end":	148.000767,
					"seconds":	0.999944,
					"bytes":	4778960,
					"bits_per_second":	38233822.178586,
					"retransmits":	0,
					"snd_cwnd":	1614024784,
					"rtt":	690236,
					"omitted":	false
				}],
			"sum":	{
				"start":	147.000823,
				"end":	148.000767,
				"seconds":	0.999944,
				"bytes":	4778960,
				"bits_per_second":	38233822.178586,
				"retransmits":	0,
				"omitted":	false
			}
		}, {
			"streams":	[{
					"socket":	4,
					"start":	148.000767,
					"end":	149.000832,
					"seconds":	1.000065,
					"bytes":	4713520,
					"bits_per_second":	37705705.800761,
					"retransmits":	0,
					"snd_cwnd":	1699682672,
					"rtt":	692255,
					"omitted":	false
				}],
			"sum":	{
				"start":	148.000767,
				"end":	149.000832,
				"seconds":	1.000065,
				"bytes":	4713520,
				"bits_per_second":	37705705.800761,
				"retransmits":	0,
				"omitted":	false
			}
		}, {
			"streams":	[{
					"socket":	4,
					"start":	149.000832,
					"end":	150.000467,
					"seconds":	0.999635,
					"bytes":	4778680,
					"bits_per_second":	38243399.561522,
					"retransmits":	0,
					"snd_cwnd":	1696526032,
					"rtt":	690969,
					"omitted":	false
				}],
			"sum":	{
				"start":	149.000832,
				"end":	150.000467,
				"seconds":	0.999635,
				"bytes":	4778680,
				"bits_per_second":	38243399.561522,
				"retransmits":	0,
				"omitted":	false
			}
		}, {
			"streams":	[{
					"socket":	4,
					"start":	150.000467,
					"end":	151.001071,
					"seconds":	1.000604,
					"bytes":	4779240,
					"bits_per_second":	38210843.926433,
					"retransmits":	0,
					"snd_cwnd":	1761726576,
					"rtt":	683357,
					"omitted":	false
				}],
			"sum":	{
				"start":	150.000467,
				"end":	151.001071,
				"seconds":	1.000604,
				"bytes":	4779240,
				"bits_per_second":	38210843.926433,
				"retransmits":	0,
				"omitted":	false
			}
		}, {
			"streams":	[{
					"socket":	4,
					"start":	151.001071,
					"end":	152.000549,
					"seconds":	0.999478,
					"bytes":	4778960,
					"bits_per_second":	38251643.466537,
					"retransmits":	0,
					"snd_cwnd":	1867928688,
					"rtt":	690049,
					"omitted":	false
				}],
			"sum":	{
				"start":	151.001071,
				"end":	152.000549,
				"seconds":	0.999478,
				"bytes":	4778960,
				"bits_per_second":	38251643.466537,
				"retransmits":	0,
				"omitted":	false
			}
		}, {
			"streams":	[{
					"socket":	4,
					"start":	152.000549,
					"end":	153.000768,
					"seconds":	1.000219,
					"bytes":	4778680,
					"bits_per_second":	38221074.620070,
					"retransmits":	0,
					"snd_cwnd":	1869535968,
					"rtt":	690643,
					"omitted":	false
				}],
			"sum":	{
				"start":	152.000549,
				"end":	153.000768,
				"seconds":	1.000219,
				"bytes":	4778680,
				"bits_per_second":	38221074.620070,
				"retransmits":	0,
				"omitted":	false
			}
		}, {
			"streams":	[{
					"socket":	4,
					"start":	153.000768,
					"end":	154.000687,
					"seconds":	0.999919,
					"bytes":	4779240,
					"bits_per_second":	38237010.464246,
					"retransmits":	0,
					"snd_cwnd":	1946129376,
					"rtt":	684703,
					"omitted":	false
				}],
			"sum":	{
				"start":	153.000768,
				"end":	154.000687,
				"seconds":	0.999919,
				"bytes":	4779240,
				"bits_per_second":	38237010.464246,
				"retransmits":	0,
				"omitted":	false
			}
		}, {
			"streams":	[{
					"socket":	4,
					"start":	154.000687,
					"end":	155.000678,
					"seconds":	0.999991,
					"bytes":	4713800,
					"bits_per_second":	37710741.655775,
					"retransmits":	0,
					"snd_cwnd":	2062536992,
					"rtt":	691103,
					"omitted":	false
				}],
			"sum":	{
				"start":	154.000687,
				"end":	155.000678,
				"seconds":	0.999991,
				"bytes":	4713800,
				"bits_per_second":	37710741.655775,
				"retransmits":	0,
				"omitted":	false
			}
		}, {
			"streams":	[{
					"socket":	4,
					"start":	155.000678,
					"end":	156.000613,
					"seconds":	0.999935,
					"bytes":	4778680,
					"bits_per_second":	38231928.450162,
					"retransmits":	0,
					"snd_cwnd":	2058152448,
					"rtt":	689634,
					"omitted":	false
				}],
			"sum":	{
				"start":	155.000678,
				"end":	156.000613,
				"seconds":	0.999935,
				"bytes":	4778680,
				"bits_per_second":	38231928.450162,
				"retransmits":	0,
				"omitted":	false
			}
		}, {
			"streams":	[{
					"socket":	4,
					"start":	156.000613,
					"end":	157.001432,
					"seconds":	1.000819,
					"bytes":	4782136,
					"bits_per_second":	38225782.314420,
					"retransmits":	0,
					"snd_cwnd":	2143095024,
					"rtt":	683901,
					"omitted":	false
				}],
			"sum":	{
				"start":	156.000613,
				"end":	157.001432,
				"seconds":	1.000819,
				"bytes":	4782136,
				"bits_per_second":	38225782.314420,
				"retransmits":	0,
				"omitted":	false
			}
		}, {
			"streams":	[{
					"socket":	4,
					"start":	157.001432,
					"end":	158.001113,
					"seconds":	0.999681,
					"bytes":	4778960,
					"bits_per_second":	38243879.952931,
					"retransmits":	0,
					"snd_cwnd":	-2020970176,
					"rtt":	691118,
					"omitted":	false
				}],
			"sum":	{
				"start":	157.001432,
				"end":	158.001113,
				"seconds":	0.999681,
				"bytes":	4778960,
				"bits_per_second":	38243879.952931,
				"retransmits":	0,
				"omitted":	false
			}
		}, {
			"streams":	[{
					"socket":	4,
					"start":	158.001113,
					"end":	159.001203,
					"seconds":	1.000090,
					"bytes":	4778680,
					"bits_per_second":	38225994.988359,
					"retransmits":	0,
					"snd_cwnd":	-2015763168,
					"rtt":	692701,
					"omitted":	false
				}],
			"sum":	{
				"start":	158.001113,
				"end":	159.001203,
				"seconds":	1.000090,
				"bytes":	4778680,
				"bits_per_second":	38225994.988359,
				"retransmits":	0,
				"omitted":	false
			}
		}, {
			"streams":	[{
					"socket":	4,
					"start":	159.001203,
					"end":	160.001213,
					"seconds":	1.000010,
					"bytes":	4714080,
					"bits_per_second":	37712262.365232,
					"retransmits":	0,
					"snd_cwnd":	-1904773968,
					"rtt":	691841,
					"omitted":	false
				}],
			"sum":	{
				"start":	159.001203,
				"end":	160.001213,
				"seconds":	1.000010,
				"bytes":	4714080,
				"bits_per_second":	37712262.365232,
				"retransmits":	0,
				"omitted":	false
			}
		}, {
			"streams":	[{
					"socket":	4,
					"start":	160.001213,
					"end":	161.001143,
					"seconds":	0.999930,
					"bytes":	4778960,
					"bits_per_second":	38234360.039847,
					"retransmits":	0,
					"snd_cwnd":	-1786046656,
					"rtt":	691625,
					"omitted":	false
				}],
			"sum":	{
				"start":	160.001213,
				"end":	161.001143,
				"seconds":	0.999930,
				"bytes":	4778960,
				"bits_per_second":	38234360.039847,
				"retransmits":	0,
				"omitted":	false
			}
		}, {
			"streams":	[{
					"socket":	4,
					"start":	161.001143,
					"end":	162.001266,
					"seconds":	1.000123,
					"bytes":	4783024,
					"bits_per_second":	38259485.165601,
					"retransmits":	0,
					"snd_cwnd":	-1787138448,
					"rtt":	691324,
					"omitted":	false
				}],
			"sum":	{
				"start":	161.001143,
				"end":	162.001266,
				"seconds":	1.000123,
				"bytes":	4783024,
				"bits_per_second":	38259485.165601,
				"retransmits":	0,
				"omitted":	false
			}
		}, {
			"streams":	[{
					"socket":	4,
					"start":	162.001266,
					"end":	163.001461,
					"seconds":	1.000195,
					"bytes":	4783584,
					"bits_per_second":	38261210.054031,
					"retransmits":	0,
					"snd_cwnd":	-1677857888,
					"rtt":	687094,
					"omitted":	false
				}],
			"sum":	{
				"start":	162.001266,
				"end":	163.001461,
				"seconds":	1.000195,
				"bytes":	4783584,
				"bits_per_second":	38261210.054031,
				"retransmits":	0,
				"omitted":	false
			}
		}, {
			"streams":	[{
					"socket":	4,
					"start":	163.001461,
					"end":	164.001071,
					"seconds":	0.999610,
					"bytes":	4713800,
					"bits_per_second":	37725114.786480,
					"retransmits":	0,
					"snd_cwnd":	-1517048800,
					"rtt":	694584,
					"omitted":	false
				}],
			"sum":	{
				"start":	163.001461,
				"end":	164.001071,
				"seconds":	0.999610,
				"bytes":	4713800,
				"bits_per_second":	37725114.786480,
				"retransmits":	0,
				"omitted":	false
			}
		}, {
			"streams":	[{
					"socket":	4,
					"start":	164.001071,
					"end":	165.001322,
					"seconds":	1.000251,
					"bytes":	4781576,
					"bits_per_second":	38243006.910933,
					"retransmits":	0,
					"snd_cwnd":	-1536837168,
					"rtt":	689636,
					"omitted":	false
				}],
			"sum":	{
				"start":	164.001071,
				"end":	165.001322,
				"seconds":	1.000251,
				"bytes":	4781576,
				"bits_per_second":	38243006.910933,
				"retransmits":	0,
				"omitted":	false
			}
		}, {
			"streams":	[{
					"socket":	4,
					"start":	165.001322,
					"end":	166.001176,
					"seconds":	0.999854,
					"bytes":	4783584,
					"bits_per_second":	38274256.679863,
					"retransmits":	0,
					"snd_cwnd":	-1415071952,
					"rtt":	685792,
					"omitted":	false
				}],
			"sum":	{
				"start":	165.001322,
				"end":	166.001176,
				"seconds":	0.999854,
				"bytes":	4783584,
				"bits_per_second":	38274256.679863,
				"retransmits":	0,
				"omitted":	false
			}
		}, {
			"streams":	[{
					"socket":	4,
					"start":	166.001176,
					"end":	167.001438,
					"seconds":	1.000262,
					"bytes":	4778960,
					"bits_per_second":	38221665.082167,
					"retransmits":	0,
					"snd_cwnd":	-1233770768,
					"rtt":	694253,
					"omitted":	false
				}],
			"sum":	{
				"start":	166.001176,
				"end":	167.001438,
				"seconds":	1.000262,
				"bytes":	4778960,
				"bits_per_second":	38221665.082167,
				"retransmits":	0,
				"omitted":	false
			}
		}, {
			"streams":	[{
					"socket":	4,
					"start":	167.001438,
					"end":	168.001229,
					"seconds":	0.999791,
					"bytes":	4783024,
					"bits_per_second":	38272194.451547,
					"retransmits":	0,
					"snd_cwnd":	-1269663792,
					"rtt":	686113,
					"omitted":	false
				}],
			"sum":	{
				"start":	167.001438,
				"end":	168.001229,
				"seconds":	0.999791,
				"bytes":	4783024,
				"bits_per_second":	38272194.451547,
				"retransmits":	0,
				"omitted":	false
			}
		}, {
			"streams":	[{
					"socket":	4,
					"start":	168.001229,
					"end":	169.001263,
					"seconds":	1.000034,
					"bytes":	4716976,
					"bits_per_second":	37734521.484628,
					"retransmits":	0,
					"snd_cwnd":	-1069917984,
					"rtt":	696584,
					"omitted":	false
				}],
			"sum":	{
				"start":	168.001229,
				"end":	169.001263,
				"seconds":	1.000034,
				"bytes":	4716976,
				"bits_per_second":	37734521.484628,
				"retransmits":	0,
				"omitted":	false
			}
		}, {
			"streams":	[{
					"socket":	4,
					"start":	169.001263,
					"end":	170.001123,
					"seconds":	0.999860,
					"bytes":	4778960,
					"bits_per_second":	38237040.455462,
					"retransmits":	0,
					"snd_cwnd":	-934582112,
					"rtt":	691253,
					"omitted":	false
				}],
			"sum":	{
				"start":	169.001263,
				"end":	170.001123,
				"seconds":	0.999860,
				"bytes":	4778960,
				"bits_per_second":	38237040.455462,
				"retransmits":	0,
				"omitted":	false
			}
		}, {
			"streams":	[{
					"socket":	4,
					"start":	170.001123,
					"end":	171.001002,
					"seconds":	0.999879,
					"bytes":	4783024,
					"bits_per_second":	38268817.866570,
					"retransmits":	0,
					"snd_cwnd":	-933394752,
					"rtt":	691497,
					"omitted":	false
				}],
			"sum":	{
				"start":	170.001123,
				"end":	171.001002,
				"seconds":	0.999879,
				"bytes":	4783024,
				"bits_per_second":	38268817.866570,
				"retransmits":	0,
				"omitted":	false
			}
		}, {
			"streams":	[{
					"socket":	4,
					"start":	171.001002,
					"end":	172.001424,
					"seconds":	1.000422,
					"bytes":	4782136,
					"bits_per_second":	38240950.285136,
					"retransmits":	0,
					"snd_cwnd":	-814916496,
					"rtt":	681780,
					"omitted":	false
				}],
			"sum":	{
				"start":	171.001002,
				"end":	172.001424,
				"seconds":	1.000422,
				"bytes":	4782136,
				"bits_per_second":	38240950.285136,
				"retransmits":	0,
				"omitted":	false
			}
		}, {
			"streams":	[{
					"socket":	4,
					"start":	172.001424,
					"end":	173.001344,
					"seconds":	0.999920,
					"bytes":	4716696,
					"bits_per_second":	37736591.027083,
					"retransmits":	0,
					"snd_cwnd":	-580001664,
					"rtt":	693145,
					"omitted":	false
				}],
			"sum":	{
				"start":	172.001424,
				"end":	173.001344,
				"seconds":	0.999920,
				"bytes":	4716696,
				"bits_per_second":	37736591.027083,
				"retransmits":	0,
				"omitted":	false
			}
		}, {
			"streams":	[{
					"socket":	4,
					"start":	173.001344,
					"end":	174.001267,
					"seconds":	0.999923,
					"bytes":	4783024,
					"bits_per_second":	38267138.921795,
					"retransmits":	0,
					"snd_cwnd":	-593497024,
					"rtt":	690627,
					"omitted":	false
				}],
			"sum":	{
				"start":	173.001344,
				"end":	174.001267,
				"seconds":	0.999923,
				"bytes":	4783024,
				"bits_per_second":	38267138.921795,
				"retransmits":	0,
				"omitted":	false
			}
		}, {
			"streams":	[{
					"socket":	4,
					"start":	174.001267,
					"end":	175.001045,
					"seconds":	0.999778,
					"bytes":	4783584,
					"bits_per_second":	38277168.294900,
					"retransmits":	0,
					"snd_cwnd":	-426116912,
					"rtt":	687483,
					"omitted":	false
				}],
			"sum":	{
				"start":	174.001267,
				"end":	175.001045,
				"seconds":	0.999778,
				"bytes":	4783584,
				"bits_per_second":	38277168.294900,
				"retransmits":	0,
				"omitted":	false
			}
		}, {
			"streams":	[{
					"socket":	4,
					"start":	175.001045,
					"end":	176.001068,
					"seconds":	1.000023,
					"bytes":	4783304,
					"bits_per_second":	38265547.047916,
					"retransmits":	0,
					"snd_cwnd":	-134515776,
					"rtt":	704095,
					"omitted":	false
				}],
			"sum":	{
				"start":	175.001045,
				"end":	176.001068,
				"seconds":	1.000023,
				"bytes":	4783304,
				"bits_per_second":	38265547.047916,
				"retransmits":	0,
				"omitted":	false
			}
		}, {
			"streams":	[{
					"socket":	4,
					"start":	176.001068,
					"end":	177.001374,
					"seconds":	1.000306,
					"bytes":	4778680,
					"bits_per_second":	38217749.532964,
					"retransmits":	0,
					"snd_cwnd":	-191057280,
					"rtt":	694526,
					"omitted":	false
				}],
			"sum":	{
				"start":	176.001068,
				"end":	177.001374,
				"seconds":	1.000306,
				"bytes":	4778680,
				"bits_per_second":	38217749.532964,
				"retransmits":	0,
				"omitted":	false
			}
		}, {
			"streams":	[{
					"socket":	4,
					"start":	177.001374,
					"end":	178.001286,
					"seconds":	0.999912,
					"bytes":	4716976,
					"bits_per_second":	37739128.154736,
					"retransmits":	0,
					"snd_cwnd":	-94220832,
					"rtt":	677061,
					"omitted":	false
				}],
			"sum":	{
				"start":	177.001374,
				"end":	178.001286,
				"seconds":	0.999912,
				"bytes":	4716976,
				"bits_per_second":	37739128.154736,
				"retransmits":	0,
				"omitted":	false
			}
		}, {
			"streams":	[{
					"socket":	4,
					"start":	178.001286,
					"end":	179.001387,
					"seconds":	1.000101,
					"bytes":	4783304,
					"bits_per_second":	38262564.057390,
					"retransmits":	0,
					"snd_cwnd":	218689072,
					"rtt":	692852,
					"omitted":	false
				}],
			"sum":	{
				"start":	178.001286,
				"end":	179.001387,
				"seconds":	1.000101,
				"bytes":	4783304,
				"bits_per_second":	38262564.057390,
				"retransmits":	0,
				"omitted":	false
			}
		}, {
			"streams":	[{
					"socket":	4,
					"start":	179.001387,
					"end":	180.001337,
					"seconds":	0.999950,
					"bytes":	4781576,
					"bits_per_second":	38254523.323710,
					"retransmits":	0,
					"snd_cwnd":	217417728,
					"rtt":	692657,
					"omitted":	false
				}],
			"sum":	{
				"start":	179.001387,
				"end":	180.001337,
				"seconds":	0.999950,
				"bytes":	4781576,
				"bits_per_second":	38254523.323710,
				"retransmits":	0,
				"omitted":	false
			}
		}],
	"end":	{
		"streams":	[{
				"sender":	{
					"socket":	4,
					"start":	0,
					"end":	180.001337,
					"seconds":	180.001337,
					"bytes":	848599224,
					"bits_per_second":	37715240.915470,
					"retransmits":	0,
					"max_snd_cwnd":	2143095024,
					"max_rtt":	704095,
					"min_rtt":	12564,
					"mean_rtt":	660398
				},
				"receiver":	{
					"socket":	4,
					"start":	0,
					"end":	180.001337,
					"seconds":	180.001337,
					"bytes":	848560128,
					"bits_per_second":	37713503.328377
				}
			}],
		"sum_sent":	{
			"start":	0,
			"end":	180.001337,
			"seconds":	180.001337,
			"bytes":	848599224,
			"bits_per_second":	37715240.915470,
			"retransmits":	0
		},
		"sum_received":	{
			"start":	0,
			"end":	180.001337,
			"seconds":	180.001337,
			"bytes":	848560128,
			"bits_per_second":	37713503.328377
		},
		"cpu_utilization_percent":	{
			"host_total":	0.135274,
			"host_user":	0,
			"host_system":	0.135274,
			"remote_total":	0.674619,
			"remote_user":	0.000949,
			"remote_system":	0.673670
		}
	}
}
