{
	"start":	{
		"connected":	[{
				"socket":	4,
				"local_host":	"192.168.179.135",
				"local_port":	51416,
				"remote_host":	"192.168.120.128",
				"remote_port":	5201
			}],
		"version":	"iperf 3.1.3",
		"system_info":	"Linux a 4.15.0-213-generic #224-Ubuntu SMP Mon Jun 19 13:30:12 UTC 2023 x86_64",
		"timestamp":	{
			"time":	"Mon, 05 May 2025 07:51:58 GMT",
			"timesecs":	1746431518
		},
		"connecting_to":	{
			"host":	"192.168.120.128",
			"port":	5201
		},
		"cookie":	"a.1746431518.459976.15baf805038e3664",
		"tcp_mss_default":	1448,
		"test_start":	{
			"protocol":	"TCP",
			"num_streams":	1,
			"blksize":	131072,
			"omit":	0,
			"duration":	180,
			"bytes":	0,
			"blocks":	0,
			"reverse":	0
		}
	},
	"intervals":	[{
			"streams":	[{
					"socket":	4,
					"start":	0,
					"end":	1.000630,
					"seconds":	1.000630,
					"bytes":	7746800,
					"bits_per_second":	61935372.025808,
					"retransmits":	0,
					"snd_cwnd":	563272,
					"rtt":	116135,
					"omitted":	false
				}],
			"sum":	{
				"start":	0,
				"end":	1.000630,
				"seconds":	1.000630,
				"bytes":	7746800,
				"bits_per_second":	61935372.025808,
				"retransmits":	0,
				"omitted":	false
			}
		}, {
			"streams":	[{
					"socket":	4,
					"start":	1.000630,
					"end":	2.000441,
					"seconds":	0.999811,
					"bytes":	5343120,
					"bits_per_second":	42753043.144000,
					"retransmits":	0,
					"snd_cwnd":	794952,
					"rtt":	163178,
					"omitted":	false
				}],
			"sum":	{
				"start":	1.000630,
				"end":	2.000441,
				"seconds":	0.999811,
				"bytes":	5343120,
				"bits_per_second":	42753043.144000,
				"retransmits":	0,
				"omitted":	false
			}
		}, {
			"streams":	[{
					"socket":	4,
					"start":	2.000441,
					"end":	3.000402,
					"seconds":	0.999961,
					"bytes":	4561200,
					"bits_per_second":	36491018.122281,
					"retransmits":	0,
					"snd_cwnd":	1025184,
					"rtt":	211158,
					"omitted":	false
				}],
			"sum":	{
				"start":	2.000441,
				"end":	3.000402,
				"seconds":	0.999961,
				"bytes":	4561200,
				"bits_per_second":	36491018.122281,
				"retransmits":	0,
				"omitted":	false
			}
		}, {
			"streams":	[{
					"socket":	4,
					"start":	3.000402,
					"end":	4.000306,
					"seconds":	0.999904,
					"bytes":	4496040,
					"bits_per_second":	35971776.264933,
					"retransmits":	0,
					"snd_cwnd":	1255416,
					"rtt":	259980,
					"omitted":	false
				}],
			"sum":	{
				"start":	3.000402,
				"end":	4.000306,
				"seconds":	0.999904,
				"bytes":	4496040,
				"bits_per_second":	35971776.264933,
				"retransmits":	0,
				"omitted":	false
			}
		}, {
			"streams":	[{
					"socket":	4,
					"start":	4.000306,
					"end":	5.000537,
					"seconds":	1.000231,
					"bytes":	4561200,
					"bits_per_second":	36481171.842309,
					"retransmits":	0,
					"snd_cwnd":	1487096,
					"rtt":	305597,
					"omitted":	false
				}],
			"sum":	{
				"start":	4.000306,
				"end":	5.000537,
				"seconds":	1.000231,
				"bytes":	4561200,
				"bits_per_second":	36481171.842309,
				"retransmits":	0,
				"omitted":	false
			}
		}, {
			"streams":	[{
					"socket":	4,
					"start":	5.000537,
					"end":	6.000237,
					"seconds":	0.999700,
					"bytes":	4626360,
					"bits_per_second":	37021984.024864,
					"retransmits":	0,
					"snd_cwnd":	1718776,
					"rtt":	351766,
					"omitted":	false
				}],
			"sum":	{
				"start":	5.000537,
				"end":	6.000237,
				"seconds":	0.999700,
				"bytes":	4626360,
				"bits_per_second":	37021984.024864,
				"retransmits":	0,
				"omitted":	false
			}
		}, {
			"streams":	[{
					"socket":	4,
					"start":	6.000237,
					"end":	7.000485,
					"seconds":	1.000248,
					"bytes":	4496040,
					"bits_per_second":	35959403.674473,
					"retransmits":	0,
					"snd_cwnd":	1949008,
					"rtt":	400241,
					"omitted":	false
				}],
			"sum":	{
				"start":	6.000237,
				"end":	7.000485,
				"seconds":	1.000248,
				"bytes":	4496040,
				"bits_per_second":	35959403.674473,
				"retransmits":	0,
				"omitted":	false
			}
		}, {
			"streams":	[{
					"socket":	4,
					"start":	7.000485,
					"end":	8.000304,
					"seconds":	0.999819,
					"bytes":	4566992,
					"bits_per_second":	36542548.728711,
					"retransmits":	0,
					"snd_cwnd":	2180688,
					"rtt":	447081,
					"omitted":	false
				}],
			"sum":	{
				"start":	7.000485,
				"end":	8.000304,
				"seconds":	0.999819,
				"bytes":	4566992,
				"bits_per_second":	36542548.728711,
				"retransmits":	0,
				"omitted":	false
			}
		}, {
			"streams":	[{
					"socket":	4,
					"start":	8.000304,
					"end":	9.000246,
					"seconds":	0.999942,
					"bytes":	4604920,
					"bits_per_second":	36841503.222519,
					"retransmits":	0,
					"snd_cwnd":	2410920,
					"rtt":	496204,
					"omitted":	false
				}],
			"sum":	{
				"start":	8.000304,
				"end":	9.000246,
				"seconds":	0.999942,
				"bytes":	4604920,
				"bits_per_second":	36841503.222519,
				"retransmits":	0,
				"omitted":	false
			}
		}, {
			"streams":	[{
					"socket":	4,
					"start":	9.000246,
					"end":	10.000535,
					"seconds":	1.000289,
					"bytes":	4519264,
					"bits_per_second":	36143667.805831,
					"retransmits":	0,
					"snd_cwnd":	2642600,
					"rtt":	543400,
					"omitted":	false
				}],
			"sum":	{
				"start":	9.000246,
				"end":	10.000535,
				"seconds":	1.000289,
				"bytes":	4519264,
				"bits_per_second":	36143667.805831,
				"retransmits":	0,
				"omitted":	false
			}
		}, {
			"streams":	[{
					"socket":	4,
					"start":	10.000535,
					"end":	11.001466,
					"seconds":	1.000931,
					"bytes":	4631456,
					"bits_per_second":	37017184.092786,
					"retransmits":	0,
					"snd_cwnd":	2875728,
					"rtt":	589198,
					"omitted":	false
				}],
			"sum":	{
				"start":	10.000535,
				"end":	11.001466,
				"seconds":	1.000931,
				"bytes":	4631456,
				"bits_per_second":	37017184.092786,
				"retransmits":	0,
				"omitted":	false
			}
		}, {
			"streams":	[{
					"socket":	4,
					"start":	11.001466,
					"end":	12.002320,
					"seconds":	1.000854,
					"bytes":	4690128,
					"bits_per_second":	37489007.811860,
					"retransmits":	0,
					"snd_cwnd":	3107408,
					"rtt":	615194,
					"omitted":	false
				}],
			"sum":	{
				"start":	11.001466,
				"end":	12.002320,
				"seconds":	1.000854,
				"bytes":	4690128,
				"bits_per_second":	37489007.811860,
				"retransmits":	0,
				"omitted":	false
			}
		}, {
			"streams":	[{
					"socket":	4,
					"start":	12.002320,
					"end":	13.002627,
					"seconds":	1.000307,
					"bytes":	4700960,
					"bits_per_second":	37596134.861235,
					"retransmits":	0,
					"snd_cwnd":	3340536,
					"rtt":	551868,
					"omitted":	false
				}],
			"sum":	{
				"start":	12.002320,
				"end":	13.002627,
				"seconds":	1.000307,
				"bytes":	4700960,
				"bits_per_second":	37596134.861235,
				"retransmits":	0,
				"omitted":	false
			}
		}, {
			"streams":	[{
					"socket":	4,
					"start":	13.002627,
					"end":	14.003187,
					"seconds":	1.000560,
					"bytes":	4869680,
					"bits_per_second":	38935634.283263,
					"retransmits":	0,
					"snd_cwnd":	3576560,
					"rtt":	691537,
					"omitted":	false
				}],
			"sum":	{
				"start":	13.002627,
				"end":	14.003187,
				"seconds":	1.000560,
				"bytes":	4869680,
				"bits_per_second":	38935634.283263,
				"retransmits":	0,
				"omitted":	false
			}
		}, {
			"streams":	[{
					"socket":	4,
					"start":	14.003187,
					"end":	15.002708,
					"seconds":	0.999521,
					"bytes":	4885832,
					"bits_per_second":	39105386.812575,
					"retransmits":	0,
					"snd_cwnd":	3773488,
					"rtt":	700335,
					"omitted":	false
				}],
			"sum":	{
				"start":	14.003187,
				"end":	15.002708,
				"seconds":	0.999521,
				"bytes":	4885832,
				"bits_per_second":	39105386.812575,
				"retransmits":	0,
				"omitted":	false
			}
		}, {
			"streams":	[{
					"socket":	4,
					"start":	15.002708,
					"end":	16.002655,
					"seconds":	0.999947,
					"bytes":	4926656,
					"bits_per_second":	39415343.609099,
					"retransmits":	0,
					"snd_cwnd":	3971864,
					"rtt":	663168,
					"omitted":	false
				}],
			"sum":	{
				"start":	15.002708,
				"end":	16.002655,
				"seconds":	0.999947,
				"bytes":	4926656,
				"bits_per_second":	39415343.609099,
				"retransmits":	0,
				"omitted":	false
			}
		}, {
			"streams":	[{
					"socket":	4,
					"start":	16.002655,
					"end":	17.002265,
					"seconds":	0.999610,
					"bytes":	4926376,
					"bits_per_second":	39426376.968569,
					"retransmits":	0,
					"snd_cwnd":	4190512,
					"rtt":	615927,
					"omitted":	false
				}],
			"sum":	{
				"start":	16.002655,
				"end":	17.002265,
				"seconds":	0.999610,
				"bytes":	4926376,
				"bits_per_second":	39426376.968569,
				"retransmits":	0,
				"omitted":	false
			}
		}, {
			"streams":	[{
					"socket":	4,
					"start":	17.002265,
					"end":	18.000786,
					"seconds":	0.998521,
					"bytes":	4521216,
					"bits_per_second":	36223307.664409,
					"retransmits":	0,
					"snd_cwnd":	4410608,
					"rtt":	591550,
					"omitted":	false
				}],
			"sum":	{
				"start":	17.002265,
				"end":	18.000786,
				"seconds":	0.998521,
				"bytes":	4521216,
				"bits_per_second":	36223307.664409,
				"retransmits":	0,
				"omitted":	false
			}
		}, {
			"streams":	[{
					"socket":	4,
					"start":	18.000786,
					"end":	19.002531,
					"seconds":	1.001745,
					"bytes":	5140680,
					"bits_per_second":	41053801.707997,
					"retransmits":	0,
					"snd_cwnd":	4410608,
					"rtt":	624560,
					"omitted":	false
				}],
			"sum":	{
				"start":	18.000786,
				"end":	19.002531,
				"seconds":	1.001745,
				"bytes":	5140680,
				"bits_per_second":	41053801.707997,
				"retransmits":	0,
				"omitted":	false
			}
		}, {
			"streams":	[{
					"socket":	4,
					"start":	19.002531,
					"end":	20.001361,
					"seconds":	0.998830,
					"bytes":	3932160,
					"bits_per_second":	31494125.606411,
					"retransmits":	0,
					"snd_cwnd":	4643736,
					"rtt":	570863,
					"omitted":	false
				}],
			"sum":	{
				"start":	19.002531,
				"end":	20.001361,
				"seconds":	0.998830,
				"bytes":	3932160,
				"bits_per_second":	31494125.606411,
				"retransmits":	0,
				"omitted":	false
			}
		}, {
			"streams":	[{
					"socket":	4,
					"start":	20.001361,
					"end":	21.003044,
					"seconds":	1.001683,
					"bytes":	5242880,
					"bits_per_second":	41872568.603132,
					"retransmits":	0,
					"snd_cwnd":	4643736,
					"rtt":	708712,
					"omitted":	false
				}],
			"sum":	{
				"start":	20.001361,
				"end":	21.003044,
				"seconds":	1.001683,
				"bytes":	5242880,
				"bits_per_second":	41872568.603132,
				"retransmits":	0,
				"omitted":	false
			}
		}, {
			"streams":	[{
					"socket":	4,
					"start":	21.003044,
					"end":	22.002284,
					"seconds":	0.999240,
					"bytes":	5086904,
					"bits_per_second":	40726187.096355,
					"retransmits":	0,
					"snd_cwnd":	4643736,
					"rtt":	604926,
					"omitted":	false
				}],
			"sum":	{
				"start":	21.003044,
				"end":	22.002284,
				"seconds":	0.999240,
				"bytes":	5086904,
				"bits_per_second":	40726187.096355,
				"retransmits":	0,
				"omitted":	false
			}
		}, {
			"streams":	[{
					"socket":	4,
					"start":	22.002284,
					"end":	23.003060,
					"seconds":	1.000776,
					"bytes":	3932160,
					"bits_per_second":	31432886.430690,
					"retransmits":	0,
					"snd_cwnd":	4643736,
					"rtt":	577996,
					"omitted":	false
				}],
			"sum":	{
				"start":	22.002284,
				"end":	23.003060,
				"seconds":	1.000776,
				"bytes":	3932160,
				"bits_per_second":	31432886.430690,
				"retransmits":	0,
				"omitted":	false
			}
		}, {
			"streams":	[{
					"socket":	4,
					"start":	23.003060,
					"end":	24.003559,
					"seconds":	1.000499,
					"bytes":	5241152,
					"bits_per_second":	41908303.333947,
					"retransmits":	0,
					"snd_cwnd":	4643736,
					"rtt":	687262,
					"omitted":	false
				}],
			"sum":	{
				"start":	23.003060,
				"end":	24.003559,
				"seconds":	1.000499,
				"bytes":	5241152,
				"bits_per_second":	41908303.333947,
				"retransmits":	0,
				"omitted":	false
			}
		}, {
			"streams":	[{
					"socket":	4,
					"start":	24.003559,
					"end":	25.002388,
					"seconds":	0.998829,
					"bytes":	5028856,
					"bits_per_second":	40278018.072740,
					"retransmits":	0,
					"snd_cwnd":	4643736,
					"rtt":	596261,
					"omitted":	false
				}],
			"sum":	{
				"start":	24.003559,
				"end":	25.002388,
				"seconds":	0.998829,
				"bytes":	5028856,
				"bits_per_second":	40278018.072740,
				"retransmits":	0,
				"omitted":	false
			}
		}, {
			"streams":	[{
					"socket":	4,
					"start":	25.002388,
					"end":	26.002975,
					"seconds":	1.000587,
					"bytes":	3932160,
					"bits_per_second":	31438818.341147,
					"retransmits":	0,
					"snd_cwnd":	4643736,
					"rtt":	592365,
					"omitted":	false
				}],
			"sum":	{
				"start":	25.002388,
				"end":	26.002975,
				"seconds":	1.000587,
				"bytes":	3932160,
				"bits_per_second":	31438818.341147,
				"retransmits":	0,
				"omitted":	false
			}
		}, {
			"streams":	[{
					"socket":	4,
					"start":	26.002975,
					"end":	27.003277,
					"seconds":	1.000302,
					"bytes":	5242880,
					"bits_per_second":	41930383.820115,
					"retransmits":	0,
					"snd_cwnd":	4643736,
					"rtt":	685559,
					"omitted":	false
				}],
			"sum":	{
				"start":	26.002975,
				"end":	27.003277,
				"seconds":	1.000302,
				"bytes":	5242880,
				"bits_per_second":	41930383.820115,
				"retransmits":	0,
				"omitted":	false
			}
		}, {
			"streams":	[{
					"socket":	4,
					"start":	27.003277,
					"end":	28.002175,
					"seconds":	0.998898,
					"bytes":	5069528,
					"bits_per_second":	40600965.072790,
					"retransmits":	0,
					"snd_cwnd":	4643736,
					"rtt":	597612,
					"omitted":	false
				}],
			"sum":	{
				"start":	27.003277,
				"end":	28.002175,
				"seconds":	0.998898,
				"bytes":	5069528,
				"bits_per_second":	40600965.072790,
				"retransmits":	0,
				"omitted":	false
			}
		}, {
			"streams":	[{
					"socket":	4,
					"start":	28.002175,
					"end":	29.003016,
					"seconds":	1.000841,
					"bytes":	3932160,
					"bits_per_second":	31430842.237879,
					"retransmits":	0,
					"snd_cwnd":	4643736,
					"rtt":	591193,
					"omitted":	false
				}],
			"sum":	{
				"start":	28.002175,
				"end":	29.003016,
				"seconds":	1.000841,
				"bytes":	3932160,
				"bits_per_second":	31430842.237879,
				"retransmits":	0,
				"omitted":	false
			}
		}, {
			"streams":	[{
					"socket":	4,
					"start":	29.003016,
					"end":	30.003242,
					"seconds":	1.000226,
					"bytes":	5242880,
					"bits_per_second":	41933572.137677,
					"retransmits":	0,
					"snd_cwnd":	4643736,
					"rtt":	678424,
					"omitted":	false
				}],
			"sum":	{
				"start":	29.003016,
				"end":	30.003242,
				"seconds":	1.000226,
				"bytes":	5242880,
				"bits_per_second":	41933572.137677,
				"retransmits":	0,
				"omitted":	false
			}
		}, {
			"streams":	[{
					"socket":	4,
					"start":	30.003242,
					"end":	31.002093,
					"seconds":	0.998851,
					"bytes":	5015952,
					"bits_per_second":	40173773.220160,
					"retransmits":	0,
					"snd_cwnd":	4643736,
					"rtt":	586553,
					"omitted":	false
				}],
			"sum":	{
				"start":	30.003242,
				"end":	31.002093,
				"seconds":	0.998851,
				"bytes":	5015952,
				"bits_per_second":	40173773.220160,
				"retransmits":	0,
				"omitted":	false
			}
		}, {
			"streams":	[{
					"socket":	4,
					"start":	31.002093,
					"end":	32.002976,
					"seconds":	1.000883,
					"bytes":	3932160,
					"bits_per_second":	31429524.510939,
					"retransmits":	0,
					"snd_cwnd":	4643736,
					"rtt":	604945,
					"omitted":	false
				}],
			"sum":	{
				"start":	31.002093,
				"end":	32.002976,
				"seconds":	1.000883,
				"bytes":	3932160,
				"bits_per_second":	31429524.510939,
				"retransmits":	0,
				"omitted":	false
			}
		}, {
			"streams":	[{
					"socket":	4,
					"start":	32.002976,
					"end":	33.003030,
					"seconds":	1.000054,
					"bytes":	5242880,
					"bits_per_second":	41940780.121768,
					"retransmits":	0,
					"snd_cwnd":	4643736,
					"rtt":	672934,
					"omitted":	false
				}],
			"sum":	{
				"start":	32.002976,
				"end":	33.003030,
				"seconds":	1.000054,
				"bytes":	5242880,
				"bits_per_second":	41940780.121768,
				"retransmits":	0,
				"omitted":	false
			}
		}, {
			"streams":	[{
					"socket":	4,
					"start":	33.003030,
					"end":	34.002148,
					"seconds":	0.999118,
					"bytes":	4977184,
					"bits_per_second":	39852618.435641,
					"retransmits":	0,
					"snd_cwnd":	4643736,
					"rtt":	592446,
					"omitted":	false
				}],
			"sum":	{
				"start":	33.003030,
				"end":	34.002148,
				"seconds":	0.999118,
				"bytes":	4977184,
				"bits_per_second":	39852618.435641,
				"retransmits":	0,
				"omitted":	false
			}
		}, {
			"streams":	[{
					"socket":	4,
					"start":	34.002148,
					"end":	35.003209,
					"seconds":	1.001061,
					"bytes":	3932160,
					"bits_per_second":	31423940.372101,
					"retransmits":	0,
					"snd_cwnd":	4643736,
					"rtt":	586163,
					"omitted":	false
				}],
			"sum":	{
				"start":	34.002148,
				"end":	35.003209,
				"seconds":	1.001061,
				"bytes":	3932160,
				"bits_per_second":	31423940.372101,
				"retransmits":	0,
				"omitted":	false
			}
		}, {
			"streams":	[{
					"socket":	4,
					"start":	35.003209,
					"end":	36.003065,
					"seconds":	0.999856,
					"bytes":	5242880,
					"bits_per_second":	41949080.869914,
					"retransmits":	0,
					"snd_cwnd":	4643736,
					"rtt":	696732,
					"omitted":	false
				}],
			"sum":	{
				"start":	35.003209,
				"end":	36.003065,
				"seconds":	0.999856,
				"bytes":	5242880,
				"bits_per_second":	41949080.869914,
				"retransmits":	0,
				"omitted":	false
			}
		}, {
			"streams":	[{
					"socket":	4,
					"start":	36.003065,
					"end":	37.002034,
					"seconds":	0.998969,
					"bytes":	5060840,
					"bits_per_second":	40528501.721459,
					"retransmits":	0,
					"snd_cwnd":	4643736,
					"rtt":	599310,
					"omitted":	false
				}],
			"sum":	{
				"start":	36.003065,
				"end":	37.002034,
				"seconds":	0.998969,
				"bytes":	5060840,
				"bits_per_second":	40528501.721459,
				"retransmits":	0,
				"omitted":	false
			}
		}, {
			"streams":	[{
					"socket":	4,
					"start":	37.002034,
					"end":	38.002585,
					"seconds":	1.000551,
					"bytes":	3932160,
					"bits_per_second":	31439957.044694,
					"retransmits":	0,
					"snd_cwnd":	4643736,
					"rtt":	592349,
					"omitted":	false
				}],
			"sum":	{
				"start":	37.002034,
				"end":	38.002585,
				"seconds":	1.000551,
				"bytes":	3932160,
				"bits_per_second":	31439957.044694,
				"retransmits":	0,
				"omitted":	false
			}
		}, {
			"streams":	[{
					"socket":	4,
					"start":	38.002585,
					"end":	39.003096,
					"seconds":	1.000511,
					"bytes":	5175992,
					"bits_per_second":	41386790.205272,
					"retransmits":	0,
					"snd_cwnd":	4643736,
					"rtt":	692349,
					"omitted":	false
				}],
			"sum":	{
				"start":	38.002585,
				"end":	39.003096,
				"seconds":	1.000511,
				"bytes":	5175992,
				"bits_per_second":	41386790.205272,
				"retransmits":	0,
				"omitted":	false
			}
		}, {
			"streams":	[{
					"socket":	4,
					"start":	39.003096,
					"end":	40.002657,
					"seconds":	0.999561,
					"bytes":	5112968,
					"bits_per_second":	40921705.707164,
					"retransmits":	0,
					"snd_cwnd":	4643736,
					"rtt":	602770,
					"omitted":	false
				}],
			"sum":	{
				"start":	39.003096,
				"end":	40.002657,
				"seconds":	0.999561,
				"bytes":	5112968,
				"bits_per_second":	40921705.707164,
				"retransmits":	0,
				"omitted":	false
			}
		}, {
			"streams":	[{
					"socket":	4,
					"start":	40.002657,
					"end":	41.002894,
					"seconds":	1.000237,
					"bytes":	3932160,
					"bits_per_second":	31449826.766327,
					"retransmits":	0,
					"snd_cwnd":	4643736,
					"rtt":	595862,
					"omitted":	false
				}],
			"sum":	{
				"start":	40.002657,
				"end":	41.002894,
				"seconds":	1.000237,
				"bytes":	3932160,
				"bits_per_second":	31449826.766327,
				"retransmits":	0,
				"omitted":	false
			}
		}, {
			"streams":	[{
					"socket":	4,
					"start":	41.002894,
					"end":	42.003107,
					"seconds":	1.000213,
					"bytes":	5242880,
					"bits_per_second":	41934111.900862,
					"retransmits":	0,
					"snd_cwnd":	4643736,
					"rtt":	686851,
					"omitted":	false
				}],
			"sum":	{
				"start":	41.002894,
				"end":	42.003107,
				"seconds":	1.000213,
				"bytes":	5242880,
				"bits_per_second":	41934111.900862,
				"retransmits":	0,
				"omitted":	false
			}
		}, {
			"streams":	[{
					"socket":	4,
					"start":	42.003107,
					"end":	43.002302,
					"seconds":	0.999195,
					"bytes":	4985872,
					"bits_per_second":	39919106.934002,
					"retransmits":	0,
					"snd_cwnd":	4643736,
					"rtt":	590925,
					"omitted":	false
				}],
			"sum":	{
				"start":	42.003107,
				"end":	43.002302,
				"seconds":	0.999195,
				"bytes":	4985872,
				"bits_per_second":	39919106.934002,
				"retransmits":	0,
				"omitted":	false
			}
		}, {
			"streams":	[{
					"socket":	4,
					"start":	43.002302,
					"end":	44.003063,
					"seconds":	1.000761,
					"bytes":	3932160,
					"bits_per_second":	31433358.205254,
					"retransmits":	0,
					"snd_cwnd":	4643736,
					"rtt":	577591,
					"omitted":	false
				}],
			"sum":	{
				"start":	43.002302,
				"end":	44.003063,
				"seconds":	1.000761,
				"bytes":	3932160,
				"bits_per_second":	31433358.205254,
				"retransmits":	0,
				"omitted":	false
			}
		}, {
			"streams":	[{
					"socket":	4,
					"start":	44.003063,
					"end":	45.003123,
					"seconds":	1.000060,
					"bytes":	5242880,
					"bits_per_second":	41940530.150197,
					"retransmits":	0,
					"snd_cwnd":	4643736,
					"rtt":	697594,
					"omitted":	false
				}],
			"sum":	{
				"start":	44.003063,
				"end":	45.003123,
				"seconds":	1.000060,
				"bytes":	5242880,
				"bits_per_second":	41940530.150197,
				"retransmits":	0,
				"omitted":	false
			}
		}, {
			"streams":	[{
					"socket":	4,
					"start":	45.003123,
					"end":	46.002439,
					"seconds":	0.999316,
					"bytes":	5060840,
					"bits_per_second":	40514432.799955,
					"retransmits":	0,
					"snd_cwnd":	4643736,
					"rtt":	594057,
					"omitted":	false
				}],
			"sum":	{
				"start":	45.003123,
				"end":	46.002439,
				"seconds":	0.999316,
				"bytes":	5060840,
				"bits_per_second":	40514432.799955,
				"retransmits":	0,
				"omitted":	false
			}
		}, {
			"streams":	[{
					"socket":	4,
					"start":	46.002439,
					"end":	47.002541,
					"seconds":	1.000102,
					"bytes":	3932160,
					"bits_per_second":	31454070.327525,
					"retransmits":	0,
					"snd_cwnd":	4643736,
					"rtt":	584056,
					"omitted":	false
				}],
			"sum":	{
				"start":	46.002439,
				"end":	47.002541,
				"seconds":	1.000102,
				"bytes":	3932160,
				"bits_per_second":	31454070.327525,
				"retransmits":	0,
				"omitted":	false
			}
		}, {
			"streams":	[{
					"socket":	4,
					"start":	47.002541,
					"end":	48.002776,
					"seconds":	1.000235,
					"bytes":	5242880,
					"bits_per_second":	41933182.317351,
					"retransmits":	0,
					"snd_cwnd":	4643736,
					"rtt":	696007,
					"omitted":	false
				}],
			"sum":	{
				"start":	47.002541,
				"end":	48.002776,
				"seconds":	1.000235,
				"bytes":	5242880,
				"bits_per_second":	41933182.317351,
				"retransmits":	0,
				"omitted":	false
			}
		}, {
			"streams":	[{
					"socket":	4,
					"start":	48.002776,
					"end":	49.002166,
					"seconds":	0.999390,
					"bytes":	5033328,
					"bits_per_second":	40291206.194484,
					"retransmits":	0,
					"snd_cwnd":	4643736,
					"rtt":	594856,
					"omitted":	false
				}],
			"sum":	{
				"start":	48.002776,
				"end":	49.002166,
				"seconds":	0.999390,
				"bytes":	5033328,
				"bits_per_second":	40291206.194484,
				"retransmits":	0,
				"omitted":	false
			}
		}, {
			"streams":	[{
					"socket":	4,
					"start":	49.002166,
					"end":	50.002586,
					"seconds":	1.000420,
					"bytes":	3932160,
					"bits_per_second":	31444070.549205,
					"retransmits":	0,
					"snd_cwnd":	4643736,
					"rtt":	574818,
					"omitted":	false
				}],
			"sum":	{
				"start":	49.002166,
				"end":	50.002586,
				"seconds":	1.000420,
				"bytes":	3932160,
				"bits_per_second":	31444070.549205,
				"retransmits":	0,
				"omitted":	false
			}
		}, {
			"streams":	[{
					"socket":	4,
					"start":	50.002586,
					"end":	51.003286,
					"seconds":	1.000700,
					"bytes":	5242880,
					"bits_per_second":	41913700.537534,
					"retransmits":	0,
					"snd_cwnd":	4643736,
					"rtt":	687759,
					"omitted":	false
				}],
			"sum":	{
				"start":	50.002586,
				"end":	51.003286,
				"seconds":	1.000700,
				"bytes":	5242880,
				"bits_per_second":	41913700.537534,
				"retransmits":	0,
				"omitted":	false
			}
		}, {
			"streams":	[{
					"socket":	4,
					"start":	51.003286,
					"end":	52.001909,
					"seconds":	0.998623,
					"bytes":	4977184,
					"bits_per_second":	39872380.482950,
					"retransmits":	0,
					"snd_cwnd":	4643736,
					"rtt":	598392,
					"omitted":	false
				}],
			"sum":	{
				"start":	51.003286,
				"end":	52.001909,
				"seconds":	0.998623,
				"bytes":	4977184,
				"bits_per_second":	39872380.482950,
				"retransmits":	0,
				"omitted":	false
			}
		}, {
			"streams":	[{
					"socket":	4,
					"start":	52.001909,
					"end":	53.002600,
					"seconds":	1.000691,
					"bytes":	3932160,
					"bits_per_second":	31435552.517503,
					"retransmits":	0,
					"snd_cwnd":	4643736,
					"rtt":	593266,
					"omitted":	false
				}],
			"sum":	{
				"start":	52.001909,
				"end":	53.002600,
				"seconds":	1.000691,
				"bytes":	3932160,
				"bits_per_second":	31435552.517503,
				"retransmits":	0,
				"omitted":	false
			}
		}, {
			"streams":	[{
					"socket":	4,
					"start":	53.002600,
					"end":	54.003255,
					"seconds":	1.000655,
					"bytes":	5242880,
					"bits_per_second":	41915587.979312,
					"retransmits":	0,
					"snd_cwnd":	4643736,
					"rtt":	704662,
					"omitted":	false
				}],
			"sum":	{
				"start":	53.002600,
				"end":	54.003255,
				"seconds":	1.000655,
				"bytes":	5242880,
				"bits_per_second":	41915587.979312,
				"retransmits":	0,
				"omitted":	false
			}
		}, {
			"streams":	[{
					"socket":	4,
					"start":	54.003255,
					"end":	55.002231,
					"seconds":	0.998976,
					"bytes":	5060840,
					"bits_per_second":	40528221.214532,
					"retransmits":	0,
					"snd_cwnd":	4643736,
					"rtt":	599950,
					"omitted":	false
				}],
			"sum":	{
				"start":	54.003255,
				"end":	55.002231,
				"seconds":	0.998976,
				"bytes":	5060840,
				"bits_per_second":	40528221.214532,
				"retransmits":	0,
				"omitted":	false
			}
		}, {
			"streams":	[{
					"socket":	4,
					"start":	55.002231,
					"end":	56.003078,
					"seconds":	1.000847,
					"bytes":	3932160,
					"bits_per_second":	31430655.054024,
					"retransmits":	0,
					"snd_cwnd":	4643736,
					"rtt":	598775,
					"omitted":	false
				}],
			"sum":	{
				"start":	55.002231,
				"end":	56.003078,
				"seconds":	1.000847,
				"bytes":	3932160,
				"bits_per_second":	31430655.054024,
				"retransmits":	0,
				"omitted":	false
			}
		}, {
			"streams":	[{
					"socket":	4,
					"start":	56.003078,
					"end":	57.003155,
					"seconds":	1.000077,
					"bytes":	5242880,
					"bits_per_second":	41939810.248721,
					"retransmits":	0,
					"snd_cwnd":	4643736,
					"rtt":	693814,
					"omitted":	false
				}],
			"sum":	{
				"start":	56.003078,
				"end":	57.003155,
				"seconds":	1.000077,
				"bytes":	5242880,
				"bits_per_second":	41939810.248721,
				"retransmits":	0,
				"omitted":	false
			}
		}, {
			"streams":	[{
					"socket":	4,
					"start":	57.003155,
					"end":	58.002283,
					"seconds":	0.999128,
					"bytes":	5039448,
					"bits_per_second":	40350775.329994,
					"retransmits":	0,
					"snd_cwnd":	4643736,
					"rtt":	597172,
					"omitted":	false
				}],
			"sum":	{
				"start":	57.003155,
				"end":	58.002283,
				"seconds":	0.999128,
				"bytes":	5039448,
				"bits_per_second":	40350775.329994,
				"retransmits":	0,
				"omitted":	false
			}
		}, {
			"streams":	[{
					"socket":	4,
					"start":	58.002283,
					"end":	59.002819,
					"seconds":	1.000536,
					"bytes":	3932160,
					"bits_per_second":	31440429.031529,
					"retransmits":	0,
					"snd_cwnd":	4643736,
					"rtt":	573171,
					"omitted":	false
				}],
			"sum":	{
				"start":	58.002283,
				"end":	59.002819,
				"seconds":	1.000536,
				"bytes":	3932160,
				"bits_per_second":	31440429.031529,
				"retransmits":	0,
				"omitted":	false
			}
		}, {
			"streams":	[{
					"socket":	4,
					"start":	59.002819,
					"end":	60.002768,
					"seconds":	0.999949,
					"bytes":	5242880,
					"bits_per_second":	41945180.109192,
					"retransmits":	0,
					"snd_cwnd":	4643736,
					"rtt":	689888,
					"omitted":	false
				}],
			"sum":	{
				"start":	59.002819,
				"end":	60.002768,
				"seconds":	0.999949,
				"bytes":	5242880,
				"bits_per_second":	41945180.109192,
				"retransmits":	0,
				"omitted":	false
			}
		}, {
			"streams":	[{
					"socket":	4,
					"start":	60.002768,
					"end":	61.002205,
					"seconds":	0.999437,
					"bytes":	4993696,
					"bits_per_second":	39972068.527810,
					"retransmits":	0,
					"snd_cwnd":	4643736,
					"rtt":	585048,
					"omitted":	false
				}],
			"sum":	{
				"start":	60.002768,
				"end":	61.002205,
				"seconds":	0.999437,
				"bytes":	4993696,
				"bits_per_second":	39972068.527810,
				"retransmits":	0,
				"omitted":	false
			}
		}, {
			"streams":	[{
					"socket":	4,
					"start":	61.002205,
					"end":	62.002703,
					"seconds":	1.000498,
					"bytes":	3932160,
					"bits_per_second":	31441620.299414,
					"retransmits":	0,
					"snd_cwnd":	4643736,
					"rtt":	599195,
					"omitted":	false
				}],
			"sum":	{
				"start":	61.002205,
				"end":	62.002703,
				"seconds":	1.000498,
				"bytes":	3932160,
				"bits_per_second":	31441620.299414,
				"retransmits":	0,
				"omitted":	false
			}
		}, {
			"streams":	[{
					"socket":	4,
					"start":	62.002703,
					"end":	63.003151,
					"seconds":	1.000448,
					"bytes":	5242880,
					"bits_per_second":	41924258.413935,
					"retransmits":	0,
					"snd_cwnd":	4643736,
					"rtt":	689780,
					"omitted":	false
				}],
			"sum":	{
				"start":	62.002703,
				"end":	63.003151,
				"seconds":	1.000448,
				"bytes":	5242880,
				"bits_per_second":	41924258.413935,
				"retransmits":	0,
				"omitted":	false
			}
		}, {
			"streams":	[{
					"socket":	4,
					"start":	63.003151,
					"end":	64.002086,
					"seconds":	0.998935,
					"bytes":	5099936,
					"bits_per_second":	40842986.425570,
					"retransmits":	0,
					"snd_cwnd":	4643736,
					"rtt":	593164,
					"omitted":	false
				}],
			"sum":	{
				"start":	63.003151,
				"end":	64.002086,
				"seconds":	0.998935,
				"bytes":	5099936,
				"bits_per_second":	40842986.425570,
				"retransmits":	0,
				"omitted":	false
			}
		}, {
			"streams":	[{
					"socket":	4,
					"start":	64.002086,
					"end":	65.002620,
					"seconds":	1.000534,
					"bytes":	3932160,
					"bits_per_second":	31440488.967379,
					"retransmits":	0,
					"snd_cwnd":	4643736,
					"rtt":	636845,
					"omitted":	false
				}],
			"sum":	{
				"start":	64.002086,
				"end":	65.002620,
				"seconds":	1.000534,
				"bytes":	3932160,
				"bits_per_second":	31440488.967379,
				"retransmits":	0,
				"omitted":	false
			}
		}, {
			"streams":	[{
					"socket":	4,
					"start":	65.002620,
					"end":	66.003181,
					"seconds":	1.000561,
					"bytes":	5242880,
					"bits_per_second":	41919523.192903,
					"retransmits":	0,
					"snd_cwnd":	4643736,
					"rtt":	676374,
					"omitted":	false
				}],
			"sum":	{
				"start":	65.002620,
				"end":	66.003181,
				"seconds":	1.000561,
				"bytes":	5242880,
				"bits_per_second":	41919523.192903,
				"retransmits":	0,
				"omitted":	false
			}
		}, {
			"streams":	[{
					"socket":	4,
					"start":	66.003181,
					"end":	67.002339,
					"seconds":	0.999158,
					"bytes":	4981200,
					"bits_per_second":	39883185.407939,
					"retransmits":	0,
					"snd_cwnd":	4643736,
					"rtt":	585328,
					"omitted":	false
				}],
			"sum":	{
				"start":	66.003181,
				"end":	67.002339,
				"seconds":	0.999158,
				"bytes":	4981200,
				"bits_per_second":	39883185.407939,
				"retransmits":	0,
				"omitted":	false
			}
		}, {
			"streams":	[{
					"socket":	4,
					"start":	67.002339,
					"end":	68.002892,
					"seconds":	1.000553,
					"bytes":	3932160,
					"bits_per_second":	31439897.110872,
					"retransmits":	0,
					"snd_cwnd":	4643736,
					"rtt":	600626,
					"omitted":	false
				}],
			"sum":	{
				"start":	67.002339,
				"end":	68.002892,
				"seconds":	1.000553,
				"bytes":	3932160,
				"bits_per_second":	31439897.110872,
				"retransmits":	0,
				"omitted":	false
			}
		}, {
			"streams":	[{
					"socket":	4,
					"start":	68.002892,
					"end":	69.003255,
					"seconds":	1.000363,
					"bytes":	5242880,
					"bits_per_second":	41927815.528181,
					"retransmits":	0,
					"snd_cwnd":	4643736,
					"rtt":	683727,
					"omitted":	false
				}],
			"sum":	{
				"start":	68.002892,
				"end":	69.003255,
				"seconds":	1.000363,
				"bytes":	5242880,
				"bits_per_second":	41927815.528181,
				"retransmits":	0,
				"omitted":	false
			}
		}, {
			"streams":	[{
					"socket":	4,
					"start":	69.003255,
					"end":	70.002388,
					"seconds":	0.999133,
					"bytes":	5017880,
					"bits_per_second":	40177879.379144,
					"retransmits":	0,
					"snd_cwnd":	4643736,
					"rtt":	592535,
					"omitted":	false
				}],
			"sum":	{
				"start":	69.003255,
				"end":	70.002388,
				"seconds":	0.999133,
				"bytes":	5017880,
				"bits_per_second":	40177879.379144,
				"retransmits":	0,
				"omitted":	false
			}
		}, {
			"streams":	[{
					"socket":	4,
					"start":	70.002388,
					"end":	71.002757,
					"seconds":	1.000369,
					"bytes":	3932160,
					"bits_per_second":	31445674.283345,
					"retransmits":	0,
					"snd_cwnd":	4643736,
					"rtt":	571813,
					"omitted":	false
				}],
			"sum":	{
				"start":	70.002388,
				"end":	71.002757,
				"seconds":	1.000369,
				"bytes":	3932160,
				"bits_per_second":	31445674.283345,
				"retransmits":	0,
				"omitted":	false
			}
		}, {
			"streams":	[{
					"socket":	4,
					"start":	71.002757,
					"end":	72.003059,
					"seconds":	1.000302,
					"bytes":	5242880,
					"bits_per_second":	41930373.826151,
					"retransmits":	0,
					"snd_cwnd":	4643736,
					"rtt":	686654,
					"omitted":	false
				}],
			"sum":	{
				"start":	71.002757,
				"end":	72.003059,
				"seconds":	1.000302,
				"bytes":	5242880,
				"bits_per_second":	41930373.826151,
				"retransmits":	0,
				"omitted":	false
			}
		}, {
			"streams":	[{
					"socket":	4,
					"start":	72.003059,
					"end":	73.002156,
					"seconds":	0.999097,
					"bytes":	5024640,
					"bits_per_second":	40233456.024146,
					"retransmits":	0,
					"snd_cwnd":	4643736,
					"rtt":	588332,
					"omitted":	false
				}],
			"sum":	{
				"start":	72.003059,
				"end":	73.002156,
				"seconds":	0.999097,
				"bytes":	5024640,
				"bits_per_second":	40233456.024146,
				"retransmits":	0,
				"omitted":	false
			}
		}, {
			"streams":	[{
					"socket":	4,
					"start":	73.002156,
					"end":	74.003035,
					"seconds":	1.000879,
					"bytes":	3932160,
					"bits_per_second":	31429651.786562,
					"retransmits":	0,
					"snd_cwnd":	4643736,
					"rtt":	592327,
					"omitted":	false
				}],
			"sum":	{
				"start":	73.002156,
				"end":	74.003035,
				"seconds":	1.000879,
				"bytes":	3932160,
				"bits_per_second":	31429651.786562,
				"retransmits":	0,
				"omitted":	false
			}
		}, {
			"streams":	[{
					"socket":	4,
					"start":	74.003035,
					"end":	75.003473,
					"seconds":	1.000438,
					"bytes":	5242880,
					"bits_per_second":	41924678.042077,
					"retransmits":	0,
					"snd_cwnd":	4643736,
					"rtt":	689132,
					"omitted":	false
				}],
			"sum":	{
				"start":	74.003035,
				"end":	75.003473,
				"seconds":	1.000438,
				"bytes":	5242880,
				"bits_per_second":	41924678.042077,
				"retransmits":	0,
				"omitted":	false
			}
		}, {
			"streams":	[{
					"socket":	4,
					"start":	75.003473,
					"end":	76.001832,
					"seconds":	0.998359,
					"bytes":	5011480,
					"bits_per_second":	40157740.260499,
					"retransmits":	0,
					"snd_cwnd":	4643736,
					"rtt":	594940,
					"omitted":	false
				}],
			"sum":	{
				"start":	75.003473,
				"end":	76.001832,
				"seconds":	0.998359,
				"bytes":	5011480,
				"bits_per_second":	40157740.260499,
				"retransmits":	0,
				"omitted":	false
			}
		}, {
			"streams":	[{
					"socket":	4,
					"start":	76.001832,
					"end":	77.002901,
					"seconds":	1.001069,
					"bytes":	3932160,
					"bits_per_second":	31423685.914392,
					"retransmits":	0,
					"snd_cwnd":	4643736,
					"rtt":	570028,
					"omitted":	false
				}],
			"sum":	{
				"start":	76.001832,
				"end":	77.002901,
				"seconds":	1.001069,
				"bytes":	3932160,
				"bits_per_second":	31423685.914392,
				"retransmits":	0,
				"omitted":	false
			}
		}, {
			"streams":	[{
					"socket":	4,
					"start":	77.002901,
					"end":	78.003057,
					"seconds":	1.000156,
					"bytes":	5242880,
					"bits_per_second":	41936501.019595,
					"retransmits":	0,
					"snd_cwnd":	4643736,
					"rtt":	690558,
					"omitted":	false
				}],
			"sum":	{
				"start":	77.002901,
				"end":	78.003057,
				"seconds":	1.000156,
				"bytes":	5242880,
				"bits_per_second":	41936501.019595,
				"retransmits":	0,
				"omitted":	false
			}
		}, {
			"streams":	[{
					"socket":	4,
					"start":	78.003057,
					"end":	79.002007,
					"seconds":	0.998950,
					"bytes":	5010448,
					"bits_per_second":	40125715.817928,
					"retransmits":	0,
					"snd_cwnd":	4643736,
					"rtt":	594807,
					"omitted":	false
				}],
			"sum":	{
				"start":	78.003057,
				"end":	79.002007,
				"seconds":	0.998950,
				"bytes":	5010448,
				"bits_per_second":	40125715.817928,
				"retransmits":	0,
				"omitted":	false
			}
		}, {
			"streams":	[{
					"socket":	4,
					"start":	79.002007,
					"end":	80.002779,
					"seconds":	1.000772,
					"bytes":	3932160,
					"bits_per_second":	31433013.733542,
					"retransmits":	0,
					"snd_cwnd":	4643736,
					"rtt":	562562,
					"omitted":	false
				}],
			"sum":	{
				"start":	79.002007,
				"end":	80.002779,
				"seconds":	1.000772,
				"bytes":	3932160,
				"bits_per_second":	31433013.733542,
				"retransmits":	0,
				"omitted":	false
			}
		}, {
			"streams":	[{
					"socket":	4,
					"start":	80.002779,
					"end":	81.003368,
					"seconds":	1.000589,
					"bytes":	5242880,
					"bits_per_second":	41918344.548888,
					"retransmits":	0,
					"snd_cwnd":	4643736,
					"rtt":	684469,
					"omitted":	false
				}],
			"sum":	{
				"start":	80.002779,
				"end":	81.003368,
				"seconds":	1.000589,
				"bytes":	5242880,
				"bits_per_second":	41918344.548888,
				"retransmits":	0,
				"omitted":	false
			}
		}, {
			"streams":	[{
					"socket":	4,
					"start":	81.003368,
					"end":	82.001812,
					"seconds":	0.998444,
					"bytes":	4968496,
					"bits_per_second":	39809909.019598,
					"retransmits":	0,
					"snd_cwnd":	4643736,
					"rtt":	579079,
					"omitted":	false
				}],
			"sum":	{
				"start":	81.003368,
				"end":	82.001812,
				"seconds":	0.998444,
				"bytes":	4968496,
				"bits_per_second":	39809909.019598,
				"retransmits":	0,
				"omitted":	false
			}
		}, {
			"streams":	[{
					"socket":	4,
					"start":	82.001812,
					"end":	83.003213,
					"seconds":	1.001401,
					"bytes":	3932160,
					"bits_per_second":	31413271.653386,
					"retransmits":	0,
					"snd_cwnd":	4643736,
					"rtt":	580164,
					"omitted":	false
				}],
			"sum":	{
				"start":	82.001812,
				"end":	83.003213,
				"seconds":	1.001401,
				"bytes":	3932160,
				"bits_per_second":	31413271.653386,
				"retransmits":	0,
				"omitted":	false
			}
		}, {
			"streams":	[{
					"socket":	4,
					"start":	83.003213,
					"end":	84.003101,
					"seconds":	0.999888,
					"bytes":	5242880,
					"bits_per_second":	41947740.526726,
					"retransmits":	0,
					"snd_cwnd":	4643736,
					"rtt":	698491,
					"omitted":	false
				}],
			"sum":	{
				"start":	83.003213,
				"end":	84.003101,
				"seconds":	0.999888,
				"bytes":	5242880,
				"bits_per_second":	41947740.526726,
				"retransmits":	0,
				"omitted":	false
			}
		}, {
			"streams":	[{
					"socket":	4,
					"start":	84.003101,
					"end":	85.002336,
					"seconds":	0.999235,
					"bytes":	5104280,
					"bits_per_second":	40865505.594352,
					"retransmits":	0,
					"snd_cwnd":	4643736,
					"rtt":	599114,
					"omitted":	false
				}],
			"sum":	{
				"start":	84.003101,
				"end":	85.002336,
				"seconds":	0.999235,
				"bytes":	5104280,
				"bits_per_second":	40865505.594352,
				"retransmits":	0,
				"omitted":	false
			}
		}, {
			"streams":	[{
					"socket":	4,
					"start":	85.002336,
					"end":	86.002945,
					"seconds":	1.000609,
					"bytes":	3930432,
					"bits_per_second":	31424313.581806,
					"retransmits":	0,
					"snd_cwnd":	4643736,
					"rtt":	629869,
					"omitted":	false
				}],
			"sum":	{
				"start":	85.002336,
				"end":	86.002945,
				"seconds":	1.000609,
				"bytes":	3930432,
				"bits_per_second":	31424313.581806,
				"retransmits":	0,
				"omitted":	false
			}
		}, {
			"streams":	[{
					"socket":	4,
					"start":	86.002945,
					"end":	87.002861,
					"seconds":	0.999916,
					"bytes":	5242880,
					"bits_per_second":	41946570.297116,
					"retransmits":	0,
					"snd_cwnd":	4643736,
					"rtt":	674753,
					"omitted":	false
				}],
			"sum":	{
				"start":	86.002945,
				"end":	87.002861,
				"seconds":	0.999916,
				"bytes":	5242880,
				"bits_per_second":	41946570.297116,
				"retransmits":	0,
				"omitted":	false
			}
		}, {
			"streams":	[{
					"socket":	4,
					"start":	87.002861,
					"end":	88.001954,
					"seconds":	0.999093,
					"bytes":	5019800,
					"bits_per_second":	40194854.493163,
					"retransmits":	0,
					"snd_cwnd":	4643736,
					"rtt":	603453,
					"omitted":	false
				}],
			"sum":	{
				"start":	87.002861,
				"end":	88.001954,
				"seconds":	0.999093,
				"bytes":	5019800,
				"bits_per_second":	40194854.493163,
				"retransmits":	0,
				"omitted":	false
			}
		}, {
			"streams":	[{
					"socket":	4,
					"start":	88.001954,
					"end":	89.002921,
					"seconds":	1.000967,
					"bytes":	3932160,
					"bits_per_second":	31426889.388504,
					"retransmits":	0,
					"snd_cwnd":	4643736,
					"rtt":	570104,
					"omitted":	false
				}],
			"sum":	{
				"start":	88.001954,
				"end":	89.002921,
				"seconds":	1.000967,
				"bytes":	3932160,
				"bits_per_second":	31426889.388504,
				"retransmits":	0,
				"omitted":	false
			}
		}, {
			"streams":	[{
					"socket":	4,
					"start":	89.002921,
					"end":	90.003122,
					"seconds":	1.000201,
					"bytes":	5242880,
					"bits_per_second":	41934611.693979,
					"retransmits":	0,
					"snd_cwnd":	4643736,
					"rtt":	701845,
					"omitted":	false
				}],
			"sum":	{
				"start":	89.002921,
				"end":	90.003122,
				"seconds":	1.000201,
				"bytes":	5242880,
				"bits_per_second":	41934611.693979,
				"retransmits":	0,
				"omitted":	false
			}
		}, {
			"streams":	[{
					"socket":	4,
					"start":	90.003122,
					"end":	91.002289,
					"seconds":	0.999167,
					"bytes":	5026568,
					"bits_per_second":	40246070.365723,
					"retransmits":	0,
					"snd_cwnd":	4643736,
					"rtt":	595302,
					"omitted":	false
				}],
			"sum":	{
				"start":	90.003122,
				"end":	91.002289,
				"seconds":	0.999167,
				"bytes":	5026568,
				"bits_per_second":	40246070.365723,
				"retransmits":	0,
				"omitted":	false
			}
		}, {
			"streams":	[{
					"socket":	4,
					"start":	91.002289,
					"end":	92.003127,
					"seconds":	1.000838,
					"bytes":	3932160,
					"bits_per_second":	31430939.574365,
					"retransmits":	0,
					"snd_cwnd":	4643736,
					"rtt":	576590,
					"omitted":	false
				}],
			"sum":	{
				"start":	91.002289,
				"end":	92.003127,
				"seconds":	1.000838,
				"bytes":	3932160,
				"bits_per_second":	31430939.574365,
				"retransmits":	0,
				"omitted":	false
			}
		}, {
			"streams":	[{
					"socket":	4,
					"start":	92.003127,
					"end":	93.003556,
					"seconds":	1.000429,
					"bytes":	5242880,
					"bits_per_second":	41925057.712873,
					"retransmits":	0,
					"snd_cwnd":	4643736,
					"rtt":	688531,
					"omitted":	false
				}],
			"sum":	{
				"start":	92.003127,
				"end":	93.003556,
				"seconds":	1.000429,
				"bytes":	5242880,
				"bits_per_second":	41925057.712873,
				"retransmits":	0,
				"omitted":	false
			}
		}, {
			"streams":	[{
					"socket":	4,
					"start":	93.003556,
					"end":	94.002462,
					"seconds":	0.998906,
					"bytes":	5034776,
					"bits_per_second":	40322315.146714,
					"retransmits":	0,
					"snd_cwnd":	4643736,
					"rtt":	593661,
					"omitted":	false
				}],
			"sum":	{
				"start":	93.003556,
				"end":	94.002462,
				"seconds":	0.998906,
				"bytes":	5034776,
				"bits_per_second":	40322315.146714,
				"retransmits":	0,
				"omitted":	false
			}
		}, {
			"streams":	[{
					"socket":	4,
					"start":	94.002462,
					"end":	95.002926,
					"seconds":	1.000464,
					"bytes":	3932160,
					"bits_per_second":	31442691.768393,
					"retransmits":	0,
					"snd_cwnd":	4643736,
					"rtt":	586310,
					"omitted":	false
				}],
			"sum":	{
				"start":	94.002462,
				"end":	95.002926,
				"seconds":	1.000464,
				"bytes":	3932160,
				"bits_per_second":	31442691.768393,
				"retransmits":	0,
				"omitted":	false
			}
		}, {
			"streams":	[{
					"socket":	4,
					"start":	95.002926,
					"end":	96.003245,
					"seconds":	1.000319,
					"bytes":	5242880,
					"bits_per_second":	41929664.266913,
					"retransmits":	0,
					"snd_cwnd":	4643736,
					"rtt":	687040,
					"omitted":	false
				}],
			"sum":	{
				"start":	95.002926,
				"end":	96.003245,
				"seconds":	1.000319,
				"bytes":	5242880,
				"bits_per_second":	41929664.266913,
				"retransmits":	0,
				"omitted":	false
			}
		}, {
			"streams":	[{
					"socket":	4,
					"start":	96.003245,
					"end":	97.002022,
					"seconds":	0.998777,
					"bytes":	4985872,
					"bits_per_second":	39935820.995906,
					"retransmits":	0,
					"snd_cwnd":	4643736,
					"rtt":	586901,
					"omitted":	false
				}],
			"sum":	{
				"start":	96.003245,
				"end":	97.002022,
				"seconds":	0.998777,
				"bytes":	4985872,
				"bits_per_second":	39935820.995906,
				"retransmits":	0,
				"omitted":	false
			}
		}, {
			"streams":	[{
					"socket":	4,
					"start":	97.002022,
					"end":	98.002767,
					"seconds":	1.000745,
					"bytes":	3932160,
					"bits_per_second":	31433859.949298,
					"retransmits":	0,
					"snd_cwnd":	4643736,
					"rtt":	567434,
					"omitted":	false
				}],
			"sum":	{
				"start":	97.002022,
				"end":	98.002767,
				"seconds":	1.000745,
				"bytes":	3932160,
				"bits_per_second":	31433859.949298,
				"retransmits":	0,
				"omitted":	false
			}
		}, {
			"streams":	[{
					"socket":	4,
					"start":	98.002767,
					"end":	99.003236,
					"seconds":	1.000469,
					"bytes":	5242880,
					"bits_per_second":	41923379.220303,
					"retransmits":	0,
					"snd_cwnd":	4643736,
					"rtt":	694635,
					"omitted":	false
				}],
			"sum":	{
				"start":	98.002767,
				"end":	99.003236,
				"seconds":	1.000469,
				"bytes":	5242880,
				"bits_per_second":	41923379.220303,
				"retransmits":	0,
				"omitted":	false
			}
		}, {
			"streams":	[{
					"socket":	4,
					"start":	99.003236,
					"end":	100.002183,
					"seconds":	0.998947,
					"bytes":	5054080,
					"bits_per_second":	40475254.632716,
					"retransmits":	0,
					"snd_cwnd":	4643736,
					"rtt":	589506,
					"omitted":	false
				}],
			"sum":	{
				"start":	99.003236,
				"end":	100.002183,
				"seconds":	0.998947,
				"bytes":	5054080,
				"bits_per_second":	40475254.632716,
				"retransmits":	0,
				"omitted":	false
			}
		}, {
			"streams":	[{
					"socket":	4,
					"start":	100.002183,
					"end":	101.002972,
					"seconds":	1.000789,
					"bytes":	3932160,
					"bits_per_second":	31432482.063763,
					"retransmits":	0,
					"snd_cwnd":	4643736,
					"rtt":	579414,
					"omitted":	false
				}],
			"sum":	{
				"start":	100.002183,
				"end":	101.002972,
				"seconds":	1.000789,
				"bytes":	3932160,
				"bits_per_second":	31432482.063763,
				"retransmits":	0,
				"omitted":	false
			}
		}, {
			"streams":	[{
					"socket":	4,
					"start":	101.002972,
					"end":	102.003191,
					"seconds":	1.000219,
					"bytes":	5242880,
					"bits_per_second":	41933852.013149,
					"retransmits":	0,
					"snd_cwnd":	4643736,
					"rtt":	688614,
					"omitted":	false
				}],
			"sum":	{
				"start":	101.002972,
				"end":	102.003191,
				"seconds":	1.000219,
				"bytes":	5242880,
				"bits_per_second":	41933852.013149,
				"retransmits":	0,
				"omitted":	false
			}
		}, {
			"streams":	[{
					"socket":	4,
					"start":	102.003191,
					"end":	103.002254,
					"seconds":	0.999063,
					"bytes":	5033328,
					"bits_per_second":	40304398.226529,
					"retransmits":	0,
					"snd_cwnd":	4643736,
					"rtt":	593051,
					"omitted":	false
				}],
			"sum":	{
				"start":	102.003191,
				"end":	103.002254,
				"seconds":	0.999063,
				"bytes":	5033328,
				"bits_per_second":	40304398.226529,
				"retransmits":	0,
				"omitted":	false
			}
		}, {
			"streams":	[{
					"socket":	4,
					"start":	103.002254,
					"end":	104.002710,
					"seconds":	1.000456,
					"bytes":	3932160,
					"bits_per_second":	31442939.040836,
					"retransmits":	0,
					"snd_cwnd":	4643736,
					"rtt":	588184,
					"omitted":	false
				}],
			"sum":	{
				"start":	103.002254,
				"end":	104.002710,
				"seconds":	1.000456,
				"bytes":	3932160,
				"bits_per_second":	31442939.040836,
				"retransmits":	0,
				"omitted":	false
			}
		}, {
			"streams":	[{
					"socket":	4,
					"start":	104.002710,
					"end":	105.003152,
					"seconds":	1.000442,
					"bytes":	5242880,
					"bits_per_second":	41924508.191579,
					"retransmits":	0,
					"snd_cwnd":	4643736,
					"rtt":	682432,
					"omitted":	false
				}],
			"sum":	{
				"start":	104.002710,
				"end":	105.003152,
				"seconds":	1.000442,
				"bytes":	5242880,
				"bits_per_second":	41924508.191579,
				"retransmits":	0,
				"omitted":	false
			}
		}, {
			"streams":	[{
					"socket":	4,
					"start":	105.003152,
					"end":	106.002068,
					"seconds":	0.998916,
					"bytes":	4991816,
					"bits_per_second":	39977867.577645,
					"retransmits":	0,
					"snd_cwnd":	4643736,
					"rtt":	595211,
					"omitted":	false
				}],
			"sum":	{
				"start":	105.003152,
				"end":	106.002068,
				"seconds":	0.998916,
				"bytes":	4991816,
				"bits_per_second":	39977867.577645,
				"retransmits":	0,
				"omitted":	false
			}
		}, {
			"streams":	[{
					"socket":	4,
					"start":	106.002068,
					"end":	107.002814,
					"seconds":	1.000746,
					"bytes":	3932160,
					"bits_per_second":	31433829.993980,
					"retransmits":	0,
					"snd_cwnd":	4643736,
					"rtt":	605296,
					"omitted":	false
				}],
			"sum":	{
				"start":	106.002068,
				"end":	107.002814,
				"seconds":	1.000746,
				"bytes":	3932160,
				"bits_per_second":	31433829.993980,
				"retransmits":	0,
				"omitted":	false
			}
		}, {
			"streams":	[{
					"socket":	4,
					"start":	107.002814,
					"end":	108.003131,
					"seconds":	1.000317,
					"bytes":	5242880,
					"bits_per_second":	41929744.216049,
					"retransmits":	0,
					"snd_cwnd":	4643736,
					"rtt":	696568,
					"omitted":	false
				}],
			"sum":	{
				"start":	107.002814,
				"end":	108.003131,
				"seconds":	1.000317,
				"bytes":	5242880,
				"bits_per_second":	41929744.216049,
				"retransmits":	0,
				"omitted":	false
			}
		}, {
			"streams":	[{
					"socket":	4,
					"start":	108.003131,
					"end":	109.002015,
					"seconds":	0.998884,
					"bytes":	5052152,
					"bits_per_second":	40462373.520879,
					"retransmits":	0,
					"snd_cwnd":	4643736,
					"rtt":	597179,
					"omitted":	false
				}],
			"sum":	{
				"start":	108.003131,
				"end":	109.002015,
				"seconds":	0.998884,
				"bytes":	5052152,
				"bits_per_second":	40462373.520879,
				"retransmits":	0,
				"omitted":	false
			}
		}, {
			"streams":	[{
					"socket":	4,
					"start":	109.002015,
					"end":	110.002795,
					"seconds":	1.000780,
					"bytes":	3932160,
					"bits_per_second":	31432759.128869,
					"retransmits":	0,
					"snd_cwnd":	4643736,
					"rtt":	585939,
					"omitted":	false
				}],
			"sum":	{
				"start":	109.002015,
				"end":	110.002795,
				"seconds":	1.000780,
				"bytes":	3932160,
				"bits_per_second":	31432759.128869,
				"retransmits":	0,
				"omitted":	false
			}
		}, {
			"streams":	[{
					"socket":	4,
					"start":	110.002795,
					"end":	111.003636,
					"seconds":	1.000841,
					"bytes":	5242880,
					"bits_per_second":	41907799.633706,
					"retransmits":	0,
					"snd_cwnd":	4643736,
					"rtt":	692747,
					"omitted":	false
				}],
			"sum":	{
				"start":	110.002795,
				"end":	111.003636,
				"seconds":	1.000841,
				"bytes":	5242880,
				"bits_per_second":	41907799.633706,
				"retransmits":	0,
				"omitted":	false
			}
		}, {
			"streams":	[{
					"socket":	4,
					"start":	111.003636,
					"end":	112.002289,
					"seconds":	0.998653,
					"bytes":	5028488,
					"bits_per_second":	40282166.695749,
					"retransmits":	0,
					"snd_cwnd":	4643736,
					"rtt":	600220,
					"omitted":	false
				}],
			"sum":	{
				"start":	111.003636,
				"end":	112.002289,
				"seconds":	0.998653,
				"bytes":	5028488,
				"bits_per_second":	40282166.695749,
				"retransmits":	0,
				"omitted":	false
			}
		}, {
			"streams":	[{
					"socket":	4,
					"start":	112.002289,
					"end":	113.001855,
					"seconds":	0.999566,
					"bytes":	4745424,
					"bits_per_second":	37979872.295080,
					"retransmits":	0,
					"snd_cwnd":	4643736,
					"rtt":	593888,
					"omitted":	false
				}],
			"sum":	{
				"start":	112.002289,
				"end":	113.001855,
				"seconds":	0.999566,
				"bytes":	4745424,
				"bits_per_second":	37979872.295080,
				"retransmits":	0,
				"omitted":	false
			}
		}, {
			"streams":	[{
					"socket":	4,
					"start":	113.001855,
					"end":	114.003339,
					"seconds":	1.001484,
					"bytes":	3932160,
					"bits_per_second":	31410669.166619,
					"retransmits":	0,
					"snd_cwnd":	4643736,
					"rtt":	571152,
					"omitted":	false
				}],
			"sum":	{
				"start":	113.001855,
				"end":	114.003339,
				"seconds":	1.001484,
				"bytes":	3932160,
				"bits_per_second":	31410669.166619,
				"retransmits":	0,
				"omitted":	false
			}
		}, {
			"streams":	[{
					"socket":	4,
					"start":	114.003339,
					"end":	115.003141,
					"seconds":	0.999802,
					"bytes":	5242880,
					"bits_per_second":	41951341.642791,
					"retransmits":	0,
					"snd_cwnd":	4643736,
					"rtt":	701657,
					"omitted":	false
				}],
			"sum":	{
				"start":	114.003339,
				"end":	115.003141,
				"seconds":	0.999802,
				"bytes":	5242880,
				"bits_per_second":	41951341.642791,
				"retransmits":	0,
				"omitted":	false
			}
		}, {
			"streams":	[{
					"socket":	4,
					"start":	115.003141,
					"end":	116.002545,
					"seconds":	0.999404,
					"bytes":	5041184,
					"bits_per_second":	40353524.574977,
					"retransmits":	0,
					"snd_cwnd":	4643736,
					"rtt":	601241,
					"omitted":	false
				}],
			"sum":	{
				"start":	115.003141,
				"end":	116.002545,
				"seconds":	0.999404,
				"bytes":	5041184,
				"bits_per_second":	40353524.574977,
				"retransmits":	0,
				"omitted":	false
			}
		}, {
			"streams":	[{
					"socket":	4,
					"start":	116.002545,
					"end":	117.002882,
					"seconds":	1.000337,
					"bytes":	3932160,
					"bits_per_second":	31446686.068941,
					"retransmits":	0,
					"snd_cwnd":	4643736,
					"rtt":	579265,
					"omitted":	false
				}],
			"sum":	{
				"start":	116.002545,
				"end":	117.002882,
				"seconds":	1.000337,
				"bytes":	3932160,
				"bits_per_second":	31446686.068941,
				"retransmits":	0,
				"omitted":	false
			}
		}, {
			"streams":	[{
					"socket":	4,
					"start":	117.002882,
					"end":	118.003059,
					"seconds":	1.000177,
					"bytes":	5242880,
					"bits_per_second":	41935611.315954,
					"retransmits":	0,
					"snd_cwnd":	4643736,
					"rtt":	684967,
					"omitted":	false
				}],
			"sum":	{
				"start":	117.002882,
				"end":	118.003059,
				"seconds":	1.000177,
				"bytes":	5242880,
				"bits_per_second":	41935611.315954,
				"retransmits":	0,
				"omitted":	false
			}
		}, {
			"streams":	[{
					"socket":	4,
					"start":	118.003059,
					"end":	119.002238,
					"seconds":	0.999179,
					"bytes":	5003248,
					"bits_per_second":	40058876.888070,
					"retransmits":	0,
					"snd_cwnd":	4643736,
					"rtt":	589859,
					"omitted":	false
				}],
			"sum":	{
				"start":	118.003059,
				"end":	119.002238,
				"seconds":	0.999179,
				"bytes":	5003248,
				"bits_per_second":	40058876.888070,
				"retransmits":	0,
				"omitted":	false
			}
		}, {
			"streams":	[{
					"socket":	4,
					"start":	119.002238,
					"end":	120.002371,
					"seconds":	1.000133,
					"bytes":	3932160,
					"bits_per_second":	31453095.556688,
					"retransmits":	0,
					"snd_cwnd":	4643736,
					"rtt":	582580,
					"omitted":	false
				}],
			"sum":	{
				"start":	119.002238,
				"end":	120.002371,
				"seconds":	1.000133,
				"bytes":	3932160,
				"bits_per_second":	31453095.556688,
				"retransmits":	0,
				"omitted":	false
			}
		}, {
			"streams":	[{
					"socket":	4,
					"start":	120.002371,
					"end":	121.003035,
					"seconds":	1.000664,
					"bytes":	5242880,
					"bits_per_second":	41915208.480011,
					"retransmits":	0,
					"snd_cwnd":	4643736,
					"rtt":	690052,
					"omitted":	false
				}],
			"sum":	{
				"start":	120.002371,
				"end":	121.003035,
				"seconds":	1.000664,
				"bytes":	5242880,
				"bits_per_second":	41915208.480011,
				"retransmits":	0,
				"omitted":	false
			}
		}, {
			"streams":	[{
					"socket":	4,
					"start":	121.003035,
					"end":	122.002321,
					"seconds":	0.999286,
					"bytes":	5042496,
					"bits_per_second":	40368793.888084,
					"retransmits":	0,
					"snd_cwnd":	4643736,
					"rtt":	600740,
					"omitted":	false
				}],
			"sum":	{
				"start":	121.003035,
				"end":	122.002321,
				"seconds":	0.999286,
				"bytes":	5042496,
				"bits_per_second":	40368793.888084,
				"retransmits":	0,
				"omitted":	false
			}
		}, {
			"streams":	[{
					"socket":	4,
					"start":	122.002321,
					"end":	123.003073,
					"seconds":	1.000752,
					"bytes":	3932160,
					"bits_per_second":	31433635.285805,
					"retransmits":	0,
					"snd_cwnd":	4643736,
					"rtt":	567458,
					"omitted":	false
				}],
			"sum":	{
				"start":	122.002321,
				"end":	123.003073,
				"seconds":	1.000752,
				"bytes":	3932160,
				"bits_per_second":	31433635.285805,
				"retransmits":	0,
				"omitted":	false
			}
		}, {
			"streams":	[{
					"socket":	4,
					"start":	123.003073,
					"end":	124.003073,
					"seconds":	1,
					"bytes":	5242880,
					"bits_per_second":	41943040,
					"retransmits":	0,
					"snd_cwnd":	4643736,
					"rtt":	690272,
					"omitted":	false
				}],
			"sum":	{
				"start":	123.003073,
				"end":	124.003073,
				"seconds":	1,
				"bytes":	5242880,
				"bits_per_second":	41943040,
				"retransmits":	0,
				"omitted":	false
			}
		}, {
			"streams":	[{
					"socket":	4,
					"start":	124.003073,
					"end":	125.002298,
					"seconds":	0.999225,
					"bytes":	5052152,
					"bits_per_second":	40448567.636263,
					"retransmits":	0,
					"snd_cwnd":	4643736,
					"rtt":	596273,
					"omitted":	false
				}],
			"sum":	{
				"start":	124.003073,
				"end":	125.002298,
				"seconds":	0.999225,
				"bytes":	5052152,
				"bits_per_second":	40448567.636263,
				"retransmits":	0,
				"omitted":	false
			}
		}, {
			"streams":	[{
					"socket":	4,
					"start":	125.002298,
					"end":	126.002593,
					"seconds":	1.000295,
					"bytes":	3932160,
					"bits_per_second":	31448005.235349,
					"retransmits":	0,
					"snd_cwnd":	4643736,
					"rtt":	584958,
					"omitted":	false
				}],
			"sum":	{
				"start":	125.002298,
				"end":	126.002593,
				"seconds":	1.000295,
				"bytes":	3932160,
				"bits_per_second":	31448005.235349,
				"retransmits":	0,
				"omitted":	false
			}
		}, {
			"streams":	[{
					"socket":	4,
					"start":	126.002593,
					"end":	127.003300,
					"seconds":	1.000707,
					"bytes":	5242880,
					"bits_per_second":	41913400.959233,
					"retransmits":	0,
					"snd_cwnd":	4643736,
					"rtt":	681341,
					"omitted":	false
				}],
			"sum":	{
				"start":	126.002593,
				"end":	127.003300,
				"seconds":	1.000707,
				"bytes":	5242880,
				"bits_per_second":	41913400.959233,
				"retransmits":	0,
				"omitted":	false
			}
		}, {
			"streams":	[{
					"socket":	4,
					"start":	127.003300,
					"end":	128.002337,
					"seconds":	0.999037,
					"bytes":	4998576,
					"bits_per_second":	40027153.053287,
					"retransmits":	0,
					"snd_cwnd":	4643736,
					"rtt":	590133,
					"omitted":	false
				}],
			"sum":	{
				"start":	127.003300,
				"end":	128.002337,
				"seconds":	0.999037,
				"bytes":	4998576,
				"bits_per_second":	40027153.053287,
				"retransmits":	0,
				"omitted":	false
			}
		}, {
			"streams":	[{
					"socket":	4,
					"start":	128.002337,
					"end":	129.003066,
					"seconds":	1.000729,
					"bytes":	3932160,
					"bits_per_second":	31434369.198437,
					"retransmits":	0,
					"snd_cwnd":	4643736,
					"rtt":	573435,
					"omitted":	false
				}],
			"sum":	{
				"start":	128.002337,
				"end":	129.003066,
				"seconds":	1.000729,
				"bytes":	3932160,
				"bits_per_second":	31434369.198437,
				"retransmits":	0,
				"omitted":	false
			}
		}, {
			"streams":	[{
					"socket":	4,
					"start":	129.003066,
					"end":	130.003080,
					"seconds":	1.000014,
					"bytes":	5242880,
					"bits_per_second":	41942450.008299,
					"retransmits":	0,
					"snd_cwnd":	4643736,
					"rtt":	686543,
					"omitted":	false
				}],
			"sum":	{
				"start":	129.003066,
				"end":	130.003080,
				"seconds":	1.000014,
				"bytes":	5242880,
				"bits_per_second":	41942450.008299,
				"retransmits":	0,
				"omitted":	false
			}
		}, {
			"streams":	[{
					"socket":	4,
					"start":	130.003080,
					"end":	131.001912,
					"seconds":	0.998832,
					"bytes":	5024640,
					"bits_per_second":	40244125.646597,
					"retransmits":	0,
					"snd_cwnd":	4643736,
					"rtt":	593188,
					"omitted":	false
				}],
			"sum":	{
				"start":	130.003080,
				"end":	131.001912,
				"seconds":	0.998832,
				"bytes":	5024640,
				"bits_per_second":	40244125.646597,
				"retransmits":	0,
				"omitted":	false
			}
		}, {
			"streams":	[{
					"socket":	4,
					"start":	131.001912,
					"end":	132.003377,
					"seconds":	1.001465,
					"bytes":	3928704,
					"bits_per_second":	31383652.370527,
					"retransmits":	0,
					"snd_cwnd":	4643736,
					"rtt":	601920,
					"omitted":	false
				}],
			"sum":	{
				"start":	131.001912,
				"end":	132.003377,
				"seconds":	1.001465,
				"bytes":	3928704,
				"bits_per_second":	31383652.370527,
				"retransmits":	0,
				"omitted":	false
			}
		}, {
			"streams":	[{
					"socket":	4,
					"start":	132.003377,
					"end":	133.003225,
					"seconds":	0.999848,
					"bytes":	5240176,
					"bits_per_second":	41927785.679649,
					"retransmits":	0,
					"snd_cwnd":	4643736,
					"rtt":	685830,
					"omitted":	false
				}],
			"sum":	{
				"start":	132.003377,
				"end":	133.003225,
				"seconds":	0.999848,
				"bytes":	5240176,
				"bits_per_second":	41927785.679649,
				"retransmits":	0,
				"omitted":	false
			}
		}, {
			"streams":	[{
					"socket":	4,
					"start":	133.003225,
					"end":	134.002022,
					"seconds":	0.998797,
					"bytes":	5034776,
					"bits_per_second":	40326723.473998,
					"retransmits":	0,
					"snd_cwnd":	4643736,
					"rtt":	592479,
					"omitted":	false
				}],
			"sum":	{
				"start":	133.003225,
				"end":	134.002022,
				"seconds":	0.998797,
				"bytes":	5034776,
				"bits_per_second":	40326723.473998,
				"retransmits":	0,
				"omitted":	false
			}
		}, {
			"streams":	[{
					"socket":	4,
					"start":	134.002022,
					"end":	135.002712,
					"seconds":	1.000690,
					"bytes":	3932160,
					"bits_per_second":	31435589.965763,
					"retransmits":	0,
					"snd_cwnd":	4643736,
					"rtt":	569144,
					"omitted":	false
				}],
			"sum":	{
				"start":	134.002022,
				"end":	135.002712,
				"seconds":	1.000690,
				"bytes":	3932160,
				"bits_per_second":	31435589.965763,
				"retransmits":	0,
				"omitted":	false
			}
		}, {
			"streams":	[{
					"socket":	4,
					"start":	135.002712,
					"end":	136.002810,
					"seconds":	1.000098,
					"bytes":	5242880,
					"bits_per_second":	41938930.402700,
					"retransmits":	0,
					"snd_cwnd":	4643736,
					"rtt":	687083,
					"omitted":	false
				}],
			"sum":	{
				"start":	135.002712,
				"end":	136.002810,
				"seconds":	1.000098,
				"bytes":	5242880,
				"bits_per_second":	41938930.402700,
				"retransmits":	0,
				"omitted":	false
			}
		}, {
			"streams":	[{
					"socket":	4,
					"start":	136.002810,
					"end":	137.001977,
					"seconds":	0.999167,
					"bytes":	4989888,
					"bits_per_second":	39952376.182943,
					"retransmits":	0,
					"snd_cwnd":	4643736,
					"rtt":	589544,
					"omitted":	false
				}],
			"sum":	{
				"start":	136.002810,
				"end":	137.001977,
				"seconds":	0.999167,
				"bytes":	4989888,
				"bits_per_second":	39952376.182943,
				"retransmits":	0,
				"omitted":	false
			}
		}, {
			"streams":	[{
					"socket":	4,
					"start":	137.001977,
					"end":	138.002715,
					"seconds":	1.000738,
					"bytes":	3932160,
					"bits_per_second":	31434084.616001,
					"retransmits":	0,
					"snd_cwnd":	4643736,
					"rtt":	576503,
					"omitted":	false
				}],
			"sum":	{
				"start":	137.001977,
				"end":	138.002715,
				"seconds":	1.000738,
				"bytes":	3932160,
				"bits_per_second":	31434084.616001,
				"retransmits":	0,
				"omitted":	false
			}
		}, {
			"streams":	[{
					"socket":	4,
					"start":	138.002715,
					"end":	139.002844,
					"seconds":	1.000129,
					"bytes":	5242880,
					"bits_per_second":	41937630.697716,
					"retransmits":	0,
					"snd_cwnd":	4643736,
					"rtt":	688722,
					"omitted":	false
				}],
			"sum":	{
				"start":	138.002715,
				"end":	139.002844,
				"seconds":	1.000129,
				"bytes":	5242880,
				"bits_per_second":	41937630.697716,
				"retransmits":	0,
				"omitted":	false
			}
		}, {
			"streams":	[{
					"socket":	4,
					"start":	139.002844,
					"end":	140.002134,
					"seconds":	0.999290,
					"bytes":	4961544,
					"bits_per_second":	39720554.011549,
					"retransmits":	0,
					"snd_cwnd":	4643736,
					"rtt":	583580,
					"omitted":	false
				}],
			"sum":	{
				"start":	139.002844,
				"end":	140.002134,
				"seconds":	0.999290,
				"bytes":	4961544,
				"bits_per_second":	39720554.011549,
				"retransmits":	0,
				"omitted":	false
			}
		}, {
			"streams":	[{
					"socket":	4,
					"start":	140.002134,
					"end":	141.001802,
					"seconds":	0.999668,
					"bytes":	4776744,
					"bits_per_second":	38226638.605677,
					"retransmits":	0,
					"snd_cwnd":	4643736,
					"rtt":	592825,
					"omitted":	false
				}],
			"sum":	{
				"start":	140.002134,
				"end":	141.001802,
				"seconds":	0.999668,
				"bytes":	4776744,
				"bits_per_second":	38226638.605677,
				"retransmits":	0,
				"omitted":	false
			}
		}, {
			"streams":	[{
					"socket":	4,
					"start":	141.001802,
					"end":	142.003021,
					"seconds":	1.001219,
					"bytes":	3932160,
					"bits_per_second":	31418986.671747,
					"retransmits":	0,
					"snd_cwnd":	4643736,
					"rtt":	577302,
					"omitted":	false
				}],
			"sum":	{
				"start":	141.001802,
				"end":	142.003021,
				"seconds":	1.001219,
				"bytes":	3932160,
				"bits_per_second":	31418986.671747,
				"retransmits":	0,
				"omitted":	false
			}
		}, {
			"streams":	[{
					"socket":	4,
					"start":	142.003021,
					"end":	143.003092,
					"seconds":	1.000071,
					"bytes":	5242880,
					"bits_per_second":	41940060.211710,
					"retransmits":	0,
					"snd_cwnd":	4643736,
					"rtt":	704207,
					"omitted":	false
				}],
			"sum":	{
				"start":	142.003021,
				"end":	143.003092,
				"seconds":	1.000071,
				"bytes":	5242880,
				"bits_per_second":	41940060.211710,
				"retransmits":	0,
				"omitted":	false
			}
		}, {
			"streams":	[{
					"socket":	4,
					"start":	143.003092,
					"end":	144.002284,
					"seconds":	0.999192,
					"bytes":	5069528,
					"bits_per_second":	40589019.951036,
					"retransmits":	0,
					"snd_cwnd":	4643736,
					"rtt":	602613,
					"omitted":	false
				}],
			"sum":	{
				"start":	143.003092,
				"end":	144.002284,
				"seconds":	0.999192,
				"bytes":	5069528,
				"bits_per_second":	40589019.951036,
				"retransmits":	0,
				"omitted":	false
			}
		}, {
			"streams":	[{
					"socket":	4,
					"start":	144.002284,
					"end":	145.002956,
					"seconds":	1.000672,
					"bytes":	3932160,
					"bits_per_second":	31436151.700372,
					"retransmits":	0,
					"snd_cwnd":	4643736,
					"rtt":	586598,
					"omitted":	false
				}],
			"sum":	{
				"start":	144.002284,
				"end":	145.002956,
				"seconds":	1.000672,
				"bytes":	3932160,
				"bits_per_second":	31436151.700372,
				"retransmits":	0,
				"omitted":	false
			}
		}, {
			"streams":	[{
					"socket":	4,
					"start":	145.002956,
					"end":	146.002828,
					"seconds":	0.999872,
					"bytes":	5242880,
					"bits_per_second":	41948410.687613,
					"retransmits":	0,
					"snd_cwnd":	4643736,
					"rtt":	693382,
					"omitted":	false
				}],
			"sum":	{
				"start":	145.002956,
				"end":	146.002828,
				"seconds":	0.999872,
				"bytes":	5242880,
				"bits_per_second":	41948410.687613,
				"retransmits":	0,
				"omitted":	false
			}
		}, {
			"streams":	[{
					"socket":	4,
					"start":	146.002828,
					"end":	147.001945,
					"seconds":	0.999117,
					"bytes":	5015952,
					"bits_per_second":	40163084.116657,
					"retransmits":	0,
					"snd_cwnd":	4643736,
					"rtt":	589469,
					"omitted":	false
				}],
			"sum":	{
				"start":	146.002828,
				"end":	147.001945,
				"seconds":	0.999117,
				"bytes":	5015952,
				"bits_per_second":	40163084.116657,
				"retransmits":	0,
				"omitted":	false
			}
		}, {
			"streams":	[{
					"socket":	4,
					"start":	147.001945,
					"end":	148.002821,
					"seconds":	1.000876,
					"bytes":	3932160,
					"bits_per_second":	31429741.628798,
					"retransmits":	0,
					"snd_cwnd":	4643736,
					"rtt":	565402,
					"omitted":	false
				}],
			"sum":	{
				"start":	147.001945,
				"end":	148.002821,
				"seconds":	1.000876,
				"bytes":	3932160,
				"bits_per_second":	31429741.628798,
				"retransmits":	0,
				"omitted":	false
			}
		}, {
			"streams":	[{
					"socket":	4,
					"start":	148.002821,
					"end":	149.002667,
					"seconds":	0.999846,
					"bytes":	5240872,
					"bits_per_second":	41933434.520579,
					"retransmits":	0,
					"snd_cwnd":	4643736,
					"rtt":	694245,
					"omitted":	false
				}],
			"sum":	{
				"start":	148.002821,
				"end":	149.002667,
				"seconds":	0.999846,
				"bytes":	5240872,
				"bits_per_second":	41933434.520579,
				"retransmits":	0,
				"omitted":	false
			}
		}, {
			"streams":	[{
					"socket":	4,
					"start":	149.002667,
					"end":	150.001993,
					"seconds":	0.999326,
					"bytes":	4977336,
					"bits_per_second":	39845544.268322,
					"retransmits":	0,
					"snd_cwnd":	4643736,
					"rtt":	582717,
					"omitted":	false
				}],
			"sum":	{
				"start":	149.002667,
				"end":	150.001993,
				"seconds":	0.999326,
				"bytes":	4977336,
				"bits_per_second":	39845544.268322,
				"retransmits":	0,
				"omitted":	false
			}
		}, {
			"streams":	[{
					"socket":	4,
					"start":	150.001993,
					"end":	151.001980,
					"seconds":	0.999987,
					"bytes":	4794408,
					"bits_per_second":	38355766.960010,
					"retransmits":	0,
					"snd_cwnd":	4643736,
					"rtt":	578471,
					"omitted":	false
				}],
			"sum":	{
				"start":	150.001993,
				"end":	151.001980,
				"seconds":	0.999987,
				"bytes":	4794408,
				"bits_per_second":	38355766.960010,
				"retransmits":	0,
				"omitted":	false
			}
		}, {
			"streams":	[{
					"socket":	4,
					"start":	151.001980,
					"end":	152.003122,
					"seconds":	1.001142,
					"bytes":	3932160,
					"bits_per_second":	31421395.980447,
					"retransmits":	0,
					"snd_cwnd":	4643736,
					"rtt":	580536,
					"omitted":	false
				}],
			"sum":	{
				"start":	151.001980,
				"end":	152.003122,
				"seconds":	1.001142,
				"bytes":	3932160,
				"bits_per_second":	31421395.980447,
				"retransmits":	0,
				"omitted":	false
			}
		}, {
			"streams":	[{
					"socket":	4,
					"start":	152.003122,
					"end":	153.003240,
					"seconds":	1.000118,
					"bytes":	5242880,
					"bits_per_second":	41938090.584116,
					"retransmits":	0,
					"snd_cwnd":	4643736,
					"rtt":	700157,
					"omitted":	false
				}],
			"sum":	{
				"start":	152.003122,
				"end":	153.003240,
				"seconds":	1.000118,
				"bytes":	5242880,
				"bits_per_second":	41938090.584116,
				"retransmits":	0,
				"omitted":	false
			}
		}, {
			"streams":	[{
					"socket":	4,
					"start":	153.003240,
					"end":	154.002577,
					"seconds":	0.999337,
					"bytes":	5033328,
					"bits_per_second":	40293340.179619,
					"retransmits":	0,
					"snd_cwnd":	4643736,
					"rtt":	605690,
					"omitted":	false
				}],
			"sum":	{
				"start":	153.003240,
				"end":	154.002577,
				"seconds":	0.999337,
				"bytes":	5033328,
				"bits_per_second":	40293340.179619,
				"retransmits":	0,
				"omitted":	false
			}
		}, {
			"streams":	[{
					"socket":	4,
					"start":	154.002577,
					"end":	155.002705,
					"seconds":	1.000128,
					"bytes":	3932160,
					"bits_per_second":	31453253.015578,
					"retransmits":	0,
					"snd_cwnd":	4643736,
					"rtt":	587710,
					"omitted":	false
				}],
			"sum":	{
				"start":	154.002577,
				"end":	155.002705,
				"seconds":	1.000128,
				"bytes":	3932160,
				"bits_per_second":	31453253.015578,
				"retransmits":	0,
				"omitted":	false
			}
		}, {
			"streams":	[{
					"socket":	4,
					"start":	155.002705,
					"end":	156.003235,
					"seconds":	1.000530,
					"bytes":	5242880,
					"bits_per_second":	41920821.775759,
					"retransmits":	0,
					"snd_cwnd":	4643736,
					"rtt":	691395,
					"omitted":	false
				}],
			"sum":	{
				"start":	155.002705,
				"end":	156.003235,
				"seconds":	1.000530,
				"bytes":	5242880,
				"bits_per_second":	41920821.775759,
				"retransmits":	0,
				"omitted":	false
			}
		}, {
			"streams":	[{
					"socket":	4,
					"start":	156.003235,
					"end":	157.002110,
					"seconds":	0.998875,
					"bytes":	4985872,
					"bits_per_second":	39931903.275552,
					"retransmits":	0,
					"snd_cwnd":	4643736,
					"rtt":	598235,
					"omitted":	false
				}],
			"sum":	{
				"start":	156.003235,
				"end":	157.002110,
				"seconds":	0.998875,
				"bytes":	4985872,
				"bits_per_second":	39931903.275552,
				"retransmits":	0,
				"omitted":	false
			}
		}, {
			"streams":	[{
					"socket":	4,
					"start":	157.002110,
					"end":	158.002992,
					"seconds":	1.000882,
					"bytes":	3932160,
					"bits_per_second":	31429554.458052,
					"retransmits":	0,
					"snd_cwnd":	4643736,
					"rtt":	589236,
					"omitted":	false
				}],
			"sum":	{
				"start":	157.002110,
				"end":	158.002992,
				"seconds":	1.000882,
				"bytes":	3932160,
				"bits_per_second":	31429554.458052,
				"retransmits":	0,
				"omitted":	false
			}
		}, {
			"streams":	[{
					"socket":	4,
					"start":	158.002992,
					"end":	159.003286,
					"seconds":	1.000294,
					"bytes":	5242880,
					"bits_per_second":	41930713.623586,
					"retransmits":	0,
					"snd_cwnd":	4643736,
					"rtt":	695238,
					"omitted":	false
				}],
			"sum":	{
				"start":	158.002992,
				"end":	159.003286,
				"seconds":	1.000294,
				"bytes":	5242880,
				"bits_per_second":	41930713.623586,
				"retransmits":	0,
				"omitted":	false
			}
		}, {
			"streams":	[{
					"socket":	4,
					"start":	159.003286,
					"end":	160.003002,
					"seconds":	0.999716,
					"bytes":	5086904,
					"bits_per_second":	40706790.959015,
					"retransmits":	0,
					"snd_cwnd":	4643736,
					"rtt":	595964,
					"omitted":	false
				}],
			"sum":	{
				"start":	159.003286,
				"end":	160.003002,
				"seconds":	0.999716,
				"bytes":	5086904,
				"bits_per_second":	40706790.959015,
				"retransmits":	0,
				"omitted":	false
			}
		}, {
			"streams":	[{
					"socket":	4,
					"start":	160.003002,
					"end":	161.003088,
					"seconds":	1.000086,
					"bytes":	3928984,
					"bits_per_second":	31429166.919668,
					"retransmits":	0,
					"snd_cwnd":	4643736,
					"rtt":	584468,
					"omitted":	false
				}],
			"sum":	{
				"start":	160.003002,
				"end":	161.003088,
				"seconds":	1.000086,
				"bytes":	3928984,
				"bits_per_second":	31429166.919668,
				"retransmits":	0,
				"omitted":	false
			}
		}, {
			"streams":	[{
					"socket":	4,
					"start":	161.003088,
					"end":	162.002879,
					"seconds":	0.999791,
					"bytes":	5242880,
					"bits_per_second":	41951811.834130,
					"retransmits":	0,
					"snd_cwnd":	4643736,
					"rtt":	688515,
					"omitted":	false
				}],
			"sum":	{
				"start":	161.003088,
				"end":	162.002879,
				"seconds":	0.999791,
				"bytes":	5242880,
				"bits_per_second":	41951811.834130,
				"retransmits":	0,
				"omitted":	false
			}
		}, {
			"streams":	[{
					"socket":	4,
					"start":	162.002879,
					"end":	163.001932,
					"seconds":	0.999053,
					"bytes":	4972512,
					"bits_per_second":	39817803.403927,
					"retransmits":	0,
					"snd_cwnd":	4643736,
					"rtt":	582105,
					"omitted":	false
				}],
			"sum":	{
				"start":	162.002879,
				"end":	163.001932,
				"seconds":	0.999053,
				"bytes":	4972512,
				"bits_per_second":	39817803.403927,
				"retransmits":	0,
				"omitted":	false
			}
		}, {
			"streams":	[{
					"socket":	4,
					"start":	163.001932,
					"end":	164.003146,
					"seconds":	1.001214,
					"bytes":	3932160,
					"bits_per_second":	31419136.307488,
					"retransmits":	0,
					"snd_cwnd":	4643736,
					"rtt":	598843,
					"omitted":	false
				}],
			"sum":	{
				"start":	163.001932,
				"end":	164.003146,
				"seconds":	1.001214,
				"bytes":	3932160,
				"bits_per_second":	31419136.307488,
				"retransmits":	0,
				"omitted":	false
			}
		}, {
			"streams":	[{
					"socket":	4,
					"start":	164.003146,
					"end":	165.003276,
					"seconds":	1.000130,
					"bytes":	5242880,
					"bits_per_second":	41937590.708071,
					"retransmits":	0,
					"snd_cwnd":	4643736,
					"rtt":	698203,
					"omitted":	false
				}],
			"sum":	{
				"start":	164.003146,
				"end":	165.003276,
				"seconds":	1.000130,
				"bytes":	5242880,
				"bits_per_second":	41937590.708071,
				"retransmits":	0,
				"omitted":	false
			}
		}, {
			"streams":	[{
					"socket":	4,
					"start":	165.003276,
					"end":	166.002037,
					"seconds":	0.998761,
					"bytes":	5035256,
					"bits_per_second":	40332021.849667,
					"retransmits":	0,
					"snd_cwnd":	4643736,
					"rtt":	596364,
					"omitted":	false
				}],
			"sum":	{
				"start":	165.003276,
				"end":	166.002037,
				"seconds":	0.998761,
				"bytes":	5035256,
				"bits_per_second":	40332021.849667,
				"retransmits":	0,
				"omitted":	false
			}
		}, {
			"streams":	[{
					"socket":	4,
					"start":	166.002037,
					"end":	167.002675,
					"seconds":	1.000638,
					"bytes":	3928984,
					"bits_per_second":	31411830.996833,
					"retransmits":	0,
					"snd_cwnd":	4643736,
					"rtt":	562458,
					"omitted":	false
				}],
			"sum":	{
				"start":	166.002037,
				"end":	167.002675,
				"seconds":	1.000638,
				"bytes":	3928984,
				"bits_per_second":	31411830.996833,
				"retransmits":	0,
				"omitted":	false
			}
		}, {
			"streams":	[{
					"socket":	4,
					"start":	167.002675,
					"end":	168.003311,
					"seconds":	1.000636,
					"bytes":	5242880,
					"bits_per_second":	41916376.960380,
					"retransmits":	0,
					"snd_cwnd":	4643736,
					"rtt":	695930,
					"omitted":	false
				}],
			"sum":	{
				"start":	167.002675,
				"end":	168.003311,
				"seconds":	1.000636,
				"bytes":	5242880,
				"bits_per_second":	41916376.960380,
				"retransmits":	0,
				"omitted":	false
			}
		}, {
			"streams":	[{
					"socket":	4,
					"start":	168.003311,
					"end":	169.002358,
					"seconds":	0.999047,
					"bytes":	5043464,
					"bits_per_second":	40386198.393685,
					"retransmits":	0,
					"snd_cwnd":	4643736,
					"rtt":	596673,
					"omitted":	false
				}],
			"sum":	{
				"start":	168.003311,
				"end":	169.002358,
				"seconds":	0.999047,
				"bytes":	5043464,
				"bits_per_second":	40386198.393685,
				"retransmits":	0,
				"omitted":	false
			}
		}, {
			"streams":	[{
					"socket":	4,
					"start":	169.002358,
					"end":	170.002830,
					"seconds":	1.000472,
					"bytes":	3928704,
					"bits_per_second":	31414809.538853,
					"retransmits":	0,
					"snd_cwnd":	4643736,
					"rtt":	577977,
					"omitted":	false
				}],
			"sum":	{
				"start":	169.002358,
				"end":	170.002830,
				"seconds":	1.000472,
				"bytes":	3928704,
				"bits_per_second":	31414809.538853,
				"retransmits":	0,
				"omitted":	false
			}
		}, {
			"streams":	[{
					"socket":	4,
					"start":	170.002830,
					"end":	171.002997,
					"seconds":	1.000167,
					"bytes":	5242880,
					"bits_per_second":	41936031.171396,
					"retransmits":	0,
					"snd_cwnd":	4643736,
					"rtt":	683172,
					"omitted":	false
				}],
			"sum":	{
				"start":	170.002830,
				"end":	171.002997,
				"seconds":	1.000167,
				"bytes":	5242880,
				"bits_per_second":	41936031.171396,
				"retransmits":	0,
				"omitted":	false
			}
		}, {
			"streams":	[{
					"socket":	4,
					"start":	171.002997,
					"end":	172.002075,
					"seconds":	0.999078,
					"bytes":	5033328,
					"bits_per_second":	40303782.662690,
					"retransmits":	0,
					"snd_cwnd":	4643736,
					"rtt":	598719,
					"omitted":	false
				}],
			"sum":	{
				"start":	171.002997,
				"end":	172.002075,
				"seconds":	0.999078,
				"bytes":	5033328,
				"bits_per_second":	40303782.662690,
				"retransmits":	0,
				"omitted":	false
			}
		}, {
			"streams":	[{
					"socket":	4,
					"start":	172.002075,
					"end":	173.002571,
					"seconds":	1.000496,
					"bytes":	3932160,
					"bits_per_second":	31441687.732371,
					"retransmits":	0,
					"snd_cwnd":	4643736,
					"rtt":	570915,
					"omitted":	false
				}],
			"sum":	{
				"start":	172.002075,
				"end":	173.002571,
				"seconds":	1.000496,
				"bytes":	3932160,
				"bits_per_second":	31441687.732371,
				"retransmits":	0,
				"omitted":	false
			}
		}, {
			"streams":	[{
					"socket":	4,
					"start":	173.002571,
					"end":	174.002812,
					"seconds":	1.000241,
					"bytes":	5242880,
					"bits_per_second":	41932932.436339,
					"retransmits":	0,
					"snd_cwnd":	4643736,
					"rtt":	689484,
					"omitted":	false
				}],
			"sum":	{
				"start":	173.002571,
				"end":	174.002812,
				"seconds":	1.000241,
				"bytes":	5242880,
				"bits_per_second":	41932932.436339,
				"retransmits":	0,
				"omitted":	false
			}
		}, {
			"streams":	[{
					"socket":	4,
					"start":	174.002812,
					"end":	175.002243,
					"seconds":	0.999431,
					"bytes":	5033328,
					"bits_per_second":	40289552.992031,
					"retransmits":	0,
					"snd_cwnd":	4643736,
					"rtt":	592386,
					"omitted":	false
				}],
			"sum":	{
				"start":	174.002812,
				"end":	175.002243,
				"seconds":	0.999431,
				"bytes":	5033328,
				"bits_per_second":	40289552.992031,
				"retransmits":	0,
				"omitted":	false
			}
		}, {
			"streams":	[{
					"socket":	4,
					"start":	175.002243,
					"end":	176.002881,
					"seconds":	1.000638,
					"bytes":	3932160,
					"bits_per_second":	31437222.796659,
					"retransmits":	0,
					"snd_cwnd":	4643736,
					"rtt":	562090,
					"omitted":	false
				}],
			"sum":	{
				"start":	175.002243,
				"end":	176.002881,
				"seconds":	1.000638,
				"bytes":	3932160,
				"bits_per_second":	31437222.796659,
				"retransmits":	0,
				"omitted":	false
			}
		}, {
			"streams":	[{
					"socket":	4,
					"start":	176.002881,
					"end":	177.002786,
					"seconds":	0.999905,
					"bytes":	5242880,
					"bits_per_second":	41947020.377700,
					"retransmits":	0,
					"snd_cwnd":	4643736,
					"rtt":	688080,
					"omitted":	false
				}],
			"sum":	{
				"start":	176.002881,
				"end":	177.002786,
				"seconds":	0.999905,
				"bytes":	5242880,
				"bits_per_second":	41947020.377700,
				"retransmits":	0,
				"omitted":	false
			}
		}, {
			"streams":	[{
					"socket":	4,
					"start":	177.002786,
					"end":	178.002082,
					"seconds":	0.999296,
					"bytes":	4926792,
					"bits_per_second":	39442105.216706,
					"retransmits":	0,
					"snd_cwnd":	4643736,
					"rtt":	582612,
					"omitted":	false
				}],
			"sum":	{
				"start":	177.002786,
				"end":	178.002082,
				"seconds":	0.999296,
				"bytes":	4926792,
				"bits_per_second":	39442105.216706,
				"retransmits":	0,
				"omitted":	false
			}
		}, {
			"streams":	[{
					"socket":	4,
					"start":	178.002082,
					"end":	179.001796,
					"seconds":	0.999714,
					"bytes":	4794408,
					"bits_per_second":	38366240.669503,
					"retransmits":	0,
					"snd_cwnd":	4643736,
					"rtt":	582414,
					"omitted":	false
				}],
			"sum":	{
				"start":	178.002082,
				"end":	179.001796,
				"seconds":	0.999714,
				"bytes":	4794408,
				"bits_per_second":	38366240.669503,
				"retransmits":	0,
				"omitted":	false
			}
		}, {
			"streams":	[{
					"socket":	4,
					"start":	179.001796,
					"end":	180.002827,
					"seconds":	1.001031,
					"bytes":	3932160,
					"bits_per_second":	31424875.913809,
					"retransmits":	0,
					"snd_cwnd":	4643736,
					"rtt":	580037,
					"omitted":	false
				}],
			"sum":	{
				"start":	179.001796,
				"end":	180.002827,
				"seconds":	1.001031,
				"bytes":	3932160,
				"bits_per_second":	31424875.913809,
				"retransmits":	0,
				"omitted":	false
			}
		}],
	"end":	{
		"streams":	[{
				"sender":	{
					"socket":	4,
					"start":	0,
					"end":	180.002827,
					"seconds":	180.002827,
					"bytes":	854182608,
					"bits_per_second":	37963075.200151,
					"retransmits":	0,
					"max_snd_cwnd":	4643736,
					"max_rtt":	708712,
					"min_rtt":	116135,
					"mean_rtt":	605654
				},
				"receiver":	{
					"socket":	4,
					"start":	0,
					"end":	180.002827,
					"seconds":	180.002827,
					"bytes":	854065152,
					"bits_per_second":	37957855.015475
				}
			}],
		"sum_sent":	{
			"start":	0,
			"end":	180.002827,
			"seconds":	180.002827,
			"bytes":	854182608,
			"bits_per_second":	37963075.200151,
			"retransmits":	0
		},
		"sum_received":	{
			"start":	0,
			"end":	180.002827,
			"seconds":	180.002827,
			"bytes":	854065152,
			"bits_per_second":	37957855.015475
		},
		"cpu_utilization_percent":	{
			"host_total":	0.857440,
			"host_user":	0.005659,
			"host_system":	0.851781,
			"remote_total":	1.238206,
			"remote_user":	0.001020,
			"remote_system":	1.237187
		}
	}
}
